{"search": {"field": "subject", "hits": 4, "sort_order": null, "do_facets": true, "focus_item": null, "query": "Cycloramas", "type": "search", "sort_by": null}, "focus": null, "views": {"current": "list", "grid": "https://www.loc.gov/pictures/search/?q=Cycloramas&fi=subject&va=exact&st=grid&op=PHRASE", "list": "https://www.loc.gov/pictures/search/?q=Cycloramas&fi=subject&op=PHRASE&va=exact", "gallery": "https://www.loc.gov/pictures/search/?q=Cycloramas&fi=subject&va=exact&st=gallery&op=PHRASE", "slideshow": "https://www.loc.gov/pictures/search/?q=Cycloramas&fi=subject&va=exact&st=slideshow&op=PHRASE"}, "facets": [{"type": "displayed", "filters": [{"count": 2, "on": "https://www.loc.gov/pictures/search/?va=exact&sp=1&q=Cycloramas&fa=displayed%3Aanywhere&fi=subject&op=PHRASE&fo=json", "selected": false, "off": "https://www.loc.gov/pictures/search/?va=exact&sp=1&q=Cycloramas&fi=subject&fo=json&op=PHRASE", "title": "Larger image available anywhere"}, {"count": 1, "on": "https://www.loc.gov/pictures/search/?va=exact&sp=1&q=Cycloramas&fa=displayed%3Alc_only&fi=subject&op=PHRASE&fo=json", "selected": false, "off": "https://www.loc.gov/pictures/search/?va=exact&sp=1&q=Cycloramas&fi=subject&fo=json&op=PHRASE", "title": "Larger image available only at the Library of Congress"}, {"count": 1, "on": "https://www.loc.gov/pictures/search/?va=exact&sp=1&q=Cycloramas&fa=displayed%3Anot_digitized&fi=subject&op=PHRASE&fo=json", "selected": false, "off": "https://www.loc.gov/pictures/search/?va=exact&sp=1&q=Cycloramas&fi=subject&fo=json&op=PHRASE", "title": "Not Digitized"}], "title": "displayed"}], "links": {"json": "//www.loc.gov/pictures/search/?fi=subject&q=Cycloramas&op=PHRASE&va=exact&fo=json", "html": "//www.loc.gov/pictures/search/?fi=subject&q=Cycloramas&op=PHRASE&va=exact", "rss": "//www.loc.gov/pictures/search/?fi=subject&q=Cycloramas&op=PHRASE&va=exact&fo=rss"}, "suggestions": {"possible": []}, "pages": {"current": 1, "next": null, "perpage": 20, "last": null, "page_list": [{"url": null, "number": 1}], "previous": null, "total": 1, "results": "1 - 4", "first": null}, "collection": null, "results": [{"source_created": "2011-08-10T00:00:00Z", "index": 1, "medium": "1 transparency : color ; 4 x 5 in. or smaller.", "reproduction_number": "LC-DIG-highsm-12480 (digital file from original)\nLC-HS503-1219 (color film transparency)", "links": {"item": "https://www.loc.gov/pictures/item/2011630674/", "resource": "https://www.loc.gov/pictures/item/2011630674/resource/"}, "title": "Civil War battlescene at the Atlanta Cyclorama in Atlanta, Georgia", "image": {"alt": "digitized item thumbnail", "full": "https://tile.loc.gov/storage-services/service/pnp/highsm/12400/12480r.jpg", "square": "https://tile.loc.gov/storage-services/service/pnp/highsm/12400/12480_75x75px.jpg", "thumb": "https://tile.loc.gov/storage-services/service/pnp/highsm/12400/12480_150px.jpg"}, "created": "2016-04-20T00:00:00Z", "modified": "2016-04-20T00:00:00Z", "collection": ["diof", "highsm", "minload", "pp"], "creator": "Highsmith, Carol M., 1946-", "call_number": "LC-HS503- 1219 (ONLINE) [P&P]", "medium_brief": "1 transparency :", "source_modified": "2015-04-16T00:00:00Z", "pk": "2011630674", "created_published_date": "[between 1980 and 2006]", "subjects": ["United States--Georgia--Atlanta.", "America.", "Battle Scene at the Atlanta Cyclorama.", "Civil war.", "Cycloramas.", "Transparencies--color--1980-2010."]}, {"source_created": "2011-10-04T00:00:00Z", "index": 2, "medium": "1 transparency : color ; 4 x 5 in. or smaller.", "reproduction_number": "LC-DIG-highsm-12904 (digital file from original)\nLC-HS503-1643 (color film transparency)", "links": {"item": "https://www.loc.gov/pictures/item/2011631098/", "resource": "https://www.loc.gov/pictures/item/2011631098/resource/"}, "title": "Atlanta Cyclorama, Atlanta, Georgia", "image": {"alt": "digitized item thumbnail", "full": "https://tile.loc.gov/storage-services/service/pnp/highsm/12900/12904r.jpg", "square": "https://tile.loc.gov/storage-services/service/pnp/highsm/12900/12904_75x75px.jpg", "thumb": "https://tile.loc.gov/storage-services/service/pnp/highsm/12900/12904_150px.jpg"}, "created": "2016-04-20T00:00:00Z", "modified": "2016-04-20T00:00:00Z", "collection": ["diof", "highsm", "minload", "pp"], "creator": "Highsmith, Carol M., 1946-", "call_number": "LC-HS503- 1643 (ONLINE) [P&P]", "medium_brief": "1 transparency :", "source_modified": "2015-04-23T00:00:00Z", "pk": "2011631098", "created_published_date": "[between 1980 and 2006]", "subjects": ["United States--Georgia--Atlanta.", "America.", "Civil war.", "Cycloramas.", "Transparencies--color--1980-2010."]}, {"source_created": "2015-12-23T00:00:00Z", "index": 3, "medium": "11 photographs : albumen prints on card mounts  ; mounts 12 x 18 cm (stereograph format)", "reproduction_number": "", "links": {"item": "https://www.loc.gov/pictures/item/2015652142/", "resource": null}, "title": "Cyclorama of Jerusalem and the Crucifixion, Broad and Cherry Sts., Philadelphia", "image": {"alt": "group item thumbnail", "full": "https://www.loc.gov/pictures/static/images/item/500x500_grouprecord.png", "square": "https://www.loc.gov/pictures/static/images/item/grouprecord_square.png", "thumb": "https://www.loc.gov/pictures/static/images/item/grouprecord_thumb_large.jpg"}, "created": "2018-05-08T02:57:25Z", "modified": "2021-04-13T12:15:39Z", "collection": ["coll", "pp"], "creator": "R. Newell & Son", "call_number": "LOT 14135 (H) [P&P]", "medium_brief": "11 photographs :", "source_modified": "2018-05-02T13:41:51Z", "pk": "2015652142", "created_published_date": "[between 1888 and 1890]", "subjects": ["Biblical events--1880-1890.", "Panoramic views--1880-1890.", "Cycloramas--Pennsylvania--Philadelphia--1880-1890.", "Albumen prints--1880-1890.", "Stereographs--1880-1890."]}, {"source_created": "1982-03-09T00:00:00Z", "index": 4, "medium": "30 p. illus. (incl. ports.) 27 cm.", "reproduction_number": "", "links": {"item": "https://www.loc.gov/pictures/item/18014450/", "resource": "https://www.loc.gov/pictures/item/18014450/resource/"}, "title": "Cyclorama of Gen. Custer's last fight against Sioux Indians,", "image": {"alt": "digitized item thumbnail", "full": "https://tile.loc.gov/storage-services/service/pnp/cph/3a00000/3a03000/3a03800/3a03863_150px.jpg", "square": "https://tile.loc.gov/storage-services/service/pnp/cph/3a00000/3a03000/3a03800/3a03863_75x75px.jpg", "thumb": "https://tile.loc.gov/storage-services/service/pnp/cph/3a00000/3a03000/3a03800/3a03863_150px.jpg"}, "created": "2016-04-20T23:56:34Z", "modified": "2021-04-20T11:00:06Z", "collection": ["coll", "pp", "reconlot2"], "creator": "Boston cyclorama company. [from old catalog]", "call_number": "E83.876 .B7 (M) [P&P] Microfilm 79583 E [Microfilm RR] Copy 1 LOT 12025 Microfilm copy", "medium_brief": "30 p.", "source_modified": "2005-12-16T07:53:13Z", "pk": "18014450", "created_published_date": "c1889.", "subjects": ["Little Bighorn, Battle of the, Mont., 1876.", "Cycloramas."]}]}