{"search": {"field": "subject", "hits": 20, "sort_order": null, "do_facets": true, "focus_item": null, "query": "Aging", "type": "search", "sort_by": null}, "focus": null, "views": {"current": "list", "grid": "https://www.loc.gov/pictures/search/?q=Aging&fi=subject&va=exact&st=grid&op=PHRASE", "list": "https://www.loc.gov/pictures/search/?q=Aging&fi=subject&op=PHRASE&va=exact", "gallery": "https://www.loc.gov/pictures/search/?q=Aging&fi=subject&va=exact&st=gallery&op=PHRASE", "slideshow": "https://www.loc.gov/pictures/search/?q=Aging&fi=subject&va=exact&st=slideshow&op=PHRASE"}, "facets": [{"type": "displayed", "filters": [{"count": 12, "on": "https://www.loc.gov/pictures/search/?va=exact&sp=1&q=Aging&fa=displayed%3Aanywhere&fi=subject&op=PHRASE&fo=json", "selected": false, "off": "https://www.loc.gov/pictures/search/?va=exact&sp=1&q=Aging&fi=subject&fo=json&op=PHRASE", "title": "Larger image available anywhere"}, {"count": 3, "on": "https://www.loc.gov/pictures/search/?va=exact&sp=1&q=Aging&fa=displayed%3Alc_only&fi=subject&op=PHRASE&fo=json", "selected": false, "off": "https://www.loc.gov/pictures/search/?va=exact&sp=1&q=Aging&fi=subject&fo=json&op=PHRASE", "title": "Larger image available only at the Library of Congress"}, {"count": 5, "on": "https://www.loc.gov/pictures/search/?va=exact&sp=1&q=Aging&fa=displayed%3Anot_digitized&fi=subject&op=PHRASE&fo=json", "selected": false, "off": "https://www.loc.gov/pictures/search/?va=exact&sp=1&q=Aging&fi=subject&fo=json&op=PHRASE", "title": "Not Digitized"}, {"count": 2, "on": "https://www.loc.gov/pictures/search/?va=exact&sp=1&q=Aging&fa=displayed%3Asurveys_only&fi=subject&op=PHRASE&fo=json", "selected": false, "off": "https://www.loc.gov/pictures/search/?va=exact&sp=1&q=Aging&fi=subject&fo=json&op=PHRASE", "title": "Surveys only"}], "title": "displayed"}], "links": {"json": "//www.loc.gov/pictures/search/?fi=subject&q=Aging&op=PHRASE&va=exact&fo=json", "html": "//www.loc.gov/pictures/search/?fi=subject&q=Aging&op=PHRASE&va=exact", "rss": "//www.loc.gov/pictures/search/?fi=subject&q=Aging&op=PHRASE&va=exact&fo=rss"}, "suggestions": {"possible": []}, "pages": {"current": 1, "next": null, "perpage": 20, "last": null, "page_list": [{"url": null, "number": 1}], "previous": null, "total": 1, "results": "1 - 20", "first": null}, "collection": null, "results": [{"source_created": "2006-09-01T00:00:00Z", "index": 1, "medium": "1 print : hand-colored.", "reproduction_number": "LC-DIG-ppmsca-12817 (digital file from original print)\nLC-USZ62-2853 (b&w film copy neg.)", "links": {"item": "https://www.loc.gov/pictures/item/2006686266/", "resource": "https://www.loc.gov/pictures/item/2006686266/resource/"}, "title": "The Life and age of woman, stages of woman's life from the cradle to the grave", "image": {"alt": "digitized item thumbnail", "full": "https://tile.loc.gov/storage-services/service/pnp/ppmsca/12800/12817r.jpg", "square": "https://tile.loc.gov/storage-services/service/pnp/ppmsca/12800/12817_75x75px.jpg", "thumb": "https://tile.loc.gov/storage-services/service/pnp/ppmsca/12800/12817_150px.jpg"}, "created": "2016-04-20T00:00:00Z", "modified": "2016-04-20T00:00:00Z", "collection": ["diof", "pga", "pp"], "creator": null, "call_number": "PGA - Baillie--Life and age of woman (A size) [P&P]", "medium_brief": "1 print :", "source_modified": "2006-09-05T00:00:00Z", "pk": "2006686266", "created_published_date": "c1848.", "subjects": ["Women--1840-1850.", "Aging--1840-1850.", "Prints--Color--1840-1850."]}, {"source_created": "2006-09-01T00:00:00Z", "index": 2, "medium": "1 print : hand-colored.", "reproduction_number": "LC-DIG-ppmsca-12818 (digital file from original print)\nLC-USZ62-2852 (b&w film copy neg.)", "links": {"item": "https://www.loc.gov/pictures/item/2006686267/", "resource": "https://www.loc.gov/pictures/item/2006686267/resource/"}, "title": "The Life and age of man, stages of man's life from the cradle to the grave", "image": {"alt": "digitized item thumbnail", "full": "https://tile.loc.gov/storage-services/service/pnp/ppmsca/12800/12818r.jpg", "square": "https://tile.loc.gov/storage-services/service/pnp/ppmsca/12800/12818_75x75px.jpg", "thumb": "https://tile.loc.gov/storage-services/service/pnp/ppmsca/12800/12818_150px.jpg"}, "created": "2016-04-20T00:00:00Z", "modified": "2016-04-20T00:00:00Z", "collection": ["diof", "pga", "pp"], "creator": null, "call_number": "PGA - Baillie--Life and age of man (A size) [P&P]", "medium_brief": "1 print :", "source_modified": "2006-09-05T00:00:00Z", "pk": "2006686267", "created_published_date": "c1848", "subjects": ["Men--1840-1850.", "Aging--1840-1850.", "Prints--Color--1840-1850."]}, {"source_created": "2008-06-11T00:00:00Z", "index": 3, "medium": "1 print (poster) : silkscreen ; 94 x 64 cm.", "reproduction_number": "", "links": {"item": "https://www.loc.gov/pictures/item/2008401546/", "resource": null}, "title": "[Sam kwa sew\u014fl]", "image": {"alt": "item not digitized thumbnail", "full": "https://www.loc.gov/pictures/static/images/item/500x500_notdigitized.png", "square": "https://www.loc.gov/pictures/static/images/item/not_digitized_buttons75X75.png", "thumb": "https://www.loc.gov/pictures/static/images/item/notdigitized_buttons140X120.png"}, "created": "2016-04-20T00:00:00Z", "modified": "2016-04-20T00:00:00Z", "collection": ["pos", "pp"], "creator": "Ch\u02bboe, Y\u014fng-ok.", "call_number": "Unprocessed in PR 13 CN 2006:093, no. 1 [P&P]", "medium_brief": "1 print (poster) :", "source_modified": "2010-03-26T00:00:00Z", "pk": "2008401546", "created_published_date": "2003.", "subjects": ["Aging--Korea (South)--2000-2010.", "Light--Korea (South)--2000-2010.", "Fingerprints--2000-2010.", "Posters--Korean--2000-2010.", "Screen prints--2000-2010."]}, {"source_created": "2009-12-02T00:00:00Z", "index": 4, "medium": "1 drawing.", "reproduction_number": "LC-DIG-hlb-01015 (digital file from original drawing)", "links": {"item": "https://www.loc.gov/pictures/item/2010636501/", "resource": "https://www.loc.gov/pictures/item/2010636501/resource/"}, "title": "There goes another one", "image": {"alt": "digitized item thumbnail", "full": "https://tile.loc.gov/storage-services/service/pnp/hlb/01000/01015_150px.jpg", "square": "https://tile.loc.gov/storage-services/service/pnp/hlb/01000/01015_75x75px.jpg", "thumb": "https://tile.loc.gov/storage-services/service/pnp/hlb/01000/01015_150px.jpg"}, "created": "2016-04-20T00:00:00Z", "modified": "2016-04-20T00:00:00Z", "collection": ["hlb", "minload", "pp"], "creator": "Block, Herbert, 1909-2001", "call_number": "BLOCK, no. 1015 (BB size) [P&P]", "medium_brief": "1 drawing.", "source_modified": "2013-01-02T00:00:00Z", "pk": "2010636501", "created_published_date": "[1943 Jan.]", "subjects": ["Hitler, Adolf,--1889-1945.", "World War, 1939-1945--Air operations--Allied--Germany.", "World War, 1939-1945--Campaigns & battles--German--Africa, North.", "World War, 1939-1945--Campaigns & battles--German--Soviet Union.", "Aging.", "Bombardment--Germany--Berlin.", "Drawings--American.", "Editorial cartoons--American."]}, {"source_created": "2014-10-16T00:00:00Z", "index": 5, "medium": "1 photograph: b&w contact sheet.", "reproduction_number": "", "links": {"item": "https://www.loc.gov/pictures/item/2014673871/", "resource": null}, "title": "Hearing on Hill", "image": {"alt": "item not digitized thumbnail", "full": "https://www.loc.gov/pictures/static/images/item/500x500_notdigitized.png", "square": "https://www.loc.gov/pictures/static/images/item/not_digitized_buttons75X75.png", "thumb": "https://www.loc.gov/pictures/static/images/item/notdigitized_buttons140X120.png"}, "created": "2016-04-20T00:00:00Z", "modified": "2016-04-20T00:00:00Z", "collection": ["cqrc", "minload", "pp"], "creator": null, "call_number": "ROLL CALL-1993-875 [P&P]", "medium_brief": "1 photograph:\n30 photographs:", "source_modified": "2015-02-05T00:00:00Z", "pk": "2014673871", "created_published_date": "[1993-12]", "subjects": ["United States.--Congress.--House.--Select Committee on Aging.", "Congressional hearings", "Ford, Harold", "Levin, Carl", "Dingell, John", "Film negatives.", "Photographic prints."]}, {"source_created": "2006-09-01T00:00:00Z", "index": 6, "medium": "1 print.", "reproduction_number": "LC-DIG-pga-03506 (digital file from original print)\nLC-DIG-ppmsca-12816 (digital file from original print)\nLC-USZ62-42435 (b&w film copy neg.)", "links": {"item": "https://www.loc.gov/pictures/item/2006686268/", "resource": "https://www.loc.gov/pictures/item/2006686268/resource/"}, "title": "The Life and age of woman, stages of woman's life from the infancy to the brink of the grave", "image": {"alt": "digitized item thumbnail", "full": "https://tile.loc.gov/storage-services/service/pnp/pga/03500/03506r.jpg", "square": "https://tile.loc.gov/storage-services/service/pnp/pga/03500/03506_75x75px.jpg", "thumb": "https://tile.loc.gov/storage-services/service/pnp/pga/03500/03506_150px.jpg"}, "created": "2016-04-21T00:00:00Z", "modified": "2016-04-21T00:00:00Z", "collection": ["diof", "pga", "pp"], "creator": null, "call_number": "PGA - Alden, A.--Life and age ... (C size) [P&P]", "medium_brief": "1 print.", "source_modified": "2015-08-27T00:00:00Z", "pk": "2006686268", "created_published_date": "[1835]", "subjects": ["Women--1830-1840.", "Aging--1830-1840.", "Prints--1830-1840."]}, {"source_created": "2014-10-16T00:00:00Z", "index": 7, "medium": "1 photograph: b&w contact sheet.", "reproduction_number": "", "links": {"item": "https://www.loc.gov/pictures/item/2014666765/", "resource": null}, "title": "Sen Aging / Climbers", "image": {"alt": "item not digitized thumbnail", "full": "https://www.loc.gov/pictures/static/images/item/500x500_notdigitized.png", "square": "https://www.loc.gov/pictures/static/images/item/not_digitized_buttons75X75.png", "thumb": "https://www.loc.gov/pictures/static/images/item/notdigitized_buttons140X120.png"}, "created": "2016-04-21T00:00:00Z", "modified": "2016-04-21T00:00:00Z", "collection": ["cqrc", "minload", "pp"], "creator": null, "call_number": "ROLL CALL-1996-803 [P&P]", "medium_brief": "1 photograph:\n19 photographs:", "source_modified": "2015-02-05T00:00:00Z", "pk": "2014666765", "created_published_date": "[1996-09]", "subjects": ["United States.--Congress.--Senate.--Special Committee on Aging.", "Portraits", "Film negatives.", "Photographic prints."]}, {"source_created": "1999-10-15T00:00:00Z", "index": 8, "medium": "1 drawing on layered paper board : crayon, ink, blue pencil, and white out over pencil.", "reproduction_number": "", "links": {"item": "https://www.loc.gov/pictures/item/2016686347/", "resource": null}, "title": "Silver threads", "image": {"alt": "item not digitized thumbnail", "full": "https://www.loc.gov/pictures/static/images/item/500x500_notdigitized.png", "square": "https://www.loc.gov/pictures/static/images/item/not_digitized_buttons75X75.png", "thumb": "https://www.loc.gov/pictures/static/images/item/notdigitized_buttons140X120.png"}, "created": "2016-08-16T00:00:00Z", "modified": "2016-08-16T00:00:00Z", "collection": ["acd", "minload", "pp"], "creator": "Mauldin, Bill, 1921-2003", "call_number": "CD 1 - Mauldin, no. 739 (A size)", "medium_brief": "1 drawing on layered paper board :", "source_modified": "2016-08-05T00:00:00Z", "pk": "2016686347", "created_published_date": "1961 June 7 [publication date]", "subjects": ["Kennedy, John F.--(John Fitzgerald),--1917-1963.", "Hair--1960-1970.", "Aging--1960-1970.", "Drawings--1960-1970.", "Editorial cartoons--1960-1970."]}, {"source_created": "2004-01-08T00:00:00Z", "index": 9, "medium": "1 photographic print.", "reproduction_number": "LC-DIG-nclc-02585 (color digital file from b&w original print)", "links": {"item": "https://www.loc.gov/pictures/item/2018677223/", "resource": "https://www.loc.gov/pictures/item/2018677223/resource/"}, "title": "Tom Polk \"goin on 13.\" Prematurely old, works in Beaumont Mill, Spartenberg [sic], S.C. Location: Spartanburg, South Carolina.", "image": {"alt": "digitized item thumbnail", "full": "https://tile.loc.gov/storage-services/service/pnp/nclc/02500/02585r.jpg", "square": "https://tile.loc.gov/storage-services/service/pnp/nclc/02500/02585_75x75px.jpg", "thumb": "https://tile.loc.gov/storage-services/service/pnp/nclc/02500/02585_150px.jpg"}, "created": "2018-11-09T00:00:00Z", "modified": "2018-11-09T00:00:00Z", "collection": ["diof", "minload", "nclc", "pp"], "creator": "Hine, Lewis Wickes, 1874-1940", "call_number": "LOT 7479, v. 5, no. 2992 [P&P]", "medium_brief": "1 photographic print.", "source_modified": "2018-11-02T00:00:00Z", "pk": "2018677223", "created_published_date": "1912 May.", "subjects": ["Boys.", "Textile mill workers.", "Aging.", "United States--South Carolina--Spartanburg.", "Photographic prints."]}, {"source_created": "2010-10-05T00:00:00Z", "index": 10, "medium": "1 print : chromolithograph.", "reproduction_number": "LC-DIG-ppmsca-25494 (digital file from original print)", "links": {"item": "https://www.loc.gov/pictures/item/2010651368/", "resource": "https://www.loc.gov/pictures/item/2010651368/resource/"}, "title": "The endless search", "image": {"alt": "digitized item thumbnail", "full": "https://tile.loc.gov/storage-services/service/pnp/ppmsca/25400/25494r.jpg", "square": "https://tile.loc.gov/storage-services/service/pnp/ppmsca/25400/25494_75x75px.jpg", "thumb": "https://tile.loc.gov/storage-services/service/pnp/ppmsca/25400/25494_150px.jpg"}, "created": "2019-05-06T00:00:00Z", "modified": "2019-05-06T00:00:00Z", "collection": ["cph", "diof", "pp"], "creator": "Dalrymple, Louis, 1866-1905", "call_number": "Illus. in AP101.P7 1901 (Case X) [P&P]", "medium_brief": "1 print :", "source_modified": "2010-10-05T00:00:00Z", "pk": "2010651368", "created_published_date": "1901 January 30.", "subjects": ["Ponce de Le\u00f3n, Juan,--1460?-1521.", "Patent medicines--1900-1910.", "Aging--1900-1910.", "Rejuvenation--1900-1910.", "Cartoons (Commentary)--1900-1910.", "Chromolithographs--Color--1900-1910.", "Magazine covers--1900-1910.", "Periodical illustrations--1900-1910."]}, {"source_created": "2019-09-05T00:00:00Z", "index": 11, "medium": "5 photographs : color film negatives ; film width 35mm (roll format)", "reproduction_number": "", "links": {"item": "https://www.loc.gov/pictures/item/2019645008/", "resource": "https://www.loc.gov/pictures/item/2019645008/resource/"}, "title": "Jewish Council for the Aging", "image": {"alt": "digitized item thumbnail", "full": "https://tile.loc.gov/storage-services/service/pnp/ppmsca/63700/63767r.jpg", "square": "https://tile.loc.gov/storage-services/service/pnp/ppmsca/63700/63767_75x75px.jpg", "thumb": "https://tile.loc.gov/storage-services/service/pnp/ppmsca/63700/63767_150px.jpg"}, "created": "2019-09-17T00:00:00Z", "modified": "2019-09-17T00:00:00Z", "collection": ["cqrc", "diof", "pp"], "creator": "Graham, Douglas (Photographer)", "call_number": "LC-CQ06-WR99052001 [P&P]", "medium_brief": "5 photographs :", "source_modified": "2019-09-05T00:00:00Z", "pk": "2019645008", "created_published_date": "[20 May 1999]", "subjects": ["Norris, Walter W.", "Rockville, Maryland", "Jewish Council for the Aging", "Film negatives--Color--1990-2000."]}, {"source_created": "2019-09-05T00:00:00Z", "index": 12, "medium": "5 photographs : color film negatives ; film width 35mm (roll format)", "reproduction_number": "", "links": {"item": "https://www.loc.gov/pictures/item/2019645009/", "resource": "https://www.loc.gov/pictures/item/2019645009/resource/"}, "title": "Jewish Council for the Aging", "image": {"alt": "digitized item thumbnail", "full": "https://tile.loc.gov/storage-services/service/pnp/ppmsca/63700/63768r.jpg", "square": "https://tile.loc.gov/storage-services/service/pnp/ppmsca/63700/63768_75x75px.jpg", "thumb": "https://tile.loc.gov/storage-services/service/pnp/ppmsca/63700/63768_150px.jpg"}, "created": "2019-09-17T00:00:00Z", "modified": "2019-09-17T00:00:00Z", "collection": ["cqrc", "diof", "pp"], "creator": "Graham, Douglas (Photographer)", "call_number": "LC-CQ06-WR99052002 [P&P]", "medium_brief": "5 photographs :", "source_modified": "2019-09-05T00:00:00Z", "pk": "2019645009", "created_published_date": "[20 May 1999]", "subjects": ["Norris, Walter W.", "Rockville, Maryland", "Jewish Council for the Aging", "Film negatives--Color--1990-2000."]}, {"source_created": "2019-09-13T00:00:00Z", "index": 13, "medium": "4 photographs : color film negatives ; film width 35mm (roll format)", "reproduction_number": "", "links": {"item": "https://www.loc.gov/pictures/item/2019644334/", "resource": "https://www.loc.gov/pictures/item/2019644334/resource/"}, "title": "Jewish Council for the Aging", "image": {"alt": "digitized item thumbnail", "full": "https://tile.loc.gov/storage-services/service/pnp/ppmsca/63700/63769r.jpg", "square": "https://tile.loc.gov/storage-services/service/pnp/ppmsca/63700/63769_75x75px.jpg", "thumb": "https://tile.loc.gov/storage-services/service/pnp/ppmsca/63700/63769_150px.jpg"}, "created": "2019-10-01T00:00:00Z", "modified": "2019-10-01T00:00:00Z", "collection": ["cqrc", "diof", "pp"], "creator": "Graham, Douglas (Photographer)", "call_number": "LC-CQ06-WR99052003 [P&P]", "medium_brief": "4 photographs :", "source_modified": "2019-09-13T00:00:00Z", "pk": "2019644334", "created_published_date": "[20 May 1999]", "subjects": ["Clark, Liz", "Rockville, Maryland", "Jewish Council for the Aging", "Film negatives--Color--1990-2000."]}, {"source_created": "2019-09-13T00:00:00Z", "index": 14, "medium": "5 photographs : color film negatives ; film width 35mm (roll format)", "reproduction_number": "", "links": {"item": "https://www.loc.gov/pictures/item/2019644335/", "resource": "https://www.loc.gov/pictures/item/2019644335/resource/"}, "title": "Jewish Council for the Aging", "image": {"alt": "digitized item thumbnail", "full": "https://tile.loc.gov/storage-services/service/pnp/ppmsca/63700/63770r.jpg", "square": "https://tile.loc.gov/storage-services/service/pnp/ppmsca/63700/63770_75x75px.jpg", "thumb": "https://tile.loc.gov/storage-services/service/pnp/ppmsca/63700/63770_150px.jpg"}, "created": "2019-10-01T00:00:00Z", "modified": "2019-10-01T00:00:00Z", "collection": ["cqrc", "diof", "pp"], "creator": "Graham, Douglas (Photographer)", "call_number": "LC-CQ06-WR99052004 [P&P]", "medium_brief": "5 photographs :", "source_modified": "2019-09-13T00:00:00Z", "pk": "2019644335", "created_published_date": "[20 May 1999]", "subjects": ["Clark, Liz", "Gresser, Eve", "Rockville, Maryland", "Jewish Council for the Aging", "Film negatives--Color--1990-2000."]}, {"source_created": "2019-09-13T00:00:00Z", "index": 15, "medium": "5 photographs : color film negatives ; film width 35mm (roll format)", "reproduction_number": "", "links": {"item": "https://www.loc.gov/pictures/item/2019644336/", "resource": "https://www.loc.gov/pictures/item/2019644336/resource/"}, "title": "Jewish Council for the Aging", "image": {"alt": "digitized item thumbnail", "full": "https://tile.loc.gov/storage-services/service/pnp/ppmsca/63700/63771r.jpg", "square": "https://tile.loc.gov/storage-services/service/pnp/ppmsca/63700/63771_75x75px.jpg", "thumb": "https://tile.loc.gov/storage-services/service/pnp/ppmsca/63700/63771_150px.jpg"}, "created": "2019-10-01T00:00:00Z", "modified": "2019-10-01T00:00:00Z", "collection": ["cqrc", "diof", "pp"], "creator": "Graham, Douglas (Photographer)", "call_number": "LC-CQ06-WR99052005 [P&P]", "medium_brief": "5 photographs :", "source_modified": "2019-09-13T00:00:00Z", "pk": "2019644336", "created_published_date": "[20 May 1999]", "subjects": ["Norris, Walter W.", "Rockville, Maryland", "Jewish Council for the Aging", "Film negatives--Color--1990-2000."]}, {"source_created": "2019-09-05T00:00:00Z", "index": 16, "medium": "1 photograph : b&w contact sheet ; 26 x 21 cm or smaller (8 x 10 format)", "reproduction_number": "", "links": {"item": "https://www.loc.gov/pictures/item/2018756145/", "resource": null}, "title": "[House Aging Committee, Subcommittee on Delivery of Social Security Services meeting, showing Social Security Commissioner Gwendolyn King; press conference on the Supreme Court ruling on Title X regarding abortion clinics, showing Representatives Henry Waxman, Ronald Wyden, Victor Fazio Jr., and John Porter]", "image": {"alt": "item not digitized thumbnail", "full": "https://www.loc.gov/pictures/static/images/item/500x500_notdigitized.png", "square": "https://www.loc.gov/pictures/static/images/item/not_digitized_buttons75X75.png", "thumb": "https://www.loc.gov/pictures/static/images/item/notdigitized_buttons140X120.png"}, "created": "2019-11-05T00:00:00Z", "modified": "2019-11-05T00:00:00Z", "collection": ["cqrc", "pp"], "creator": "Jenkins, R. Michael", "call_number": "CQ-1991-109 [P&P]", "medium_brief": "1 photograph :\n35 photographs :", "source_modified": "2019-10-29T00:00:00Z", "pk": "2018756145", "created_published_date": "[1991-05-23]", "subjects": ["United States.--Congress.--House.--Select Committee on Aging.", "King, Gwendolyn", "Fazio, Victor, Jr.", "Porter, John", "Social security", "Abortions", "Supreme Court decisions", "Film negatives.", "Photographic prints."]}, {"source_created": "1970-01-01T00:00:00Z", "index": 17, "medium": "9", "reproduction_number": null, "links": {"item": "https://www.loc.gov/pictures/item/md0742/", "resource": "https://www.loc.gov/pictures/item/md0742/resource/"}, "title": "Aged Women's Home, 1400 West Lexington Street, Baltimore, Independent City, MD", "image": {"alt": "digitized item thumbnail", "full": "https://tile.loc.gov/storage-services/service/pnp/habshaer/md/md0700/md0742/photos/085793pr.jpg", "square": "https://tile.loc.gov/storage-services/service/pnp/habshaer/md/md0700/md0742/photos/085793p_75x75px.jpg", "thumb": "https://tile.loc.gov/storage-services/service/pnp/habshaer/md/md0700/md0742/photos/085793p_150px.jpg"}, "created": "2016-04-16T00:00:00Z", "modified": "2020-03-20T00:00:00Z", "collection": ["diof", "hh", "survey"], "creator": "Historic American Buildings Survey", "call_number": "HABS MD,4-BALT,111-", "medium_brief": "Photo(s): 9, Data Page(s): 9", "source_modified": "2016-04-16T00:00:00Z", "pk": "md0742", "created_published_date": "Documentation compiled after 1933", "subjects": ["rest homes", "aged persons", "aging"]}, {"source_created": "1970-01-01T00:00:00Z", "index": 18, "medium": "4", "reproduction_number": null, "links": {"item": "https://www.loc.gov/pictures/item/md0832/", "resource": "https://www.loc.gov/pictures/item/md0832/resource/"}, "title": "Aged Men's Home, 1400 West Lexington Street, Baltimore, Independent City, MD", "image": {"alt": "digitized item thumbnail", "full": "https://tile.loc.gov/storage-services/service/pnp/habshaer/md/md0800/md0832/photos/085789pr.jpg", "square": "https://tile.loc.gov/storage-services/service/pnp/habshaer/md/md0800/md0832/photos/085789p_75x75px.jpg", "thumb": "https://tile.loc.gov/storage-services/service/pnp/habshaer/md/md0800/md0832/photos/085789p_150px.jpg"}, "created": "2016-04-16T00:00:00Z", "modified": "2020-03-20T00:00:00Z", "collection": ["diof", "hh", "survey"], "creator": "Historic American Buildings Survey", "call_number": "HABS MD,4-BALT,110-", "medium_brief": "Photo(s): 4, Data Page(s): 5", "source_modified": "2016-04-16T00:00:00Z", "pk": "md0832", "created_published_date": "Documentation compiled after 1933", "subjects": ["rest homes", "aging", "aged persons", "charity"]}, {"source_created": "2014-05-28T00:00:00Z", "index": 19, "medium": "1 drawing : ink on tracing paper ; sheet 21 x 18 cm.", "reproduction_number": "LC-DIG-ppmsca-37772 (digital file from original item)", "links": {"item": "https://www.loc.gov/pictures/item/2014646316/", "resource": "https://www.loc.gov/pictures/item/2014646316/resource/"}, "title": "[Elderly man in party hat with blow horn and death head balloon]", "image": {"alt": "digitized item thumbnail", "full": "https://tile.loc.gov/storage-services/service/pnp/ppmsca/37700/37772_150px.jpg", "square": "https://tile.loc.gov/storage-services/service/pnp/ppmsca/37700/37772_75x75px.jpg", "thumb": "https://tile.loc.gov/storage-services/service/pnp/ppmsca/37700/37772_150px.jpg"}, "created": "2020-06-24T00:00:00Z", "modified": "2020-06-24T00:00:00Z", "collection": ["cph", "pp"], "creator": "Thompson, Richard, 1957-2016", "call_number": "Unprocessed in PR 13 CN 2001:055-4 [item] [P&P]", "medium_brief": "1 drawing :", "source_modified": "2020-05-29T00:00:00Z", "pk": "2014646316", "created_published_date": "[between 1980? and 1999]", "subjects": ["Birthdays--1980-2000.", "Older people--1980-2000.", "Aging--1980-2000.", "Death--1980-2000.", "Cartoons (Commentary)--1980-2000.", "Humorous pictures--1980-2000.", "Ink drawings--1980-2000."]}, {"source_created": "2020-02-11T00:00:00Z", "index": 20, "medium": "1 drawing : watercolor, gouache, and ink ; sheet 393 x 305 mm.", "reproduction_number": "LC-DIG-ppmsca-68670 (digital file from original)", "links": {"item": "https://www.loc.gov/pictures/item/2020630203/", "resource": "https://www.loc.gov/pictures/item/2020630203/resource/"}, "title": "[Woman metamorphosed into a tree with falling leaves]", "image": {"alt": "digitized item thumbnail", "full": "https://tile.loc.gov/storage-services/service/pnp/ppmsca/68600/68670_150px.jpg", "square": "https://tile.loc.gov/storage-services/service/pnp/ppmsca/68600/68670_75x75px.jpg", "thumb": "https://tile.loc.gov/storage-services/service/pnp/ppmsca/68600/68670_150px.jpg"}, "created": "2020-11-10T07:49:21Z", "modified": "2020-11-10T07:49:23Z", "collection": ["cph", "pp"], "creator": "Kunz, Anita, 1956-", "call_number": "Unprocessed in PR 13 CN 2020:003, no. 5 [P&P]", "medium_brief": "1 drawing :", "source_modified": "2020-10-27T09:55:02Z", "pk": "2020630203", "created_published_date": "[1995]", "subjects": ["Women--Health & welfare--1990-2000.", "Metamorphosis--1990-2000.", "Aging--1990-2000.", "Trees--1990-2000.", "Periodical illustrations--1990-2000.", "Watercolors--1990-2000."]}]}