{"search": {"field": "subject", "hits": 2, "sort_order": null, "do_facets": true, "focus_item": null, "query": "Mounds (Landforms)", "type": "search", "sort_by": null}, "focus": null, "views": {"current": "list", "grid": "https://www.loc.gov/pictures/search/?q=Mounds+%28Landforms%29&fi=subject&va=exact&st=grid&op=PHRASE", "list": "https://www.loc.gov/pictures/search/?q=Mounds+%28Landforms%29&fi=subject&op=PHRASE&va=exact", "gallery": "https://www.loc.gov/pictures/search/?q=Mounds+%28Landforms%29&fi=subject&va=exact&st=gallery&op=PHRASE", "slideshow": "https://www.loc.gov/pictures/search/?q=Mounds+%28Landforms%29&fi=subject&va=exact&st=slideshow&op=PHRASE"}, "facets": [{"type": "displayed", "filters": [{"count": 2, "on": "https://www.loc.gov/pictures/search/?va=exact&sp=1&q=Mounds+%28Landforms%29&fa=displayed%3Aanywhere&fi=subject&op=PHRASE&fo=json", "selected": false, "off": "https://www.loc.gov/pictures/search/?va=exact&sp=1&q=Mounds+%28Landforms%29&fi=subject&fo=json&op=PHRASE", "title": "Larger image available anywhere"}, {"count": 0, "on": "https://www.loc.gov/pictures/search/?va=exact&sp=1&q=Mounds+%28Landforms%29&fa=displayed%3Alc_only&fi=subject&op=PHRASE&fo=json", "selected": false, "off": "https://www.loc.gov/pictures/search/?va=exact&sp=1&q=Mounds+%28Landforms%29&fi=subject&fo=json&op=PHRASE", "title": "Larger image available only at the Library of Congress"}, {"count": 0, "on": "https://www.loc.gov/pictures/search/?va=exact&sp=1&q=Mounds+%28Landforms%29&fa=displayed%3Anot_digitized&fi=subject&op=PHRASE&fo=json", "selected": false, "off": "https://www.loc.gov/pictures/search/?va=exact&sp=1&q=Mounds+%28Landforms%29&fi=subject&fo=json&op=PHRASE", "title": "Not Digitized"}], "title": "displayed"}], "links": {"json": "//www.loc.gov/pictures/search/?fi=subject&q=Mounds+%28Landforms%29&op=PHRASE&va=exact&fo=json", "html": "//www.loc.gov/pictures/search/?fi=subject&q=Mounds+%28Landforms%29&op=PHRASE&va=exact", "rss": "//www.loc.gov/pictures/search/?fi=subject&q=Mounds+%28Landforms%29&op=PHRASE&va=exact&fo=rss"}, "suggestions": {"possible": []}, "pages": {"current": 1, "next": null, "perpage": 20, "last": null, "page_list": [{"url": null, "number": 1}], "previous": null, "total": 1, "results": "1 - 2", "first": null}, "collection": null, "results": [{"source_created": "2008-08-29T00:00:00Z", "index": 1, "medium": "1 photographic print on stereo card : stereograph.", "reproduction_number": "LC-USZ62-25152 (b&w film copy neg.)", "links": {"item": "https://www.loc.gov/pictures/item/2008675333/", "resource": "https://www.loc.gov/pictures/item/2008675333/resource/"}, "title": "Florida-- the shell mounds--Ft. George Id.", "image": {"alt": "digitized item thumbnail", "full": "https://tile.loc.gov/storage-services/service/pnp/cph/3a20000/3a26000/3a26000/3a26084r.jpg", "square": "https://tile.loc.gov/storage-services/service/pnp/cph/3a20000/3a26000/3a26000/3a26084_75x75px.jpg", "thumb": "https://tile.loc.gov/storage-services/service/pnp/cph/3a20000/3a26000/3a26000/3a26084_150px.jpg"}, "created": "2016-04-20T00:00:00Z", "modified": "2016-04-20T00:00:00Z", "collection": ["diof", "pp", "stereo"], "creator": "Barker, George, 1844-1894", "call_number": "LOT 13947, no. 4  [item] [P&P]", "medium_brief": "1 photographic print on stereo card :", "source_modified": "2009-01-05T00:00:00Z", "pk": "2008675333", "created_published_date": "c1886.", "subjects": ["Mounds (Landforms)--Florida--Fort George Island--1880-1890.", "Shells (Anatomy)--1880-1890.", "Photographic prints--1880-1890.", "Stereographs--1880-1890."]}, {"source_created": "2019-03-14T00:00:00Z", "index": 2, "medium": "1 photograph : print on card mount ; mount 9 x 18 cm (stereograph format)", "reproduction_number": "LC-DIG-stereo-1s17503 (digital file from original)", "links": {"item": "https://www.loc.gov/pictures/item/2019630240/", "resource": "https://www.loc.gov/pictures/item/2019630240/resource/"}, "title": "Lion Mount, Waterloo, Belgium", "image": {"alt": "digitized item thumbnail", "full": "https://tile.loc.gov/storage-services/service/pnp/stereo/1s10000/1s17000/1s17500/1s17503r.jpg", "square": "https://tile.loc.gov/storage-services/service/pnp/stereo/1s10000/1s17000/1s17500/1s17503_75x75px.jpg", "thumb": "https://tile.loc.gov/storage-services/service/pnp/stereo/1s10000/1s17000/1s17500/1s17503_150px.jpg"}, "created": "2019-03-19T00:00:00Z", "modified": "2019-03-19T00:00:00Z", "collection": ["diof", "pp", "stereo"], "creator": "Keystone View Company.", "call_number": "STEREO FOREIGN GEOG FILE - Belgium--Waterloo [item] [P&P]", "medium_brief": "1 photograph :", "source_modified": "2019-03-14T00:00:00Z", "pk": "2019630240", "created_published_date": "[1920]", "subjects": ["Mounds (Landforms)--Belgium--Waterloo--1920.", "Sculpture--Belgium--Waterloo--1920.", "Waterloo (Belgium)--1920.", "Photographic prints--1920.", "Stereographs--1920."]}]}