{"search": {"field": "subject", "hits": 131, "sort_order": null, "do_facets": true, "focus_item": null, "query": "Scales", "type": "search", "sort_by": null}, "focus": null, "views": {"current": "list", "grid": "https://www.loc.gov/pictures/search/?q=Scales&fi=subject&va=exact&st=grid&op=PHRASE", "list": "https://www.loc.gov/pictures/search/?q=Scales&fi=subject&op=PHRASE&va=exact", "gallery": "https://www.loc.gov/pictures/search/?q=Scales&fi=subject&va=exact&st=gallery&op=PHRASE", "slideshow": "https://www.loc.gov/pictures/search/?q=Scales&fi=subject&va=exact&st=slideshow&op=PHRASE"}, "facets": [{"type": "displayed", "filters": [{"count": 70, "on": "https://www.loc.gov/pictures/search/?va=exact&sp=1&q=Scales&fa=displayed%3Aanywhere&fi=subject&op=PHRASE&fo=json", "selected": false, "off": "https://www.loc.gov/pictures/search/?va=exact&sp=1&q=Scales&fi=subject&fo=json&op=PHRASE", "title": "Larger image available anywhere"}, {"count": 37, "on": "https://www.loc.gov/pictures/search/?va=exact&sp=1&q=Scales&fa=displayed%3Alc_only&fi=subject&op=PHRASE&fo=json", "selected": false, "off": "https://www.loc.gov/pictures/search/?va=exact&sp=1&q=Scales&fi=subject&fo=json&op=PHRASE", "title": "Larger image available only at the Library of Congress"}, {"count": 24, "on": "https://www.loc.gov/pictures/search/?va=exact&sp=1&q=Scales&fa=displayed%3Anot_digitized&fi=subject&op=PHRASE&fo=json", "selected": false, "off": "https://www.loc.gov/pictures/search/?va=exact&sp=1&q=Scales&fi=subject&fo=json&op=PHRASE", "title": "Not Digitized"}], "title": "displayed"}], "links": {"json": "//www.loc.gov/pictures/search/?fi=subject&q=Scales&op=PHRASE&va=exact&fo=json", "html": "//www.loc.gov/pictures/search/?fi=subject&q=Scales&op=PHRASE&va=exact", "rss": "//www.loc.gov/pictures/search/?fi=subject&q=Scales&op=PHRASE&va=exact&fo=rss"}, "suggestions": {"possible": []}, "pages": {"current": 1, "next": "https://www.loc.gov/pictures/search/?q=Scales&fi=subject&sp=2&op=PHRASE&va=exact", "perpage": 20, "last": "https://www.loc.gov/pictures/search/?q=Scales&fi=subject&sp=7&op=PHRASE&va=exact", "page_list": [{"url": null, "number": 1}, {"url": "https://www.loc.gov/pictures/search/?q=Scales&fi=subject&sp=2&op=PHRASE&va=exact", "number": 2}, {"url": "https://www.loc.gov/pictures/search/?q=Scales&fi=subject&sp=3&op=PHRASE&va=exact", "number": 3}, {"url": "https://www.loc.gov/pictures/search/?q=Scales&fi=subject&sp=4&op=PHRASE&va=exact", "number": 4}, {"url": "https://www.loc.gov/pictures/search/?q=Scales&fi=subject&sp=5&op=PHRASE&va=exact", "number": 5}, {"url": "https://www.loc.gov/pictures/search/?q=Scales&fi=subject&sp=6&op=PHRASE&va=exact", "number": "..."}, {"url": "https://www.loc.gov/pictures/search/?q=Scales&fi=subject&sp=7&op=PHRASE&va=exact", "number": 7}], "previous": null, "total": 7, "results": "1 - 20", "first": null}, "collection": null, "results": [{"source_created": "2000-12-28T00:00:00Z", "index": 1, "medium": "1 print (poster) : lithograph, color ; 71 x 51 cm.", "reproduction_number": "LC-USZC4-7917 (color film copy transparency)", "links": {"item": "https://www.loc.gov/pictures/item/00653193/", "resource": "https://www.loc.gov/pictures/item/00653193/resource/"}, "title": "Eat cane syrup & molasses, save sugar by using best Louisiana molasses and sugar cane syrup", "image": {"alt": "digitized item thumbnail", "full": "https://tile.loc.gov/storage-services/service/pnp/cph/3g00000/3g07000/3g07900/3g07917r.jpg", "square": "https://tile.loc.gov/storage-services/service/pnp/cph/3g00000/3g07000/3g07900/3g07917_75x75px.jpg", "thumb": "https://tile.loc.gov/storage-services/service/pnp/cph/3g00000/3g07000/3g07900/3g07917_150px.jpg"}, "created": "2016-04-20T00:00:00Z", "modified": "2016-04-20T00:00:00Z", "collection": ["diof", "pp", "wwipos"], "creator": null, "call_number": "POS - WWI - US, no. 174 (C size) [P&P]", "medium_brief": "1 print (poster) :", "source_modified": "2009-10-23T00:00:00Z", "pk": "00653193", "created_published_date": "[1918]", "subjects": ["World War, 1914-1918--Economic & industrial aspects--United States.", "Sugar--1910-1920.", "Scales--1910-1920.", "Lithographs--Color--1910-1920.", "War posters--American--1910-1920."]}, {"source_created": "2004-06-23T00:00:00Z", "index": 2, "medium": "1 print : etching.", "reproduction_number": "LC-USZ62-45399 (b&w film copy neg.)", "links": {"item": "https://www.loc.gov/pictures/item/2004672610/", "resource": "https://www.loc.gov/pictures/item/2004672610/resource/"}, "title": "The great financier, or British economy for the years 1763, 1764, 1765", "image": {"alt": "digitized item thumbnail", "full": "https://tile.loc.gov/storage-services/service/pnp/cph/3a40000/3a45000/3a45500/3a45596r.jpg", "square": "https://tile.loc.gov/storage-services/service/pnp/cph/3a40000/3a45000/3a45500/3a45596_75x75px.jpg", "thumb": "https://tile.loc.gov/storage-services/service/pnp/cph/3a40000/3a45000/3a45500/3a45596_150px.jpg"}, "created": "2016-04-20T00:00:00Z", "modified": "2016-04-20T00:00:00Z", "collection": ["cpbr", "diof", "pp"], "creator": null, "call_number": "PC 1 - 4128 (A size) [P&P]", "medium_brief": "1 print :", "source_modified": "2006-08-08T00:00:00Z", "pk": "2004672610", "created_published_date": "[1765]", "subjects": ["Grenville, George,--1712-1770.", "Economic policy--England--1760-1770.", "Scales--1760-1770", "Taxes--1760-1770", "United States--History--Revolution, 1775-1783.", "Cartoons (Commentary)--British--1760-1770.", "Etchings--British--1760-1770."]}, {"source_created": "2004-07-23T00:00:00Z", "index": 3, "medium": "1 print : etching.", "reproduction_number": "LC-DIG-ppmsca-30578 (digital file from original print)\nLC-USZ62-1527 (b&w film copy neg.)", "links": {"item": "https://www.loc.gov/pictures/item/2004673402/", "resource": "https://www.loc.gov/pictures/item/2004673402/resource/"}, "title": "The ballance [sic] of power", "image": {"alt": "digitized item thumbnail", "full": "https://tile.loc.gov/storage-services/service/pnp/ppmsca/30500/30578r.jpg", "square": "https://tile.loc.gov/storage-services/service/pnp/ppmsca/30500/30578_75x75px.jpg", "thumb": "https://tile.loc.gov/storage-services/service/pnp/ppmsca/30500/30578_150px.jpg"}, "created": "2016-04-20T00:00:00Z", "modified": "2016-04-20T00:00:00Z", "collection": ["05", "24", "8", "cpbr", "diof", "exh", "l4637", "pp"], "creator": null, "call_number": "PC 1 - 5827 (A size) [P&P]", "medium_brief": "1 print :", "source_modified": "2010-10-01T00:00:00Z", "pk": "2004673402", "created_published_date": "1781 Jany. 17.", "subjects": ["Britannia (Symbolic character)--1780-1790.", "Scales--1780-1790.", "Measuring--1780-1790.", "International relations--1780-1790.", "United States--History--Revolution, 1775-1783.", "Allegories--1780-1790.", "Cartoons (Commentary)--British--1780-1790.", "Etchings--British--1780-1790."]}, {"source_created": "1994-01-01T00:00:00Z", "index": 4, "medium": "1 slide : lantern, hand colored ; 3.25 x 4 in.", "reproduction_number": "", "links": {"item": "https://www.loc.gov/pictures/item/2004707709/", "resource": "https://www.loc.gov/pictures/item/2004707709/resource/"}, "title": "Young woman street vendor holding measuring scales", "image": {"alt": "digitized item thumbnail", "full": "https://tile.loc.gov/storage-services/service/pnp/wtc/4a00000/4a02000/4a02900/4a02994r.jpg", "square": "https://tile.loc.gov/storage-services/service/pnp/wtc/4a00000/4a02000/4a02900/4a02994_75x75px.jpg", "thumb": "https://tile.loc.gov/storage-services/service/pnp/wtc/4a00000/4a02000/4a02900/4a02994_150px.jpg"}, "created": "2016-04-20T00:00:00Z", "modified": "2016-04-20T00:00:00Z", "collection": ["ammem", "diof", "minload", "pp", "wtc"], "creator": "Jackson, William Henry, 1843-1942", "call_number": "LC-W7- 423 [P&P]", "medium_brief": "1 slide :", "source_modified": "2013-06-21T00:00:00Z", "pk": "2004707709", "created_published_date": "[1895]", "subjects": ["Women--Employment.", "Peddlers.", "Scales.", "India.", "Lantern slides--Hand colored."]}, {"source_created": "2006-07-27T00:00:00Z", "index": 5, "medium": "1 photographic print.", "reproduction_number": "LC-DIG-ppmsca-12758 (digital file from original photograph)", "links": {"item": "https://www.loc.gov/pictures/item/2006686061/", "resource": "https://www.loc.gov/pictures/item/2006686061/resource/"}, "title": "[Eugene Smallwood, an employee at Curatolo Banana Corp. weighing bananas]", "image": {"alt": "digitized item thumbnail", "full": "https://tile.loc.gov/storage-services/service/pnp/ppmsca/12700/12758r.jpg", "square": "https://tile.loc.gov/storage-services/service/pnp/ppmsca/12700/12758_75x75px.jpg", "thumb": "https://tile.loc.gov/storage-services/service/pnp/ppmsca/12700/12758_150px.jpg"}, "created": "2016-04-20T00:00:00Z", "modified": "2016-04-20T00:00:00Z", "collection": ["cph", "diof", "pp"], "creator": "De Marsico, Dick", "call_number": "NYWTS - SUBJ/GEOG-- Markets--Brooklyn Terminal--Brooklyn, N.Y. [item] [P&P]", "medium_brief": "1 photographic print.", "source_modified": "2006-07-31T00:00:00Z", "pk": "2006686061", "created_published_date": "1962.", "subjects": ["Smallwood, Eugene.", "Bananas--New York (State)--New York--1960-1970.", "Scales--1960-1970.", "Photographic prints--1960-1970."]}, {"source_created": "2006-07-28T00:00:00Z", "index": 6, "medium": "1 photographic print.", "reproduction_number": "LC-DIG-ppmsca-12772 (digital file from original photograph)", "links": {"item": "https://www.loc.gov/pictures/item/2006686075/", "resource": "https://www.loc.gov/pictures/item/2006686075/resource/"}, "title": "[Interior view of the Fulton Fish Market showing scales, crates, and baskets]", "image": {"alt": "digitized item thumbnail", "full": "https://tile.loc.gov/storage-services/service/pnp/ppmsca/12700/12772r.jpg", "square": "https://tile.loc.gov/storage-services/service/pnp/ppmsca/12700/12772_75x75px.jpg", "thumb": "https://tile.loc.gov/storage-services/service/pnp/ppmsca/12700/12772_150px.jpg"}, "created": "2016-04-20T00:00:00Z", "modified": "2016-04-20T00:00:00Z", "collection": ["cph", "diof", "pp"], "creator": "Albertin, Walter", "call_number": "NYWTS - SUBJ/GEOG--Markets--Fulton Fish Market [item] [P&P]", "medium_brief": "1 photographic print.", "source_modified": "2006-08-01T00:00:00Z", "pk": "2006686075", "created_published_date": "1954.", "subjects": ["Fulton Fish Market (New York, N.Y.)--Facilities--1950-1960.", "Markets--New York (State)--New York--1950-1960.", "Scales--New York (State)--New York--1950-1960.", "Photographic prints--1950-1960."]}, {"source_created": "2006-07-28T00:00:00Z", "index": 7, "medium": "1 photographic print.", "reproduction_number": "LC-DIG-ppmsca-12782 (digital file from original photograph)", "links": {"item": "https://www.loc.gov/pictures/item/2006686085/", "resource": "https://www.loc.gov/pictures/item/2006686085/resource/"}, "title": "Jimmie Liebl, salesman, shouts code message to bookkeeper in back after a sale of lobsters is made (Eastern Commission Co.)", "image": {"alt": "digitized item thumbnail", "full": "https://tile.loc.gov/storage-services/service/pnp/ppmsca/12700/12782r.jpg", "square": "https://tile.loc.gov/storage-services/service/pnp/ppmsca/12700/12782_75x75px.jpg", "thumb": "https://tile.loc.gov/storage-services/service/pnp/ppmsca/12700/12782_150px.jpg"}, "created": "2016-04-20T00:00:00Z", "modified": "2016-04-20T00:00:00Z", "collection": ["cph", "diof", "pp"], "creator": null, "call_number": "NYWTS - SUBJ/GEOG--Markets--Fulton Fish Market [item] [P&P]", "medium_brief": "1 photographic print.", "source_modified": "2007-01-23T00:00:00Z", "pk": "2006686085", "created_published_date": "1939.", "subjects": ["Liebl, Jimmie.", "Fulton Fish Market (New York, N.Y.)--People--1930-1940.", "Markets--New York (State)--New York--1930-1940.", "Scales--1930-1940.", "Lobsters--1930-1940.", "Photographic prints--1960-1970."]}, {"source_created": "2006-07-28T00:00:00Z", "index": 8, "medium": "1 photographic print.", "reproduction_number": "LC-DIG-ppmsca-12784 (digital file from original photograph)", "links": {"item": "https://www.loc.gov/pictures/item/2006686087/", "resource": "https://www.loc.gov/pictures/item/2006686087/resource/"}, "title": "Fulton Market celebrates big mackrel haul; weighing the catch at Fulton Market", "image": {"alt": "digitized item thumbnail", "full": "https://tile.loc.gov/storage-services/service/pnp/ppmsca/12700/12784r.jpg", "square": "https://tile.loc.gov/storage-services/service/pnp/ppmsca/12700/12784_75x75px.jpg", "thumb": "https://tile.loc.gov/storage-services/service/pnp/ppmsca/12700/12784_150px.jpg"}, "created": "2016-04-20T00:00:00Z", "modified": "2016-04-20T00:00:00Z", "collection": ["cph", "diof", "pp"], "creator": null, "call_number": "NYWTS - SUBJ/GEOG--Markets--Fulton Fish Market [item] [P&P]", "medium_brief": "1 photographic print.", "source_modified": "2006-08-01T00:00:00Z", "pk": "2006686087", "created_published_date": "1934.", "subjects": ["Fulton Fish Market (New York, N.Y.)--People--1930-1940.", "Markets--New York (State)--New York--1930-1940.", "Fish--1930-1940.", "Scales--1930-1940.", "Photographic prints--1930-1940."]}, {"source_created": "2006-07-31T00:00:00Z", "index": 9, "medium": "1 photographic print.", "reproduction_number": "LC-DIG-ppmsca-12795 (digital file from original photograph)", "links": {"item": "https://www.loc.gov/pictures/item/2006686098/", "resource": "https://www.loc.gov/pictures/item/2006686098/resource/"}, "title": "Weighing fish unloaded form dragger Nautilus at Fulton Fish Market, using scoop scales", "image": {"alt": "digitized item thumbnail", "full": "https://tile.loc.gov/storage-services/service/pnp/ppmsca/12700/12795r.jpg", "square": "https://tile.loc.gov/storage-services/service/pnp/ppmsca/12700/12795_75x75px.jpg", "thumb": "https://tile.loc.gov/storage-services/service/pnp/ppmsca/12700/12795_150px.jpg"}, "created": "2016-04-20T00:00:00Z", "modified": "2016-04-20T00:00:00Z", "collection": ["cph", "diof", "pp"], "creator": "Palumbo, Fred", "call_number": "NYWTS - SUBJ/GEOG--Markets--Fulton Fish Market [item] [P&P]", "medium_brief": "1 photographic print.", "source_modified": "2006-08-01T00:00:00Z", "pk": "2006686098", "created_published_date": "ca. 1950.", "subjects": ["Fulton Fish Market (New York, N.Y.)--People--1930-1950.", "Markets--New York (State)--New York--1930-1950.", "Scales--1930-1950.", "Fishermen--New York (State)--New York--1930-1950.", "Photographic prints--1930-1950."]}, {"source_created": "2006-07-31T00:00:00Z", "index": 10, "medium": "1 photographic print.", "reproduction_number": "LC-DIG-ppmsca-12796 (digital file from original photograph)", "links": {"item": "https://www.loc.gov/pictures/item/2006686099/", "resource": "https://www.loc.gov/pictures/item/2006686099/resource/"}, "title": "[Man weighing fish on a scoop scale, Fulton Fish Market]", "image": {"alt": "digitized item thumbnail", "full": "https://tile.loc.gov/storage-services/service/pnp/ppmsca/12700/12796r.jpg", "square": "https://tile.loc.gov/storage-services/service/pnp/ppmsca/12700/12796_75x75px.jpg", "thumb": "https://tile.loc.gov/storage-services/service/pnp/ppmsca/12700/12796_150px.jpg"}, "created": "2016-04-20T00:00:00Z", "modified": "2016-04-20T00:00:00Z", "collection": ["cph", "diof", "pp"], "creator": "De Marsico, Dick", "call_number": "NYWTS - SUBJ/GEOG--Markets--Fulton Fish Market [item] [P&P]", "medium_brief": "1 photographic print.", "source_modified": "2006-08-01T00:00:00Z", "pk": "2006686099", "created_published_date": "1963.", "subjects": ["Fulton Fish Market (New York, N.Y.)--Products--1960-1970.", "Markets--New York (State)--New York--1960-1970.", "Scales--1960-1970.", "Fish--New York (State)--1960-1970.", "Photographic prints--1960-1970."]}, {"source_created": "2006-07-31T00:00:00Z", "index": 11, "medium": "1 photographic print.", "reproduction_number": "LC-DIG-ppmsca-12797 (digital file from original photograph)", "links": {"item": "https://www.loc.gov/pictures/item/2006686100/", "resource": "https://www.loc.gov/pictures/item/2006686100/resource/"}, "title": "[James Polito, Nick Russo and Jack La Fanci weighing fish on a scoop scale, Fulton Fish Market]", "image": {"alt": "digitized item thumbnail", "full": "https://tile.loc.gov/storage-services/service/pnp/ppmsca/12700/12797r.jpg", "square": "https://tile.loc.gov/storage-services/service/pnp/ppmsca/12700/12797_75x75px.jpg", "thumb": "https://tile.loc.gov/storage-services/service/pnp/ppmsca/12700/12797_150px.jpg"}, "created": "2016-04-20T00:00:00Z", "modified": "2016-04-20T00:00:00Z", "collection": ["cph", "diof", "pp"], "creator": "Palumbo, Fred", "call_number": "NYWTS - SUBJ/GEOG--Markets--Fulton Fish Market [item] [P&P]", "medium_brief": "1 photographic print.", "source_modified": "2006-08-01T00:00:00Z", "pk": "2006686100", "created_published_date": "1951.", "subjects": ["Fulton Fish Market (New York, N.Y.)--Products--1950-1960.", "Fulton Fish Market (New York, N.Y.)--People--1950-1960.", "Markets--New York (State)--New York--1950-1960.", "Scales--1950-1960.", "Photographic prints--1950-1960."]}, {"source_created": "2009-01-08T00:00:00Z", "index": 12, "medium": "1 drawing : ink ; 6.1 x 9.2 (image), 10.5 x 13.5 cm (sheet)", "reproduction_number": "LC-DIG-jpd-01084 (digital file from original print)", "links": {"item": "https://www.loc.gov/pictures/item/2009630080/", "resource": "https://www.loc.gov/pictures/item/2009630080/resource/"}, "title": "Steelyard & case", "image": {"alt": "digitized item thumbnail", "full": "https://tile.loc.gov/storage-services/service/pnp/jpd/01000/01084r.jpg", "square": "https://tile.loc.gov/storage-services/service/pnp/jpd/01000/01084_75x75px.jpg", "thumb": "https://tile.loc.gov/storage-services/service/pnp/jpd/01000/01084_150px.jpg"}, "created": "2016-04-20T00:00:00Z", "modified": "2016-04-20T00:00:00Z", "collection": ["diof", "jpd", "pp"], "creator": null, "call_number": "FP 2 - JPD, no. 1003 (A size) [P&P]", "medium_brief": "1 drawing :", "source_modified": "2009-01-08T00:00:00Z", "pk": "2009630080", "created_published_date": "[1878?]", "subjects": ["Weights & measures--Japan--1870-1880.", "Scales--1870-1880.", "Business & finance--Japan--1870-1880.", "Ink drawings--Japanese--1870-1880."]}, {"source_created": "2009-09-24T00:00:00Z", "index": 13, "medium": "1 print : etching, hand-colored, on pale green laid paper ; plate mark 25.8 x 20.3 cm, on sheet 39 x 25.2 cm.", "reproduction_number": "LC-USZC2-3570 (color film copy slide)", "links": {"item": "https://www.loc.gov/pictures/item/2009633460/", "resource": "https://www.loc.gov/pictures/item/2009633460/resource/"}, "title": "La Romaine aristocratique", "image": {"alt": "digitized item thumbnail", "full": "https://tile.loc.gov/storage-services/service/pnp/cph/3b50000/3b51000/3b51500/3b51517r.jpg", "square": "https://tile.loc.gov/storage-services/service/pnp/cph/3b50000/3b51000/3b51500/3b51517_75x75px.jpg", "thumb": "https://tile.loc.gov/storage-services/service/pnp/cph/3b50000/3b51000/3b51500/3b51517_150px.jpg"}, "created": "2016-04-20T00:00:00Z", "modified": "2016-04-20T00:00:00Z", "collection": ["cph", "diof", "pp"], "creator": null, "call_number": "PC 5 - 1789, no. 59 (A size) [P&P]", "medium_brief": "1 print :", "source_modified": "2009-09-24T00:00:00Z", "pk": "2009633460", "created_published_date": "1789]", "subjects": ["France.--\u00c9tats g\u00e9n\u00e9raux.", "Social classes--France--1780-1790.", "Monsters--1780-1790.", "Scales--France--1780-1790.", "Swine--France--1780-1790.", "France--History--Revolution, 1789-1799.", "Etchings--French--Hand-colored--1780-1790.", "Satires (Visual works)--French--1780-1790."]}, {"source_created": "2010-07-07T00:00:00Z", "index": 14, "medium": "1 photographic print.", "reproduction_number": "LC-USZ62-139290 (b&w film copy neg.)", "links": {"item": "https://www.loc.gov/pictures/item/2010648491/", "resource": "https://www.loc.gov/pictures/item/2010648491/resource/"}, "title": "One of the Greek babies on the scale at the Athens infant welfare clinic operated by the [erased].  American nurses are helping to care for many of the Greek babies in the Hellenic capital where they have been suffering from lack of care and attention", "image": {"alt": "digitized item thumbnail", "full": "https://tile.loc.gov/storage-services/service/pnp/cph/3c30000/3c39000/3c39200/3c39290r.jpg", "square": "https://tile.loc.gov/storage-services/service/pnp/cph/3c30000/3c39000/3c39200/3c39290_75x75px.jpg", "thumb": "https://tile.loc.gov/storage-services/service/pnp/cph/3c30000/3c39000/3c39200/3c39290_150px.jpg"}, "created": "2016-04-20T00:00:00Z", "modified": "2016-04-20T00:00:00Z", "collection": ["cph", "diof", "pp"], "creator": null, "call_number": "Unprocessed in PR 06 CN 087 [item] [P&P]", "medium_brief": "1 photographic print.", "source_modified": "2014-07-08T00:00:00Z", "pk": "2010648491", "created_published_date": "1920.", "subjects": ["Greeks--Children--Greece--Athens--1920.", "Clinics--Greece--Athens--1920.", "Scales--1920.", "Photographic prints--1920-1930."]}, {"source_created": "2010-10-29T00:00:00Z", "index": 15, "medium": "1 photographic print : salted paper ; 19.7 x 14.3 cm.", "reproduction_number": "LC-DIG-ppmsca-26686 (digital file from original item)", "links": {"item": "https://www.loc.gov/pictures/item/2010649186/", "resource": "https://www.loc.gov/pictures/item/2010649186/resource/"}, "title": "[Alfred M. Scales, Representative from North Carolina, Thirty-fifth Congress, half-length portrait]", "image": {"alt": "digitized item thumbnail", "full": "https://tile.loc.gov/storage-services/service/pnp/ppmsca/26600/26686r.jpg", "square": "https://tile.loc.gov/storage-services/service/pnp/ppmsca/26600/26686_75x75px.jpg", "thumb": "https://tile.loc.gov/storage-services/service/pnp/ppmsca/26600/26686_150px.jpg"}, "created": "2016-04-20T00:00:00Z", "modified": "2016-04-20T00:00:00Z", "collection": ["cph", "diof", "pp"], "creator": "Vannerson, Julian, 1827-", "call_number": "Illus. in JK1012.M35 1859 (Case X) [P&P]", "medium_brief": "1 photographic print :", "source_modified": "2013-07-17T00:00:00Z", "pk": "2010649186", "created_published_date": "[1859]", "subjects": ["Scales, Alfred M.--(Alfred Moore),--1827-1892.", "Autographs--1850-1860.", "Portrait photographs--1850-1860.", "Salted paper prints--1850-1860."]}, {"source_created": "2006-01-23T00:00:00Z", "index": 16, "medium": "1 drawing : pen and ink.", "reproduction_number": "LC-USZ62-43510 (b&w film copy neg.)", "links": {"item": "https://www.loc.gov/pictures/item/2010715009/", "resource": "https://www.loc.gov/pictures/item/2010715009/resource/"}, "title": "Truly I find small difficulty here, the matter being even a child's affair for simpleness", "image": {"alt": "digitized item thumbnail", "full": "https://tile.loc.gov/storage-services/service/pnp/cai/2a11000/2a11600/2a11606r.jpg", "square": "https://tile.loc.gov/storage-services/service/pnp/cai/2a11000/2a11600/2a11606_75x75px.jpg", "thumb": "https://tile.loc.gov/storage-services/service/pnp/cai/2a11000/2a11600/2a11606_150px.jpg"}, "created": "2016-04-20T00:00:00Z", "modified": "2016-04-20T00:00:00Z", "collection": ["cai", "diof", "minload", "pp"], "creator": "Beard, Daniel Carter, 1850-1941", "call_number": "CAI - Beard, no. 64 (A size) [P&P]", "medium_brief": "1 drawing :", "source_modified": "2011-09-06T00:00:00Z", "pk": "2010715009", "created_published_date": "1889.", "subjects": ["Middle Ages.", "Justice.", "Scales.", "Book illustrations.", "Drawings."]}, {"source_created": "2006-01-23T00:00:00Z", "index": 17, "medium": "1 drawing : pen and ink.", "reproduction_number": "LC-USZ62-43506 (b&w film copy neg.)", "links": {"item": "https://www.loc.gov/pictures/item/2010715040/", "resource": "https://www.loc.gov/pictures/item/2010715040/resource/"}, "title": "Sister, your blind is disarranged", "image": {"alt": "digitized item thumbnail", "full": "https://tile.loc.gov/storage-services/service/pnp/cai/2a11000/2a11600/2a11637r.jpg", "square": "https://tile.loc.gov/storage-services/service/pnp/cai/2a11000/2a11600/2a11637_75x75px.jpg", "thumb": "https://tile.loc.gov/storage-services/service/pnp/cai/2a11000/2a11600/2a11637_150px.jpg"}, "created": "2016-04-20T00:00:00Z", "modified": "2016-04-20T00:00:00Z", "collection": ["cai", "diof", "minload", "pp"], "creator": "Beard, Daniel Carter, 1850-1941", "call_number": "CAI - Beard, no. 96 (B size) [P&P]", "medium_brief": "1 drawing :", "source_modified": "2011-09-02T00:00:00Z", "pk": "2010715040", "created_published_date": "1889.", "subjects": ["Middle Ages.", "Hypocrisy.", "Justice.", "Justice.", "Quarreling.", "Scales.", "Book illustrations.", "Drawings."]}, {"source_created": "2012-06-21T00:00:00Z", "index": 18, "medium": "1 drawing.", "reproduction_number": "LC-DIG-hlb-03646 (digital file from original drawing)", "links": {"item": "https://www.loc.gov/pictures/item/2012633274/", "resource": "https://www.loc.gov/pictures/item/2012633274/resource/"}, "title": "\"Beat it -- we've got an election to win\"", "image": {"alt": "digitized item thumbnail", "full": "https://tile.loc.gov/storage-services/service/pnp/hlb/03600/03646_150px.jpg", "square": "https://tile.loc.gov/storage-services/service/pnp/hlb/03600/03646_75x75px.jpg", "thumb": "https://tile.loc.gov/storage-services/service/pnp/hlb/03600/03646_150px.jpg"}, "created": "2016-04-20T00:00:00Z", "modified": "2016-04-20T00:00:00Z", "collection": ["hlb", "minload", "pp"], "creator": "Block, Herbert, 1909-2001", "call_number": "BLOCK, no. 3646 (BB size) [P&P]", "medium_brief": "1 drawing.", "source_modified": "2013-06-10T00:00:00Z", "pk": "2012633274", "created_published_date": "10-12-[19]54.", "subjects": ["Brownell, Herbert,--1904-1996.", "Nixon, Richard M.--(Richard Milhous),--1913-1994.", "United States.--Department of Justice.", "Justice", "doors & doorways", "Scales", "political elections", "Drawings--American.", "Editorial cartoons--American."]}, {"source_created": "2012-06-21T00:00:00Z", "index": 19, "medium": "1 drawing.", "reproduction_number": "LC-DIG-hlb-03726 (digital file from original drawing)", "links": {"item": "https://www.loc.gov/pictures/item/2012633289/", "resource": "https://www.loc.gov/pictures/item/2012633289/resource/"}, "title": "\"Okay -- cut out the laughing and let's read this\"", "image": {"alt": "digitized item thumbnail", "full": "https://tile.loc.gov/storage-services/service/pnp/hlb/03700/03726_150px.jpg", "square": "https://tile.loc.gov/storage-services/service/pnp/hlb/03700/03726_75x75px.jpg", "thumb": "https://tile.loc.gov/storage-services/service/pnp/hlb/03700/03726_150px.jpg"}, "created": "2016-04-20T00:00:00Z", "modified": "2016-04-20T00:00:00Z", "collection": ["hlb", "minload", "pp"], "creator": "Block, Herbert, 1909-2001", "call_number": "BLOCK, no. 3726 (BB size) [P&P]", "medium_brief": "1 drawing.", "source_modified": "2013-03-20T00:00:00Z", "pk": "2012633289", "created_published_date": "1-18-[19]55.", "subjects": ["Eisenhower, Dwight D.--(Dwight David),--1890-1969.", "Democratic Party (U.S.)", "Republican Party (U.S. : 1854- )", "Economic policy", "books", "Scales", "trash cans", "Republican elephant (Symbolic character)", "Democratic donkey (Symbolic character)", "Drawings--American.", "Editorial cartoons--American."]}, {"source_created": "2012-06-21T00:00:00Z", "index": 20, "medium": "1 drawing.", "reproduction_number": "LC-DIG-hlb-03752 (digital file from original drawing)", "links": {"item": "https://www.loc.gov/pictures/item/2012634737/", "resource": "https://www.loc.gov/pictures/item/2012634737/resource/"}, "title": "[Justice holding scales with clothes pin on her nose]", "image": {"alt": "digitized item thumbnail", "full": "https://tile.loc.gov/storage-services/service/pnp/hlb/03700/03752_150px.jpg", "square": "https://tile.loc.gov/storage-services/service/pnp/hlb/03700/03752_75x75px.jpg", "thumb": "https://tile.loc.gov/storage-services/service/pnp/hlb/03700/03752_150px.jpg"}, "created": "2016-04-20T00:00:00Z", "modified": "2016-04-20T00:00:00Z", "collection": ["hlb", "minload", "pp"], "creator": "Block, Herbert, 1909-2001", "call_number": "BLOCK, no. 3752 (BB size) [P&P]", "medium_brief": "1 drawing.", "source_modified": "2013-03-19T00:00:00Z", "pk": "2012634737", "created_published_date": "2-22-[19]55.", "subjects": ["judicial proceedings", "Perjury", "Scales", "Refuse", "trash cans", "Justice", "Drawings--American.", "Editorial cartoons--American."]}]}