{"search": {"field": "subject", "hits": 270, "sort_order": null, "do_facets": true, "focus_item": null, "query": "Mosaics", "type": "search", "sort_by": null}, "focus": null, "views": {"current": "list", "grid": "https://www.loc.gov/pictures/search/?q=Mosaics&fi=subject&va=exact&st=grid&op=PHRASE", "list": "https://www.loc.gov/pictures/search/?q=Mosaics&fi=subject&op=PHRASE&va=exact", "gallery": "https://www.loc.gov/pictures/search/?q=Mosaics&fi=subject&va=exact&st=gallery&op=PHRASE", "slideshow": "https://www.loc.gov/pictures/search/?q=Mosaics&fi=subject&va=exact&st=slideshow&op=PHRASE"}, "facets": [{"type": "displayed", "filters": [{"count": 254, "on": "https://www.loc.gov/pictures/search/?va=exact&sp=1&q=Mosaics&fa=displayed%3Aanywhere&fi=subject&op=PHRASE&fo=json", "selected": false, "off": "https://www.loc.gov/pictures/search/?va=exact&sp=1&q=Mosaics&fi=subject&fo=json&op=PHRASE", "title": "Larger image available anywhere"}, {"count": 8, "on": "https://www.loc.gov/pictures/search/?va=exact&sp=1&q=Mosaics&fa=displayed%3Alc_only&fi=subject&op=PHRASE&fo=json", "selected": false, "off": "https://www.loc.gov/pictures/search/?va=exact&sp=1&q=Mosaics&fi=subject&fo=json&op=PHRASE", "title": "Larger image available only at the Library of Congress"}, {"count": 8, "on": "https://www.loc.gov/pictures/search/?va=exact&sp=1&q=Mosaics&fa=displayed%3Anot_digitized&fi=subject&op=PHRASE&fo=json", "selected": false, "off": "https://www.loc.gov/pictures/search/?va=exact&sp=1&q=Mosaics&fi=subject&fo=json&op=PHRASE", "title": "Not Digitized"}], "title": "displayed"}], "links": {"json": "//www.loc.gov/pictures/search/?fi=subject&q=Mosaics&op=PHRASE&va=exact&fo=json", "html": "//www.loc.gov/pictures/search/?fi=subject&q=Mosaics&op=PHRASE&va=exact", "rss": "//www.loc.gov/pictures/search/?fi=subject&q=Mosaics&op=PHRASE&va=exact&fo=rss"}, "suggestions": {"possible": []}, "pages": {"current": 1, "next": "https://www.loc.gov/pictures/search/?q=Mosaics&fi=subject&sp=2&op=PHRASE&va=exact", "perpage": 20, "last": "https://www.loc.gov/pictures/search/?q=Mosaics&fi=subject&sp=14&op=PHRASE&va=exact", "page_list": [{"url": null, "number": 1}, {"url": "https://www.loc.gov/pictures/search/?q=Mosaics&fi=subject&sp=2&op=PHRASE&va=exact", "number": 2}, {"url": "https://www.loc.gov/pictures/search/?q=Mosaics&fi=subject&sp=3&op=PHRASE&va=exact", "number": 3}, {"url": "https://www.loc.gov/pictures/search/?q=Mosaics&fi=subject&sp=4&op=PHRASE&va=exact", "number": 4}, {"url": "https://www.loc.gov/pictures/search/?q=Mosaics&fi=subject&sp=5&op=PHRASE&va=exact", "number": 5}, {"url": "https://www.loc.gov/pictures/search/?q=Mosaics&fi=subject&sp=6&op=PHRASE&va=exact", "number": "..."}, {"url": "https://www.loc.gov/pictures/search/?q=Mosaics&fi=subject&sp=14&op=PHRASE&va=exact", "number": 14}], "previous": null, "total": 14, "results": "1 - 20", "first": null}, "collection": null, "results": [{"source_created": "2005-02-23T00:00:00Z", "index": 1, "medium": "[16] p. : ill. ; 29 cm.", "reproduction_number": "", "links": {"item": "https://www.loc.gov/pictures/item/2005565804/", "resource": null}, "title": "Die Entstehung der Mosaiken und des Glasfensters im Deutschen Haus der Weltausstellung Paris 1937 in den Vereinigten Werkst\u00e4tten f\u00fcr Mosaik und Glasmalerei August Wagner, Berlin-Treptow.", "image": {"alt": "item not digitized thumbnail", "full": "https://www.loc.gov/pictures/static/images/item/500x500_notdigitized.png", "square": "https://www.loc.gov/pictures/static/images/item/not_digitized_buttons75X75.png", "thumb": "https://www.loc.gov/pictures/static/images/item/notdigitized_buttons140X120.png"}, "created": "2016-04-21T00:00:00Z", "modified": "2016-04-21T00:00:00Z", "collection": ["casebk", "pp"], "creator": null, "call_number": "NA3850.G3 E56 1937 (Case X) [P&P] Copy 1", "medium_brief": "[16] p. :", "source_modified": "2006-02-22T00:00:00Z", "pk": "2005565804", "created_published_date": "1937]", "subjects": ["Mosaics--Germany--Berlin.", "Mosaics--20th century.", "Glass painting and staining--Germany--Berlin.", "Workshops--Germany--Berlin--Treptow.", "Vereinigte Werkst\u00e4tt f\u00fcr Mosaik und Glasmalerei August Wagner, Berlin-Treptow.", "Exposition internationale--(1937 :--Paris, France)", "Nationalsozialistische Deutsche Arbeiter-Partei--Exhibitions.", "National socialism and art.", "Speer, Albert,--1905-1981."]}, {"source_created": "2018-01-31T00:00:00Z", "index": 2, "medium": "1 photograph : digital, tiff file, color.", "reproduction_number": "LC-DIG-highsm-49453 (original digital file)", "links": {"item": "https://www.loc.gov/pictures/item/2018663171/", "resource": "https://www.loc.gov/pictures/item/2018663171/resource/"}, "title": "Tile mosaic spelling out the city name in Tucson, Arizona", "image": {"alt": "digitized item thumbnail", "full": "https://tile.loc.gov/storage-services/service/pnp/highsm/49400/49453r.jpg", "square": "https://tile.loc.gov/storage-services/service/pnp/highsm/49400/49453_75x75px.jpg", "thumb": "https://tile.loc.gov/storage-services/service/pnp/highsm/49400/49453_150px.jpg"}, "created": "2018-10-30T00:00:00Z", "modified": "2018-10-30T00:00:00Z", "collection": ["diof", "highsm", "pp"], "creator": "Highsmith, Carol M., 1946-", "call_number": "LC-DIG-highsm- 49453 (ONLINE) [P&P]", "medium_brief": "1 photograph :", "source_modified": "2018-10-25T00:00:00Z", "pk": "2018663171", "created_published_date": "2018-03-17.", "subjects": ["United States--Arizona--Tucson.", "America", "Tucson mosaics", "mosaics", "Digital photographs--Color--2010-2020."]}, {"source_created": "2005-04-21T00:00:00Z", "index": 3, "medium": "13 photographic prints ; 21 x 28 cm. or smaller.", "reproduction_number": "", "links": {"item": "https://www.loc.gov/pictures/item/2005683337/", "resource": null}, "title": "Mosaic panels installed in a Berlin church and in a war memorial in Tannenberg", "image": {"alt": "group item thumbnail", "full": "https://www.loc.gov/pictures/static/images/item/500x500_grouprecord.png", "square": "https://www.loc.gov/pictures/static/images/item/grouprecord_square.png", "thumb": "https://www.loc.gov/pictures/static/images/item/grouprecord_thumb_large.jpg"}, "created": "2016-04-20T09:40:58Z", "modified": "2021-04-13T12:09:29Z", "collection": ["coll", "pp", "reconlot2"], "creator": "Uhl, Hans", "call_number": "LOT 8626 (G) [P&P]", "medium_brief": "13 photographic prints ;\n1 print ;", "source_modified": "2008-04-29T15:04:20Z", "pk": "2005683337", "created_published_date": "ca. 1939.", "subjects": ["Tannenberg-Nationaldenkmal (Olsztynek, Poland)", "Soldiers' monuments--Prussia, East (Poland and Russia)", "Tannenberg, Battle of, St\u0119bark, Poland, 1914--Monuments.", "Mosaics--Prussia, East (Poland and Russia)--1930-1940.", "Mosaics--Germany--1930-1940.", "World War, 1914-1918--Monuments--1930-1940.", "Photographic prints--1930-1940."]}, {"source_created": "1980-07-29T00:00:00Z", "index": 4, "medium": "1 p. l., 26 p. 21 col. pl. (incl. t.-p.) 51 cm.", "reproduction_number": "", "links": {"item": "https://www.loc.gov/pictures/item/14009607/", "resource": null}, "title": "Specimens of the geometrical mosaic of the middle ages. With a brief historical notice of the art founded on papers read before the Royal institute of British architects, the Royal society of arts and the Arch\u00e6ological institute of Great Britain and Ireland,", "image": {"alt": "item not digitized thumbnail", "full": "https://www.loc.gov/pictures/static/images/item/500x500_notdigitized.png", "square": "https://www.loc.gov/pictures/static/images/item/not_digitized_buttons75X75.png", "thumb": "https://www.loc.gov/pictures/static/images/item/notdigitized_buttons140X120.png"}, "created": "2016-04-20T00:00:00Z", "modified": "2016-04-20T00:00:00Z", "collection": ["casebk", "oclc", "pp", "replacement"], "creator": "Wyatt, M. Digby (Matthew Digby), Sir, 1820-1877.", "call_number": "NA3790 .W8 fol. [General Collections] Copy 1 NA3790 .W8 Copy 2 Copy 2. (Case Y) [P&P] Copy 2", "medium_brief": "1 p. l., 26 p.", "source_modified": "2012-02-28T00:00:00Z", "pk": "14009607", "created_published_date": "[1848]", "subjects": ["Mosaics.", "Art, Medieval.", "Decoration and ornament, Medieval."]}, {"source_created": "2003-03-13T00:00:00Z", "index": 5, "medium": "51 albums ; 19 x 32 in. or smaller.", "reproduction_number": "", "links": {"item": "https://www.loc.gov/pictures/item/2003652945/", "resource": null}, "title": "Abdul-Hamid II collection of photographs of the Ottoman Empire", "image": {"alt": "group item thumbnail", "full": "https://www.loc.gov/pictures/static/images/item/500x500_grouprecord.png", "square": "https://www.loc.gov/pictures/static/images/item/grouprecord_square.png", "thumb": "https://www.loc.gov/pictures/static/images/item/grouprecord_thumb_large.jpg"}, "created": "2016-04-20T00:00:00Z", "modified": "2016-04-20T00:00:00Z", "collection": ["collpull", "guide", "pp"], "creator": "Abd\u00fclhamid II, Sultan of the Turks, 1842-1918", "call_number": "Guide Record [P&P]", "medium_brief": "51 albums ;", "source_modified": "2016-04-15T00:00:00Z", "pk": "2003652945", "created_published_date": "1880-1893.", "subjects": ["Abd\u00fclhamid--II,--Sultan of the Turks,--1842-1918--Associated objects.", "Government facilities--Turkey--1880-1900.", "Educational facilities--Turkey--1880-1900.", "Military facilities--Turkey--1880-1900.", "Lifesaving--Turkey--1880-1900.", "Students--Turkey--1880-1900.", "Mosaics--Turkey--1880-1900.", "Fountains--Turkey--1880-1900.", "Tombs & sepulchral monuments--Turkey--1880-1900.", "Horses--Turkey--1880-1900.", "Mosques--Turkey--1880-1900.", "Castles & palaces--Turkey--1880-1900.", "Hospitals--Turkey--1880-1900.", "Ships--Turkey--1880-1900.", "Fire fighting--Turkey--1880-1900.", "Forts & fortifications--Turkey--1880-1900.", "City walls--Turkey--1880-1900.", "Yachts--Turkey--1880-1900.", "Factories--Turkey--1880-1900.", "Navies--Turkey--1880-1900.", "Military personnel--Turkey--1880-1900.", "Military life--Turkey--1880-1900.", "Greece--1880-1900.", "Middle East--1880-1900.", "Turkey--History--Ottoman Empire, 1288-1918.", "Turkey--History--1878-1909.", "Bosporus (Turkey)--1880-1900.", "Istanbul (Turkey)--1880-1900.", "Bursa (Turkey)--1880-1900.", "Albumen prints--1880-1900.", "Cityscapes--1880-1900.", "Group portraits--1880-1900.", "Photograph albums--1880-1900.", "Portrait photographs--1880-1900."]}, {"source_created": "2003-04-25T00:00:00Z", "index": 6, "medium": "1 photographic print : albumen.", "reproduction_number": "LC-USZ62-82165 (b&w film copy neg.)", "links": {"item": "https://www.loc.gov/pictures/item/2003663231/", "resource": "https://www.loc.gov/pictures/item/2003663231/resource/"}, "title": "[The ceiling of the second courtyard of the Kariye Camii (mosque)]", "image": {"alt": "digitized item thumbnail", "full": "https://tile.loc.gov/storage-services/service/pnp/cph/3b20000/3b28000/3b28900/3b28900r.jpg", "square": "https://tile.loc.gov/storage-services/service/pnp/cph/3b20000/3b28000/3b28900/3b28900_75x75px.jpg", "thumb": "https://tile.loc.gov/storage-services/service/pnp/cph/3b20000/3b28000/3b28900/3b28900_150px.jpg"}, "created": "2016-04-20T00:00:00Z", "modified": "2016-04-20T00:00:00Z", "collection": ["ahii", "diof", "pp"], "creator": "Abdullah Fr\u00e9res", "call_number": "LOT 11907, no. 27 [item] [P&P]", "medium_brief": "1 photographic print :", "source_modified": "2009-03-31T00:00:00Z", "pk": "2003663231", "created_published_date": "[between 1880 and 1893]", "subjects": ["Kariye Camii (Istanbul, Turkey)--1880-1900.", "Mosques--Turkey--Istanbul--1880-1900.", "Orthodox churches--Turkey--Istanbul--1880-1900.", "Domes--Turkey--Istanbul--1880-1900.", "Mosaics--Turkey--Istanbul--1880-1900.", "Albumen prints--1880-1900."]}, {"source_created": "2003-04-25T00:00:00Z", "index": 7, "medium": "1 photographic print : albumen.", "reproduction_number": "LC-USZ62-82166 (b&w film copy neg.)", "links": {"item": "https://www.loc.gov/pictures/item/2003663233/", "resource": "https://www.loc.gov/pictures/item/2003663233/resource/"}, "title": "[A wall inside of the Kariye Camii (mosque)]", "image": {"alt": "digitized item thumbnail", "full": "https://tile.loc.gov/storage-services/service/pnp/cph/3b40000/3b47000/3b47500/3b47518r.jpg", "square": "https://tile.loc.gov/storage-services/service/pnp/cph/3b40000/3b47000/3b47500/3b47518_75x75px.jpg", "thumb": "https://tile.loc.gov/storage-services/service/pnp/cph/3b40000/3b47000/3b47500/3b47518_150px.jpg"}, "created": "2016-04-20T00:00:00Z", "modified": "2016-04-20T00:00:00Z", "collection": ["ahii", "diof", "pp"], "creator": "Abdullah Fr\u00e9res", "call_number": "LOT 11907, no. 28 [item] [P&P]", "medium_brief": "1 photographic print :", "source_modified": "2009-05-21T00:00:00Z", "pk": "2003663233", "created_published_date": "[between 1880 and 1893]", "subjects": ["Kariye Camii (Istanbul, Turkey)--1880-1900.", "Mosques--Turkey--Istanbul--1880-1900.", "Orthodox churches--Turkey--Istanbul--1880-1900.", "Domes--Turkey--Istanbul--1880-1900.", "Mosaics--Turkey--Istanbul--1880-1900.", "Albumen prints--1880-1900."]}, {"source_created": "2003-04-25T00:00:00Z", "index": 8, "medium": "1 photographic print : albumen.", "reproduction_number": "LC-USZ62-82172 (b&w film copy neg.)", "links": {"item": "https://www.loc.gov/pictures/item/2003663236/", "resource": "https://www.loc.gov/pictures/item/2003663236/resource/"}, "title": "[A part of a wall inside of the Kariye Camii (mosque)]", "image": {"alt": "digitized item thumbnail", "full": "https://tile.loc.gov/storage-services/service/pnp/cph/3b20000/3b28000/3b28900/3b28904r.jpg", "square": "https://tile.loc.gov/storage-services/service/pnp/cph/3b20000/3b28000/3b28900/3b28904_75x75px.jpg", "thumb": "https://tile.loc.gov/storage-services/service/pnp/cph/3b20000/3b28000/3b28900/3b28904_150px.jpg"}, "created": "2016-04-20T00:00:00Z", "modified": "2016-04-20T00:00:00Z", "collection": ["ahii", "diof", "pp"], "creator": "Abdullah Fr\u00e9res", "call_number": "LOT 11907, no. 34 [item] [P&P]", "medium_brief": "1 photographic print :", "source_modified": "2009-05-06T00:00:00Z", "pk": "2003663236", "created_published_date": "[between 1880 and 1893]", "subjects": ["Kariye Camii (Istanbul, Turkey)--1880-1900.", "Mosques--Turkey--Istanbul--1880-1900.", "Orthodox churches--Turkey--Istanbul--1880-1900.", "Mosaics--Turkey--Istanbul--1880-1900.", "Albumen prints--1880-1900."]}, {"source_created": "2003-04-25T00:00:00Z", "index": 9, "medium": "1 photographic print : albumen.", "reproduction_number": "LC-USZ62-82178 (b&w film copy neg.)", "links": {"item": "https://www.loc.gov/pictures/item/2003663241/", "resource": "https://www.loc.gov/pictures/item/2003663241/resource/"}, "title": "[A part of a ceiling and a wall inside of the Kariye Camii (mosque)]", "image": {"alt": "digitized item thumbnail", "full": "https://tile.loc.gov/storage-services/service/pnp/cph/3b20000/3b28000/3b28900/3b28910r.jpg", "square": "https://tile.loc.gov/storage-services/service/pnp/cph/3b20000/3b28000/3b28900/3b28910_75x75px.jpg", "thumb": "https://tile.loc.gov/storage-services/service/pnp/cph/3b20000/3b28000/3b28900/3b28910_150px.jpg"}, "created": "2016-04-20T00:00:00Z", "modified": "2016-04-20T00:00:00Z", "collection": ["ahii", "diof", "pp"], "creator": "Abdullah Fr\u00e9res", "call_number": "LOT 11907, no. 40 [item] [P&P]", "medium_brief": "1 photographic print :", "source_modified": "2009-05-05T00:00:00Z", "pk": "2003663241", "created_published_date": "[between 1880 and 1893]", "subjects": ["Kariye Camii (Istanbul, Turkey)--1880-1900.", "Mosques--Turkey--Istanbul--1880-1900.", "Orthodox churches--Turkey--Istanbul--1880-1900.", "Mosaics--Turkey--Istanbul--1880-1900.", "Albumen prints--1880-1900."]}, {"source_created": "2003-04-25T00:00:00Z", "index": 10, "medium": "1 photographic print : albumen.", "reproduction_number": "LC-USZ62-82176 (b&w film copy neg.)", "links": {"item": "https://www.loc.gov/pictures/item/2003663242/", "resource": "https://www.loc.gov/pictures/item/2003663242/resource/"}, "title": "[A part of a ceiling and a wall inside of the Kariye Camii (mosque)]", "image": {"alt": "digitized item thumbnail", "full": "https://tile.loc.gov/storage-services/service/pnp/cph/3b20000/3b28000/3b28900/3b28908r.jpg", "square": "https://tile.loc.gov/storage-services/service/pnp/cph/3b20000/3b28000/3b28900/3b28908_75x75px.jpg", "thumb": "https://tile.loc.gov/storage-services/service/pnp/cph/3b20000/3b28000/3b28900/3b28908_150px.jpg"}, "created": "2016-04-20T00:00:00Z", "modified": "2016-04-20T00:00:00Z", "collection": ["ahii", "diof", "pp"], "creator": "Abdullah Fr\u00e9res", "call_number": "LOT 11907, no. 38 [item] [P&P]", "medium_brief": "1 photographic print :", "source_modified": "2009-05-06T00:00:00Z", "pk": "2003663242", "created_published_date": "[between 1880 and 1893]", "subjects": ["Kariye Camii (Istanbul, Turkey)--1880-1900.", "Mosques--Turkey--Istanbul--1880-1900.", "Orthodox churches--Turkey--Istanbul--1880-1900.", "Mosaics--Turkey--Istanbul--1880-1900.", "Albumen prints--1880-1900."]}, {"source_created": "2003-04-25T00:00:00Z", "index": 11, "medium": "1 photographic print : albumen.", "reproduction_number": "LC-USZ62-82175 (b&w film copy neg.)", "links": {"item": "https://www.loc.gov/pictures/item/2003663243/", "resource": "https://www.loc.gov/pictures/item/2003663243/resource/"}, "title": "[A part of a ceiling and a wall inside of the Kariye Camii (mosque)]", "image": {"alt": "digitized item thumbnail", "full": "https://tile.loc.gov/storage-services/service/pnp/cph/3b20000/3b28000/3b28900/3b28907r.jpg", "square": "https://tile.loc.gov/storage-services/service/pnp/cph/3b20000/3b28000/3b28900/3b28907_75x75px.jpg", "thumb": "https://tile.loc.gov/storage-services/service/pnp/cph/3b20000/3b28000/3b28900/3b28907_150px.jpg"}, "created": "2016-04-20T00:00:00Z", "modified": "2016-04-20T00:00:00Z", "collection": ["ahii", "diof", "pp"], "creator": "Abdullah Fr\u00e9res", "call_number": "LOT 11907, no. 37 [item] [P&P]", "medium_brief": "1 photographic print :", "source_modified": "2009-05-06T00:00:00Z", "pk": "2003663243", "created_published_date": "[between 1880 and 1893]", "subjects": ["Kariye Camii (Istanbul, Turkey)--1880-1900.", "Mosques--Turkey--Istanbul--1880-1900.", "Orthodox churches--Turkey--Istanbul--1880-1900.", "Mosaics--Turkey--Istanbul--1880-1900.", "Albumen prints--1880-1900."]}, {"source_created": "2003-04-25T00:00:00Z", "index": 12, "medium": "1 photographic print : albumen.", "reproduction_number": "LC-USZ62-82164 (b&w film copy neg.)", "links": {"item": "https://www.loc.gov/pictures/item/2003663245/", "resource": "https://www.loc.gov/pictures/item/2003663245/resource/"}, "title": "[The ceiling of the second courtyard of the Kariye Camii (mosque)]", "image": {"alt": "digitized item thumbnail", "full": "https://tile.loc.gov/storage-services/service/pnp/cph/3b40000/3b47000/3b47500/3b47517r.jpg", "square": "https://tile.loc.gov/storage-services/service/pnp/cph/3b40000/3b47000/3b47500/3b47517_75x75px.jpg", "thumb": "https://tile.loc.gov/storage-services/service/pnp/cph/3b40000/3b47000/3b47500/3b47517_150px.jpg"}, "created": "2016-04-20T00:00:00Z", "modified": "2016-04-20T00:00:00Z", "collection": ["ahii", "diof", "pp"], "creator": "Abdullah Fr\u00e9res", "call_number": "LOT 11907, no. 26 [item] [P&P]", "medium_brief": "1 photographic print :", "source_modified": "2009-03-31T00:00:00Z", "pk": "2003663245", "created_published_date": "[between 1880 and 1893]", "subjects": ["Kariye Camii (Istanbul, Turkey)--1880-1900.", "Mosques--Turkey--Istanbul--1880-1900.", "Orthodox churches--Turkey--Istanbul--1880-1900.", "Domes--Turkey--Istanbul--1880-1900.", "Mosaics--Turkey--Istanbul--1880-1900.", "Albumen prints--1880-1900."]}, {"source_created": "2003-04-25T00:00:00Z", "index": 13, "medium": "1 photographic print : albumen.", "reproduction_number": "LC-USZ62-82180 (b&w film copy neg.)", "links": {"item": "https://www.loc.gov/pictures/item/2003663248/", "resource": "https://www.loc.gov/pictures/item/2003663248/resource/"}, "title": "[A part of a ceiling and a wall inside of the Kariye Camii (mosque)]", "image": {"alt": "digitized item thumbnail", "full": "https://tile.loc.gov/storage-services/service/pnp/cph/3b20000/3b28000/3b28900/3b28912r.jpg", "square": "https://tile.loc.gov/storage-services/service/pnp/cph/3b20000/3b28000/3b28900/3b28912_75x75px.jpg", "thumb": "https://tile.loc.gov/storage-services/service/pnp/cph/3b20000/3b28000/3b28900/3b28912_150px.jpg"}, "created": "2016-04-20T00:00:00Z", "modified": "2016-04-20T00:00:00Z", "collection": ["ahii", "diof", "pp"], "creator": "Abdullah Fr\u00e9res", "call_number": "LOT 11907, no. 42 [item] [P&P]", "medium_brief": "1 photographic print :", "source_modified": "2009-05-06T00:00:00Z", "pk": "2003663248", "created_published_date": "[between 1880 and 1893]", "subjects": ["Kariye Camii (Istanbul, Turkey)--1880-1900.", "Mosques--Turkey--Istanbul--1880-1900.", "Orthodox churches--Turkey--Istanbul--1880-1900.", "Mosaics--Turkey--Istanbul--1880-1900.", "Albumen prints--1880-1900."]}, {"source_created": "2003-04-25T00:00:00Z", "index": 14, "medium": "1 photographic print : albumen.", "reproduction_number": "LC-USZ62-82184 (b&w film copy neg.)", "links": {"item": "https://www.loc.gov/pictures/item/2003668102/", "resource": "https://www.loc.gov/pictures/item/2003668102/resource/"}, "title": "[A ceiling inside of the Kariye Camii (mosque)]", "image": {"alt": "digitized item thumbnail", "full": "https://tile.loc.gov/storage-services/service/pnp/cph/3b20000/3b28000/3b28900/3b28916r.jpg", "square": "https://tile.loc.gov/storage-services/service/pnp/cph/3b20000/3b28000/3b28900/3b28916_75x75px.jpg", "thumb": "https://tile.loc.gov/storage-services/service/pnp/cph/3b20000/3b28000/3b28900/3b28916_150px.jpg"}, "created": "2016-04-20T00:00:00Z", "modified": "2016-04-20T00:00:00Z", "collection": ["ahii", "diof", "pp"], "creator": "Abdullah Fr\u00e9res", "call_number": "LOT 11907, no. 46 [item] [P&P]", "medium_brief": "1 photographic print :", "source_modified": "2009-03-31T00:00:00Z", "pk": "2003668102", "created_published_date": "[between 1880 and 1893]", "subjects": ["Kariye Camii (Istanbul, Turkey)--1880-1900.", "Mosques--Turkey--Istanbul--1880-1900.", "Orthodox churches--Turkey--Istanbul--1880-1900.", "Mosaics--Turkey--Istanbul--1880-1900.", "Albumen prints--1880-1900."]}, {"source_created": "2003-04-25T00:00:00Z", "index": 15, "medium": "1 photographic print : albumen.", "reproduction_number": "LC-USZ62-82182 (b&w film copy neg.)", "links": {"item": "https://www.loc.gov/pictures/item/2003668104/", "resource": "https://www.loc.gov/pictures/item/2003668104/resource/"}, "title": "[A part of a ceiling and a wall inside of the Kariye Camii (mosque)]", "image": {"alt": "digitized item thumbnail", "full": "https://tile.loc.gov/storage-services/service/pnp/cph/3b20000/3b28000/3b28900/3b28914r.jpg", "square": "https://tile.loc.gov/storage-services/service/pnp/cph/3b20000/3b28000/3b28900/3b28914_75x75px.jpg", "thumb": "https://tile.loc.gov/storage-services/service/pnp/cph/3b20000/3b28000/3b28900/3b28914_150px.jpg"}, "created": "2016-04-20T00:00:00Z", "modified": "2016-04-20T00:00:00Z", "collection": ["ahii", "diof", "pp"], "creator": "Abdullah Fr\u00e9res", "call_number": "LOT 11907, no. 44 [item] [P&P]", "medium_brief": "1 photographic print :", "source_modified": "2009-05-06T00:00:00Z", "pk": "2003668104", "created_published_date": "[between 1880 and 1893]", "subjects": ["Kariye Camii (Istanbul, Turkey)--1880-1900.", "Mosques--Turkey--Istanbul--1880-1900.", "Orthodox churches--Turkey--Istanbul--1880-1900.", "Mosaics--Turkey--Istanbul--1880-1900.", "Albumen prints--1880-1900."]}, {"source_created": "2003-04-25T00:00:00Z", "index": 16, "medium": "1 photographic print : albumen.", "reproduction_number": "LC-USZ62-82188 (b&w film copy neg.)", "links": {"item": "https://www.loc.gov/pictures/item/2003668108/", "resource": "https://www.loc.gov/pictures/item/2003668108/resource/"}, "title": "[A section of a door inside of the Kariye Camii (mosque)]", "image": {"alt": "digitized item thumbnail", "full": "https://tile.loc.gov/storage-services/service/pnp/cph/3b20000/3b28000/3b28900/3b28920r.jpg", "square": "https://tile.loc.gov/storage-services/service/pnp/cph/3b20000/3b28000/3b28900/3b28920_75x75px.jpg", "thumb": "https://tile.loc.gov/storage-services/service/pnp/cph/3b20000/3b28000/3b28900/3b28920_150px.jpg"}, "created": "2016-04-20T00:00:00Z", "modified": "2016-04-20T00:00:00Z", "collection": ["ahii", "diof", "pp"], "creator": "Abdullah Fr\u00e9res", "call_number": "LOT 11907, no. 50 [item] [P&P]", "medium_brief": "1 photographic print :", "source_modified": "2009-05-12T00:00:00Z", "pk": "2003668108", "created_published_date": "[between 1880 and 1893]", "subjects": ["Kariye Camii (Istanbul, Turkey)--1880-1900.", "Mosques--Turkey--Istanbul--1880-1900.", "Orthodox churches--Turkey--Istanbul--1880-1900.", "Mosaics--Turkey--Istanbul--1880-1900.", "Albumen prints--1880-1900."]}, {"source_created": "2003-09-29T00:00:00Z", "index": 17, "medium": "1 photographic print : albumen.", "reproduction_number": "LC-DIG-ppmsca-03696 (digital file from original)", "links": {"item": "https://www.loc.gov/pictures/item/2003680238/", "resource": "https://www.loc.gov/pictures/item/2003680238/resource/"}, "title": "Mosqu\u00e9e K\u00e2ri\u00e9", "image": {"alt": "digitized item thumbnail", "full": "https://tile.loc.gov/storage-services/service/pnp/ppmsca/03600/03696r.jpg", "square": "https://tile.loc.gov/storage-services/service/pnp/ppmsca/03600/03696_75x75px.jpg", "thumb": "https://tile.loc.gov/storage-services/service/pnp/ppmsca/03600/03696_150px.jpg"}, "created": "2016-04-20T00:00:00Z", "modified": "2016-04-20T00:00:00Z", "collection": ["cph", "diof", "pp"], "creator": "Sebah & Joaillier", "call_number": "LOT 13554-2, no. 38 [P&P]", "medium_brief": "1 photographic print :", "source_modified": "2007-12-12T00:00:00Z", "pk": "2003680238", "created_published_date": "1892.", "subjects": ["Jesus Christ--Family.", "Kariye Camii (Istanbul, Turkey)--1890-1900.", "Mosaics--Turkey--Istanbul--1890-1900.", "Mosques--Turkey--Istanbul--1890-1900.", "Orthodox churches--Turkey--Istanbul--1890-1900.", "Albumen prints--1890-1900."]}, {"source_created": "2003-09-30T00:00:00Z", "index": 18, "medium": "1 photographic print : albumen.", "reproduction_number": "LC-DIG-ppmsca-03701 (digital file from original)", "links": {"item": "https://www.loc.gov/pictures/item/2003680243/", "resource": "https://www.loc.gov/pictures/item/2003680243/resource/"}, "title": "Mosqu\u00e9e K\u00e2ri\u00e9", "image": {"alt": "digitized item thumbnail", "full": "https://tile.loc.gov/storage-services/service/pnp/ppmsca/03700/03701r.jpg", "square": "https://tile.loc.gov/storage-services/service/pnp/ppmsca/03700/03701_75x75px.jpg", "thumb": "https://tile.loc.gov/storage-services/service/pnp/ppmsca/03700/03701_150px.jpg"}, "created": "2016-04-20T00:00:00Z", "modified": "2016-04-20T00:00:00Z", "collection": ["cph", "diof", "pp"], "creator": "Sebah & Joaillier", "call_number": "LOT 13554-2, no. 43 [P&P]", "medium_brief": "1 photographic print :", "source_modified": "2007-12-12T00:00:00Z", "pk": "2003680243", "created_published_date": "1892.", "subjects": ["Mary,--Blessed Virgin, Saint--Commemoration.", "Kariye Camii (Istanbul, Turkey)--1890-1900.", "Ceilings--Turkey--Istanbul--1890-1900.", "Mosaics--Turkey--Istanbul--1890-1900.", "Mosques--Turkey--Istanbul--1890-1900.", "Orthodox churches--Turkey--Istanbul--1890-1900.", "Albumen prints--1890-1900."]}, {"source_created": "2003-09-30T00:00:00Z", "index": 19, "medium": "1 photographic print : albumen.", "reproduction_number": "LC-DIG-ppmsca-03704 (digital file from original)", "links": {"item": "https://www.loc.gov/pictures/item/2003680246/", "resource": "https://www.loc.gov/pictures/item/2003680246/resource/"}, "title": "Mosqu\u00e9e K\u00e2ri\u00e9", "image": {"alt": "digitized item thumbnail", "full": "https://tile.loc.gov/storage-services/service/pnp/ppmsca/03700/03704r.jpg", "square": "https://tile.loc.gov/storage-services/service/pnp/ppmsca/03700/03704_75x75px.jpg", "thumb": "https://tile.loc.gov/storage-services/service/pnp/ppmsca/03700/03704_150px.jpg"}, "created": "2016-04-20T00:00:00Z", "modified": "2016-04-20T00:00:00Z", "collection": ["cph", "diof", "pp"], "creator": "Sebah & Joaillier", "call_number": "LOT 13554-2, no. 46 [P&P]", "medium_brief": "1 photographic print :", "source_modified": "2007-12-12T00:00:00Z", "pk": "2003680246", "created_published_date": "1892.", "subjects": ["Joachim,--Saint--Commemoration.", "Mary,--Blessed Virgin, Saint--Commemoration.", "Kariye Camii (Istanbul, Turkey)--1890-1900.", "Ceilings--Turkey--Istanbul--1890-1900.", "Mosaics--Turkey--Istanbul--1890-1900.", "Mosques--Turkey--Istanbul--1890-1900.", "Orthodox churches--Turkey--Istanbul--1890-1900.", "Albumen prints--1890-1900."]}, {"source_created": "2003-09-25T00:00:00Z", "index": 20, "medium": "1 photographic print : albumen.", "reproduction_number": "LC-DIG-ppmsca-03679 (digital file from original)", "links": {"item": "https://www.loc.gov/pictures/item/2003680783/", "resource": "https://www.loc.gov/pictures/item/2003680783/resource/"}, "title": "Mosqu\u00e9e K\u00e2ri\u00e8", "image": {"alt": "digitized item thumbnail", "full": "https://tile.loc.gov/storage-services/service/pnp/ppmsca/03600/03679r.jpg", "square": "https://tile.loc.gov/storage-services/service/pnp/ppmsca/03600/03679_75x75px.jpg", "thumb": "https://tile.loc.gov/storage-services/service/pnp/ppmsca/03600/03679_150px.jpg"}, "created": "2016-04-20T00:00:00Z", "modified": "2016-04-20T00:00:00Z", "collection": ["cph", "diof", "pp"], "creator": "Sebah & Joaillier", "call_number": "LOT 13554-2, no. 21 [P&P]", "medium_brief": "1 photographic print :", "source_modified": "2007-12-12T00:00:00Z", "pk": "2003680783", "created_published_date": "1892.", "subjects": ["Jesus Christ--Commemoration--Turkey--Istanbul.", "Kariye Camii (Istanbul, Turkey)--1890-1900.", "Mosaics--Turkey--Istanbul--1890-1900.", "Mosques--Turkey--Istanbul--1890-1900.", "Orthodox churches--Turkey--Istanbul--1890-1900.", "Albumen prints--1890-1900."]}]}