{"search": {"field": "subject", "hits": 37, "sort_order": null, "do_facets": true, "focus_item": null, "query": "Military cookery", "type": "search", "sort_by": null}, "focus": null, "views": {"current": "list", "grid": "https://www.loc.gov/pictures/search/?q=Military+cookery&fi=subject&va=exact&st=grid&op=PHRASE", "list": "https://www.loc.gov/pictures/search/?q=Military+cookery&fi=subject&op=PHRASE&va=exact", "gallery": "https://www.loc.gov/pictures/search/?q=Military+cookery&fi=subject&va=exact&st=gallery&op=PHRASE", "slideshow": "https://www.loc.gov/pictures/search/?q=Military+cookery&fi=subject&va=exact&st=slideshow&op=PHRASE"}, "facets": [{"type": "displayed", "filters": [{"count": 34, "on": "https://www.loc.gov/pictures/search/?va=exact&sp=1&q=Military+cookery&fa=displayed%3Aanywhere&fi=subject&op=PHRASE&fo=json", "selected": false, "off": "https://www.loc.gov/pictures/search/?va=exact&sp=1&q=Military+cookery&fi=subject&fo=json&op=PHRASE", "title": "Larger image available anywhere"}, {"count": 3, "on": "https://www.loc.gov/pictures/search/?va=exact&sp=1&q=Military+cookery&fa=displayed%3Alc_only&fi=subject&op=PHRASE&fo=json", "selected": false, "off": "https://www.loc.gov/pictures/search/?va=exact&sp=1&q=Military+cookery&fi=subject&fo=json&op=PHRASE", "title": "Larger image available only at the Library of Congress"}, {"count": 0, "on": "https://www.loc.gov/pictures/search/?va=exact&sp=1&q=Military+cookery&fa=displayed%3Anot_digitized&fi=subject&op=PHRASE&fo=json", "selected": false, "off": "https://www.loc.gov/pictures/search/?va=exact&sp=1&q=Military+cookery&fi=subject&fo=json&op=PHRASE", "title": "Not Digitized"}, {"count": 0, "on": "https://www.loc.gov/pictures/search/?va=exact&sp=1&q=Military+cookery&fa=displayed%3Asurveys_only&fi=subject&op=PHRASE&fo=json", "selected": false, "off": "https://www.loc.gov/pictures/search/?va=exact&sp=1&q=Military+cookery&fi=subject&fo=json&op=PHRASE", "title": "Surveys only"}], "title": "displayed"}], "links": {"json": "//www.loc.gov/pictures/search/?fi=subject&q=Military+cookery&op=PHRASE&va=exact&fo=json", "html": "//www.loc.gov/pictures/search/?fi=subject&q=Military+cookery&op=PHRASE&va=exact", "rss": "//www.loc.gov/pictures/search/?fi=subject&q=Military+cookery&op=PHRASE&va=exact&fo=rss"}, "suggestions": {"possible": []}, "pages": {"current": 1, "next": "https://www.loc.gov/pictures/search/?q=Military+cookery&fi=subject&sp=2&op=PHRASE&va=exact", "perpage": 20, "last": "https://www.loc.gov/pictures/search/?q=Military+cookery&fi=subject&sp=2&op=PHRASE&va=exact", "page_list": [{"url": null, "number": 1}, {"url": "https://www.loc.gov/pictures/search/?q=Military+cookery&fi=subject&sp=2&op=PHRASE&va=exact", "number": 2}], "previous": null, "total": 2, "results": "1 - 20", "first": null}, "collection": null, "results": [{"source_created": "2001-11-05T00:00:00Z", "index": 1, "medium": "1 print (poster) : lithograph, color ; 102 x 70 cm.", "reproduction_number": "LC-DIG-ppmsca-40986 (digital file from original print)\nLC-USZC4-9056 (color film copy transparency)", "links": {"item": "https://www.loc.gov/pictures/item/2001700441/", "resource": "https://www.loc.gov/pictures/item/2001700441/resource/"}, "title": "Wanted! 500 bakers for the U.S. Army, (also 100 cooks)", "image": {"alt": "digitized item thumbnail", "full": "https://tile.loc.gov/storage-services/service/pnp/ppmsca/40900/40986r.jpg", "square": "https://tile.loc.gov/storage-services/service/pnp/ppmsca/40900/40986_75x75px.jpg", "thumb": "https://tile.loc.gov/storage-services/service/pnp/ppmsca/40900/40986_150px.jpg"}, "created": "2016-04-20T00:00:00Z", "modified": "2016-04-20T00:00:00Z", "collection": ["diof", "pp", "wwipos"], "creator": null, "call_number": "POS - WWI - US, no. 399 (C size) [P&P]", "medium_brief": "1 print (poster) :", "source_modified": "2016-03-09T00:00:00Z", "pk": "2001700441", "created_published_date": "[1917]", "subjects": ["World War, 1914-1918--Recruiting & enlistment--United States.", "World War, 1914-1918--Military life--United States.", "Military cookery--1910-1920.", "Baking--1910-1920.", "Ovens--1910-1920.", "Lithographs--Color--1910-1920.", "War posters--American--1910-1920."]}, {"source_created": "1991-12-04T00:00:00Z", "index": 2, "medium": "1 drawing on light green paper : pencil ; 25.1 x 35.2 cm. (sheet).", "reproduction_number": "LC-DIG-ppmsca-21096 (digital file from original item)", "links": {"item": "https://www.loc.gov/pictures/item/2004660747/", "resource": "https://www.loc.gov/pictures/item/2004660747/resource/"}, "title": "[The soldier returns to the hearth]", "image": {"alt": "digitized item thumbnail", "full": "https://tile.loc.gov/storage-services/service/pnp/ppmsca/21000/21096r.jpg", "square": "https://tile.loc.gov/storage-services/service/pnp/ppmsca/21000/21096_75x75px.jpg", "thumb": "https://tile.loc.gov/storage-services/service/pnp/ppmsca/21000/21096_150px.jpg"}, "created": "2016-04-20T00:00:00Z", "modified": "2016-04-20T00:00:00Z", "collection": ["ammem", "civwar", "cwd", "diof", "drwg", "minload", "pp"], "creator": "Waud, Alfred R. (Alfred Rudolph), 1828-1891", "call_number": "DRWG/US - Waud, no. 233 verso (A size) [P&P]", "medium_brief": "1 drawing on light green paper :", "source_modified": "2011-07-28T00:00:00Z", "pk": "2004660747", "created_published_date": "[between 1860 and 1865]", "subjects": ["Women--1860-1870.", "Children--1860-1870.", "Military cookery--1860-1870.", "United States--History--Civil War, 1861-1865--Veterans.", "United States", "Cartoons--1860-1870.", "Drawings--American--1860-1870."]}, {"source_created": "1992-04-08T00:00:00Z", "index": 3, "medium": "1 drawing on tan paper : pencil ; 22.4 x 35 cm. (sheet).", "reproduction_number": "LC-DIG-ppmsca-21765 (digital file from original item)\nLC-USZ62-6185 (b&w film copy neg.)", "links": {"item": "https://www.loc.gov/pictures/item/2004661262/", "resource": "https://www.loc.gov/pictures/item/2004661262/resource/"}, "title": "A Cavalry Encampment in the advance lines of the Army -- the sixth regulars", "image": {"alt": "digitized item thumbnail", "full": "https://tile.loc.gov/storage-services/service/pnp/ppmsca/21700/21765r.jpg", "square": "https://tile.loc.gov/storage-services/service/pnp/ppmsca/21700/21765_75x75px.jpg", "thumb": "https://tile.loc.gov/storage-services/service/pnp/ppmsca/21700/21765_150px.jpg"}, "created": "2016-04-20T00:00:00Z", "modified": "2016-04-20T00:00:00Z", "collection": ["ammem", "civwar", "cwd", "diof", "drwg", "minload", "pp"], "creator": "Waud, William, -1878", "call_number": "DRWG/US - Waud (W.), no. 41 (A size) [P&P]", "medium_brief": "1 drawing on tan paper :", "source_modified": "2013-05-30T00:00:00Z", "pk": "2004661262", "created_published_date": "[between 1862 and 1864]", "subjects": ["United States.--Army.--Cavalry Regiment, 6th.", "United States--History--Civil War, 1861-1865--Military life.", "Cavalry--Union--1860-1870.", "Military officers--Union--1860-1870.", "Military camps--Union--1860-1870.", "Military cookery--1860-1870.", "Eating & drinking--1860-1870.", "United States--Virginia--Snicker's Gap", "Drawings--American--1860-1870."]}, {"source_created": "2006-01-23T00:00:00Z", "index": 4, "medium": "1 drawing : pen and ink, wash, chinese white, pencil.", "reproduction_number": "LC-USZC2-793 (color film copy slide)\nLC-USZC4-3421 (color film copy transparency)\nLC-USZ62-112880 (b&w film copy neg.)", "links": {"item": "https://www.loc.gov/pictures/item/2010716234/", "resource": "https://www.loc.gov/pictures/item/2010716234/resource/"}, "title": "[Mid-day mess, 6th Regt. cavalry]", "image": {"alt": "digitized item thumbnail", "full": "https://tile.loc.gov/storage-services/service/pnp/cai/2a12000/2a12800/2a12896r.jpg", "square": "https://tile.loc.gov/storage-services/service/pnp/cai/2a12000/2a12800/2a12896_75x75px.jpg", "thumb": "https://tile.loc.gov/storage-services/service/pnp/cai/2a12000/2a12800/2a12896_150px.jpg"}, "created": "2016-04-20T00:00:00Z", "modified": "2016-04-20T00:00:00Z", "collection": ["cai", "diof", "minload", "pp"], "creator": "Glackens, William J., 1870-1938", "call_number": "CAI - Glackens (W.J.), no. 14 (B size) [P&P]", "medium_brief": "1 drawing :", "source_modified": "2010-12-03T00:00:00Z", "pk": "2010716234", "created_published_date": "[1898?]", "subjects": ["Spanish-American War, 1898--Military life.", "Spanish-American War, 1898--Military personnel.", "Military cookery.", "United States--Florida--Tampa", "Drawings.", "Periodical illustrations."]}, {"source_created": "2012-08-14T00:00:00Z", "index": 5, "medium": "1 photographic print on card mount : gelatin silver.", "reproduction_number": "LC-DIG-ppmsca-33113 (digital file from original item)\nLC-B8184-40484-ZA (b&w film copy neg.)", "links": {"item": "https://www.loc.gov/pictures/item/2012649042/", "resource": "https://www.loc.gov/pictures/item/2012649042/resource/"}, "title": "Civil War camp scene, showing company kitchen, 1863(?)", "image": {"alt": "digitized item thumbnail", "full": "https://tile.loc.gov/storage-services/service/pnp/ppmsca/33100/33113r.jpg", "square": "https://tile.loc.gov/storage-services/service/pnp/ppmsca/33100/33113_75x75px.jpg", "thumb": "https://tile.loc.gov/storage-services/service/pnp/ppmsca/33100/33113_150px.jpg"}, "created": "2016-04-20T00:00:00Z", "modified": "2016-04-20T00:00:00Z", "collection": ["civwar", "cwp", "diof", "pp"], "creator": null, "call_number": "LOT 4172-C, no. 36 [P&P]", "medium_brief": "1 photographic print on card mount :", "source_modified": "2013-03-15T00:00:00Z", "pk": "2012649042", "created_published_date": "photographed 1864, [printed later]", "subjects": ["Kitchens--Virginia--Brandy Station--1860-1870.", "Log buildings--Virginia--Brandy Station--1860-1870.", "Military cookery--Virginia--Brandy Station--1860-1870.", "United States--History--Civil War, 1861-1865--Military facilities--Union.", "United States--History--Civil War, 1861-1865--Military personnel--Union.", "United States--Virginia--Brandy Station.", "Gelatin silver prints--1860-1890."]}, {"source_created": "2013-03-20T00:00:00Z", "index": 6, "medium": "1 photographic print (postcard)", "reproduction_number": "LC-DIG-ds-02665 (digital file from original item)", "links": {"item": "https://www.loc.gov/pictures/item/2013646964/", "resource": "https://www.loc.gov/pictures/item/2013646964/resource/"}, "title": "Field bakery No. 2, Texas City, Texas", "image": {"alt": "digitized item thumbnail", "full": "https://tile.loc.gov/storage-services/service/pnp/ds/02600/02665r.jpg", "square": "https://tile.loc.gov/storage-services/service/pnp/ds/02600/02665_75x75px.jpg", "thumb": "https://tile.loc.gov/storage-services/service/pnp/ds/02600/02665_150px.jpg"}, "created": "2016-04-20T00:00:00Z", "modified": "2016-04-20T00:00:00Z", "collection": ["cph", "diof", "pp"], "creator": "Maurer, Joseph M., 1876-1953", "call_number": "LOT 14058, no. 392 [P&P]", "medium_brief": "1 photographic print (postcard)", "source_modified": "2013-04-03T00:00:00Z", "pk": "2013646964", "created_published_date": "c1913.", "subjects": ["Bakeries--Texas--Texas City--1910-1920.", "Military cookery--Texas--Texas City--1910-1920.", "Ovens--1910-1920.", "Texas City (Tex.)--1910-1920.", "United States--Texas--Texas City.", "Panoramic postcards--1910-1920.", "Photographic postcards--1910-1920.", "Photographic prints--1910-1920."]}, {"source_created": "2013-12-30T00:00:00Z", "index": 7, "medium": "1 photographic print : gelatin silver.", "reproduction_number": "LC-DIG-ppmsca-37760 (digital file from original item)", "links": {"item": "https://www.loc.gov/pictures/item/2013651532/", "resource": "https://www.loc.gov/pictures/item/2013651532/resource/"}, "title": "[Soldier standing at camp cook area, Rough Riders military camp, Montauk Point, New York]", "image": {"alt": "digitized item thumbnail", "full": "https://tile.loc.gov/storage-services/service/pnp/ppmsca/37700/37760r.jpg", "square": "https://tile.loc.gov/storage-services/service/pnp/ppmsca/37700/37760_75x75px.jpg", "thumb": "https://tile.loc.gov/storage-services/service/pnp/ppmsca/37700/37760_150px.jpg"}, "created": "2016-04-20T00:00:00Z", "modified": "2016-04-20T00:00:00Z", "collection": ["cph", "diof", "pp"], "creator": "Johnston, Frances Benjamin, 1864-1952", "call_number": "LOT 10007, no. 29 [P&P]", "medium_brief": "1 photographic print :", "source_modified": "2015-03-12T00:00:00Z", "pk": "2013651532", "created_published_date": "[1898]", "subjects": ["United States.--Army.--Volunteer Cavalry,1st--People.", "Soldiers--New York (State)--Montauk Point--1890-1900.", "Military camps--New York (State)--Montauk Point--1890-1900.", "Military cookery--New York (State)--Montauk Point--1890-1900.", "Gelatin silver prints--1890-1900."]}, {"source_created": "2015-05-13T00:00:00Z", "index": 8, "medium": "1 photograph : albumen print ; mount 9 x 17 cm (stereograph format)", "reproduction_number": "LC-DIG-stereo-1s04375 (digital file from original item, front)\nLC-DIG-stereo-2s04375 (digital file from original item, back)", "links": {"item": "https://www.loc.gov/pictures/item/2015647561/", "resource": "https://www.loc.gov/pictures/item/2015647561/resource/"}, "title": "Christian Commission, at White House, Va.", "image": {"alt": "digitized item thumbnail", "full": "https://tile.loc.gov/storage-services/service/pnp/stereo/1s00000/1s04000/1s04300/1s04375r.jpg", "square": "https://tile.loc.gov/storage-services/service/pnp/stereo/1s00000/1s04000/1s04300/1s04375_75x75px.jpg", "thumb": "https://tile.loc.gov/storage-services/service/pnp/stereo/1s00000/1s04000/1s04300/1s04375_150px.jpg"}, "created": "2016-04-20T00:00:00Z", "modified": "2016-04-20T00:00:00Z", "collection": ["civwar", "diof", "pp", "stereo"], "creator": "Brady's National Photographic Portrait Galleries", "call_number": "LOT 4172, no. 232 [P&P]", "medium_brief": "1 photograph :", "source_modified": "2015-05-19T00:00:00Z", "pk": "2015647561", "created_published_date": "[1864]", "subjects": ["United States Christian Commission--Facilities--Virginia--New Kent County--1860-1870.", "United States.--Army--People--Virginia--New Kent County--1860-1870.", "Soldiers--Union--Virginia--New Kent County--1860-1870.", "Military cookery--Virginia--New Kent County--1860-1870.", "United States--History--Civil War, 1861-1865--Military life--Virginia--New Kent County.", "United States--History--Civil War, 1861-1865--Military personnel--Virginia--New Kent County.", "Photographic prints--1860-1870.", "Stereographs--1860-1870."]}, {"source_created": "2015-11-25T00:00:00Z", "index": 9, "medium": "1 photograph : gelatin silver print ; mount 9 x 18 cm (stereograph format)", "reproduction_number": "LC-DIG-stereo-1s04057 (digital file from front of original item)\nLC-DIG-stereo-2s04057 (digital file from back of original item)", "links": {"item": "https://www.loc.gov/pictures/item/2015651917/", "resource": "https://www.loc.gov/pictures/item/2015651917/resource/"}, "title": "View in a trench kitchen underground on the Saloniki front", "image": {"alt": "digitized item thumbnail", "full": "https://tile.loc.gov/storage-services/service/pnp/stereo/1s00000/1s04000/1s04000/1s04057r.jpg", "square": "https://tile.loc.gov/storage-services/service/pnp/stereo/1s00000/1s04000/1s04000/1s04057_75x75px.jpg", "thumb": "https://tile.loc.gov/storage-services/service/pnp/stereo/1s00000/1s04000/1s04000/1s04057_150px.jpg"}, "created": "2016-04-20T00:00:00Z", "modified": "2016-04-20T00:00:00Z", "collection": ["diof", "pp", "stereo"], "creator": "Keystone View Company", "call_number": "LOT 14008, no. 59 [P&P]", "medium_brief": "1 photograph :", "source_modified": "2015-11-27T00:00:00Z", "pk": "2015651917", "created_published_date": "[photographed between 1914 and 1918, published 1923]", "subjects": ["World War, 1914-1918--Military life.", "Soldiers--French--Turkey--1920-1930.", "Military life--French--Turkey--1920-1930.", "Military cookery--Turkey--1920-1930.", "Outdoor cookery--Turkey--1920-1930.", "Sel\u00e2nik (Turkey)", "Gelatin silver prints--1920-1930.", "Group portraits--1920-1930.", "Stereographs--1920-1930."]}, {"source_created": "2015-12-10T00:00:00Z", "index": 10, "medium": "1 photograph : gelatin silver print ; mount 9 x 18 cm (stereograph format)", "reproduction_number": "LC-DIG-stereo-1s04127 (digital file from front of original item)\nLC-DIG-stereo-2s04127 (digital file from back of original item)", "links": {"item": "https://www.loc.gov/pictures/item/2015652187/", "resource": "https://www.loc.gov/pictures/item/2015652187/resource/"}, "title": "Section of many miles of French field kitchens", "image": {"alt": "digitized item thumbnail", "full": "https://tile.loc.gov/storage-services/service/pnp/stereo/1s00000/1s04000/1s04100/1s04127r.jpg", "square": "https://tile.loc.gov/storage-services/service/pnp/stereo/1s00000/1s04000/1s04100/1s04127_75x75px.jpg", "thumb": "https://tile.loc.gov/storage-services/service/pnp/stereo/1s00000/1s04000/1s04100/1s04127_150px.jpg"}, "created": "2016-04-20T00:00:00Z", "modified": "2016-04-20T00:00:00Z", "collection": ["diof", "pp", "stereo"], "creator": "Keystone View Company", "call_number": "LOT 14008, no. 129 [P&P]", "medium_brief": "1 photograph :", "source_modified": "2015-12-10T00:00:00Z", "pk": "2015652187", "created_published_date": "[photographed between 1914 and 1918, published 1923]", "subjects": ["World War, 1914-1918--Military life--France.", "Military life--French--France--1920-1930.", "Military cookery--France--1920-1930.", "Soldiers--French--France--1920-1930.", "Gelatin silver prints--1920-1930.", "Stereographs--1920-1930."]}, {"source_created": "2015-12-10T00:00:00Z", "index": 11, "medium": "1 photograph : gelatin silver print ; mount 9 x 18 cm (stereograph format)", "reproduction_number": "LC-DIG-stereo-1s04128 (digital file from front of original item)\nLC-DIG-stereo-2s04128 (digital file from back of original item)", "links": {"item": "https://www.loc.gov/pictures/item/2015652188/", "resource": "https://www.loc.gov/pictures/item/2015652188/resource/"}, "title": "Making bread for British troops, camp scene, France", "image": {"alt": "digitized item thumbnail", "full": "https://tile.loc.gov/storage-services/service/pnp/stereo/1s00000/1s04000/1s04100/1s04128r.jpg", "square": "https://tile.loc.gov/storage-services/service/pnp/stereo/1s00000/1s04000/1s04100/1s04128_75x75px.jpg", "thumb": "https://tile.loc.gov/storage-services/service/pnp/stereo/1s00000/1s04000/1s04100/1s04128_150px.jpg"}, "created": "2016-04-20T00:00:00Z", "modified": "2016-04-20T00:00:00Z", "collection": ["diof", "pp", "stereo"], "creator": "Keystone View Company", "call_number": "LOT 14008, no. 130 [P&P]", "medium_brief": "1 photograph :", "source_modified": "2015-12-10T00:00:00Z", "pk": "2015652188", "created_published_date": "[photographed between 1914 and 1918, published 1923]", "subjects": ["World War, 1914-1918--Military life--France.", "Military life--British--France--1920-1930.", "Military cookery--France--1920-1930.", "Baking--France--1920-1930.", "Bread--France--1920-1930.", "Gelatin silver prints--1920-1930.", "Stereographs--1920-1930."]}, {"source_created": "2016-01-05T00:00:00Z", "index": 12, "medium": "1 photograph : gelatin silver print ; mount 9 x 18 cm (stereograph format)", "reproduction_number": "LC-DIG-stereo-1s04214 (digital file from front of original item)\nLC-DIG-stereo-2s04214 (digital file from back of original item)", "links": {"item": "https://www.loc.gov/pictures/item/2016646005/", "resource": "https://www.loc.gov/pictures/item/2016646005/resource/"}, "title": "Troop kitchen, 21 ranges each burning cord of wood daily, Brest, France", "image": {"alt": "digitized item thumbnail", "full": "https://tile.loc.gov/storage-services/service/pnp/stereo/1s00000/1s04000/1s04200/1s04214r.jpg", "square": "https://tile.loc.gov/storage-services/service/pnp/stereo/1s00000/1s04000/1s04200/1s04214_75x75px.jpg", "thumb": "https://tile.loc.gov/storage-services/service/pnp/stereo/1s00000/1s04000/1s04200/1s04214_150px.jpg"}, "created": "2016-04-20T00:00:00Z", "modified": "2016-04-20T00:00:00Z", "collection": ["diof", "pp", "stereo"], "creator": "Keystone View Company", "call_number": "LOT 14008, no. 216 [P&P]", "medium_brief": "1 photograph :", "source_modified": "2016-01-05T00:00:00Z", "pk": "2016646005", "created_published_date": "[photographed between 1914 and 1918, published 1923]", "subjects": ["World War, 1914-1918.", "Military cookery--France--Brest--1920-1930.", "Gelatin silver prints--1920-1930.", "Stereographs--1920-1930."]}, {"source_created": "2009-03-12T00:00:00Z", "index": 13, "medium": "1 photographic print.", "reproduction_number": "LC-USZ62-23576 (b&w film copy neg.)", "links": {"item": "https://www.loc.gov/pictures/item/2023630686/", "resource": "https://www.loc.gov/pictures/item/2023630686/resource/"}, "title": "Ihr Tag beginnt bei Nacht", "image": {"alt": "digitized item thumbnail", "full": "https://tile.loc.gov/storage-services/service/pnp/cph/3a20000/3a24000/3a24500/3a24540_150px.jpg", "square": "https://tile.loc.gov/storage-services/service/pnp/cph/3a20000/3a24000/3a24500/3a24540_75x75px.jpg", "thumb": "https://tile.loc.gov/storage-services/service/pnp/cph/3a20000/3a24000/3a24500/3a24540_150px.jpg"}, "created": "2016-04-20T00:00:00Z", "modified": "2016-04-20T00:00:00Z", "collection": ["cph", "pp"], "creator": null, "call_number": "LOT 6455 [item] [P&P]", "medium_brief": "1 photographic print.", "source_modified": "2009-03-12T00:00:00Z", "pk": "2023630686", "created_published_date": "1943 February 22.", "subjects": ["Stalingrad, Battle of, Volgograd, Russia, 1942-1943.", "World War, 1939-1945--Campaigns & battles--Russia (Federation)--Volgograd.", "Soldiers--German--Russia (Federation)--Volgograd--1940-1950.", "Military cookery--Russia (Federation)--Volgograd--1940-1950.", "Night work--Russia (Federation)--Volgograd--1940-1950.", "Winter--Russia (Federation)--Volgograd--1940-1950.", "Photographic prints--1940-1950."]}, {"source_created": "1993-01-26T00:00:00Z", "index": 14, "medium": "1 photographic print on stereo card : stereograph.", "reproduction_number": "LC-USZ6-1814 (b&w film copy neg. of half stereo)", "links": {"item": "https://www.loc.gov/pictures/item/93501333/", "resource": "https://www.loc.gov/pictures/item/93501333/resource/"}, "title": "The Kitchen--last Spanish camp in Cuba--Cienfuegos", "image": {"alt": "digitized item thumbnail", "full": "https://tile.loc.gov/storage-services/service/pnp/cph/3d00000/3d01000/3d01800/3d01814r.jpg", "square": "https://tile.loc.gov/storage-services/service/pnp/cph/3d00000/3d01000/3d01800/3d01814_75x75px.jpg", "thumb": "https://tile.loc.gov/storage-services/service/pnp/cph/3d00000/3d01000/3d01800/3d01814_150px.jpg"}, "created": "2016-04-20T00:00:00Z", "modified": "2016-04-20T00:00:00Z", "collection": ["diof", "pp", "stereo"], "creator": "Strohmeyer & Wyman.", "call_number": "LOT 12300 <item> [P&P]", "medium_brief": "1 photographic print on stereo card :", "source_modified": "2005-01-19T00:00:00Z", "pk": "93501333", "created_published_date": "c1899.", "subjects": ["Military cookery--Cuba--Cienfuegos--1890-1900.", "Spanish-American War, 1898--Military personnel--Spanish--Cuba--Cienfuegos.", "Spanish-American War, 1898--Military facilities--Spanish--Cuba--Cienfuegos.", "Spanish-American War, 1898--Military life--Spanish--Cuba--Cienfuegos.", "Photographic prints--1890-1900.", "Stereographs--1890-1900."]}, {"source_created": "2003-04-08T00:00:00Z", "index": 15, "medium": "1 photographic print.", "reproduction_number": "LC-USZ62-132534 (b&w film copy neg.)", "links": {"item": "https://www.loc.gov/pictures/item/2003663042/", "resource": "https://www.loc.gov/pictures/item/2003663042/resource/"}, "title": "Even in the Burma jungle, there's no escape from \"K.P.\"", "image": {"alt": "digitized item thumbnail", "full": "https://tile.loc.gov/storage-services/service/pnp/cph/3c30000/3c32000/3c32500/3c32534_150px.jpg", "square": "https://tile.loc.gov/storage-services/service/pnp/cph/3c30000/3c32000/3c32500/3c32534_75x75px.jpg", "thumb": "https://tile.loc.gov/storage-services/service/pnp/cph/3c30000/3c32000/3c32500/3c32534_150px.jpg"}, "created": "2016-04-21T00:00:00Z", "modified": "2016-04-21T00:00:00Z", "collection": ["cph", "pp"], "creator": null, "call_number": "LOT 2380 [item] [P&P]", "medium_brief": "1 photographic print.", "source_modified": "2003-04-16T00:00:00Z", "pk": "2003663042", "created_published_date": "[between 1942 and 1944]", "subjects": ["World War, 1939-1945--Military personnel--British--Burma--Arakan State.", "Military cookery--Burma--Arakan State--1940-1950.", "Photographic prints--1940-1950."]}, {"source_created": "1992-11-04T00:00:00Z", "index": 16, "medium": "1 photographic print : gelatin silver ; 9 x 46 in.", "reproduction_number": "", "links": {"item": "https://www.loc.gov/pictures/item/2007664313/", "resource": "https://www.loc.gov/pictures/item/2007664313/resource/"}, "title": "Army Training School for Chaplains and approved chaplain candidates, Camp Zachary Taylor, Louisville, Ky., \"Lining up for Mess\"", "image": {"alt": "digitized item thumbnail", "full": "https://tile.loc.gov/storage-services/service/pnp/pan/6a29000/6a29800/6a29832r.jpg", "square": "https://tile.loc.gov/storage-services/service/pnp/pan/6a29000/6a29800/6a29832_75x75px.jpg", "thumb": "https://tile.loc.gov/storage-services/service/pnp/pan/6a29000/6a29800/6a29832_150px.jpg"}, "created": "2016-04-21T00:00:00Z", "modified": "2016-04-21T00:00:00Z", "collection": ["ammem", "diof", "minload", "pan", "pp"], "creator": "General War-Time Commission of the Churches", "call_number": "PAN US MILITARY - Army no. 149 (E size) [P&P]", "medium_brief": "1 photographic print :", "source_modified": "2009-09-18T00:00:00Z", "pk": "2007664313", "created_published_date": "c1918.", "subjects": ["World War, 1914-1918--Military life.", "Military cookery.", "Clergy.", "Queues.", "United States.--Army--People.", "Camp Zachary Taylor (Ky.)", "United States--Kentucky.", "Gelatin silver prints.", "Group portraits.", "Panoramic photographs.", "Portrait photographs."]}, {"source_created": "2011-08-29T00:00:00Z", "index": 17, "medium": "1 photographic print.", "reproduction_number": "LC-DIG-ds-00741 (digital file from original photograph)", "links": {"item": "https://www.loc.gov/pictures/item/2011648240/", "resource": "https://www.loc.gov/pictures/item/2011648240/resource/"}, "title": "A cookery school in the Western Desert", "image": {"alt": "digitized item thumbnail", "full": "https://tile.loc.gov/storage-services/service/pnp/ds/00700/00741r.jpg", "square": "https://tile.loc.gov/storage-services/service/pnp/ds/00700/00741_75x75px.jpg", "thumb": "https://tile.loc.gov/storage-services/service/pnp/ds/00700/00741_150px.jpg"}, "created": "2016-04-21T00:00:00Z", "modified": "2016-04-21T00:00:00Z", "collection": ["cph", "diof", "pp"], "creator": null, "call_number": "LOT 913 [item] [P&P]", "medium_brief": "1 photographic print.", "source_modified": "2011-10-14T00:00:00Z", "pk": "2011648240", "created_published_date": "[between 1940 and 1942]", "subjects": ["World War, 1939-1945.", "Military cookery--Egypt--Western Desert--1940-1950.", "Outdoor cookery--Egypt--Western Desert--1940-1950.", "Photographic prints--1940-1950."]}, {"source_created": "2012-02-02T00:00:00Z", "index": 18, "medium": "1 photographic print.", "reproduction_number": "LC-USZ62-39178 (b&w film copy neg.)", "links": {"item": "https://www.loc.gov/pictures/item/2012645735/", "resource": "https://www.loc.gov/pictures/item/2012645735/resource/"}, "title": "School for bakers and cooks, Camp Sheridan, Ala., Thanksgiving, 1918", "image": {"alt": "digitized item thumbnail", "full": "https://tile.loc.gov/storage-services/service/pnp/cph/3a30000/3a39000/3a39500/3a39523r.jpg", "square": "https://tile.loc.gov/storage-services/service/pnp/cph/3a30000/3a39000/3a39500/3a39523_75x75px.jpg", "thumb": "https://tile.loc.gov/storage-services/service/pnp/cph/3a30000/3a39000/3a39500/3a39523_150px.jpg"}, "created": "2016-04-21T00:00:00Z", "modified": "2016-04-21T00:00:00Z", "collection": ["cph", "diof", "pp"], "creator": null, "call_number": "SSF - Cookery, Military [item] [P&P]", "medium_brief": "1 photographic print.", "source_modified": "2012-02-10T00:00:00Z", "pk": "2012645735", "created_published_date": "1918.", "subjects": ["Cooks--1910-1920.", "Military cookery--Alabama--Camp Sheridan--1910-1920.", "Thanksgiving Day--Alabama--Camp Sheridan--1910-1920.", "Photographic prints--1910-1920."]}, {"source_created": "1992-03-30T00:00:00Z", "index": 19, "medium": "1 photographic print.", "reproduction_number": "LC-USZC6-46 (color film copy transparency)\nLC-USZ62-123496 (b&w film copy neg.)", "links": {"item": "https://www.loc.gov/pictures/item/92507185/", "resource": "https://www.loc.gov/pictures/item/92507185/resource/"}, "title": "[Civil War camp of the 6th N.Y. Artillery at Brandy Station, Virginia, showing Union soldiers in front of log company kitchen]", "image": {"alt": "digitized item thumbnail", "full": "https://tile.loc.gov/storage-services/service/pnp/cph/3h00000/3h00000/3h00000/3h00046r.jpg", "square": "https://tile.loc.gov/storage-services/service/pnp/cph/3h00000/3h00000/3h00000/3h00046_75x75px.jpg", "thumb": "https://tile.loc.gov/storage-services/service/pnp/cph/3h00000/3h00000/3h00000/3h00046_150px.jpg"}, "created": "2017-10-10T00:00:00Z", "modified": "2017-10-10T00:00:00Z", "collection": ["ammem", "civwar", "cwp", "diof", "pp"], "creator": null, "call_number": "LOT 4172-C <item> [P&P]", "medium_brief": "1 photographic print.", "source_modified": "2017-10-04T00:00:00Z", "pk": "92507185", "created_published_date": "[photographed in April 1864, printed later]", "subjects": ["Kitchens--Virginia--Brandy Station--1860-1870.", "Log buildings--Virginia--Brandy Station--1860-1870.", "Military cookery--Virginia--Brandy Station--1860-1870.", "United States--History--Civil War, 1861-1865--Military facilities--Union.", "United States--History--Civil War, 1861-1865--Military personnel--Union.", "Photographic prints--1860-1910."]}, {"source_created": "1994-01-01T00:00:00Z", "index": 20, "medium": "1 negative : glass ; 8 x 10 in.", "reproduction_number": "LC-DIG-det-4a14998 (digital file from original)", "links": {"item": "https://www.loc.gov/pictures/item/2016804416/", "resource": "https://www.loc.gov/pictures/item/2016804416/resource/"}, "title": "Mess boys, Brooklyn Navy Yard Hospital", "image": {"alt": "digitized item thumbnail", "full": "https://tile.loc.gov/storage-services/service/pnp/det/4a10000/4a14000/4a14900/4a14998r.jpg", "square": "https://tile.loc.gov/storage-services/service/pnp/det/4a10000/4a14000/4a14900/4a14998_75x75px.jpg", "thumb": "https://tile.loc.gov/storage-services/service/pnp/det/4a10000/4a14000/4a14900/4a14998_150px.jpg"}, "created": "2017-11-21T00:00:00Z", "modified": "2017-11-21T00:00:00Z", "collection": ["ammem", "det", "diof", "pp"], "creator": "Detroit Publishing Co.", "call_number": "LC-D4-21270 [P&P]", "medium_brief": "1 negative :", "source_modified": "2017-10-30T00:00:00Z", "pk": "2016804416", "created_published_date": "[between 1890 and 1901]", "subjects": ["United States Naval Hospital (New York, N.Y.)", "United States.--Navy.", "Brooklyn Navy Yard (New York, N.Y.)", "Hospitals.", "Seamen--American.", "Naval yards & naval stations.", "Passageways.", "Military cookery.", "United States--New York (State)--New York.", "Dry plate negatives.", "Group portraits.", "Portrait photographs."]}]}