{"search": {"field": "subject", "hits": 10, "sort_order": null, "do_facets": true, "focus_item": null, "query": "Religious tolerance", "type": "search", "sort_by": null}, "focus": null, "views": {"current": "list", "grid": "https://www.loc.gov/pictures/search/?q=Religious+tolerance&fi=subject&va=exact&st=grid&op=PHRASE", "list": "https://www.loc.gov/pictures/search/?q=Religious+tolerance&fi=subject&op=PHRASE&va=exact", "gallery": "https://www.loc.gov/pictures/search/?q=Religious+tolerance&fi=subject&va=exact&st=gallery&op=PHRASE", "slideshow": "https://www.loc.gov/pictures/search/?q=Religious+tolerance&fi=subject&va=exact&st=slideshow&op=PHRASE"}, "facets": [{"type": "displayed", "filters": [{"count": 4, "on": "https://www.loc.gov/pictures/search/?va=exact&sp=1&q=Religious+tolerance&fa=displayed%3Aanywhere&fi=subject&op=PHRASE&fo=json", "selected": false, "off": "https://www.loc.gov/pictures/search/?va=exact&sp=1&q=Religious+tolerance&fi=subject&fo=json&op=PHRASE", "title": "Larger image available anywhere"}, {"count": 1, "on": "https://www.loc.gov/pictures/search/?va=exact&sp=1&q=Religious+tolerance&fa=displayed%3Alc_only&fi=subject&op=PHRASE&fo=json", "selected": false, "off": "https://www.loc.gov/pictures/search/?va=exact&sp=1&q=Religious+tolerance&fi=subject&fo=json&op=PHRASE", "title": "Larger image available only at the Library of Congress"}, {"count": 5, "on": "https://www.loc.gov/pictures/search/?va=exact&sp=1&q=Religious+tolerance&fa=displayed%3Anot_digitized&fi=subject&op=PHRASE&fo=json", "selected": false, "off": "https://www.loc.gov/pictures/search/?va=exact&sp=1&q=Religious+tolerance&fi=subject&fo=json&op=PHRASE", "title": "Not Digitized"}], "title": "displayed"}], "links": {"json": "//www.loc.gov/pictures/search/?fi=subject&q=Religious+tolerance&op=PHRASE&va=exact&fo=json", "html": "//www.loc.gov/pictures/search/?fi=subject&q=Religious+tolerance&op=PHRASE&va=exact", "rss": "//www.loc.gov/pictures/search/?fi=subject&q=Religious+tolerance&op=PHRASE&va=exact&fo=rss"}, "suggestions": {"possible": []}, "pages": {"current": 1, "next": null, "perpage": 20, "last": null, "page_list": [{"url": null, "number": 1}], "previous": null, "total": 1, "results": "1 - 10", "first": null}, "collection": null, "results": [{"source_created": "1998-05-01T00:00:00Z", "index": 1, "medium": "1 print : linocut ; 26.3 x 18.9 cm. (sheet)", "reproduction_number": "", "links": {"item": "https://www.loc.gov/pictures/item/2010643026/", "resource": null}, "title": "[Monk or priest using a cross as a weapon against peasants in Mexico]", "image": {"alt": "item not digitized thumbnail", "full": "https://www.loc.gov/pictures/static/images/item/500x500_notdigitized.png", "square": "https://www.loc.gov/pictures/static/images/item/not_digitized_buttons75X75.png", "thumb": "https://www.loc.gov/pictures/static/images/item/notdigitized_buttons140X120.png"}, "created": "2016-04-20T00:00:00Z", "modified": "2016-04-20T00:00:00Z", "collection": ["bbgfc", "minload", "pp"], "creator": "M\u00e9ndez, Leopoldo, 1902-1969", "call_number": "Goldstein, no. 747 (AA size) [P&P]", "medium_brief": "1 print :", "source_modified": "2011-07-14T00:00:00Z", "pk": "2010643026", "created_published_date": "[194-]", "subjects": ["Catholicism--Mexico--1940-1950.", "Clergy--Mexico--1940-1950.", "Peasants--Mexico--1940-1950.", "Religious tolerance--Mexico--1940-1950.", "Linocuts--Mexican--1940-1950."]}, {"source_created": "2013-03-04T00:00:00Z", "index": 2, "medium": "1 print : etching and engraving ; 22.5 x 31.5 cm (plate), 24.7 x 33.5 cm (sheet)", "reproduction_number": "", "links": {"item": "https://www.loc.gov/pictures/item/2013645399/", "resource": null}, "title": "Pendant que les pasteurs sonts en debat les loups emportent les brebis", "image": {"alt": "item not digitized thumbnail", "full": "https://www.loc.gov/pictures/static/images/item/500x500_notdigitized.png", "square": "https://www.loc.gov/pictures/static/images/item/not_digitized_buttons75X75.png", "thumb": "https://www.loc.gov/pictures/static/images/item/notdigitized_buttons140X120.png"}, "created": "2016-04-20T00:00:00Z", "modified": "2016-04-20T00:00:00Z", "collection": ["cph", "diof", "pp"], "creator": "Breda\u00e9l, Alexander van, 1663-1720", "call_number": "PC 5 - Pendant que les pasteurs ... (A size) [P&P]", "medium_brief": "1 print :", "source_modified": "2013-03-07T00:00:00Z", "pk": "2013645399", "created_published_date": "[between 1713 and 1720]", "subjects": ["Clergy--France--1710-1720.", "Religious tolerance--France--1710-1720.", "Catholicism--France--1710-1720.", "Shepherds--France--1710-1720.", "Sheep--France--1710-1720.", "Wolves--France--1710-1720.", "Peacocks--France--1710-1720.", "Roosters--1710-1720.", "Allegorical prints--1710-1720.", "Intaglio prints--French--1710-1720.", "Satires (Visual works)--1710-1720."]}, {"source_created": "2013-04-04T00:00:00Z", "index": 3, "medium": "1 print : etching ; 39.8 x 26.3 cm (sheet)", "reproduction_number": "", "links": {"item": "https://www.loc.gov/pictures/item/2013646591/", "resource": null}, "title": "Ce moulin que le vent de la dissention ...", "image": {"alt": "item not digitized thumbnail", "full": "https://www.loc.gov/pictures/static/images/item/500x500_notdigitized.png", "square": "https://www.loc.gov/pictures/static/images/item/not_digitized_buttons75X75.png", "thumb": "https://www.loc.gov/pictures/static/images/item/notdigitized_buttons140X120.png"}, "created": "2016-04-20T00:00:00Z", "modified": "2016-04-20T00:00:00Z", "collection": ["cph", "diof", "pp"], "creator": null, "call_number": "PC 5 - Ce moulin ... (B size) [P&P]", "medium_brief": "1 print :", "source_modified": "2013-04-05T00:00:00Z", "pk": "2013646591", "created_published_date": "[between 1680 and 1690]", "subjects": ["Calvin, Jean,--1509-1564.", "Jesus Christ--(Spirit)", "Windmills--France--1680-1690.", "Islands--1680-1690.", "Demons--1680-1690.", "Scales--1680-1690.", "Cities & towns--1680-1690.", "Religious tolerance--France--1680-1690.", "La Rochelle (France)--1680-1690.", "N\u00eemes (France)--1680-1690.", "Sedan (France)--1680-1690.", "Geneva (Switzerland)--1680-1690.", "Etchings--French--1680-1690.", "Satires (Visual works)--French--1680-1690."]}, {"source_created": "2009-12-02T00:00:00Z", "index": 4, "medium": "1 drawing.", "reproduction_number": "LC-DIG-hlb-00168 (digital file from original drawing)", "links": {"item": "https://www.loc.gov/pictures/item/2010635657/", "resource": "https://www.loc.gov/pictures/item/2010635657/resource/"}, "title": "Thanksgiving services", "image": {"alt": "digitized item thumbnail", "full": "https://tile.loc.gov/storage-services/service/pnp/hlb/00100/00168_150px.jpg", "square": "https://tile.loc.gov/storage-services/service/pnp/hlb/00100/00168_75x75px.jpg", "thumb": "https://tile.loc.gov/storage-services/service/pnp/hlb/00100/00168_150px.jpg"}, "created": "2016-04-21T00:00:00Z", "modified": "2016-04-21T00:00:00Z", "collection": ["hlb", "minload", "pp"], "creator": "Block, Herbert, 1909-2001", "call_number": "BLOCK, no. 168 (BB size) [P&P]", "medium_brief": "1 drawing.", "source_modified": "2013-01-02T00:00:00Z", "pk": "2010635657", "created_published_date": "[1938 Nov.] c1938.", "subjects": ["Thanksgiving Day.", "Flags--American.", "Race relations--United States.", "Religious tolerance--United States.", "Social classes--United States.", "Drawings--American.", "Editorial cartoons--American."]}, {"source_created": "1995-03-23T00:00:00Z", "index": 5, "medium": "12 photographic prints (contact sheets).", "reproduction_number": "", "links": {"item": "https://www.loc.gov/pictures/item/2016713357/", "resource": null}, "title": "Brotherhood", "image": {"alt": "Look magazine thumbnail", "full": "https://www.loc.gov/pictures/static/images/item/500x500_look.png", "square": "https://www.loc.gov/pictures/static/images/item/lmc_square.png", "thumb": "https://www.loc.gov/pictures/static/images/item/lmc_thumb_large.jpg"}, "created": "2017-01-17T00:00:00Z", "modified": "2017-01-17T00:00:00Z", "collection": ["lmc", "pp"], "creator": "Lerner, Bob", "call_number": "LOOK - Job 55-6396 [P&P]", "medium_brief": "12 photographic prints (contact sheets).", "source_modified": "2017-01-12T00:00:00Z", "pk": "2016713357", "created_published_date": "1955 Dec. 12 (date added to Look's library)", "subjects": ["Clergy.", "Churches.", "Religious tolerance.", "United States--Massachusetts--Swampscot.", "Contact sheets."]}, {"source_created": "1998-05-01T00:00:00Z", "index": 6, "medium": "1 print : wood engraving.", "reproduction_number": "", "links": {"item": "https://www.loc.gov/pictures/item/2010644184/", "resource": null}, "title": "The established (foreign) church in Ohio", "image": {"alt": "item not digitized thumbnail", "full": "https://www.loc.gov/pictures/static/images/item/500x500_notdigitized.png", "square": "https://www.loc.gov/pictures/static/images/item/not_digitized_buttons75X75.png", "thumb": "https://www.loc.gov/pictures/static/images/item/notdigitized_buttons140X120.png"}, "created": "2019-05-06T00:00:00Z", "modified": "2019-05-06T00:00:00Z", "collection": ["bbgfc", "minload", "pp"], "creator": "Nast, Thomas, 1840-1902", "call_number": "LOT 14012, no. 162 [P&P]", "medium_brief": "1 print :", "source_modified": "2011-04-14T00:00:00Z", "pk": "2010644184", "created_published_date": "1875 August 28.", "subjects": ["Pius--IX,--Pope,--1792-1878.", "Democratic Party (U.S.)--1870-1880.", "Catholicism--Ohio--1870-1880.", "Church & state--Ohio--1870-1880.", "Law & legal affairs--Ohio--1870-1880.", "Popes--1870-1880.", "Prisons--Ohio--1870-1880.", "Religious tolerance--Ohio--1870-1880.", "Political cartoons--American--1870-1880.", "Wood engravings--1870-1880."]}, {"source_created": "2011-12-22T00:00:00Z", "index": 7, "medium": "1 print : chromolithograph.", "reproduction_number": "LC-DIG-ppmsca-28275 (digital file from original print)", "links": {"item": "https://www.loc.gov/pictures/item/2011661820/", "resource": "https://www.loc.gov/pictures/item/2011661820/resource/"}, "title": "This is what the \"freedom of worship\" bill means - can we hold the evil in check?", "image": {"alt": "digitized item thumbnail", "full": "https://tile.loc.gov/storage-services/service/pnp/ppmsca/28200/28275r.jpg", "square": "https://tile.loc.gov/storage-services/service/pnp/ppmsca/28200/28275_75x75px.jpg", "thumb": "https://tile.loc.gov/storage-services/service/pnp/ppmsca/28200/28275_150px.jpg"}, "created": "2019-05-06T00:00:00Z", "modified": "2019-05-06T00:00:00Z", "collection": ["cph", "diof", "pp"], "creator": "Keppler, Joseph Ferdinand, 1838-1894", "call_number": "Illus. in AP101.P7 1885 (Case X) [P&P]", "medium_brief": "1 print :", "source_modified": "2011-12-22T00:00:00Z", "pk": "2011661820", "created_published_date": "1885 February 11.", "subjects": ["House of Refuge (New York, N.Y.)", "Religious tolerance--1880-1890.", "Freedom of religion--1880-1890.", "Legislation--1880-1890.", "Orphanages--1880-1890.", "Orphans--1880-1890.", "Snakes--1880-1890.", "Cartoons (Commentary)--1880-1890.", "Chromolithographs--Color--1880-1890.", "Periodical illustrations--1880-1890."]}, {"source_created": "2012-01-04T00:00:00Z", "index": 8, "medium": "1 print : chromolithograph.", "reproduction_number": "LC-DIG-ppmsca-28285 (digital file from original print)", "links": {"item": "https://www.loc.gov/pictures/item/2012645166/", "resource": "https://www.loc.gov/pictures/item/2012645166/resource/"}, "title": "A picture without words", "image": {"alt": "digitized item thumbnail", "full": "https://tile.loc.gov/storage-services/service/pnp/ppmsca/28200/28285r.jpg", "square": "https://tile.loc.gov/storage-services/service/pnp/ppmsca/28200/28285_75x75px.jpg", "thumb": "https://tile.loc.gov/storage-services/service/pnp/ppmsca/28200/28285_150px.jpg"}, "created": "2019-05-06T00:00:00Z", "modified": "2019-05-06T00:00:00Z", "collection": ["cph", "diof", "pp"], "creator": "Graetz, F. (Friedrich), approximately 1840-approximately 1913", "call_number": "Illus. in AP101.P7 1884 (Case X) [P&P]", "medium_brief": "1 print :", "source_modified": "2013-06-07T00:00:00Z", "pk": "2012645166", "created_published_date": "1884 January 16.", "subjects": ["Church & state--1880-1890.", "Religious tolerance--1880-1890.", "Anti-Catholicism--1880-1890.", "Catholicism--1880-1890.", "Public schools--1880-1890.", "Tigers--1880-1890.", "Life cycle--1880-1890.", "Cartoons (Commentary)--1880-1890.", "Chromolithographs--Color--1880-1890.", "Periodical illustrations--1880-1890."]}, {"source_created": "2012-08-08T00:00:00Z", "index": 9, "medium": "1 print : chromolithograph.", "reproduction_number": "LC-DIG-ppmsca-29053 (digital file from original print)", "links": {"item": "https://www.loc.gov/pictures/item/2012648672/", "resource": "https://www.loc.gov/pictures/item/2012648672/resource/"}, "title": "Darn ye both!", "image": {"alt": "digitized item thumbnail", "full": "https://tile.loc.gov/storage-services/service/pnp/ppmsca/29000/29053r.jpg", "square": "https://tile.loc.gov/storage-services/service/pnp/ppmsca/29000/29053_75x75px.jpg", "thumb": "https://tile.loc.gov/storage-services/service/pnp/ppmsca/29000/29053_150px.jpg"}, "created": "2019-05-06T00:00:00Z", "modified": "2019-05-06T00:00:00Z", "collection": ["cph", "diof", "pp"], "creator": "Keppler, Udo J., 1872-1956", "call_number": "Illus. in AP101.P7 1894 (Case X) [P&P]", "medium_brief": "1 print :", "source_modified": "2012-08-08T00:00:00Z", "pk": "2012648672", "created_published_date": "1894 November 7.", "subjects": ["American Protective Association.", "Anti-Catholicism--1890-1900.", "Public schools--1890-1900.", "Church & state--1890-1900.", "Religious tolerance--1890-1900.", "Avarice--1890-1900.", "Clergy--1890-1900.", "Cartoons (Commentary)--1890-1900.", "Chromolithographs--Color--1890-1900.", "Periodical illustrations--1890-1900."]}, {"source_created": "2012-08-17T00:00:00Z", "index": 10, "medium": "1 print : chromolithograph.", "reproduction_number": "LC-DIG-ppmsca-29169 (digital file from original print)", "links": {"item": "https://www.loc.gov/pictures/item/2012648747/", "resource": "https://www.loc.gov/pictures/item/2012648747/resource/"}, "title": "A picture without words", "image": {"alt": "digitized item thumbnail", "full": "https://tile.loc.gov/storage-services/service/pnp/ppmsca/29100/29169r.jpg", "square": "https://tile.loc.gov/storage-services/service/pnp/ppmsca/29100/29169_75x75px.jpg", "thumb": "https://tile.loc.gov/storage-services/service/pnp/ppmsca/29100/29169_150px.jpg"}, "created": "2019-05-06T00:00:00Z", "modified": "2019-05-06T00:00:00Z", "collection": ["cph", "diof", "pp"], "creator": "Graetz, F. (Friedrich), approximately 1840-approximately 1913", "call_number": "Illus. in AP101.P7 1894 (Case X) [P&P]", "medium_brief": "1 print :", "source_modified": "2013-06-10T00:00:00Z", "pk": "2012648747", "created_published_date": "1894 January 3.", "subjects": ["Anti-Catholicism--1890-1900.", "Catholicism--1890-1900.", "Public schools--1890-1900.", "Religious tolerance--1890-1900.", "Liberty--1890-1900.", "Tigers--1890-1900.", "Pets--1890-1900.", "Cartoons (Commentary)--1890-1900.", "Chromolithographs--Color--1890-1900.", "Periodical illustrations--1890-1900."]}]}