{"search": {"field": "subject", "hits": 287, "sort_order": null, "do_facets": true, "focus_item": null, "query": "Locomotion", "type": "search", "sort_by": null}, "focus": null, "views": {"current": "list", "grid": "https://www.loc.gov/pictures/search/?q=Locomotion&fi=subject&va=exact&st=grid&op=PHRASE", "list": "https://www.loc.gov/pictures/search/?q=Locomotion&fi=subject&op=PHRASE&va=exact", "gallery": "https://www.loc.gov/pictures/search/?q=Locomotion&fi=subject&va=exact&st=gallery&op=PHRASE", "slideshow": "https://www.loc.gov/pictures/search/?q=Locomotion&fi=subject&va=exact&st=slideshow&op=PHRASE"}, "facets": [{"type": "displayed", "filters": [{"count": 280, "on": "https://www.loc.gov/pictures/search/?va=exact&sp=1&q=Locomotion&fa=displayed%3Aanywhere&fi=subject&op=PHRASE&fo=json", "selected": false, "off": "https://www.loc.gov/pictures/search/?va=exact&sp=1&q=Locomotion&fi=subject&fo=json&op=PHRASE", "title": "Larger image available anywhere"}, {"count": 3, "on": "https://www.loc.gov/pictures/search/?va=exact&sp=1&q=Locomotion&fa=displayed%3Alc_only&fi=subject&op=PHRASE&fo=json", "selected": false, "off": "https://www.loc.gov/pictures/search/?va=exact&sp=1&q=Locomotion&fi=subject&fo=json&op=PHRASE", "title": "Larger image available only at the Library of Congress"}, {"count": 4, "on": "https://www.loc.gov/pictures/search/?va=exact&sp=1&q=Locomotion&fa=displayed%3Anot_digitized&fi=subject&op=PHRASE&fo=json", "selected": false, "off": "https://www.loc.gov/pictures/search/?va=exact&sp=1&q=Locomotion&fi=subject&fo=json&op=PHRASE", "title": "Not Digitized"}], "title": "displayed"}], "links": {"json": "//www.loc.gov/pictures/search/?fi=subject&q=Locomotion&op=PHRASE&va=exact&fo=json", "html": "//www.loc.gov/pictures/search/?fi=subject&q=Locomotion&op=PHRASE&va=exact", "rss": "//www.loc.gov/pictures/search/?fi=subject&q=Locomotion&op=PHRASE&va=exact&fo=rss"}, "suggestions": {"possible": []}, "pages": {"current": 1, "next": "https://www.loc.gov/pictures/search/?q=Locomotion&fi=subject&sp=2&op=PHRASE&va=exact", "perpage": 20, "last": "https://www.loc.gov/pictures/search/?q=Locomotion&fi=subject&sp=15&op=PHRASE&va=exact", "page_list": [{"url": null, "number": 1}, {"url": "https://www.loc.gov/pictures/search/?q=Locomotion&fi=subject&sp=2&op=PHRASE&va=exact", "number": 2}, {"url": "https://www.loc.gov/pictures/search/?q=Locomotion&fi=subject&sp=3&op=PHRASE&va=exact", "number": 3}, {"url": "https://www.loc.gov/pictures/search/?q=Locomotion&fi=subject&sp=4&op=PHRASE&va=exact", "number": 4}, {"url": "https://www.loc.gov/pictures/search/?q=Locomotion&fi=subject&sp=5&op=PHRASE&va=exact", "number": 5}, {"url": "https://www.loc.gov/pictures/search/?q=Locomotion&fi=subject&sp=6&op=PHRASE&va=exact", "number": "..."}, {"url": "https://www.loc.gov/pictures/search/?q=Locomotion&fi=subject&sp=15&op=PHRASE&va=exact", "number": 15}], "previous": null, "total": 15, "results": "1 - 20", "first": null}, "collection": null, "results": [{"source_created": "2009-01-14T00:00:00Z", "index": 1, "medium": "1 photographic print : albumen.", "reproduction_number": "LC-USZC4-13854 (color film copy transparency)", "links": {"item": "https://www.loc.gov/pictures/item/2009631273/", "resource": "https://www.loc.gov/pictures/item/2009631273/resource/"}, "title": "Horses. Running--Horses. Running--Horses. Running--Horses. Walking--Athletes. Running", "image": {"alt": "digitized item thumbnail", "full": "https://tile.loc.gov/storage-services/service/pnp/cph/3g10000/3g13000/3g13800/3g13854r.jpg", "square": "https://tile.loc.gov/storage-services/service/pnp/cph/3g10000/3g13000/3g13800/3g13854_75x75px.jpg", "thumb": "https://tile.loc.gov/storage-services/service/pnp/cph/3g10000/3g13000/3g13800/3g13854_150px.jpg"}, "created": "2016-04-20T00:00:00Z", "modified": "2016-04-20T00:00:00Z", "collection": ["cph", "diof", "pp"], "creator": "Muybridge, Eadweard, 1830-1904", "call_number": "Illus. in QP301 .M75 (Case X) [P&P]", "medium_brief": "1 photographic print :", "source_modified": "2013-12-31T00:00:00Z", "pk": "2009631273", "created_published_date": "c1881.", "subjects": ["Horseback riding--California--Palo Alto--1870-1880.", "Walking--California--Palo Alto--1870-1880.", "Running--California--Palo Alto--1870-1880.", "Athletes--California--Palo Alto--1870-1880.", "Horses--California--Palo Alto--1870-1880.", "Human locomotion--California--Palo Alto--1870-1880.", "Animal locomotion--California--Palo Alto--1870-1880.", "Albumen prints--1880-1890.", "Book illustrations--1880-1890.", "Motion study photographs--1880-1890."]}, {"source_created": "1992-01-28T00:00:00Z", "index": 2, "medium": "1 photomechanical print : collotype.", "reproduction_number": "LC-USZ62-102943 (b&w film copy neg.)", "links": {"item": "https://www.loc.gov/pictures/item/92502023/", "resource": "https://www.loc.gov/pictures/item/92502023/resource/"}, "title": "Animal locomotion", "image": {"alt": "digitized item thumbnail", "full": "https://tile.loc.gov/storage-services/service/pnp/cph/3c00000/3c02000/3c02900/3c02943r.jpg", "square": "https://tile.loc.gov/storage-services/service/pnp/cph/3c00000/3c02000/3c02900/3c02943_75x75px.jpg", "thumb": "https://tile.loc.gov/storage-services/service/pnp/cph/3c00000/3c02000/3c02900/3c02943_150px.jpg"}, "created": "2016-04-20T00:00:00Z", "modified": "2016-04-20T00:00:00Z", "collection": ["cph", "diof", "pp"], "creator": "Muybridge, Eadweard, 1830-1904", "call_number": "LOT 3309, plate 324 <item> [P&P]", "medium_brief": "1 photomechanical print :", "source_modified": "2014-12-16T00:00:00Z", "pk": "92502023", "created_published_date": "c1887.", "subjects": ["Human locomotion--1880-1890.", "Weight lifting--1880-1890.", "Photography--1880-1890.", "Locomotion--1880-1890.", "Book illustrations--1880-1890.", "Collotypes--1880-1890.", "Motion study photographs--Reproductions--1880-1890."]}, {"source_created": "1992-02-03T00:00:00Z", "index": 3, "medium": "1 photomechanical print : collotype.", "reproduction_number": "LC-USZ62-103034 (b&w film copy neg.)", "links": {"item": "https://www.loc.gov/pictures/item/92502815/", "resource": "https://www.loc.gov/pictures/item/92502815/resource/"}, "title": "Animal locomotion", "image": {"alt": "digitized item thumbnail", "full": "https://tile.loc.gov/storage-services/service/pnp/cph/3c00000/3c03000/3c03000/3c03034r.jpg", "square": "https://tile.loc.gov/storage-services/service/pnp/cph/3c00000/3c03000/3c03000/3c03034_75x75px.jpg", "thumb": "https://tile.loc.gov/storage-services/service/pnp/cph/3c00000/3c03000/3c03000/3c03034_150px.jpg"}, "created": "2016-04-20T00:00:00Z", "modified": "2016-04-20T00:00:00Z", "collection": ["cph", "diof", "pp"], "creator": "Muybridge, Eadweard, 1830-1904", "call_number": "LOT 3309, plate 52 <item> [P&P]", "medium_brief": "1 photomechanical print :", "source_modified": "2014-12-16T00:00:00Z", "pk": "92502815", "created_published_date": "c1887.", "subjects": ["Human locomotion--1880-1890.", "Children & adults--1880-1890.", "Photography--1880-1890.", "Locomotion--1880-1890.", "Book illustrations--1880-1890.", "Collotypes--1880-1890.", "Motion study photographs--Reproductions--1880-1890."]}, {"source_created": "1992-02-03T00:00:00Z", "index": 4, "medium": "1 photomechanical print : collotype.", "reproduction_number": "LC-USZ62-103035 (b&w film copy neg.)", "links": {"item": "https://www.loc.gov/pictures/item/92502817/", "resource": "https://www.loc.gov/pictures/item/92502817/resource/"}, "title": "Animal locomotion", "image": {"alt": "digitized item thumbnail", "full": "https://tile.loc.gov/storage-services/service/pnp/cph/3c00000/3c03000/3c03000/3c03035r.jpg", "square": "https://tile.loc.gov/storage-services/service/pnp/cph/3c00000/3c03000/3c03000/3c03035_75x75px.jpg", "thumb": "https://tile.loc.gov/storage-services/service/pnp/cph/3c00000/3c03000/3c03000/3c03035_150px.jpg"}, "created": "2016-04-20T00:00:00Z", "modified": "2016-04-20T00:00:00Z", "collection": ["cph", "diof", "pp"], "creator": "Muybridge, Eadweard, 1830-1904", "call_number": "LOT 3309, plate 161 <item> [P&P]", "medium_brief": "1 photomechanical print :", "source_modified": "2014-12-16T00:00:00Z", "pk": "92502817", "created_published_date": "c1887.", "subjects": ["Human locomotion--1880-1890.", "Jumping--1880-1890.", "Photography--1880-1890.", "Locomotion--1880-1890.", "Book illustrations--1880-1890.", "Collotypes--1880-1890.", "Motion study photographs--Reproductions--1880-1890."]}, {"source_created": "1992-02-03T00:00:00Z", "index": 5, "medium": "1 photomechanical print : collotype.", "reproduction_number": "LC-USZ62-103038 (b&w film copy neg.)", "links": {"item": "https://www.loc.gov/pictures/item/92502823/", "resource": "https://www.loc.gov/pictures/item/92502823/resource/"}, "title": "Animal locomotion", "image": {"alt": "digitized item thumbnail", "full": "https://tile.loc.gov/storage-services/service/pnp/cph/3c00000/3c03000/3c03000/3c03038r.jpg", "square": "https://tile.loc.gov/storage-services/service/pnp/cph/3c00000/3c03000/3c03000/3c03038_75x75px.jpg", "thumb": "https://tile.loc.gov/storage-services/service/pnp/cph/3c00000/3c03000/3c03000/3c03038_150px.jpg"}, "created": "2016-04-20T00:00:00Z", "modified": "2016-04-20T00:00:00Z", "collection": ["cph", "diof", "pp"], "creator": "Muybridge, Eadweard, 1830-1904", "call_number": "LOT 3309, plate 322 <item> [P&P]", "medium_brief": "1 photomechanical print :", "source_modified": "2014-12-16T00:00:00Z", "pk": "92502823", "created_published_date": "c1887.", "subjects": ["Human locomotion--1880-1890.", "Weight lifting--1880-1890.", "Photography--1880-1890.", "Locomotion--1880-1890.", "Book illustrations--1880-1890.", "Collotypes--1880-1890.", "Motion study photographs--Reproductions--1880-1890."]}, {"source_created": "1992-02-03T00:00:00Z", "index": 6, "medium": "1 photomechanical print : collotype.", "reproduction_number": "LC-USZ62-103047 (b&w film copy neg.)", "links": {"item": "https://www.loc.gov/pictures/item/92502833/", "resource": "https://www.loc.gov/pictures/item/92502833/resource/"}, "title": "Animal locomotion", "image": {"alt": "digitized item thumbnail", "full": "https://tile.loc.gov/storage-services/service/pnp/cph/3c00000/3c03000/3c03000/3c03047r.jpg", "square": "https://tile.loc.gov/storage-services/service/pnp/cph/3c00000/3c03000/3c03000/3c03047_75x75px.jpg", "thumb": "https://tile.loc.gov/storage-services/service/pnp/cph/3c00000/3c03000/3c03000/3c03047_150px.jpg"}, "created": "2016-04-20T00:00:00Z", "modified": "2016-04-20T00:00:00Z", "collection": ["cph", "diof", "pp"], "creator": "Muybridge, Eadweard, 1830-1904", "call_number": "LOT 3309, plate 538 <item> [P&P]", "medium_brief": "1 photomechanical print :", "source_modified": "2014-12-16T00:00:00Z", "pk": "92502833", "created_published_date": "c1887.", "subjects": ["Human locomotion--1880-1890.", "Sitting--1880-1890.", "Amputees--1880-1890.", "Photography--1880-1890.", "Locomotion--1880-1890.", "Book illustrations--1880-1890.", "Collotypes--1880-1890.", "Motion study photographs--Reproductions--1880-1890."]}, {"source_created": "1998-08-20T00:00:00Z", "index": 7, "medium": "1 photomechanical print : collotype.", "reproduction_number": "LC-USZ62-121045 (b&w film copy neg.)", "links": {"item": "https://www.loc.gov/pictures/item/98514123/", "resource": "https://www.loc.gov/pictures/item/98514123/resource/"}, "title": "Animal locomotion", "image": {"alt": "digitized item thumbnail", "full": "https://tile.loc.gov/storage-services/service/pnp/cph/3c20000/3c21000/3c21000/3c21045r.jpg", "square": "https://tile.loc.gov/storage-services/service/pnp/cph/3c20000/3c21000/3c21000/3c21045_75x75px.jpg", "thumb": "https://tile.loc.gov/storage-services/service/pnp/cph/3c20000/3c21000/3c21000/3c21045_150px.jpg"}, "created": "2016-04-20T00:00:00Z", "modified": "2016-04-20T00:00:00Z", "collection": ["cph", "diof", "pp"], "creator": "Muybridge, Eadweard, 1830-1904", "call_number": "LOT 3309, plate 173 <item> [P&P]", "medium_brief": "1 photomechanical print :", "source_modified": "2014-12-16T00:00:00Z", "pk": "98514123", "created_published_date": "c1887 Jun 13.", "subjects": ["Human locomotion--1880-1890.", "Women--1880-1890.", "Walking--1880-1890.", "Human locomotion--1880-1890.", "Book illustrations--1880-1890.", "Collotypes--1880-1890.", "Motion study photographs--1880-1890."]}, {"source_created": "2000-07-05T00:00:00Z", "index": 8, "medium": "1 photomechanical print : collotype.", "reproduction_number": "LC-USZ62-126594 (b&w film copy neg.)", "links": {"item": "https://www.loc.gov/pictures/item/00651171/", "resource": "https://www.loc.gov/pictures/item/00651171/resource/"}, "title": "Animal locomotion", "image": {"alt": "digitized item thumbnail", "full": "https://tile.loc.gov/storage-services/service/pnp/cph/3c20000/3c26000/3c26500/3c26594r.jpg", "square": "https://tile.loc.gov/storage-services/service/pnp/cph/3c20000/3c26000/3c26500/3c26594_75x75px.jpg", "thumb": "https://tile.loc.gov/storage-services/service/pnp/cph/3c20000/3c26000/3c26500/3c26594_150px.jpg"}, "created": "2016-04-21T00:00:00Z", "modified": "2016-04-21T00:00:00Z", "collection": ["cph", "diof", "exh", "l4105", "pp"], "creator": "Muybridge, Eadweard, 1830-1904", "call_number": "LOT 3309, plate 593 [P&P]", "medium_brief": "1 photomechanical print :", "source_modified": "2014-12-16T00:00:00Z", "pk": "00651171", "created_published_date": "c1887.", "subjects": ["Animal locomotion--1880-1890.", "Horseback riding--1880-1890.", "Running--1880-1890.", "Photography--1880-1890.", "Animal locomotion--1880-1890.", "Book illustrations--1880-1890.", "Collotypes--1880-1890.", "Motion study photographs--Reproductions--1880-1890."]}, {"source_created": "1979-09-11T00:00:00Z", "index": 9, "medium": "3 v. (xlii, 1597 p.) : chiefly ill. ; 33 cm.", "reproduction_number": "", "links": {"item": "https://www.loc.gov/pictures/item/79051299/", "resource": null}, "title": "Muybridge's Complete human and animal locomotion : all 781 plates from the 1887 Animal locomotion /", "image": {"alt": "item not digitized thumbnail", "full": "https://www.loc.gov/pictures/static/images/item/500x500_notdigitized.png", "square": "https://www.loc.gov/pictures/static/images/item/not_digitized_buttons75X75.png", "thumb": "https://www.loc.gov/pictures/static/images/item/notdigitized_buttons140X120.png"}, "created": "2016-04-21T00:00:00Z", "modified": "2016-04-21T00:00:00Z", "collection": null, "creator": "Muybridge, Eadweard, 1830-1904.", "call_number": "QP301 .M82 1979 [General Collections] Copy 1", "medium_brief": "3 v. (xlii, 1597 p.) :", "source_modified": "2007-03-06T00:00:00Z", "pk": "79051299", "created_published_date": "c1979.", "subjects": ["Human locomotion--Pictorial works.", "Animal locomotion--Pictorial works."]}, {"source_created": "1992-02-03T00:00:00Z", "index": 10, "medium": "1 photomechanical print : collotype.", "reproduction_number": "LC-USZ62-103033 (b&w film copy neg.)", "links": {"item": "https://www.loc.gov/pictures/item/92502812/", "resource": "https://www.loc.gov/pictures/item/92502812/resource/"}, "title": "Animal locomotion", "image": {"alt": "digitized item thumbnail", "full": "https://tile.loc.gov/storage-services/service/pnp/cph/3c00000/3c03000/3c03000/3c03033r.jpg", "square": "https://tile.loc.gov/storage-services/service/pnp/cph/3c00000/3c03000/3c03000/3c03033_75x75px.jpg", "thumb": "https://tile.loc.gov/storage-services/service/pnp/cph/3c00000/3c03000/3c03000/3c03033_150px.jpg"}, "created": "2016-04-21T00:00:00Z", "modified": "2016-04-21T00:00:00Z", "collection": ["cph", "diof", "pp"], "creator": "Muybridge, Eadweard, 1830-1904", "call_number": "LOT 3309, plate 489 <item> [P&P]", "medium_brief": "1 photomechanical print :", "source_modified": "2014-12-16T00:00:00Z", "pk": "92502812", "created_published_date": "c1887.", "subjects": ["Animal locomotion--1880-1890.", "Walking--1880-1890.", "Photography--1880-1890.", "Locomotion--1880-1890.", "Book illustrations--1880-1890.", "Collotypes--1880-1890.", "Motion study photographs--Reproductions--1880-1890."]}, {"source_created": "1992-02-03T00:00:00Z", "index": 11, "medium": "1 photomechanical print : collotype.", "reproduction_number": "LC-USZ62-103039 (b&w film copy neg.)", "links": {"item": "https://www.loc.gov/pictures/item/92502824/", "resource": "https://www.loc.gov/pictures/item/92502824/resource/"}, "title": "Animal locomotion", "image": {"alt": "digitized item thumbnail", "full": "https://tile.loc.gov/storage-services/service/pnp/cph/3c00000/3c03000/3c03000/3c03039r.jpg", "square": "https://tile.loc.gov/storage-services/service/pnp/cph/3c00000/3c03000/3c03000/3c03039_75x75px.jpg", "thumb": "https://tile.loc.gov/storage-services/service/pnp/cph/3c00000/3c03000/3c03000/3c03039_150px.jpg"}, "created": "2016-04-21T00:00:00Z", "modified": "2016-04-21T00:00:00Z", "collection": ["cph", "diof", "pp"], "creator": "Muybridge, Eadweard, 1830-1904", "call_number": "LOT 3309, plate 327 <item> [P&P]", "medium_brief": "1 photomechanical print :", "source_modified": "2014-12-16T00:00:00Z", "pk": "92502824", "created_published_date": "c1887.", "subjects": ["Human locomotion--1880-1890.", "Rowing--1880-1890.", "Photography--1880-1890.", "Locomotion--1880-1890.", "Book illustrations--1880-1890.", "Collotypes--1880-1890.", "Motion study photographs--Reproductions--1880-1890."]}, {"source_created": "1992-02-03T00:00:00Z", "index": 12, "medium": "1 photomechanical print : collotype.", "reproduction_number": "LC-USZ62-103043 (b&w film copy neg.)", "links": {"item": "https://www.loc.gov/pictures/item/92502829/", "resource": "https://www.loc.gov/pictures/item/92502829/resource/"}, "title": "Animal locomotion", "image": {"alt": "digitized item thumbnail", "full": "https://tile.loc.gov/storage-services/service/pnp/cph/3c00000/3c03000/3c03000/3c03043r.jpg", "square": "https://tile.loc.gov/storage-services/service/pnp/cph/3c00000/3c03000/3c03000/3c03043_75x75px.jpg", "thumb": "https://tile.loc.gov/storage-services/service/pnp/cph/3c00000/3c03000/3c03000/3c03043_150px.jpg"}, "created": "2016-04-21T00:00:00Z", "modified": "2016-04-21T00:00:00Z", "collection": ["cph", "diof", "pp"], "creator": "Muybridge, Eadweard, 1830-1904", "call_number": "LOT 3309, plate 263 <item> [P&P]", "medium_brief": "1 photomechanical print :", "source_modified": "2014-12-16T00:00:00Z", "pk": "92502829", "created_published_date": "c1887.", "subjects": ["Human locomotion--1880-1890.", "Sleeping--1880-1890.", "Photography--1880-1890.", "Locomotion--1880-1890.", "Book illustrations--1880-1890.", "Collotypes--1880-1890.", "Motion study photographs--Reproductions--1880-1890."]}, {"source_created": "1992-02-03T00:00:00Z", "index": 13, "medium": "1 photomechanical print : collotype.", "reproduction_number": "LC-USZ62-103048 (b&w film copy neg.)", "links": {"item": "https://www.loc.gov/pictures/item/92502834/", "resource": "https://www.loc.gov/pictures/item/92502834/resource/"}, "title": "Animal locomotion", "image": {"alt": "digitized item thumbnail", "full": "https://tile.loc.gov/storage-services/service/pnp/cph/3c00000/3c03000/3c03000/3c03048r.jpg", "square": "https://tile.loc.gov/storage-services/service/pnp/cph/3c00000/3c03000/3c03000/3c03048_75x75px.jpg", "thumb": "https://tile.loc.gov/storage-services/service/pnp/cph/3c00000/3c03000/3c03000/3c03048_150px.jpg"}, "created": "2016-04-21T00:00:00Z", "modified": "2016-04-21T00:00:00Z", "collection": ["cph", "diof", "pp"], "creator": "Muybridge, Eadweard, 1830-1904", "call_number": "LOT 3309, plate 541 <item> [P&P]", "medium_brief": "1 photomechanical print :", "source_modified": "2014-12-16T00:00:00Z", "pk": "92502834", "created_published_date": "c1887.", "subjects": ["Human locomotion--1880-1890.", "Walking--1880-1890.", "Handicapped persons--1880-1890.", "Photography--1880-1890.", "Locomotion--1880-1890.", "Book illustrations--1880-1890.", "Collotypes--1880-1890.", "Motion study photographs--Reproductions--1880-1890."]}, {"source_created": "1981-02-26T00:00:00Z", "index": 14, "medium": "16 v. 781 plates 49 x 63 cm.", "reproduction_number": "", "links": {"item": "https://www.loc.gov/pictures/item/31004968/", "resource": "https://www.loc.gov/pictures/item/31004968/resource/"}, "title": "Animal locomotion : An electro-photographic investigation of consecutive phases of animal movements. 1872-1885 /", "image": {"alt": "digitized item thumbnail", "full": "https://tile.loc.gov/storage-services/service/pnp/cph/3c30000/3c30000/3c30200/3c30279_150px.jpg", "square": "https://tile.loc.gov/storage-services/service/pnp/cph/3c30000/3c30000/3c30200/3c30279_75x75px.jpg", "thumb": "https://tile.loc.gov/storage-services/service/pnp/cph/3c30000/3c30000/3c30200/3c30279_150px.jpg"}, "created": "2020-06-30T06:40:21Z", "modified": "2021-04-20T11:04:20Z", "collection": ["coll", "pp", "rblacfederal", "reconlot2"], "creator": "Muybridge, Eadweard, 1830-1904.", "call_number": "QP301 .M8 Plates [Rare Book RR] Copy 1 LOT 3309 Copy 2 (incomplete) (H) [P&P]", "medium_brief": "16 v.", "source_modified": "2020-06-25T09:59:10Z", "pk": "31004968", "created_published_date": "1887.", "subjects": ["Animal locomotion.", "Human locomotion.", "Photographically illustrated books--1880-1890.", "Photogravures--New York (N.Y.)--1880-1890."]}, {"source_created": "2000-06-07T00:00:00Z", "index": 15, "medium": "1 print : lithograph, color.", "reproduction_number": "LC-DIG-ppmsca-05949 (digital file from original print)\nLC-USZC4-7690 (color film copy transparency)", "links": {"item": "https://www.loc.gov/pictures/item/00650865/", "resource": "https://www.loc.gov/pictures/item/00650865/resource/"}, "title": "The zoopraxiscope - a couple waltzing", "image": {"alt": "digitized item thumbnail", "full": "https://tile.loc.gov/storage-services/service/pnp/ppmsca/05900/05949r.jpg", "square": "https://tile.loc.gov/storage-services/service/pnp/ppmsca/05900/05949_75x75px.jpg", "thumb": "https://tile.loc.gov/storage-services/service/pnp/ppmsca/05900/05949_150px.jpg"}, "created": "2016-04-20T00:00:00Z", "modified": "2016-04-20T00:00:00Z", "collection": ["11d", "cph", "diof", "exh", "l4491", "pp"], "creator": "Muybridge, Eadweard, 1830-1904", "call_number": "LOT 10440, no. 2 [item] [P&P]", "medium_brief": "1 print :", "source_modified": "2014-12-16T00:00:00Z", "pk": "00650865", "created_published_date": "c1893.", "subjects": ["Dance--1890-1900.", "Human Locomotion--1890-1900.", "Optical illusions--1890-1900.", "Lithographs--Color--1890-1900.", "Optical toys--1890-1900."]}, {"source_created": "2000-06-01T00:00:00Z", "index": 16, "medium": "1 print on disc : lithograph, hand-colored ; 24 cm.", "reproduction_number": "LC-USZC4-8092 (color film copy transparency)", "links": {"item": "https://www.loc.gov/pictures/item/00651158/", "resource": "https://www.loc.gov/pictures/item/00651158/resource/"}, "title": "[Optical illusion disc with man jumping rope and a man sticking out his tongue]", "image": {"alt": "digitized item thumbnail", "full": "https://tile.loc.gov/storage-services/service/pnp/cph/3g00000/3g08000/3g08000/3g08092r.jpg", "square": "https://tile.loc.gov/storage-services/service/pnp/cph/3g00000/3g08000/3g08000/3g08092_75x75px.jpg", "thumb": "https://tile.loc.gov/storage-services/service/pnp/cph/3g00000/3g08000/3g08000/3g08092_150px.jpg"}, "created": "2016-04-20T00:00:00Z", "modified": "2016-04-20T00:00:00Z", "collection": ["cph", "diof", "exh", "l4105", "pp"], "creator": null, "call_number": "LOT 10527, no. 2 [P&P]", "medium_brief": "1 print on disc :", "source_modified": "2011-01-06T00:00:00Z", "pk": "00651158", "created_published_date": "1833]", "subjects": ["Human locomotion--1830-1840.", "Optical illusions--1830-1840.", "Lithographs--Hand-colored--1830-1840.", "Optical toys--English--1830-1840."]}, {"source_created": "2000-06-01T00:00:00Z", "index": 17, "medium": "1 print on disc : lithograph, hand-colored ; 24 cm.", "reproduction_number": "LC-USZC4-8089 (color film copy transparency)", "links": {"item": "https://www.loc.gov/pictures/item/00651159/", "resource": "https://www.loc.gov/pictures/item/00651159/resource/"}, "title": "[Optical illusion disc with two men throwing and catching cakes and stars]", "image": {"alt": "digitized item thumbnail", "full": "https://tile.loc.gov/storage-services/service/pnp/cph/3g00000/3g08000/3g08000/3g08089r.jpg", "square": "https://tile.loc.gov/storage-services/service/pnp/cph/3g00000/3g08000/3g08000/3g08089_75x75px.jpg", "thumb": "https://tile.loc.gov/storage-services/service/pnp/cph/3g00000/3g08000/3g08000/3g08089_150px.jpg"}, "created": "2016-04-20T00:00:00Z", "modified": "2016-04-20T00:00:00Z", "collection": ["cph", "diof", "exh", "l4105", "pp"], "creator": null, "call_number": "LOT 10527, no. 3 [P&P]", "medium_brief": "1 print on disc :", "source_modified": "2011-01-06T00:00:00Z", "pk": "00651159", "created_published_date": "1833]", "subjects": ["Human locomotion--1830-1840.", "Optical illusions--1830-1840.", "Lithographs--Hand-colored--1830-1840.", "Optical toys--English--1830-1840."]}, {"source_created": "2000-06-01T00:00:00Z", "index": 18, "medium": "1 print on disc : lithograph, hand-colored ; 24 cm.", "reproduction_number": "LC-USZC4-8090 (color film copy transparency)", "links": {"item": "https://www.loc.gov/pictures/item/00651160/", "resource": "https://www.loc.gov/pictures/item/00651160/resource/"}, "title": "[Optical illusion disc with a face catching a ball and a man with blackface taking a bow]", "image": {"alt": "digitized item thumbnail", "full": "https://tile.loc.gov/storage-services/service/pnp/cph/3g00000/3g08000/3g08000/3g08090r.jpg", "square": "https://tile.loc.gov/storage-services/service/pnp/cph/3g00000/3g08000/3g08000/3g08090_75x75px.jpg", "thumb": "https://tile.loc.gov/storage-services/service/pnp/cph/3g00000/3g08000/3g08000/3g08090_150px.jpg"}, "created": "2016-04-20T00:00:00Z", "modified": "2016-04-20T00:00:00Z", "collection": ["cph", "diof", "exh", "l4105", "pp"], "creator": null, "call_number": "LOT 10527, no. 4 [P&P]", "medium_brief": "1 print on disc :", "source_modified": "2011-01-06T00:00:00Z", "pk": "00651160", "created_published_date": "1833]", "subjects": ["Human locomotion--1830-1840.", "Optical illusions--1830-1840.", "Lithographs--Hand-colored--1830-1840.", "Optical toys--English--1830-1840."]}, {"source_created": "2000-06-01T00:00:00Z", "index": 19, "medium": "1 print on disc : lithograph, hand-colored ; 24 cm.", "reproduction_number": "LC-USZC4-8093 (color film copy transparency)", "links": {"item": "https://www.loc.gov/pictures/item/00651162/", "resource": "https://www.loc.gov/pictures/item/00651162/resource/"}, "title": "[Optical illusion disc with man pumping water]", "image": {"alt": "digitized item thumbnail", "full": "https://tile.loc.gov/storage-services/service/pnp/cph/3g00000/3g08000/3g08000/3g08093r.jpg", "square": "https://tile.loc.gov/storage-services/service/pnp/cph/3g00000/3g08000/3g08000/3g08093_75x75px.jpg", "thumb": "https://tile.loc.gov/storage-services/service/pnp/cph/3g00000/3g08000/3g08000/3g08093_150px.jpg"}, "created": "2016-04-20T00:00:00Z", "modified": "2016-04-20T00:00:00Z", "collection": ["cph", "diof", "exh", "l4105", "pp"], "creator": null, "call_number": "LOT 10527, no. 6 [P&P]", "medium_brief": "1 print on disc :", "source_modified": "2011-01-06T00:00:00Z", "pk": "00651162", "created_published_date": "1833.", "subjects": ["Human locomotion--1830-1840.", "Water pumps--1830-1840.", "Optical illusions--1830-1840.", "Lithographs--Hand-colored--1830-1840.", "Optical toys--English--1830-1840."]}, {"source_created": "2000-06-01T00:00:00Z", "index": 20, "medium": "1 print on disc : lithograph, hand-colored ; 24 cm.", "reproduction_number": "LC-USZC4-8086 (color film copy transparency)", "links": {"item": "https://www.loc.gov/pictures/item/00651163/", "resource": "https://www.loc.gov/pictures/item/00651163/resource/"}, "title": "The bogle", "image": {"alt": "digitized item thumbnail", "full": "https://tile.loc.gov/storage-services/service/pnp/cph/3g00000/3g08000/3g08000/3g08086r.jpg", "square": "https://tile.loc.gov/storage-services/service/pnp/cph/3g00000/3g08000/3g08000/3g08086_75x75px.jpg", "thumb": "https://tile.loc.gov/storage-services/service/pnp/cph/3g00000/3g08000/3g08000/3g08086_150px.jpg"}, "created": "2016-04-20T00:00:00Z", "modified": "2016-04-20T00:00:00Z", "collection": ["cph", "diof", "exh", "l4105", "pp"], "creator": null, "call_number": "LOT 10527, no. 7 [P&P]", "medium_brief": "1 print on disc :", "source_modified": "2011-01-06T00:00:00Z", "pk": "00651163", "created_published_date": "[1833]", "subjects": ["Human locomotion--1830-1840.", "Optical illusions--1830-1840.", "Lithographs--Hand-colored--1830-1840.", "Optical toys--English--1830-1840."]}]}