{"search": {"field": "subject", "hits": 1, "sort_order": null, "do_facets": true, "focus_item": null, "query": "Kaposi's sarcoma", "type": "search", "sort_by": null}, "focus": null, "views": {"current": "list", "grid": "https://www.loc.gov/pictures/search/?q=Kaposi%27s+sarcoma&fi=subject&va=exact&st=grid&op=PHRASE", "list": "https://www.loc.gov/pictures/search/?q=Kaposi%27s+sarcoma&fi=subject&op=PHRASE&va=exact", "gallery": "https://www.loc.gov/pictures/search/?q=Kaposi%27s+sarcoma&fi=subject&va=exact&st=gallery&op=PHRASE", "slideshow": "https://www.loc.gov/pictures/search/?q=Kaposi%27s+sarcoma&fi=subject&va=exact&st=slideshow&op=PHRASE"}, "facets": [{"type": "displayed", "filters": [{"count": 0, "on": "https://www.loc.gov/pictures/search/?va=exact&sp=1&q=Kaposi%27s+sarcoma&fa=displayed%3Aanywhere&fi=subject&op=PHRASE&fo=json", "selected": false, "off": "https://www.loc.gov/pictures/search/?va=exact&sp=1&q=Kaposi%27s+sarcoma&fi=subject&fo=json&op=PHRASE", "title": "Larger image available anywhere"}, {"count": 1, "on": "https://www.loc.gov/pictures/search/?va=exact&sp=1&q=Kaposi%27s+sarcoma&fa=displayed%3Alc_only&fi=subject&op=PHRASE&fo=json", "selected": false, "off": "https://www.loc.gov/pictures/search/?va=exact&sp=1&q=Kaposi%27s+sarcoma&fi=subject&fo=json&op=PHRASE", "title": "Larger image available only at the Library of Congress"}, {"count": 0, "on": "https://www.loc.gov/pictures/search/?va=exact&sp=1&q=Kaposi%27s+sarcoma&fa=displayed%3Anot_digitized&fi=subject&op=PHRASE&fo=json", "selected": false, "off": "https://www.loc.gov/pictures/search/?va=exact&sp=1&q=Kaposi%27s+sarcoma&fi=subject&fo=json&op=PHRASE", "title": "Not Digitized"}], "title": "displayed"}], "links": {"json": "//www.loc.gov/pictures/search/?fi=subject&q=Kaposi%27s+sarcoma&op=PHRASE&va=exact&fo=json", "html": "//www.loc.gov/pictures/search/?fi=subject&q=Kaposi%27s+sarcoma&op=PHRASE&va=exact", "rss": "//www.loc.gov/pictures/search/?fi=subject&q=Kaposi%27s+sarcoma&op=PHRASE&va=exact&fo=rss"}, "suggestions": {"possible": []}, "pages": {"current": 1, "next": null, "perpage": 20, "last": null, "page_list": [{"url": null, "number": 1}], "previous": null, "total": 1, "results": "1 - 1", "first": null}, "collection": null, "results": [{"source_created": "1997-10-10T00:00:00Z", "index": 1, "medium": "1 photographic print.", "reproduction_number": "LC-DIG-ppmsca-13450 (digital file from original print)\nLC-USZ62-119550 (b&w film copy neg.)", "links": {"item": "https://www.loc.gov/pictures/item/97517894/", "resource": "https://www.loc.gov/pictures/item/97517894/resource/"}, "title": "[March on Washington--Man with Kaposi's sarcoma wearing a Star of David and other badges, head-and-shoulders portrait, facing front]", "image": {"alt": "digitized item thumbnail", "full": "https://tile.loc.gov/storage-services/service/pnp/ppmsca/13400/13450_150px.jpg", "square": "https://tile.loc.gov/storage-services/service/pnp/ppmsca/13400/13450_75x75px.jpg", "thumb": "https://tile.loc.gov/storage-services/service/pnp/ppmsca/13400/13450_150px.jpg"}, "created": "2016-04-20T00:00:00Z", "modified": "2016-04-20T00:00:00Z", "collection": ["74", "cph", "exh", "l4625", "pp"], "creator": "Solomon, Rosalind, 1930-", "call_number": "Unprocessed in PR 13 CN 1990:146 [item] [P&P]", "medium_brief": "1 photographic print.", "source_modified": "2014-11-12T00:00:00Z", "pk": "97517894", "created_published_date": "[1987]", "subjects": ["Kaposi's sarcoma--1980-1990.", "AIDS (Disease)--1980-1990.", "Sick persons--1980-1990.", "Photographic prints--1980-1990.", "Portrait photographs--1980-1990."]}]}