{"search": {"field": "subject", "hits": 39, "sort_order": null, "do_facets": true, "focus_item": null, "query": "Customs inspections", "type": "search", "sort_by": null}, "focus": null, "views": {"current": "list", "grid": "https://www.loc.gov/pictures/search/?q=Customs+inspections&fi=subject&va=exact&st=grid&op=PHRASE", "list": "https://www.loc.gov/pictures/search/?q=Customs+inspections&fi=subject&op=PHRASE&va=exact", "gallery": "https://www.loc.gov/pictures/search/?q=Customs+inspections&fi=subject&va=exact&st=gallery&op=PHRASE", "slideshow": "https://www.loc.gov/pictures/search/?q=Customs+inspections&fi=subject&va=exact&st=slideshow&op=PHRASE"}, "facets": [{"type": "displayed", "filters": [{"count": 33, "on": "https://www.loc.gov/pictures/search/?va=exact&sp=1&q=Customs+inspections&fa=displayed%3Aanywhere&fi=subject&op=PHRASE&fo=json", "selected": false, "off": "https://www.loc.gov/pictures/search/?va=exact&sp=1&q=Customs+inspections&fi=subject&fo=json&op=PHRASE", "title": "Larger image available anywhere"}, {"count": 4, "on": "https://www.loc.gov/pictures/search/?va=exact&sp=1&q=Customs+inspections&fa=displayed%3Alc_only&fi=subject&op=PHRASE&fo=json", "selected": false, "off": "https://www.loc.gov/pictures/search/?va=exact&sp=1&q=Customs+inspections&fi=subject&fo=json&op=PHRASE", "title": "Larger image available only at the Library of Congress"}, {"count": 2, "on": "https://www.loc.gov/pictures/search/?va=exact&sp=1&q=Customs+inspections&fa=displayed%3Anot_digitized&fi=subject&op=PHRASE&fo=json", "selected": false, "off": "https://www.loc.gov/pictures/search/?va=exact&sp=1&q=Customs+inspections&fi=subject&fo=json&op=PHRASE", "title": "Not Digitized"}, {"count": 25, "on": "https://www.loc.gov/pictures/search/?va=exact&sp=1&q=Customs+inspections&fa=displayed%3Asurveys_only&fi=subject&op=PHRASE&fo=json", "selected": false, "off": "https://www.loc.gov/pictures/search/?va=exact&sp=1&q=Customs+inspections&fi=subject&fo=json&op=PHRASE", "title": "Surveys only"}], "title": "displayed"}], "links": {"json": "//www.loc.gov/pictures/search/?fi=subject&q=Customs+inspections&op=PHRASE&va=exact&fo=json", "html": "//www.loc.gov/pictures/search/?fi=subject&q=Customs+inspections&op=PHRASE&va=exact", "rss": "//www.loc.gov/pictures/search/?fi=subject&q=Customs+inspections&op=PHRASE&va=exact&fo=rss"}, "suggestions": {"possible": []}, "pages": {"current": 1, "next": "https://www.loc.gov/pictures/search/?q=Customs+inspections&fi=subject&sp=2&op=PHRASE&va=exact", "perpage": 20, "last": "https://www.loc.gov/pictures/search/?q=Customs+inspections&fi=subject&sp=2&op=PHRASE&va=exact", "page_list": [{"url": null, "number": 1}, {"url": "https://www.loc.gov/pictures/search/?q=Customs+inspections&fi=subject&sp=2&op=PHRASE&va=exact", "number": 2}], "previous": null, "total": 2, "results": "1 - 20", "first": null}, "collection": null, "results": [{"source_created": "2002-03-04T00:00:00Z", "index": 1, "medium": "1 drawing : graphite and ink wash.", "reproduction_number": "LC-DIG-ppmsca-22863 (digital file from original item)", "links": {"item": "https://www.loc.gov/pictures/item/2004662085/", "resource": "https://www.loc.gov/pictures/item/2004662085/resource/"}, "title": "The Passport Bureau", "image": {"alt": "digitized item thumbnail", "full": "https://tile.loc.gov/storage-services/service/pnp/ppmsca/22800/22863r.jpg", "square": "https://tile.loc.gov/storage-services/service/pnp/ppmsca/22800/22863_75x75px.jpg", "thumb": "https://tile.loc.gov/storage-services/service/pnp/ppmsca/22800/22863_150px.jpg"}, "created": "2016-04-20T00:00:00Z", "modified": "2016-04-20T00:00:00Z", "collection": ["diof", "drwg", "minload", "pp"], "creator": "Taylor, Bayard, 1825-1878", "call_number": "DRWG/US - Taylor, no. 29 (A size) [P&P]", "medium_brief": "1 drawing :", "source_modified": "2010-01-11T00:00:00Z", "pk": "2004662085", "created_published_date": "[between 1856 and 1857]", "subjects": ["Taylor, Bayard,--1825-1878--Journeys.", "Customs inspections--Norway--1850-1860.", "Travel--Norway--1850-1860.", "Norway", "Drawings--American--1850-1860."]}, {"source_created": "2013-04-08T00:00:00Z", "index": 2, "medium": "1 photographic print (contact sheet frame)", "reproduction_number": "LC-DIG-ds-03089 (digital file from original item)", "links": {"item": "https://www.loc.gov/pictures/item/2013645858/", "resource": "https://www.loc.gov/pictures/item/2013645858/resource/"}, "title": "[Cars entering the United States at the Mexican border]", "image": {"alt": "digitized item thumbnail", "full": "https://tile.loc.gov/storage-services/service/pnp/ds/03000/03089_150px.jpg", "square": "https://tile.loc.gov/storage-services/service/pnp/ds/03000/03089_75x75px.jpg", "thumb": "https://tile.loc.gov/storage-services/service/pnp/ds/03000/03089_150px.jpg"}, "created": "2016-04-20T00:00:00Z", "modified": "2016-04-20T00:00:00Z", "collection": ["cph", "pp"], "creator": "Theisen, Earl", "call_number": "LOOK - Job 53-1368, frame 25 [P&P]", "medium_brief": "1 photographic print (contact sheet frame)", "source_modified": "2015-11-20T00:00:00Z", "pk": "2013645858", "created_published_date": "1952.", "subjects": ["Automobiles--Mexican-American Border Region--1950-1960.", "Customs inspections--Mexican-American Border Region--1950-1960.", "Boundaries--Mexican-American Border Region--1950-1960.", "Contact sheets--1950-1960.", "Photographic prints--1950-1960."]}, {"source_created": "2013-04-08T00:00:00Z", "index": 3, "medium": "1 photographic print (contact sheet frame)", "reproduction_number": "LC-DIG-ds-03090 (digital file from original item)", "links": {"item": "https://www.loc.gov/pictures/item/2013645859/", "resource": "https://www.loc.gov/pictures/item/2013645859/resource/"}, "title": "[Cars entering the United States at the Mexican border]", "image": {"alt": "digitized item thumbnail", "full": "https://tile.loc.gov/storage-services/service/pnp/ds/03000/03090_150px.jpg", "square": "https://tile.loc.gov/storage-services/service/pnp/ds/03000/03090_75x75px.jpg", "thumb": "https://tile.loc.gov/storage-services/service/pnp/ds/03000/03090_150px.jpg"}, "created": "2016-04-20T00:00:00Z", "modified": "2016-04-20T00:00:00Z", "collection": ["cph", "pp"], "creator": "Theisen, Earl", "call_number": "LOOK - Job 53-1368, frame 127 [P&P]", "medium_brief": "1 photographic print (contact sheet frame)", "source_modified": "2015-11-20T00:00:00Z", "pk": "2013645859", "created_published_date": "1952.", "subjects": ["Automobiles--Mexican-American Border Region--1950-1960.", "Customs inspections--Mexican-American Border Region--1950-1960.", "Boundaries--Mexican-American Border Region--1950-1960.", "Contact sheets--1950-1960.", "Photographic prints--1950-1960."]}, {"source_created": "1989-07-14T00:00:00Z", "index": 4, "medium": "1 photographic print.", "reproduction_number": "LC-USZ62-97354 (b&w film copy neg.)", "links": {"item": "https://www.loc.gov/pictures/item/89711674/", "resource": "https://www.loc.gov/pictures/item/89711674/resource/"}, "title": "[Government inspectors making inspection of bales of fiber at G. Martini Import-Export, Manila, Philippine Islands]", "image": {"alt": "digitized item thumbnail", "full": "https://tile.loc.gov/storage-services/service/pnp/cph/3b40000/3b43000/3b43400/3b43455_150px.jpg", "square": "https://tile.loc.gov/storage-services/service/pnp/cph/3b40000/3b43000/3b43400/3b43455_75x75px.jpg", "thumb": "https://tile.loc.gov/storage-services/service/pnp/cph/3b40000/3b43000/3b43400/3b43455_150px.jpg"}, "created": "2016-04-20T00:00:00Z", "modified": "2016-04-20T00:00:00Z", "collection": ["cph", "pp"], "creator": null, "call_number": "FOREIGN GEOG FILE - Philippines <item> [P&P]", "medium_brief": "1 photographic print.", "source_modified": "2003-03-05T00:00:00Z", "pk": "89711674", "created_published_date": "[between 1900 and 1940]", "subjects": ["Fibers--1900-1940.", "Customs inspections--Philippines--Manila--1900-1940.", "Photographic prints--1900-1940."]}, {"source_created": "1992-07-22T00:00:00Z", "index": 5, "medium": "1 photographic print.", "reproduction_number": "LC-USZ62-106086 (b&w film copy neg.)", "links": {"item": "https://www.loc.gov/pictures/item/92513413/", "resource": "https://www.loc.gov/pictures/item/92513413/resource/"}, "title": "Customs collector has pleasant job", "image": {"alt": "digitized item thumbnail", "full": "https://tile.loc.gov/storage-services/service/pnp/cph/3c00000/3c06000/3c06000/3c06086r.jpg", "square": "https://tile.loc.gov/storage-services/service/pnp/cph/3c00000/3c06000/3c06000/3c06086_75x75px.jpg", "thumb": "https://tile.loc.gov/storage-services/service/pnp/cph/3c00000/3c06000/3c06000/3c06086_150px.jpg"}, "created": "2016-04-20T00:00:00Z", "modified": "2016-04-20T00:00:00Z", "collection": ["cph", "diof", "pp"], "creator": null, "call_number": "SSF - Customs administration, U.S. <item> [P&P]", "medium_brief": "1 photographic print.", "source_modified": "2015-12-08T00:00:00Z", "pk": "92513413", "created_published_date": "[between 1922 and 1935?]", "subjects": ["Customs inspections--United States--1920-1940.", "Commerce--1920-1940.", "Photographic prints--1920-1940."]}, {"source_created": "1993-11-23T00:00:00Z", "index": 6, "medium": "1 photographic print.", "reproduction_number": "LC-USZ62-108606 (b&w film copy neg.)", "links": {"item": "https://www.loc.gov/pictures/item/93516928/", "resource": "https://www.loc.gov/pictures/item/93516928/resource/"}, "title": "[Examination of luggage on automobile, by Customs(?), France]", "image": {"alt": "digitized item thumbnail", "full": "https://tile.loc.gov/storage-services/service/pnp/cph/3c00000/3c08000/3c08600/3c08606r.jpg", "square": "https://tile.loc.gov/storage-services/service/pnp/cph/3c00000/3c08000/3c08600/3c08606_75x75px.jpg", "thumb": "https://tile.loc.gov/storage-services/service/pnp/cph/3c00000/3c08000/3c08600/3c08606_150px.jpg"}, "created": "2016-04-20T00:00:00Z", "modified": "2016-04-20T00:00:00Z", "collection": ["diof", "fbj", "pp"], "creator": "Johnston, Frances Benjamin, 1864-1952", "call_number": "LOT 11733-5 <item> [P&P]", "medium_brief": "1 photographic print.", "source_modified": "2009-08-26T00:00:00Z", "pk": "93516928", "created_published_date": "[1905]", "subjects": ["Automobiles--France--1900-1910.", "Customs inspections--France--1900-1910.", "Photographic prints--1900-1910."]}, {"source_created": "2013-01-30T00:00:00Z", "index": 7, "medium": "1 photographic print.", "reproduction_number": "LC-DIG-ds-03087 (digital file from original item)", "links": {"item": "https://www.loc.gov/pictures/item/2013645649/", "resource": "https://www.loc.gov/pictures/item/2013645649/resource/"}, "title": "Tyler Kent (second from right) at customs examination", "image": {"alt": "digitized item thumbnail", "full": "https://tile.loc.gov/storage-services/service/pnp/ds/03000/03087r.jpg", "square": "https://tile.loc.gov/storage-services/service/pnp/ds/03000/03087_75x75px.jpg", "thumb": "https://tile.loc.gov/storage-services/service/pnp/ds/03000/03087_150px.jpg"}, "created": "2016-04-21T00:00:00Z", "modified": "2016-04-21T00:00:00Z", "collection": ["cph", "diof", "pp"], "creator": "Ravenna, Al", "call_number": "NYWTS - BIOG--Kent, Tyler--U.S. Embassy clerk [item] [P&P]", "medium_brief": "1 photographic print.", "source_modified": "2013-09-15T00:00:00Z", "pk": "2013645649", "created_published_date": "1945 December 4.", "subjects": ["Kent, Tyler.", "United States.--Embassy (Great Britain)--People--1940-1950.", "Diplomats--1940-1950.", "Spies--1940-1950.", "Customs inspections--1940-1950.", "Photographic prints--1940-1950."]}, {"source_created": "1997-06-25T00:00:00Z", "index": 8, "medium": "1 drawing.", "reproduction_number": "", "links": {"item": "https://www.loc.gov/pictures/item/2016680050/", "resource": "https://www.loc.gov/pictures/item/2016680050/resource/"}, "title": "I hear yuh landed fifty cases of Scotch this trip, Cap -- that right? ...", "image": {"alt": "digitized item thumbnail", "full": "https://tile.loc.gov/storage-services/service/pnp/acd/2a07000/2a07500/2a07504_150px.jpg", "square": "https://tile.loc.gov/storage-services/service/pnp/acd/2a07000/2a07500/2a07504_75x75px.jpg", "thumb": "https://tile.loc.gov/storage-services/service/pnp/acd/2a07000/2a07500/2a07504_150px.jpg"}, "created": "2016-08-16T00:00:00Z", "modified": "2016-08-16T00:00:00Z", "collection": ["2rights", "acd", "acr", "minload", "pp"], "creator": "Conacher, John C., 1876-1947", "call_number": "CD 1 - Conacher, no. 39 (B size)", "medium_brief": "1 drawing.", "source_modified": "2016-08-04T00:00:00Z", "pk": "2016680050", "created_published_date": "c1927.", "subjects": ["customs inspections", "Shipmasters", "Whiskey", "prohibition", "Cartoons (Commentary)--American.", "Drawings.", "Periodical illustrations--American."]}, {"source_created": "1999-05-20T00:00:00Z", "index": 9, "medium": "5 photographic prints (contact sheets).", "reproduction_number": "", "links": {"item": "https://www.loc.gov/pictures/item/2016720246/", "resource": null}, "title": "Christmas around the world", "image": {"alt": "Look magazine thumbnail", "full": "https://www.loc.gov/pictures/static/images/item/500x500_look.png", "square": "https://www.loc.gov/pictures/static/images/item/lmc_square.png", "thumb": "https://www.loc.gov/pictures/static/images/item/lmc_thumb_large.jpg"}, "created": "2017-01-17T00:00:00Z", "modified": "2017-01-17T00:00:00Z", "collection": ["lmc", "pp"], "creator": "Rothstein, Arthur, 1915-1985", "call_number": "LOOK - Job 55-6176 [P&P]", "medium_brief": "5 photographic prints (contact sheets).\n3 transparencies :\n29 transparencies :", "source_modified": "2017-01-12T00:00:00Z", "pk": "2016720246", "created_published_date": "1955 Aug. 25 (date added to Look's library)", "subjects": ["United States.--Division of Customs--People.", "Christmas presents.", "Customs inspections.", "Contact sheets.", "Transparencies--Color."]}, {"source_created": "1970-01-01T00:00:00Z", "index": 10, "medium": "5", "reproduction_number": null, "links": {"item": "https://www.loc.gov/pictures/item/il0380/", "resource": null}, "title": "Midway Airport, South Terminal, Cicero Avenue between Fifty-fifth & Sixty-third Streets, Chicago, Cook County, IL", "image": {"alt": "habs/haer thumbnail", "full": "https://www.loc.gov/pictures/static/images/item/500x500_HABS.png", "square": "https://www.loc.gov/pictures/static/images/item/HABS_buttons75X75.png", "thumb": "https://www.loc.gov/pictures/static/images/item/habs_thumb_large.jpg"}, "created": "2016-04-17T00:00:00Z", "modified": "2016-04-17T00:00:00Z", "collection": ["diof", "hh", "survey"], "creator": "Historic American Buildings Survey", "call_number": "HABS ILL,16-CHIG,100A-", "medium_brief": "Data Page(s): 5", "source_modified": "2016-04-17T00:00:00Z", "pk": "il0380", "created_published_date": "Documentation compiled after 1933", "subjects": ["airports", "customs houses", "transportation industry", "customs inspections", "trade"]}, {"source_created": "2010-10-22T00:00:00Z", "index": 11, "medium": "1 print : chromolithograph.", "reproduction_number": "LC-DIG-ppmsca-25567 (digital file from original print)", "links": {"item": "https://www.loc.gov/pictures/item/2010651466/", "resource": "https://www.loc.gov/pictures/item/2010651466/resource/"}, "title": "The custom house ordeal", "image": {"alt": "digitized item thumbnail", "full": "https://tile.loc.gov/storage-services/service/pnp/ppmsca/25500/25567r.jpg", "square": "https://tile.loc.gov/storage-services/service/pnp/ppmsca/25500/25567_75x75px.jpg", "thumb": "https://tile.loc.gov/storage-services/service/pnp/ppmsca/25500/25567_150px.jpg"}, "created": "2019-05-06T00:00:00Z", "modified": "2019-05-06T00:00:00Z", "collection": ["cph", "diof", "pp"], "creator": "Keppler, Udo J., 1872-1956", "call_number": "Illus. in AP101.P7 1901 (Case X) [P&P]", "medium_brief": "1 print :", "source_modified": "2010-10-22T00:00:00Z", "pk": "2010651466", "created_published_date": "1901 September 25.", "subjects": ["Customs inspections--1900-1910.", "Customs employees--1900-1910.", "Free trade & protection--1900-1910.", "Tariffs--1900-1910.", "Bribery--1900-1910.", "Merchants--1900-1910.", "Travelers--1900-1910.", "Cartoons (Commentary)--1900-1910.", "Chromolithographs--Color--1900-1910.", "Periodical illustrations--1900-1910."]}, {"source_created": "2010-11-30T00:00:00Z", "index": 12, "medium": "1 print : chromolithograph.", "reproduction_number": "LC-DIG-ppmsca-25712 (digital file from original print)", "links": {"item": "https://www.loc.gov/pictures/item/2010652212/", "resource": "https://www.loc.gov/pictures/item/2010652212/resource/"}, "title": "A question of duty", "image": {"alt": "digitized item thumbnail", "full": "https://tile.loc.gov/storage-services/service/pnp/ppmsca/25700/25712r.jpg", "square": "https://tile.loc.gov/storage-services/service/pnp/ppmsca/25700/25712_75x75px.jpg", "thumb": "https://tile.loc.gov/storage-services/service/pnp/ppmsca/25700/25712_150px.jpg"}, "created": "2019-05-06T00:00:00Z", "modified": "2019-05-06T00:00:00Z", "collection": ["cph", "diof", "pp"], "creator": "Pughe, J. S. (John S.), 1870-1909", "call_number": "Illus. in AP101.P7 1903 (Case X) [P&P]", "medium_brief": "1 print :", "source_modified": "2012-06-27T00:00:00Z", "pk": "2010652212", "created_published_date": "1903 February 4.", "subjects": ["Roosevelt, Theodore,--1858-1919.", "Uncle Sam (Symbolic character)--1900-1910.", "Dingley tariff.", "Tariffs--1900-1910.", "Free trade & protection--1900-1910.", "Customs inspections--1900-1910.", "Customs employees--1900-1910.", "Customhouses--1900-1910.", "Cartoons (Commentary)--1900-1910.", "Chromolithographs--Color--1900-1910.", "Periodical illustrations--1900-1910."]}, {"source_created": "2011-11-16T00:00:00Z", "index": 13, "medium": "1 print : chromolithograph.", "reproduction_number": "LC-DIG-ppmsca-28135 (digital file from original print)", "links": {"item": "https://www.loc.gov/pictures/item/2011661313/", "resource": "https://www.loc.gov/pictures/item/2011661313/resource/"}, "title": "The custom-house code of morals under our beautiful tariff system", "image": {"alt": "digitized item thumbnail", "full": "https://tile.loc.gov/storage-services/service/pnp/ppmsca/28100/28135r.jpg", "square": "https://tile.loc.gov/storage-services/service/pnp/ppmsca/28100/28135_75x75px.jpg", "thumb": "https://tile.loc.gov/storage-services/service/pnp/ppmsca/28100/28135_150px.jpg"}, "created": "2019-05-06T00:00:00Z", "modified": "2019-05-06T00:00:00Z", "collection": ["cph", "diof", "pp"], "creator": "Opper, Frederick Burr, 1857-1937", "call_number": "Illus. in AP101.P7 1885 (Case X) [P&P]", "medium_brief": "1 print :", "source_modified": "2011-12-12T00:00:00Z", "pk": "2011661313", "created_published_date": "1885 October 14.", "subjects": ["Dorsheimer, William,--1832-1888.", "Government officials--New York (State)--1880-1890.", "Customs employees--New York (State)--1880-1890.", "Customs inspections--New York (State)--1880-1890.", "Bribery--New York (State)--1880-1890.", "Travelers--1880-1890.", "Cartoons (Commentary)--1880-1890.", "Chromolithographs--Color--1880-1890.", "Periodical illustrations--1880-1890."]}, {"source_created": "1970-01-01T00:00:00Z", "index": 14, "medium": "2", "reproduction_number": null, "links": {"item": "https://www.loc.gov/pictures/item/ak0722/", "resource": "https://www.loc.gov/pictures/item/ak0722/resource/"}, "title": "U.S. Customs Office, South side of 4th Avenue between Broadway and Spring Street, Skagway, Municipality of Skagway Borough, AK", "image": {"alt": "digitized item thumbnail", "full": "https://www.loc.gov/pictures/static/images/item/500x500_notdigitized.png", "square": "https://www.loc.gov/pictures/static/data/media/ak0/ak0722/ak0722.ph/ak0722.photos.1/square.jpg", "thumb": "https://www.loc.gov/pictures/static/data/media/ak0/ak0722/ak0722.ph/ak0722.photos.1/gallery.jpg"}, "created": "2020-03-20T00:00:00Z", "modified": "2020-03-21T00:00:00Z", "collection": ["diof", "hh", "survey"], "creator": "Historic American Buildings Survey", "call_number": "HABS AK-278", "medium_brief": "Photo(s): 2, Photo Caption Page(s): 2", "source_modified": "2020-03-20T00:00:00Z", "pk": "ak0722", "created_published_date": "Documentation compiled after 1933", "subjects": ["offices", "shiplap siding", "customs inspections", "customs houses", "false fronts", "government facilities", "wooden buildings"]}, {"source_created": "1970-01-01T00:00:00Z", "index": 15, "medium": "26", "reproduction_number": null, "links": {"item": "https://www.loc.gov/pictures/item/ca4103/", "resource": "https://www.loc.gov/pictures/item/ca4103/resource/"}, "title": "United States Custom House & Inspection Station, 801 East San Ysidro Boulevard, San Diego, San Diego County, CA", "image": {"alt": "digitized item thumbnail", "full": "https://www.loc.gov/pictures/static/images/item/500x500_notdigitized.png", "square": "https://www.loc.gov/pictures/static/data/media/ca4/ca4103/ca4103.ph/ca4103.photos.1/square.jpg", "thumb": "https://www.loc.gov/pictures/static/data/media/ca4/ca4103/ca4103.ph/ca4103.photos.1/gallery.jpg"}, "created": "2020-03-20T00:00:00Z", "modified": "2020-03-21T00:00:00Z", "collection": ["diof", "hh", "survey"], "creator": "Historic American Buildings Survey", "call_number": "HABS CA-2897", "medium_brief": "Photo(s): 26, Data Page(s): 23, Photo Caption Page(s): 4", "source_modified": "2020-03-20T00:00:00Z", "pk": "ca4103", "created_published_date": "Documentation compiled after 1933", "subjects": ["border inspection stations", "Spanish Colonial architectural elements", "blind arches", "canopies", "offices", "stucco", "ceramic tile", "reinforced concrete construction", "terra cotta", "steel structural frames", "porches", "balconies", "customs inspections", "customs houses", "people", "parking lots", "garages", "immigrants"]}, {"source_created": "1970-01-01T00:00:00Z", "index": 16, "medium": "19", "reproduction_number": null, "links": {"item": "https://www.loc.gov/pictures/item/fl0139/", "resource": "https://www.loc.gov/pictures/item/fl0139/resource/"}, "title": "Key West Post Office, U.S. Customs House, U.S. Courthouse & Lighthouse Quarters, Front Street, Key West, Monroe County, FL", "image": {"alt": "digitized item thumbnail", "full": "https://tile.loc.gov/storage-services/service/pnp/habshaer/fl/fl0100/fl0139/photos/052969pr.jpg", "square": "https://tile.loc.gov/storage-services/service/pnp/habshaer/fl/fl0100/fl0139/photos/052969p_75x75px.jpg", "thumb": "https://tile.loc.gov/storage-services/service/pnp/habshaer/fl/fl0100/fl0139/photos/052969p_150px.jpg"}, "created": "2016-04-17T00:00:00Z", "modified": "2020-03-20T00:00:00Z", "collection": ["diof", "hh", "survey"], "creator": "Historic American Buildings Survey", "call_number": "HABS FLA,44-KEY,3-", "medium_brief": "Photo(s): 19, Data Page(s): 9, Photo Caption Page(s): 2", "source_modified": "2016-04-17T00:00:00Z", "pk": "fl0139", "created_published_date": "Documentation compiled after 1933", "subjects": ["post offices", "customs houses", "courthouses", "residential facilities", "brick buildings", "customs inspections", "trade"]}, {"source_created": "1970-01-01T00:00:00Z", "index": 17, "medium": "2", "reproduction_number": null, "links": {"item": "https://www.loc.gov/pictures/item/md0027/", "resource": "https://www.loc.gov/pictures/item/md0027/resource/"}, "title": "Old Inn, Main & Green Streets, Annapolis, Anne Arundel County, MD", "image": {"alt": "digitized item thumbnail", "full": "https://tile.loc.gov/storage-services/service/pnp/habshaer/md/md0000/md0027/photos/084127pr.jpg", "square": "https://tile.loc.gov/storage-services/service/pnp/habshaer/md/md0000/md0027/photos/084127p_75x75px.jpg", "thumb": "https://tile.loc.gov/storage-services/service/pnp/habshaer/md/md0000/md0027/photos/084127p_150px.jpg"}, "created": "2016-04-16T00:00:00Z", "modified": "2020-03-20T00:00:00Z", "collection": ["diof", "hh", "survey"], "creator": "Historic American Buildings Survey", "call_number": "HABS MD,2-ANNA,32-", "medium_brief": "Photo(s): 2, Photo Caption Page(s): 1", "source_modified": "2016-04-16T00:00:00Z", "pk": "md0027", "created_published_date": "Documentation compiled after 1933", "subjects": ["taverns (inns)", "customs houses", "houses", "stores & shops", "brick buildings", "customs inspections", "trade", "eating & drinking", "travel"]}, {"source_created": "1970-01-01T00:00:00Z", "index": 18, "medium": "12", "reproduction_number": null, "links": {"item": "https://www.loc.gov/pictures/item/md0142/", "resource": "https://www.loc.gov/pictures/item/md0142/resource/"}, "title": "Old U.S. Appraisers Stores, Gay & Lombard Streets, Baltimore, Independent City, MD", "image": {"alt": "digitized item thumbnail", "full": "https://tile.loc.gov/storage-services/service/pnp/habshaer/md/md0100/md0142/photos/085859pr.jpg", "square": "https://tile.loc.gov/storage-services/service/pnp/habshaer/md/md0100/md0142/photos/085859p_75x75px.jpg", "thumb": "https://tile.loc.gov/storage-services/service/pnp/habshaer/md/md0100/md0142/photos/085859p_150px.jpg"}, "created": "2016-04-16T00:00:00Z", "modified": "2020-03-20T00:00:00Z", "collection": ["diof", "hh", "survey"], "creator": "Historic American Buildings Survey", "call_number": "HABS MD,4-BALT,12-", "medium_brief": "Photo(s): 12, Measured Drawing(s): 7, Data Page(s): 4", "source_modified": "2016-04-16T00:00:00Z", "pk": "md0142", "created_published_date": "Documentation compiled after 1933", "subjects": ["warehouses", "stores & shops", "brick buildings", "customs inspections", "commerce"]}, {"source_created": "1970-01-01T00:00:00Z", "index": 19, "medium": "24", "reproduction_number": null, "links": {"item": "https://www.loc.gov/pictures/item/me0032/", "resource": "https://www.loc.gov/pictures/item/me0032/resource/"}, "title": "U. S. Customs House, 312 Fore Street, Portland, Cumberland County, ME", "image": {"alt": "digitized item thumbnail", "full": "https://tile.loc.gov/storage-services/service/pnp/habshaer/me/me0000/me0032/photos/087881pr.jpg", "square": "https://tile.loc.gov/storage-services/service/pnp/habshaer/me/me0000/me0032/photos/087881p_75x75px.jpg", "thumb": "https://tile.loc.gov/storage-services/service/pnp/habshaer/me/me0000/me0032/photos/087881p_150px.jpg"}, "created": "2016-04-17T00:00:00Z", "modified": "2020-03-20T00:00:00Z", "collection": ["diof", "hh", "survey"], "creator": "Historic American Buildings Survey", "call_number": "HABS ME,3-PORT,25-", "medium_brief": "Photo(s): 24, Data Page(s): 7, Photo Caption Page(s): 2", "source_modified": "2016-04-17T00:00:00Z", "pk": "me0032", "created_published_date": "Documentation compiled after 1933", "subjects": ["customs houses", "stone buildings (granite)", "business & finance", "customs inspections", "trade"]}, {"source_created": "1970-01-01T00:00:00Z", "index": 20, "medium": "22", "reproduction_number": null, "links": {"item": "https://www.loc.gov/pictures/item/me0069/", "resource": "https://www.loc.gov/pictures/item/me0069/resource/"}, "title": "U. S. Customhouse & Post Office Building (Old), 17 School Street, Rockland, Knox County, ME", "image": {"alt": "digitized item thumbnail", "full": "https://tile.loc.gov/storage-services/service/pnp/habshaer/me/me0000/me0069/photos/088251pr.jpg", "square": "https://tile.loc.gov/storage-services/service/pnp/habshaer/me/me0000/me0069/photos/088251p_75x75px.jpg", "thumb": "https://tile.loc.gov/storage-services/service/pnp/habshaer/me/me0000/me0069/photos/088251p_150px.jpg"}, "created": "2016-04-17T00:00:00Z", "modified": "2020-03-20T00:00:00Z", "collection": ["diof", "hh", "survey"], "creator": "Historic American Buildings Survey", "call_number": "HABS ME,7-ROCLA,3-", "medium_brief": "Photo(s): 22, Data Page(s): 8", "source_modified": "2016-04-17T00:00:00Z", "pk": "me0069", "created_published_date": "Documentation compiled after 1933", "subjects": ["customs houses", "post offices", "stone buildings (granite)", "trade", "customs inspections", "postal service"]}]}