{"search": {"field": "subject", "hits": 4, "sort_order": null, "do_facets": true, "focus_item": null, "query": "Voter intimidation", "type": "search", "sort_by": null}, "focus": null, "views": {"current": "list", "grid": "https://www.loc.gov/pictures/search/?q=Voter+intimidation&fi=subject&va=exact&st=grid&op=PHRASE", "list": "https://www.loc.gov/pictures/search/?q=Voter+intimidation&fi=subject&op=PHRASE&va=exact", "gallery": "https://www.loc.gov/pictures/search/?q=Voter+intimidation&fi=subject&va=exact&st=gallery&op=PHRASE", "slideshow": "https://www.loc.gov/pictures/search/?q=Voter+intimidation&fi=subject&va=exact&st=slideshow&op=PHRASE"}, "facets": [{"type": "displayed", "filters": [{"count": 3, "on": "https://www.loc.gov/pictures/search/?va=exact&sp=1&q=Voter+intimidation&fa=displayed%3Aanywhere&fi=subject&op=PHRASE&fo=json", "selected": false, "off": "https://www.loc.gov/pictures/search/?va=exact&sp=1&q=Voter+intimidation&fi=subject&fo=json&op=PHRASE", "title": "Larger image available anywhere"}, {"count": 1, "on": "https://www.loc.gov/pictures/search/?va=exact&sp=1&q=Voter+intimidation&fa=displayed%3Alc_only&fi=subject&op=PHRASE&fo=json", "selected": false, "off": "https://www.loc.gov/pictures/search/?va=exact&sp=1&q=Voter+intimidation&fi=subject&fo=json&op=PHRASE", "title": "Larger image available only at the Library of Congress"}, {"count": 0, "on": "https://www.loc.gov/pictures/search/?va=exact&sp=1&q=Voter+intimidation&fa=displayed%3Anot_digitized&fi=subject&op=PHRASE&fo=json", "selected": false, "off": "https://www.loc.gov/pictures/search/?va=exact&sp=1&q=Voter+intimidation&fi=subject&fo=json&op=PHRASE", "title": "Not Digitized"}], "title": "displayed"}], "links": {"json": "//www.loc.gov/pictures/search/?fi=subject&q=Voter+intimidation&op=PHRASE&va=exact&fo=json", "html": "//www.loc.gov/pictures/search/?fi=subject&q=Voter+intimidation&op=PHRASE&va=exact", "rss": "//www.loc.gov/pictures/search/?fi=subject&q=Voter+intimidation&op=PHRASE&va=exact&fo=rss"}, "suggestions": {"possible": []}, "pages": {"current": 1, "next": null, "perpage": 20, "last": null, "page_list": [{"url": null, "number": 1}], "previous": null, "total": 1, "results": "1 - 4", "first": null}, "collection": null, "results": [{"source_created": "2017-10-30T00:00:00Z", "index": 1, "medium": "1 photograph : gelatin silver print ; 18 x 24 cm.", "reproduction_number": "LC-DIG-ds-11197 (digital file from original, front)\nLC-DIG-ds-11928 (digital file from original, back)", "links": {"item": "https://www.loc.gov/pictures/item/2017650860/", "resource": "https://www.loc.gov/pictures/item/2017650860/resource/"}, "title": "Warn Negro voters St. Petersburg, Fla., July 21 - Marching along bearing fiery torches Ku Klux Klan members demonstrated to warn against meddling with the Negro vote in municipal elections here yesterday.", "image": {"alt": "digitized item thumbnail", "full": "https://tile.loc.gov/storage-services/service/pnp/ds/11100/11197_150px.jpg", "square": "https://tile.loc.gov/storage-services/service/pnp/ds/11100/11197_75x75px.jpg", "thumb": "https://tile.loc.gov/storage-services/service/pnp/ds/11100/11197_150px.jpg"}, "created": "2017-11-21T00:00:00Z", "modified": "2017-11-21T00:00:00Z", "collection": ["cph", "pp"], "creator": null, "call_number": "NYWTS - SUBJ/GEOG--Ku Klux Klan--General [item] [P&P]", "medium_brief": "1 photograph :", "source_modified": "2017-11-13T00:00:00Z", "pk": "2017650860", "created_published_date": "[20 July 1937]", "subjects": ["Ku Klux Klan (1915- )--Riots & demonstrations--Florida--Jacksonville--1950-1960.", "White supremacy movements--Florida--Saint Petersburg--1930-1940.", "Racism--Florida--Saint Petersburg--1930-1940.", "Demonstrations--Florida--Saint Petersburg--1930-1940.", "African Americans--Civil rights--Florida--Saint Petersburg--1930-1940.", "Voter intimidation--Florida--Saint Petersburg--1930-1940.", "Photographic prints--1930-1940."]}, {"source_created": "2018-10-16T00:00:00Z", "index": 2, "medium": "3 prints on 1 page : wood engravings ; page 40 x 27 cm.", "reproduction_number": "LC-DIG-ds-12492 (digital file from original item)", "links": {"item": "https://www.loc.gov/pictures/item/2018650488/", "resource": "https://www.loc.gov/pictures/item/2018650488/resource/"}, "title": "Scene of the Washington riot. The Marines firing upon the mob, having seized the cannon used by the rioters General Henderson urging the rioters not to fire ; Dora and Clayton escaping from the wreck of the burning steamer.", "image": {"alt": "digitized item thumbnail", "full": "https://tile.loc.gov/storage-services/service/pnp/ds/12400/12492r.jpg", "square": "https://tile.loc.gov/storage-services/service/pnp/ds/12400/12492_75x75px.jpg", "thumb": "https://tile.loc.gov/storage-services/service/pnp/ds/12400/12492_150px.jpg"}, "created": "2018-10-23T00:00:00Z", "modified": "2018-10-23T00:00:00Z", "collection": ["cph", "diof", "pp"], "creator": "Whitehurst Gallery (Washington, D.C.)", "call_number": "Illus. in AP2.L52 1857 (Case Y) [P&P]", "medium_brief": "3 prints on 1 page :", "source_modified": "2018-10-17T00:00:00Z", "pk": "2018650488", "created_published_date": "1857.", "subjects": ["Henderson, Archibald,--1783-1859--Military service.", "United States.--Marine Corps--Riots & demonstrations--Washington (D.C.)--1850-1860.", "American Party--Riots & demonstrations--Washington (D.C.)--1850-1860.", "Immigrants--Washington (D.C.)--1850-1860.", "Voter intimidation--Washington (D.C.)--1850-1860.", "Voting--Washington (D.C.)--1850-1860.", "Riots--Washington (D.C.)--1850-1860.", "Prejudice--1850-1860.", "Periodical illustrations--1850-1860.", "Wood engravings--1850-1860."]}, {"source_created": "2018-10-17T00:00:00Z", "index": 3, "medium": "2 prints on 1 page : wood engravings ; page 40 x 28 cm.", "reproduction_number": "LC-DIG-ds-12476 (digital file from original item)", "links": {"item": "https://www.loc.gov/pictures/item/2018650489/", "resource": "https://www.loc.gov/pictures/item/2018650489/resource/"}, "title": "The October elections - challenging a voter The October elections - Pennsylvania miners at the polls /", "image": {"alt": "digitized item thumbnail", "full": "https://tile.loc.gov/storage-services/service/pnp/ds/12400/12476r.jpg", "square": "https://tile.loc.gov/storage-services/service/pnp/ds/12400/12476_75x75px.jpg", "thumb": "https://tile.loc.gov/storage-services/service/pnp/ds/12400/12476_150px.jpg"}, "created": "2018-10-23T00:00:00Z", "modified": "2018-10-23T00:00:00Z", "collection": ["cph", "diof", "pp"], "creator": "Frenzeny, Paul", "call_number": "Illus. in AP2.H32 1872 (Case Y) [P&P]", "medium_brief": "2 prints on 1 page :", "source_modified": "2018-10-17T00:00:00Z", "pk": "2018650489", "created_published_date": "1872.", "subjects": ["Voting--1870-1880.", "Voter intimidation--1870-1880.", "Blaming--1870-1880.", "Miners--Pennsylvania--1870-1880.", "Periodical illustrations--1870-1880.", "Wood engravings--1870-1880."]}, {"source_created": "2018-11-26T00:00:00Z", "index": 4, "medium": "1 print : wood engraving ; page 40 x 28 cm.", "reproduction_number": "LC-DIG-ds-12564 (digital file from original)", "links": {"item": "https://www.loc.gov/pictures/item/2018663035/", "resource": "https://www.loc.gov/pictures/item/2018663035/resource/"}, "title": "\"That's what's the matter\" Boss Tweed. \"As long as I count the votes, what are you going to do about it? Say?\" /", "image": {"alt": "digitized item thumbnail", "full": "https://tile.loc.gov/storage-services/service/pnp/ds/12500/12564r.jpg", "square": "https://tile.loc.gov/storage-services/service/pnp/ds/12500/12564_75x75px.jpg", "thumb": "https://tile.loc.gov/storage-services/service/pnp/ds/12500/12564_150px.jpg"}, "created": "2018-11-27T00:00:00Z", "modified": "2018-11-27T00:00:00Z", "collection": ["cph", "diof", "pp"], "creator": "Nast, Thomas, 1840-1902", "call_number": "Illus. in AP2.H32 1871 (Case Y) [P&P]", "medium_brief": "1 print :", "source_modified": "2018-11-26T00:00:00Z", "pk": "2018663035", "created_published_date": "1871.", "subjects": ["Tweed, William Marcy,--1823-1878.", "Voter intimidation--1870-1880.", "Vote counting--1870-1880.", "Voting--1870-1880.", "Periodical illustrations--1870-1880.", "Wood engravings--1870-1880."]}]}