{"search": {"field": "subject", "hits": 80, "sort_order": null, "do_facets": true, "focus_item": null, "query": "Ethnic neighborhoods", "type": "search", "sort_by": null}, "focus": null, "views": {"current": "list", "grid": "https://www.loc.gov/pictures/search/?q=Ethnic+neighborhoods&fi=subject&va=exact&st=grid&op=PHRASE", "list": "https://www.loc.gov/pictures/search/?q=Ethnic+neighborhoods&fi=subject&op=PHRASE&va=exact", "gallery": "https://www.loc.gov/pictures/search/?q=Ethnic+neighborhoods&fi=subject&va=exact&st=gallery&op=PHRASE", "slideshow": "https://www.loc.gov/pictures/search/?q=Ethnic+neighborhoods&fi=subject&va=exact&st=slideshow&op=PHRASE"}, "facets": [{"type": "displayed", "filters": [{"count": 54, "on": "https://www.loc.gov/pictures/search/?va=exact&sp=1&q=Ethnic+neighborhoods&fa=displayed%3Aanywhere&fi=subject&op=PHRASE&fo=json", "selected": false, "off": "https://www.loc.gov/pictures/search/?va=exact&sp=1&q=Ethnic+neighborhoods&fi=subject&fo=json&op=PHRASE", "title": "Larger image available anywhere"}, {"count": 15, "on": "https://www.loc.gov/pictures/search/?va=exact&sp=1&q=Ethnic+neighborhoods&fa=displayed%3Alc_only&fi=subject&op=PHRASE&fo=json", "selected": false, "off": "https://www.loc.gov/pictures/search/?va=exact&sp=1&q=Ethnic+neighborhoods&fi=subject&fo=json&op=PHRASE", "title": "Larger image available only at the Library of Congress"}, {"count": 11, "on": "https://www.loc.gov/pictures/search/?va=exact&sp=1&q=Ethnic+neighborhoods&fa=displayed%3Anot_digitized&fi=subject&op=PHRASE&fo=json", "selected": false, "off": "https://www.loc.gov/pictures/search/?va=exact&sp=1&q=Ethnic+neighborhoods&fi=subject&fo=json&op=PHRASE", "title": "Not Digitized"}, {"count": 0, "on": "https://www.loc.gov/pictures/search/?va=exact&sp=1&q=Ethnic+neighborhoods&fa=displayed%3Asurveys_only&fi=subject&op=PHRASE&fo=json", "selected": false, "off": "https://www.loc.gov/pictures/search/?va=exact&sp=1&q=Ethnic+neighborhoods&fi=subject&fo=json&op=PHRASE", "title": "Surveys only"}], "title": "displayed"}], "links": {"json": "//www.loc.gov/pictures/search/?fi=subject&q=Ethnic+neighborhoods&op=PHRASE&va=exact&fo=json", "html": "//www.loc.gov/pictures/search/?fi=subject&q=Ethnic+neighborhoods&op=PHRASE&va=exact", "rss": "//www.loc.gov/pictures/search/?fi=subject&q=Ethnic+neighborhoods&op=PHRASE&va=exact&fo=rss"}, "suggestions": {"possible": []}, "pages": {"current": 1, "next": "https://www.loc.gov/pictures/search/?q=Ethnic+neighborhoods&fi=subject&sp=2&op=PHRASE&va=exact", "perpage": 20, "last": "https://www.loc.gov/pictures/search/?q=Ethnic+neighborhoods&fi=subject&sp=4&op=PHRASE&va=exact", "page_list": [{"url": null, "number": 1}, {"url": "https://www.loc.gov/pictures/search/?q=Ethnic+neighborhoods&fi=subject&sp=2&op=PHRASE&va=exact", "number": 2}, {"url": "https://www.loc.gov/pictures/search/?q=Ethnic+neighborhoods&fi=subject&sp=3&op=PHRASE&va=exact", "number": 3}, {"url": "https://www.loc.gov/pictures/search/?q=Ethnic+neighborhoods&fi=subject&sp=4&op=PHRASE&va=exact", "number": 4}], "previous": null, "total": 4, "results": "1 - 20", "first": null}, "collection": null, "results": [{"source_created": "2003-04-29T00:00:00Z", "index": 1, "medium": "1 print : etching ; 16.9 x 22.7 cm.", "reproduction_number": "LC-DIG-ds-03810 (digital file from original item)", "links": {"item": "https://www.loc.gov/pictures/item/2003667840/", "resource": "https://www.loc.gov/pictures/item/2003667840/resource/"}, "title": "[Little Italy, Glasco on the Hudson River]", "image": {"alt": "digitized item thumbnail", "full": "https://tile.loc.gov/storage-services/service/pnp/ds/03800/03810_150px.jpg", "square": "https://tile.loc.gov/storage-services/service/pnp/ds/03800/03810_75x75px.jpg", "thumb": "https://tile.loc.gov/storage-services/service/pnp/ds/03800/03810_150px.jpg"}, "created": "2016-04-20T00:00:00Z", "modified": "2016-04-20T00:00:00Z", "collection": ["finepr", "pp"], "creator": "Hutty, Alfred, 1877-1954", "call_number": "FP - XX - H985, no. 2 (A size) [P&P]", "medium_brief": "1 print :", "source_modified": "2013-04-11T00:00:00Z", "pk": "2003667840", "created_published_date": "[1925]", "subjects": ["Italian Americans--New York (State)--Saugerties--1920-1930.", "Ethnic neighborhoods--New York (State)--Saugerties--1920-1930.", "Cities & towns--New York (State)--Saugerties--1920-1930.", "Etchings--1920-1930."]}, {"source_created": "2003-12-16T00:00:00Z", "index": 2, "medium": "1 photographic print.", "reproduction_number": "LC-USZ62-69236 (b&w film copy neg.)", "links": {"item": "https://www.loc.gov/pictures/item/2003688182/", "resource": "https://www.loc.gov/pictures/item/2003688182/resource/"}, "title": "[Grant Avenue near Commercial and Clay Streets, Chinatown, San Francisco]", "image": {"alt": "digitized item thumbnail", "full": "https://tile.loc.gov/storage-services/service/pnp/cph/3b10000/3b16000/3b16600/3b16678_150px.jpg", "square": "https://tile.loc.gov/storage-services/service/pnp/cph/3b10000/3b16000/3b16600/3b16678_75x75px.jpg", "thumb": "https://tile.loc.gov/storage-services/service/pnp/cph/3b10000/3b16000/3b16600/3b16678_150px.jpg"}, "created": "2016-04-20T00:00:00Z", "modified": "2016-04-20T00:00:00Z", "collection": ["cph", "pp"], "creator": "Genthe, Arnold, 1869-1942", "call_number": "Unprocessed [item] [P&P]", "medium_brief": "1 photographic print.", "source_modified": "2009-08-04T00:00:00Z", "pk": "2003688182", "created_published_date": "[1927]", "subjects": ["Chinese--Children--California--San Francisco--1920-1930.", "Chinese--Men--California--San Francisco--1920-1930.", "City & town life--California--San Francisco--1920-1930.", "Ethnic neighborhoods--California--San Francisco--1920-1930.", "Photographic prints--1920-1930."]}, {"source_created": "2006-03-22T00:00:00Z", "index": 3, "medium": "1 photographic print on stereo card : stereograph, gelatin silver.", "reproduction_number": "", "links": {"item": "https://www.loc.gov/pictures/item/2006679672/", "resource": null}, "title": "Grand Mosque and Damascus from the Jewish Quarters, Syria", "image": {"alt": "item not digitized thumbnail", "full": "https://www.loc.gov/pictures/static/images/item/500x500_notdigitized.png", "square": "https://www.loc.gov/pictures/static/images/item/not_digitized_buttons75X75.png", "thumb": "https://www.loc.gov/pictures/static/images/item/notdigitized_buttons140X120.png"}, "created": "2016-04-20T00:00:00Z", "modified": "2016-04-20T00:00:00Z", "collection": ["diof", "pp", "stereo"], "creator": null, "call_number": "LOT 13733, no. 195 [item] [P&P]", "medium_brief": "1 photographic print on stereo card :", "source_modified": "2006-04-17T00:00:00Z", "pk": "2006679672", "created_published_date": "c1903 December 28.", "subjects": ["Jews--Structures--Syria--Damascus--1900-1910.", "Ethnic neighborhoods--Syria--Damascus--1900-1910.", "Women--Clothing & dress--Syria--Damascus--1900-1910.", "Cityscape photographs--1900-1910.", "Gelatin silver prints--1900-1910.", "Stereographs--1900-1910."]}, {"source_created": "2008-04-30T00:00:00Z", "index": 4, "medium": "1 negative : film.", "reproduction_number": "LC-DIG-ppmsca-18621 (digital file from original negative)", "links": {"item": "https://www.loc.gov/pictures/item/2008676248/", "resource": "https://www.loc.gov/pictures/item/2008676248/resource/"}, "title": "Birmingham, Ala[bama]. Average negro homes", "image": {"alt": "digitized item thumbnail", "full": "https://tile.loc.gov/storage-services/service/pnp/ppmsca/18600/18621r.jpg", "square": "https://tile.loc.gov/storage-services/service/pnp/ppmsca/18600/18621_75x75px.jpg", "thumb": "https://tile.loc.gov/storage-services/service/pnp/ppmsca/18600/18621_150px.jpg"}, "created": "2016-04-20T00:00:00Z", "modified": "2016-04-20T00:00:00Z", "collection": ["cph", "diof", "pp"], "creator": "Trikosko, Marion S.", "call_number": "LC-U9- 9769-12 [P&P]", "medium_brief": "1 negative :", "source_modified": "2013-10-23T00:00:00Z", "pk": "2008676248", "created_published_date": "1963 May 14.", "subjects": ["African Americans--Economic & social conditions--1960-1970.", "Houses--Alabama--Birmingham--1960-1970.", "Ethnic neighborhoods--Alabama--Birmingham--1960-1970.", "City & town life--Alabama--Birmingham--1960-1970.", "Film negatives--1960-1970."]}, {"source_created": "2008-04-30T00:00:00Z", "index": 5, "medium": "1 negative : film.", "reproduction_number": "LC-DIG-ppmsca-18622 (digital file from original)", "links": {"item": "https://www.loc.gov/pictures/item/2008676249/", "resource": "https://www.loc.gov/pictures/item/2008676249/resource/"}, "title": "Negro housing in Los Angeles, Calif[ornia]", "image": {"alt": "digitized item thumbnail", "full": "https://tile.loc.gov/storage-services/service/pnp/ppmsca/18600/18622_150px.jpg", "square": "https://tile.loc.gov/storage-services/service/pnp/ppmsca/18600/18622_75x75px.jpg", "thumb": "https://tile.loc.gov/storage-services/service/pnp/ppmsca/18600/18622_150px.jpg"}, "created": "2016-04-20T00:00:00Z", "modified": "2016-04-20T00:00:00Z", "collection": ["cph", "pp"], "creator": "Daniels, Gene (Photographer)", "call_number": "LC-U9- 11755-5 [P&P]", "medium_brief": "1 negative :", "source_modified": "2013-06-03T00:00:00Z", "pk": "2008676249", "created_published_date": "1964 Apr. 12.", "subjects": ["African Americans--Economic & social conditions--1960-1970.", "Houses--1960-1970.", "Suburban life--1960-1970.", "Ethnic neighborhoods--1960-1970.", "Film negatives--1960-1970."]}, {"source_created": "2006-01-23T00:00:00Z", "index": 6, "medium": "1 drawing : pen and ink.", "reproduction_number": "", "links": {"item": "https://www.loc.gov/pictures/item/2010715815/", "resource": "https://www.loc.gov/pictures/item/2010715815/resource/"}, "title": "[Group of men standing beside a shack; tall buildings in the background]", "image": {"alt": "digitized item thumbnail", "full": "https://tile.loc.gov/storage-services/service/pnp/cai/2a12000/2a12400/2a12467r.jpg", "square": "https://tile.loc.gov/storage-services/service/pnp/cai/2a12000/2a12400/2a12467_75x75px.jpg", "thumb": "https://tile.loc.gov/storage-services/service/pnp/cai/2a12000/2a12400/2a12467_150px.jpg"}, "created": "2016-04-20T00:00:00Z", "modified": "2016-04-20T00:00:00Z", "collection": ["cai", "diof", "minload", "pp"], "creator": "Fogarty, Thomas, 1873-1938", "call_number": "CAI - Fogarty, no. 177 (A size) [P&P]", "medium_brief": "1 drawing :", "source_modified": "2010-12-03T00:00:00Z", "pk": "2010715815", "created_published_date": "[between 1890 and 1938]", "subjects": ["Commercial facilities.", "Ethnic neighborhoods.", "Slums.", "Drawings.", "Illustrations."]}, {"source_created": "2006-01-23T00:00:00Z", "index": 7, "medium": "1 drawing on illustration board : ink wash and opaque white.", "reproduction_number": "LC-DIG-ppmsca-05435 (digital file from original)\nLC-USZ62-17252 (b&w film copy neg.)", "links": {"item": "https://www.loc.gov/pictures/item/2010717654/", "resource": "https://www.loc.gov/pictures/item/2010717654/resource/"}, "title": "The Jewish Quarter, Boston", "image": {"alt": "digitized item thumbnail", "full": "https://tile.loc.gov/storage-services/service/pnp/ppmsca/05400/05435r.jpg", "square": "https://tile.loc.gov/storage-services/service/pnp/ppmsca/05400/05435_75x75px.jpg", "thumb": "https://tile.loc.gov/storage-services/service/pnp/ppmsca/05400/05435_150px.jpg"}, "created": "2016-04-20T00:00:00Z", "modified": "2016-04-20T00:00:00Z", "collection": ["056", "4481", "cai", "diof", "exh", "minload", "pp"], "creator": "Rogers, W. A. (William Allen), 1854-1931", "call_number": "CAI - Rogers, no. 94 (A size) [P&P]", "medium_brief": "1 drawing on illustration board :", "source_modified": "2010-12-03T00:00:00Z", "pk": "2010717654", "created_published_date": "c1899.", "subjects": ["Jews.", "City & town life.", "Ethnic neighborhoods.", "United States--Massachusetts--Boston.", "Drawings--American.", "Periodical illustrations--American."]}, {"source_created": "2006-01-23T00:00:00Z", "index": 8, "medium": "1 drawing : watercolor.", "reproduction_number": "LC-DIG-ds-03598 (digital file from original item)\nLC-USZ62-120792 (b&w film copy neg.)", "links": {"item": "https://www.loc.gov/pictures/item/2010717831/", "resource": "https://www.loc.gov/pictures/item/2010717831/resource/"}, "title": "Chinamen confined within the Chinese quarter, cooking their meals", "image": {"alt": "digitized item thumbnail", "full": "https://tile.loc.gov/storage-services/service/pnp/ds/03500/03598r.jpg", "square": "https://tile.loc.gov/storage-services/service/pnp/ds/03500/03598_75x75px.jpg", "thumb": "https://tile.loc.gov/storage-services/service/pnp/ds/03500/03598_150px.jpg"}, "created": "2016-04-20T00:00:00Z", "modified": "2016-04-20T00:00:00Z", "collection": ["cai", "diof", "minload", "pp"], "creator": "Rogers, W. A. (William Allen), 1854-1931", "call_number": "CAI - Rogers, no. 273 (C size) [P&P]", "medium_brief": "1 drawing :", "source_modified": "2013-02-11T00:00:00Z", "pk": "2010717831", "created_published_date": "[1900?]", "subjects": ["Chinese Americans--Domestic life.", "Cookery.", "Ethnic neighborhoods.", "United States--California--San Francisco.", "Periodical illustrations.", "Watercolors--Color."]}, {"source_created": "2006-01-23T00:00:00Z", "index": 9, "medium": "1 drawing : ink.", "reproduction_number": "", "links": {"item": "https://www.loc.gov/pictures/item/2010718136/", "resource": "https://www.loc.gov/pictures/item/2010718136/resource/"}, "title": "Nice! repeated Uncle Abey. She's fine. All silk and a yard wide", "image": {"alt": "digitized item thumbnail", "full": "https://tile.loc.gov/storage-services/service/pnp/cai/2a14000/2a14900/2a14914r.jpg", "square": "https://tile.loc.gov/storage-services/service/pnp/cai/2a14000/2a14900/2a14914_75x75px.jpg", "thumb": "https://tile.loc.gov/storage-services/service/pnp/cai/2a14000/2a14900/2a14914_150px.jpg"}, "created": "2016-04-20T00:00:00Z", "modified": "2016-04-20T00:00:00Z", "collection": ["cai", "diof", "minload", "pp"], "creator": "Steele, Frederic Dorr, 1873-1944", "call_number": "CAI - Steele, no. 10 (B size) [P&P]", "medium_brief": "1 drawing :", "source_modified": "2010-12-03T00:00:00Z", "pk": "2010718136", "created_published_date": "1905.", "subjects": ["Adults.", "Children.", "Ethnic neighborhoods.", "Politicians.", "United States--New York (State)--New York.", "Drawings.", "Periodical illustrations."]}, {"source_created": "2013-04-16T00:00:00Z", "index": 10, "medium": "1 photomechanical print (postcard) : photochrom, color.", "reproduction_number": "LC-DIG-ds-03650 (digital file from original item)", "links": {"item": "https://www.loc.gov/pictures/item/2013645884/", "resource": "https://www.loc.gov/pictures/item/2013645884/resource/"}, "title": "An organ grinder in the Italian quarter", "image": {"alt": "digitized item thumbnail", "full": "https://tile.loc.gov/storage-services/service/pnp/ds/03600/03650r.jpg", "square": "https://tile.loc.gov/storage-services/service/pnp/ds/03600/03650_75x75px.jpg", "thumb": "https://tile.loc.gov/storage-services/service/pnp/ds/03600/03650_150px.jpg"}, "created": "2016-04-20T00:00:00Z", "modified": "2016-04-20T00:00:00Z", "collection": ["cph", "diof", "pp"], "creator": "Detroit Photographic Co.", "call_number": "Unprocessed in PR 06 CN 038 [item] [P&P]", "medium_brief": "1 photomechanical print (postcard) :", "source_modified": "2013-04-16T00:00:00Z", "pk": "2013645884", "created_published_date": "c1902 March 31.", "subjects": ["Italian Americans--Music--New York (State)--New York--1900-1910.", "Organ grinders--New York (State)--New York--1900-1910.", "Ethnic neighborhoods--New York (State)--New York--1900-1910.", "Photochrom prints--Color--1900-1910.", "Postcards--1900-1910."]}, {"source_created": "2015-10-01T00:00:00Z", "index": 11, "medium": "1 photograph : gelatin silver print ; sheet 26 x 21 cm (8 x 10 format)", "reproduction_number": "LC-DIG-ds-07749 (digital file from original item)", "links": {"item": "https://www.loc.gov/pictures/item/2015650748/", "resource": "https://www.loc.gov/pictures/item/2015650748/resource/"}, "title": "[Chinese American woman and child, Chinatown, San Francisco]", "image": {"alt": "digitized item thumbnail", "full": "https://tile.loc.gov/storage-services/service/pnp/ds/07700/07749r.jpg", "square": "https://tile.loc.gov/storage-services/service/pnp/ds/07700/07749_75x75px.jpg", "thumb": "https://tile.loc.gov/storage-services/service/pnp/ds/07700/07749_150px.jpg"}, "created": "2016-04-20T00:00:00Z", "modified": "2016-04-20T00:00:00Z", "collection": ["cph", "diof", "pp"], "creator": "Genthe, Arnold, 1869-1942", "call_number": "Unprocessed in PR 06 CN 347 [item] [P&P]", "medium_brief": "1 photograph :", "source_modified": "2015-10-01T00:00:00Z", "pk": "2015650748", "created_published_date": "[between 1896 and 1911, printed later]", "subjects": ["Chinese Americans--Clothing & dress--California--San Francisco--1890-1920.", "City & town life--California--San Francisco--1890-1920.", "Ethnic neighborhoods--California--San Francisco--1890-1920.", "Chinatown (San Francisco, Calif.)--1890-1920.", "Photographic prints--1890-1920."]}, {"source_created": "2015-10-01T00:00:00Z", "index": 12, "medium": "1 photograph : gelatin silver print ; sheet 26 x 21 cm (8 x 10 format)", "reproduction_number": "LC-DIG-ds-07748 (digital file from original item)", "links": {"item": "https://www.loc.gov/pictures/item/2015650749/", "resource": "https://www.loc.gov/pictures/item/2015650749/resource/"}, "title": "[Chinese American men and children, Chinatown, San Francisco]", "image": {"alt": "digitized item thumbnail", "full": "https://tile.loc.gov/storage-services/service/pnp/ds/07700/07748r.jpg", "square": "https://tile.loc.gov/storage-services/service/pnp/ds/07700/07748_75x75px.jpg", "thumb": "https://tile.loc.gov/storage-services/service/pnp/ds/07700/07748_150px.jpg"}, "created": "2016-04-20T00:00:00Z", "modified": "2016-04-20T00:00:00Z", "collection": ["cph", "diof", "pp"], "creator": "Genthe, Arnold, 1869-1942", "call_number": "Unprocessed in PR 06 CN 347 [item] [P&P]", "medium_brief": "1 photograph :", "source_modified": "2015-10-01T00:00:00Z", "pk": "2015650749", "created_published_date": "[between 1896 and 1911, printed later]", "subjects": ["Chinese Americans--Clothing & dress--California--San Francisco--1890-1920.", "City & town life--California--San Francisco--1890-1920.", "Ethnic neighborhoods--California--San Francisco--1890-1920.", "Chinatown (San Francisco, Calif.)--1890-1920.", "Photographic prints--1890-1920."]}, {"source_created": "1992-08-12T00:00:00Z", "index": 13, "medium": "1 photographic print.", "reproduction_number": "LC-USZ62-105982 (b&w film copy neg.)", "links": {"item": "https://www.loc.gov/pictures/item/92514874/", "resource": "https://www.loc.gov/pictures/item/92514874/resource/"}, "title": "[Store and restaurant in Chinatown, New York]", "image": {"alt": "digitized item thumbnail", "full": "https://tile.loc.gov/storage-services/service/pnp/cph/3c00000/3c05000/3c05900/3c05982r.jpg", "square": "https://tile.loc.gov/storage-services/service/pnp/cph/3c00000/3c05000/3c05900/3c05982_75x75px.jpg", "thumb": "https://tile.loc.gov/storage-services/service/pnp/cph/3c00000/3c05000/3c05900/3c05982_150px.jpg"}, "created": "2016-04-20T00:00:00Z", "modified": "2016-04-20T00:00:00Z", "collection": ["cph", "diof", "pp"], "creator": null, "call_number": "U.S. GEOG FILE - New York (State)--New York City--Street views <item> [P&P]", "medium_brief": "1 photographic print.", "source_modified": "2004-11-09T00:00:00Z", "pk": "92514874", "created_published_date": "c1903.", "subjects": ["Commercial facilities--New York (State)--New York--1900-1910.", "Ethnic neighborhoods--New York (State)--New York--1900-1910.", "Chinese Americans--Commerce--1900-1910.", "Photographic prints--1900-1910."]}, {"source_created": "2006-03-15T00:00:00Z", "index": 14, "medium": "1 photographic print on stereo card : stereograph, gelatin silver.", "reproduction_number": "LC-DIG-ppmsca-10648 (digital file from original stereograph)", "links": {"item": "https://www.loc.gov/pictures/item/2006679648/", "resource": "https://www.loc.gov/pictures/item/2006679648/resource/"}, "title": "The Jewish quarters, Constantinople, Turkey", "image": {"alt": "digitized item thumbnail", "full": "https://tile.loc.gov/storage-services/service/pnp/ppmsca/10600/10648r.jpg", "square": "https://tile.loc.gov/storage-services/service/pnp/ppmsca/10600/10648_75x75px.jpg", "thumb": "https://tile.loc.gov/storage-services/service/pnp/ppmsca/10600/10648_150px.jpg"}, "created": "2016-04-21T00:00:00Z", "modified": "2016-04-21T00:00:00Z", "collection": ["diof", "pp", "stereo"], "creator": "Kilburn, B.W. (Benjamin West), 1827-1909.", "call_number": "LOT 13715-3, no. 20 [item] [P&P]", "medium_brief": "1 photographic print on stereo card :", "source_modified": "2006-04-03T00:00:00Z", "pk": "2006679648", "created_published_date": "c1898 March 12.", "subjects": ["Jews--Structures--Turkey--Istanbul--1890-1900.", "City & town life--Turkey--Istanbul--1890-1900.", "Ethnic neighborhoods--Turkey--Istanbul--1890-1900.", "Residential streets--Turkey--Istanbul--1890-1900.", "Gelatin silver prints--1890-1900.", "Stereographs--1890-1900."]}, {"source_created": "2006-03-15T00:00:00Z", "index": 15, "medium": "1 photographic print on stereo card : stereograph, gelatin silver.", "reproduction_number": "LC-DIG-ppmsca-10652 (digital file from original stereograph)", "links": {"item": "https://www.loc.gov/pictures/item/2006679652/", "resource": "https://www.loc.gov/pictures/item/2006679652/resource/"}, "title": "Valley of Hinnom, showing the Jewish Colony, Palestine", "image": {"alt": "digitized item thumbnail", "full": "https://tile.loc.gov/storage-services/service/pnp/ppmsca/10600/10652r.jpg", "square": "https://tile.loc.gov/storage-services/service/pnp/ppmsca/10600/10652_75x75px.jpg", "thumb": "https://tile.loc.gov/storage-services/service/pnp/ppmsca/10600/10652_150px.jpg"}, "created": "2016-04-21T00:00:00Z", "modified": "2016-04-21T00:00:00Z", "collection": ["diof", "pp", "stereo"], "creator": "Kilburn, B.W. (Benjamin West), 1827-1909.", "call_number": "LOT 13715-4, no. 91 [item] [P&P]", "medium_brief": "1 photographic print on stereo card :", "source_modified": "2012-03-13T00:00:00Z", "pk": "2006679652", "created_published_date": "c1899 February 16.", "subjects": ["Jews--Structures--Jerusalem--1890-1900.", "Ethnic neighborhoods--Jerusalem--1890-1900.", "Valleys--Jerusalem--1890-1900.", "Gelatin silver prints--1890-1900.", "Stereographs--1890-1900."]}, {"source_created": "2008-11-26T00:00:00Z", "index": 16, "medium": "1 print (postcard) : color.", "reproduction_number": "LC-DIG-ppmsca-19044 (digital file from original item)", "links": {"item": "https://www.loc.gov/pictures/item/2008680529/", "resource": "https://www.loc.gov/pictures/item/2008680529/resource/"}, "title": "New Jewish market on the East Side, New York", "image": {"alt": "digitized item thumbnail", "full": "https://tile.loc.gov/storage-services/service/pnp/ppmsca/19000/19044r.jpg", "square": "https://tile.loc.gov/storage-services/service/pnp/ppmsca/19000/19044_75x75px.jpg", "thumb": "https://tile.loc.gov/storage-services/service/pnp/ppmsca/19000/19044_150px.jpg"}, "created": "2016-04-21T00:00:00Z", "modified": "2016-04-21T00:00:00Z", "collection": ["cph", "diof", "pp"], "creator": null, "call_number": "LOT 13954, no. 36 [P&P]", "medium_brief": "1 print (postcard) :", "source_modified": "2010-03-02T00:00:00Z", "pk": "2008680529", "created_published_date": "[between 1901 and 1907]", "subjects": ["Ethnic neighborhoods--New York (State)--New York--1900-1910.", "Markets--New York (State)--New York--1900-1910.", "Postcards--1900-1910.", "Prints--Color--1900-1910."]}, {"source_created": "2006-01-23T00:00:00Z", "index": 17, "medium": "1 drawing : wash.", "reproduction_number": "LC-USZ6-1774 (b&w film copy neg.)", "links": {"item": "https://www.loc.gov/pictures/item/2010717854/", "resource": "https://www.loc.gov/pictures/item/2010717854/resource/"}, "title": "The Arab (Turkish) colony in New York City", "image": {"alt": "digitized item thumbnail", "full": "https://tile.loc.gov/storage-services/service/pnp/cai/2a14000/2a14600/2a14611r.jpg", "square": "https://tile.loc.gov/storage-services/service/pnp/cai/2a14000/2a14600/2a14611_75x75px.jpg", "thumb": "https://tile.loc.gov/storage-services/service/pnp/cai/2a14000/2a14600/2a14611_150px.jpg"}, "created": "2016-04-21T00:00:00Z", "modified": "2016-04-21T00:00:00Z", "collection": ["cai", "diof", "minload", "pp"], "creator": "Rogers, W. A. (William Allen), 1854-1931", "call_number": "CAI - Rogers, no. 297 (B size) [P&P]", "medium_brief": "1 drawing :", "source_modified": "2010-12-03T00:00:00Z", "pk": "2010717854", "created_published_date": "[between 1872 and 1931]", "subjects": ["Turks.", "City & town life.", "Ethnic neighborhoods.", "United States--New York (State)--New York.", "Illustrations--American.", "Wash drawings--American--Color."]}, {"source_created": "2006-01-23T00:00:00Z", "index": 18, "medium": "1 drawing : crayon.", "reproduction_number": "LC-USZC4-12918 (color film copy transparency)", "links": {"item": "https://www.loc.gov/pictures/item/2010718132/", "resource": "https://www.loc.gov/pictures/item/2010718132/resource/"}, "title": "For Yetta was lost", "image": {"alt": "digitized item thumbnail", "full": "https://tile.loc.gov/storage-services/service/pnp/cai/2a14000/2a14900/2a14907r.jpg", "square": "https://tile.loc.gov/storage-services/service/pnp/cai/2a14000/2a14900/2a14907_75x75px.jpg", "thumb": "https://tile.loc.gov/storage-services/service/pnp/cai/2a14000/2a14900/2a14907_150px.jpg"}, "created": "2016-04-21T00:00:00Z", "modified": "2016-04-21T00:00:00Z", "collection": ["cai", "diof", "minload", "pp"], "creator": "Steele, Frederic Dorr, 1873-1944", "call_number": "CAI - Steele, no. 6 (B size) [P&P]", "medium_brief": "1 drawing :", "source_modified": "2010-12-03T00:00:00Z", "pk": "2010718132", "created_published_date": "1904.", "subjects": ["Jews.", "Ethnic neighborhoods.", "United States--New York (State)--New York.", "Drawings.", "Periodical illustrations."]}, {"source_created": "2015-09-30T00:00:00Z", "index": 19, "medium": "1 photograph : gelatin silver print ; sheet 26 x 21 cm (8 x 10 format)", "reproduction_number": "LC-DIG-ds-07747 (digital file from original item)", "links": {"item": "https://www.loc.gov/pictures/item/2015650744/", "resource": "https://www.loc.gov/pictures/item/2015650744/resource/"}, "title": "[Chinese American men and child in front of building with hanging lanterns, Chinatown, San Francisco]", "image": {"alt": "digitized item thumbnail", "full": "https://tile.loc.gov/storage-services/service/pnp/ds/07700/07747r.jpg", "square": "https://tile.loc.gov/storage-services/service/pnp/ds/07700/07747_75x75px.jpg", "thumb": "https://tile.loc.gov/storage-services/service/pnp/ds/07700/07747_150px.jpg"}, "created": "2016-04-21T00:00:00Z", "modified": "2016-04-21T00:00:00Z", "collection": ["cph", "diof", "pp"], "creator": "Genthe, Arnold, 1869-1942", "call_number": "Unprocessed in PR 06 CN 347 [item] [P&P]", "medium_brief": "1 photograph :", "source_modified": "2015-10-01T00:00:00Z", "pk": "2015650744", "created_published_date": "[between 1896 and 1911, printed later]", "subjects": ["Chinese Americans--Clothing & dress--California--San Francisco--1890-1920.", "City & town life--California--San Francisco--1890-1920.", "Ethnic neighborhoods--California--San Francisco--1890-1920.", "Chinatown (San Francisco, Calif.)--1890-1920.", "Photographic prints--1890-1920."]}, {"source_created": "1991-09-13T00:00:00Z", "index": 20, "medium": "1 photographic print.", "reproduction_number": "LC-USZ62-95683 (b&w film copy neg.)", "links": {"item": "https://www.loc.gov/pictures/item/91790582/", "resource": "https://www.loc.gov/pictures/item/91790582/resource/"}, "title": "Peddlers - New York's \"Little Jerusalem\"", "image": {"alt": "digitized item thumbnail", "full": "https://tile.loc.gov/storage-services/service/pnp/cph/3b40000/3b41000/3b41800/3b41828r.jpg", "square": "https://tile.loc.gov/storage-services/service/pnp/cph/3b40000/3b41000/3b41800/3b41828_75x75px.jpg", "thumb": "https://tile.loc.gov/storage-services/service/pnp/cph/3b40000/3b41000/3b41800/3b41828_150px.jpg"}, "created": "2016-04-21T00:00:00Z", "modified": "2016-04-21T00:00:00Z", "collection": ["diof", "ggbain", "pp"], "creator": null, "call_number": "LOT 10915 <item> [P&P]", "medium_brief": "1 photographic print.", "source_modified": "2005-05-23T00:00:00Z", "pk": "91790582", "created_published_date": "[between 1908 and 1916]", "subjects": ["Peddlers--New York (State)--New York--1900-1920.", "Ethnic neighborhoods--New York (State)--New York--1900-1920.", "Photographic prints--1900-1920."]}]}