{"search": {"field": "subject", "hits": 23, "sort_order": null, "do_facets": true, "focus_item": null, "query": "Surfing", "type": "search", "sort_by": null}, "focus": null, "views": {"current": "list", "grid": "https://www.loc.gov/pictures/search/?q=Surfing&fi=subject&va=exact&st=grid&op=PHRASE", "list": "https://www.loc.gov/pictures/search/?q=Surfing&fi=subject&op=PHRASE&va=exact", "gallery": "https://www.loc.gov/pictures/search/?q=Surfing&fi=subject&va=exact&st=gallery&op=PHRASE", "slideshow": "https://www.loc.gov/pictures/search/?q=Surfing&fi=subject&va=exact&st=slideshow&op=PHRASE"}, "facets": [{"type": "displayed", "filters": [{"count": 10, "on": "https://www.loc.gov/pictures/search/?va=exact&sp=1&q=Surfing&fa=displayed%3Aanywhere&fi=subject&op=PHRASE&fo=json", "selected": false, "off": "https://www.loc.gov/pictures/search/?va=exact&sp=1&q=Surfing&fi=subject&fo=json&op=PHRASE", "title": "Larger image available anywhere"}, {"count": 7, "on": "https://www.loc.gov/pictures/search/?va=exact&sp=1&q=Surfing&fa=displayed%3Alc_only&fi=subject&op=PHRASE&fo=json", "selected": false, "off": "https://www.loc.gov/pictures/search/?va=exact&sp=1&q=Surfing&fi=subject&fo=json&op=PHRASE", "title": "Larger image available only at the Library of Congress"}, {"count": 6, "on": "https://www.loc.gov/pictures/search/?va=exact&sp=1&q=Surfing&fa=displayed%3Anot_digitized&fi=subject&op=PHRASE&fo=json", "selected": false, "off": "https://www.loc.gov/pictures/search/?va=exact&sp=1&q=Surfing&fi=subject&fo=json&op=PHRASE", "title": "Not Digitized"}], "title": "displayed"}], "links": {"json": "//www.loc.gov/pictures/search/?fi=subject&q=Surfing&op=PHRASE&va=exact&fo=json", "html": "//www.loc.gov/pictures/search/?fi=subject&q=Surfing&op=PHRASE&va=exact", "rss": "//www.loc.gov/pictures/search/?fi=subject&q=Surfing&op=PHRASE&va=exact&fo=rss"}, "suggestions": {"possible": []}, "pages": {"current": 1, "next": null, "perpage": 20, "last": null, "page_list": [{"url": null, "number": 1}], "previous": null, "total": 1, "results": "1 - 23", "first": null}, "collection": null, "results": [{"source_created": "2008-07-17T00:00:00Z", "index": 1, "medium": "1 photomechanical print (poster) : offset, color ; 95 x 65 cm.", "reproduction_number": "LC-USZC4-13608 (color film copy transparency)", "links": {"item": "https://www.loc.gov/pictures/item/2008679043/", "resource": "https://www.loc.gov/pictures/item/2008679043/resource/"}, "title": "Hawaii", "image": {"alt": "digitized item thumbnail", "full": "https://tile.loc.gov/storage-services/service/pnp/cph/3g10000/3g13000/3g13600/3g13608_150px.jpg", "square": "https://tile.loc.gov/storage-services/service/pnp/cph/3g10000/3g13000/3g13600/3g13608_75x75px.jpg", "thumb": "https://tile.loc.gov/storage-services/service/pnp/cph/3g10000/3g13000/3g13600/3g13608_150px.jpg"}, "created": "2016-04-20T00:00:00Z", "modified": "2016-04-20T00:00:00Z", "collection": ["pos", "pp"], "creator": null, "call_number": "POS - US .A4532, no. 1 (C size) [P&P]", "medium_brief": "1 photomechanical print (poster) :", "source_modified": "2008-07-17T00:00:00Z", "pk": "2008679043", "created_published_date": "[195-]", "subjects": ["Tourism--Hawaii--1950-1960.", "Surfing--Hawaii--1950-1960.", "Recreation--Hawaii--1950-1960.", "Seas--Hawaii--1950-1960.", "Offset photomechanical prints--Color--1950-1960.", "Travel posters--American--1950-1960."]}, {"source_created": "2012-02-01T00:00:00Z", "index": 2, "medium": "1 transparency : color ; 4 x 5 in. or smaller.", "reproduction_number": "LC-DIG-highsm-16890 (digital file from original)\nLC-HS503-2970 (color film transparency)", "links": {"item": "https://www.loc.gov/pictures/item/2011635083/", "resource": "https://www.loc.gov/pictures/item/2011635083/resource/"}, "title": "Surfers on the Southern California coast", "image": {"alt": "digitized item thumbnail", "full": "https://tile.loc.gov/storage-services/service/pnp/highsm/16800/16890r.jpg", "square": "https://tile.loc.gov/storage-services/service/pnp/highsm/16800/16890_75x75px.jpg", "thumb": "https://tile.loc.gov/storage-services/service/pnp/highsm/16800/16890_150px.jpg"}, "created": "2016-04-20T00:00:00Z", "modified": "2016-04-20T00:00:00Z", "collection": ["diof", "highsm", "minload", "pp"], "creator": "Highsmith, Carol M., 1946-", "call_number": "LC-HS503- 2970 (ONLINE) [P&P]", "medium_brief": "1 transparency :", "source_modified": "2012-02-23T00:00:00Z", "pk": "2011635083", "created_published_date": "[between 1980 and 2006]", "subjects": ["United States--California.", "America.", "Surfing.", "Surfers.", "Transparencies--color--1980-2010."]}, {"source_created": "2012-11-19T00:00:00Z", "index": 3, "medium": "1 drawing.", "reproduction_number": "LC-DIG-hlb-12947 (digital file from original drawing)", "links": {"item": "https://www.loc.gov/pictures/item/2012643354/", "resource": "https://www.loc.gov/pictures/item/2012643354/resource/"}, "title": "\"There goes the neighborhood\"", "image": {"alt": "digitized item thumbnail", "full": "https://tile.loc.gov/storage-services/service/pnp/hlb/12900/12947_150px.jpg", "square": "https://tile.loc.gov/storage-services/service/pnp/hlb/12900/12947_75x75px.jpg", "thumb": "https://tile.loc.gov/storage-services/service/pnp/hlb/12900/12947_150px.jpg"}, "created": "2016-04-20T00:00:00Z", "modified": "2016-04-20T00:00:00Z", "collection": ["hlb", "minload", "pp"], "creator": "Block, Herbert, 1909-2001", "call_number": "BLOCK, no. 12947 (BB size)", "medium_brief": "1 drawing.", "source_modified": "2015-06-04T00:00:00Z", "pk": "2012643354", "created_published_date": "12/21/1994.", "subjects": ["Orange County (Calif.)", "Surfing", "Sunbathing", "Public debt", "Tramps", "Wealth", "beaches", "Drawings--American.", "Editorial cartoons--American."]}, {"source_created": "2013-05-23T00:00:00Z", "index": 4, "medium": "1 photograph : digital, tiff file, color.", "reproduction_number": "LC-DIG-highsm-24530 (original digital file)", "links": {"item": "https://www.loc.gov/pictures/item/2013631708/", "resource": "https://www.loc.gov/pictures/item/2013631708/resource/"}, "title": "Three surfers take to the waves at Butterfly Beach in Montecito, a small city next to Santa Barbara, California", "image": {"alt": "digitized item thumbnail", "full": "https://tile.loc.gov/storage-services/service/pnp/highsm/24500/24530r.jpg", "square": "https://tile.loc.gov/storage-services/service/pnp/highsm/24500/24530_75x75px.jpg", "thumb": "https://tile.loc.gov/storage-services/service/pnp/highsm/24500/24530_150px.jpg"}, "created": "2016-04-20T00:00:00Z", "modified": "2016-04-20T00:00:00Z", "collection": ["diof", "highsm", "minload", "pp"], "creator": "Highsmith, Carol M., 1946-", "call_number": "LC-DIG-highsm- 24530 (ONLINE) [P&P]", "medium_brief": "1 photograph :", "source_modified": "2013-06-18T00:00:00Z", "pk": "2013631708", "created_published_date": "2013.", "subjects": ["United States--California--Montecito.", "Surfers.", "Surfing.", "Butterfly Beach.", "America.", "Digital photographs--Color--2010-2020."]}, {"source_created": "1989-12-05T00:00:00Z", "index": 5, "medium": "1 photographic print.", "reproduction_number": "LC-USZ62-98353 (b&w film copy neg.)", "links": {"item": "https://www.loc.gov/pictures/item/89715867/", "resource": "https://www.loc.gov/pictures/item/89715867/resource/"}, "title": "In training for surfboard championships", "image": {"alt": "digitized item thumbnail", "full": "https://tile.loc.gov/storage-services/service/pnp/cph/3b40000/3b44000/3b44400/3b44437_150px.jpg", "square": "https://tile.loc.gov/storage-services/service/pnp/cph/3b40000/3b44000/3b44400/3b44437_75x75px.jpg", "thumb": "https://tile.loc.gov/storage-services/service/pnp/cph/3b40000/3b44000/3b44400/3b44437_150px.jpg"}, "created": "2016-04-20T00:00:00Z", "modified": "2016-04-20T00:00:00Z", "collection": ["cph", "pp"], "creator": null, "call_number": "SSF - Sports--Surfing <item> [P&P]", "medium_brief": "1 photographic print.", "source_modified": "2003-06-12T00:00:00Z", "pk": "89715867", "created_published_date": "[between 1920 and 1945]", "subjects": ["Women--Social life--California--Hermosa Beach--1920-1950.", "Surfing--California--Hermosa Beach--1920-1950.", "Photographic prints--1920-1950."]}, {"source_created": "1990-07-10T00:00:00Z", "index": 6, "medium": "1 photographic print.", "reproduction_number": "LC-USZ62-100232 (b&w film copy neg.)", "links": {"item": "https://www.loc.gov/pictures/item/90710768/", "resource": "https://www.loc.gov/pictures/item/90710768/resource/"}, "title": "The Surf rider", "image": {"alt": "digitized item thumbnail", "full": "https://tile.loc.gov/storage-services/service/pnp/cph/3c00000/3c00000/3c00200/3c00232_150px.jpg", "square": "https://tile.loc.gov/storage-services/service/pnp/cph/3c00000/3c00000/3c00200/3c00232_75x75px.jpg", "thumb": "https://tile.loc.gov/storage-services/service/pnp/cph/3c00000/3c00000/3c00200/3c00232_150px.jpg"}, "created": "2016-04-20T00:00:00Z", "modified": "2016-04-20T00:00:00Z", "collection": ["cph", "pp"], "creator": null, "call_number": "U.S. GEOG FILE - Hawaii--People and customs <item> [P&P]", "medium_brief": "1 photographic print.", "source_modified": "2003-05-29T00:00:00Z", "pk": "90710768", "created_published_date": "c1929.", "subjects": ["Surfing--Hawaii--Honolulu--1920-1930.", "Photographic prints--1920-1930."]}, {"source_created": "1998-02-12T00:00:00Z", "index": 7, "medium": "1 photographic print.", "reproduction_number": "LC-USZ62-120288 (b&w film copy neg.)", "links": {"item": "https://www.loc.gov/pictures/item/98502342/", "resource": "https://www.loc.gov/pictures/item/98502342/resource/"}, "title": "Surf riders at Waikiki Beach, Oahu", "image": {"alt": "digitized item thumbnail", "full": "https://tile.loc.gov/storage-services/service/pnp/cph/3c20000/3c20000/3c20200/3c20288_150px.jpg", "square": "https://tile.loc.gov/storage-services/service/pnp/cph/3c20000/3c20000/3c20200/3c20288_75x75px.jpg", "thumb": "https://tile.loc.gov/storage-services/service/pnp/cph/3c20000/3c20000/3c20200/3c20288_150px.jpg"}, "created": "2016-04-20T00:00:00Z", "modified": "2016-04-20T00:00:00Z", "collection": ["cph", "pp"], "creator": null, "call_number": "LOT 5354  <item> [P&P]", "medium_brief": "1 photographic print.", "source_modified": "2002-11-10T00:00:00Z", "pk": "98502342", "created_published_date": "[between 1906 and 1916(?)]", "subjects": ["Surfing--Hawaii--Honolulu--1900-1920.", "Panoramic photographs--1900-1920.", "Photographic prints--1900-1920."]}, {"source_created": "2013-12-19T00:00:00Z", "index": 8, "medium": "1 photograph : digital, tiff file, color.", "reproduction_number": "LC-DIG-highsm-25685 (original digital file)", "links": {"item": "https://www.loc.gov/pictures/item/2013635130/", "resource": "https://www.loc.gov/pictures/item/2013635130/resource/"}, "title": "Surfer in Montecito, California", "image": {"alt": "digitized item thumbnail", "full": "https://tile.loc.gov/storage-services/service/pnp/highsm/25600/25685r.jpg", "square": "https://tile.loc.gov/storage-services/service/pnp/highsm/25600/25685_75x75px.jpg", "thumb": "https://tile.loc.gov/storage-services/service/pnp/highsm/25600/25685_150px.jpg"}, "created": "2016-04-21T00:00:00Z", "modified": "2016-04-21T00:00:00Z", "collection": ["diof", "highsm", "minload", "pp"], "creator": "Highsmith, Carol M., 1946-", "call_number": "LC-DIG-highsm- 25685 (ONLINE) [P&P]", "medium_brief": "1 photograph :", "source_modified": "2014-01-03T00:00:00Z", "pk": "2013635130", "created_published_date": "2013 May.", "subjects": ["United States--California--Montecito.", "Surfing.", "America.", "Digital photographs--Color--2010-2020."]}, {"source_created": "1989-12-05T00:00:00Z", "index": 9, "medium": "1 photographic print.", "reproduction_number": "LC-USZ62-98354 (b&w film copy neg.)", "links": {"item": "https://www.loc.gov/pictures/item/89715868/", "resource": "https://www.loc.gov/pictures/item/89715868/resource/"}, "title": "A Surfboard collision--the only one ever made!", "image": {"alt": "digitized item thumbnail", "full": "https://tile.loc.gov/storage-services/service/pnp/cph/3b40000/3b44000/3b44400/3b44438_150px.jpg", "square": "https://tile.loc.gov/storage-services/service/pnp/cph/3b40000/3b44000/3b44400/3b44438_75x75px.jpg", "thumb": "https://tile.loc.gov/storage-services/service/pnp/cph/3b40000/3b44000/3b44400/3b44438_150px.jpg"}, "created": "2016-04-21T00:00:00Z", "modified": "2016-04-21T00:00:00Z", "collection": ["cph", "pp"], "creator": null, "call_number": "SSF - Sports--Surfing <item> [P&P]", "medium_brief": "1 photographic print.", "source_modified": "2003-06-11T00:00:00Z", "pk": "89715868", "created_published_date": "[between 1920 and 1945]", "subjects": ["Surfing--Hawaii--Honolulu--1920-1950.", "Photographic prints--1920-1950."]}, {"source_created": "1997-06-25T00:00:00Z", "index": 10, "medium": "1 drawing.", "reproduction_number": "", "links": {"item": "https://www.loc.gov/pictures/item/2016682342/", "resource": "https://www.loc.gov/pictures/item/2016682342/resource/"}, "title": "[American people riding wave of prosperity]", "image": {"alt": "digitized item thumbnail", "full": "https://tile.loc.gov/storage-services/service/pnp/acd/2a09000/2a09600/2a09615_150px.jpg", "square": "https://tile.loc.gov/storage-services/service/pnp/acd/2a09000/2a09600/2a09615_75x75px.jpg", "thumb": "https://tile.loc.gov/storage-services/service/pnp/acd/2a09000/2a09600/2a09615_150px.jpg"}, "created": "2016-08-16T00:00:00Z", "modified": "2016-08-16T00:00:00Z", "collection": ["3rights", "acd", "acr", "minload", "pp"], "creator": "Johnson, Herbert, 1878-1946", "call_number": "CD 1 - Johnson (H.), no. 594 (B size)", "medium_brief": "1 drawing.", "source_modified": "2016-08-04T00:00:00Z", "pk": "2016682342", "created_published_date": "[between 1912 and 1941]", "subjects": ["Surfing", "Cartoons (Commentary)--American.", "Drawings."]}, {"source_created": "1999-10-15T00:00:00Z", "index": 11, "medium": "1 drawing on layered paper board : crayon, ink, blue pencil, and white out over pencil.", "reproduction_number": "", "links": {"item": "https://www.loc.gov/pictures/item/2016686689/", "resource": null}, "title": "California sport", "image": {"alt": "item not digitized thumbnail", "full": "https://www.loc.gov/pictures/static/images/item/500x500_notdigitized.png", "square": "https://www.loc.gov/pictures/static/images/item/not_digitized_buttons75X75.png", "thumb": "https://www.loc.gov/pictures/static/images/item/notdigitized_buttons140X120.png"}, "created": "2016-11-08T00:00:00Z", "modified": "2016-11-08T00:00:00Z", "collection": ["acd", "minload", "pp"], "creator": "Mauldin, Bill, 1921-2003", "call_number": "CD 1 - Mauldin, no. 1118 (A size)", "medium_brief": "1 drawing on layered paper board :", "source_modified": "2016-11-03T00:00:00Z", "pk": "2016686689", "created_published_date": "1964 June 7 [publication date]", "subjects": ["Knowland, William F.--(William Fife),--1908-1974.", "Goldwater, Barry M.--(Barry Morris),--1909-1998.", "Presidential elections--1960-1970.", "Political campaigns--1960-1970.", "Surfing--1960-1970.", "Drawings--1960-1970.", "Editorial cartoons--1960-1970."]}, {"source_created": "1997-01-29T00:00:00Z", "index": 12, "medium": "46 photographic prints (contact sheets).", "reproduction_number": "", "links": {"item": "https://www.loc.gov/pictures/item/2016715833/", "resource": null}, "title": "Water", "image": {"alt": "Look magazine thumbnail", "full": "https://www.loc.gov/pictures/static/images/item/500x500_look.png", "square": "https://www.loc.gov/pictures/static/images/item/lmc_square.png", "thumb": "https://www.loc.gov/pictures/static/images/item/lmc_thumb_large.jpg"}, "created": "2017-01-17T00:00:00Z", "modified": "2017-01-17T00:00:00Z", "collection": ["lmc", "pp"], "creator": "Bernstein, Cal", "call_number": "LOOK - Job 61-9326 [P&P]", "medium_brief": "46 photographic prints (contact sheets).\n3 slides :\nca. 1000 slides :", "source_modified": "2017-01-12T00:00:00Z", "pk": "2016715833", "created_published_date": "1961 June 2 (date added to Look's library)", "subjects": ["Ann-Margret,--1941-", "Children playing in water.", "Surfing.", "Diving.", "Swimming.", "Contact sheets.", "Group portraits.", "Portrait photographs.", "Slides--Color.", "Underwater photographs."]}, {"source_created": "1997-04-22T00:00:00Z", "index": 13, "medium": "34 negatives : b&w safety.", "reproduction_number": "", "links": {"item": "https://www.loc.gov/pictures/item/2016716265/", "resource": null}, "title": "California beach people (Calif. pkg.)", "image": {"alt": "Look magazine thumbnail", "full": "https://www.loc.gov/pictures/static/images/item/500x500_look.png", "square": "https://www.loc.gov/pictures/static/images/item/lmc_square.png", "thumb": "https://www.loc.gov/pictures/static/images/item/lmc_thumb_large.jpg"}, "created": "2017-01-17T00:00:00Z", "modified": "2017-01-17T00:00:00Z", "collection": ["lmc", "pp"], "creator": "Kirkland, Douglas, 1934-", "call_number": "LOOK - Job 62-9883 [P&P]", "medium_brief": "34 negatives :\n4 slides :\n13 transparencies :\nca. 130 slides :", "source_modified": "2017-01-12T00:00:00Z", "pk": "2016716265", "created_published_date": "1962 June 13 (date added to Look's library)", "subjects": ["Surfing.", "Beaches.", "United States--California--Carmel.", "Group portraits.", "Portrait photographs.", "Safety film negatives.", "Slides--Color.", "Transparencies--Color."]}, {"source_created": "1992-07-14T00:00:00Z", "index": 14, "medium": "1 print : woodcut, color.", "reproduction_number": "LC-USZC4-2059 (color film copy transparency)", "links": {"item": "https://www.loc.gov/pictures/item/92512967/", "resource": "https://www.loc.gov/pictures/item/92512967/resource/"}, "title": "Hawaii", "image": {"alt": "digitized item thumbnail", "full": "https://tile.loc.gov/storage-services/service/pnp/cph/3g00000/3g02000/3g02000/3g02059r.jpg", "square": "https://tile.loc.gov/storage-services/service/pnp/cph/3g00000/3g02000/3g02000/3g02059_75x75px.jpg", "thumb": "https://tile.loc.gov/storage-services/service/pnp/cph/3g00000/3g02000/3g02000/3g02059_150px.jpg"}, "created": "2017-07-04T00:00:00Z", "modified": "2017-07-04T00:00:00Z", "collection": ["diof", "finepr", "pp"], "creator": "Bartlett, Charles W., 1860-1940", "call_number": "FP - XIX - Bartlett (C.), no. 11 (B size) [P&P]", "medium_brief": "1 print :", "source_modified": "2017-07-03T00:00:00Z", "pk": "92512967", "created_published_date": "1918, [c1919]", "subjects": ["Surfing--Hawaii--1910-1920.", "Woodcuts--Color--1910-1920."]}, {"source_created": "1992-07-27T00:00:00Z", "index": 15, "medium": "1 print : woodcut, color.", "reproduction_number": "LC-USZC4-2063 (color film copy transparency)", "links": {"item": "https://www.loc.gov/pictures/item/92513811/", "resource": "https://www.loc.gov/pictures/item/92513811/resource/"}, "title": "Surf riders, Honolulu", "image": {"alt": "digitized item thumbnail", "full": "https://tile.loc.gov/storage-services/service/pnp/cph/3g00000/3g02000/3g02000/3g02063r.jpg", "square": "https://tile.loc.gov/storage-services/service/pnp/cph/3g00000/3g02000/3g02000/3g02063_75x75px.jpg", "thumb": "https://tile.loc.gov/storage-services/service/pnp/cph/3g00000/3g02000/3g02000/3g02063_150px.jpg"}, "created": "2017-07-04T00:00:00Z", "modified": "2017-07-04T00:00:00Z", "collection": ["diof", "finepr", "pp"], "creator": "Bartlett, Charles W., 1860-1940", "call_number": "FP - XIX - Bartlett (C.), no. 21 (B size) [P&P]", "medium_brief": "1 print :", "source_modified": "2017-07-03T00:00:00Z", "pk": "92513811", "created_published_date": "[1920, c1921]", "subjects": ["Surfing--Hawaii--1920.", "Woodcuts--Color--1920."]}, {"source_created": "1992-07-27T00:00:00Z", "index": 16, "medium": "1 print : woodcut, color.", "reproduction_number": "LC-USZC4-2064 (color film copy transparency)", "links": {"item": "https://www.loc.gov/pictures/item/92513815/", "resource": "https://www.loc.gov/pictures/item/92513815/resource/"}, "title": "Hawaii", "image": {"alt": "digitized item thumbnail", "full": "https://tile.loc.gov/storage-services/service/pnp/cph/3g00000/3g02000/3g02000/3g02064r.jpg", "square": "https://tile.loc.gov/storage-services/service/pnp/cph/3g00000/3g02000/3g02000/3g02064_75x75px.jpg", "thumb": "https://tile.loc.gov/storage-services/service/pnp/cph/3g00000/3g02000/3g02000/3g02064_150px.jpg"}, "created": "2017-07-04T00:00:00Z", "modified": "2017-07-04T00:00:00Z", "collection": ["diof", "finepr", "pp"], "creator": "Bartlett, Charles W., 1860-1940", "call_number": "FP - XIX - Bartlett (C.), no. 22 (B size) [P&P]", "medium_brief": "1 print :", "source_modified": "2017-07-03T00:00:00Z", "pk": "92513815", "created_published_date": "[c1921]", "subjects": ["Surfing--Hawaii--1920-1930.", "Woodcuts--Color--1920-1930."]}, {"source_created": "2013-05-23T00:00:00Z", "index": 17, "medium": "1 photograph : digital, tiff file, color.", "reproduction_number": "LC-DIG-highsm-21251 (original digital file)", "links": {"item": "https://www.loc.gov/pictures/item/2013630679/", "resource": "https://www.loc.gov/pictures/item/2013630679/resource/"}, "title": "[Surfing, Santa Cruz, California]", "image": {"alt": "digitized item thumbnail", "full": "https://tile.loc.gov/storage-services/service/pnp/highsm/21200/21251r.jpg", "square": "https://tile.loc.gov/storage-services/service/pnp/highsm/21200/21251_75x75px.jpg", "thumb": "https://tile.loc.gov/storage-services/service/pnp/highsm/21200/21251_150px.jpg"}, "created": "2017-12-26T00:00:00Z", "modified": "2017-12-26T00:00:00Z", "collection": ["diof", "highsm", "minload", "pp"], "creator": "Highsmith, Carol M., 1946-", "call_number": "LC-DIG-highsm- 21251 (ONLINE) [P&P]", "medium_brief": "1 photograph :", "source_modified": "2017-12-19T00:00:00Z", "pk": "2013630679", "created_published_date": "2012.", "subjects": ["United States--California--Santa Cruz.", "America", "Pacific Ocean", "Surfing", "Digital photographs--Color--2010-2020."]}, {"source_created": "2013-05-23T00:00:00Z", "index": 18, "medium": "1 photograph : digital, tiff file, color.", "reproduction_number": "LC-DIG-highsm-21252 (original digital file)", "links": {"item": "https://www.loc.gov/pictures/item/2013630680/", "resource": "https://www.loc.gov/pictures/item/2013630680/resource/"}, "title": "[Surfing, Santa Cruz, California]", "image": {"alt": "digitized item thumbnail", "full": "https://tile.loc.gov/storage-services/service/pnp/highsm/21200/21252r.jpg", "square": "https://tile.loc.gov/storage-services/service/pnp/highsm/21200/21252_75x75px.jpg", "thumb": "https://tile.loc.gov/storage-services/service/pnp/highsm/21200/21252_150px.jpg"}, "created": "2017-12-26T00:00:00Z", "modified": "2017-12-26T00:00:00Z", "collection": ["diof", "highsm", "minload", "pp"], "creator": "Highsmith, Carol M., 1946-", "call_number": "LC-DIG-highsm- 21252 (ONLINE) [P&P]", "medium_brief": "1 photograph :", "source_modified": "2017-12-19T00:00:00Z", "pk": "2013630680", "created_published_date": "2012.", "subjects": ["United States--California--Santa Cruz.", "America", "Pacific Ocean", "Surfing", "Digital photographs--Color--2010-2020."]}, {"source_created": "1998-02-25T00:00:00Z", "index": 19, "medium": "published 4 slides : color.", "reproduction_number": "", "links": {"item": "https://www.loc.gov/pictures/item/2016717673/", "resource": null}, "title": "Yosemite mountain climbing", "image": {"alt": "Look magazine thumbnail", "full": "https://www.loc.gov/pictures/static/images/item/500x500_look.png", "square": "https://www.loc.gov/pictures/static/images/item/lmc_square.png", "thumb": "https://www.loc.gov/pictures/static/images/item/lmc_thumb_large.jpg"}, "created": "2019-01-08T00:00:00Z", "modified": "2019-01-08T00:00:00Z", "collection": ["lmc", "pp"], "creator": "Massie, Kim, 1930-2018", "call_number": "LOOK - Job 66-2753 [P&P]", "medium_brief": "4 slides :\nca. 1170 slides :\n2 negatives :", "source_modified": "2019-01-03T00:00:00Z", "pk": "2016717673", "created_published_date": "1966 Apr. 13 (date added to Look's library)", "subjects": ["Chouinard, Yvon,--1938-", "Surfing.", "Mountaineering.", "United States--Yosemite National Park.", "Group portraits.", "Portrait photographs.", "Safety film negatives.", "Slides--Color."]}, {"source_created": "1997-10-31T00:00:00Z", "index": 20, "medium": "published 7 slides : color.", "reproduction_number": "", "links": {"item": "https://www.loc.gov/pictures/item/2016717078/", "resource": null}, "title": "Men's wear -- surfing", "image": {"alt": "Look magazine thumbnail", "full": "https://www.loc.gov/pictures/static/images/item/500x500_look.png", "square": "https://www.loc.gov/pictures/static/images/item/lmc_square.png", "thumb": "https://www.loc.gov/pictures/static/images/item/lmc_thumb_large.jpg"}, "created": "2020-12-15T06:02:44Z", "modified": "2020-12-15T06:02:44Z", "collection": ["lmc", "pp"], "creator": "Ornitz, Don, 1920-1972", "call_number": "LOOK - Job 64-1767 [P&P]", "medium_brief": "7 slides :\nca. 110 slides :\n7 transparencies :", "source_modified": "2020-12-09T08:57:30Z", "pk": "2016717078", "created_published_date": "1964 Mar. 19 (date added to Look's library)", "subjects": ["Bathing suits.", "Surfing.", "Fashion photographs.", "Slides--Color.", "Transparencies--Color."]}, {"source_created": "1998-03-03T00:00:00Z", "index": 21, "medium": "19 photographic prints (contact sheets).", "reproduction_number": "", "links": {"item": "https://www.loc.gov/pictures/item/2016717712/", "resource": null}, "title": "Girl surfing champ (Joyce Hoffman)", "image": {"alt": "Look magazine thumbnail", "full": "https://www.loc.gov/pictures/static/images/item/500x500_look.png", "square": "https://www.loc.gov/pictures/static/images/item/lmc_square.png", "thumb": "https://www.loc.gov/pictures/static/images/item/lmc_thumb_large.jpg"}, "created": "2020-12-15T09:06:18Z", "modified": "2020-12-15T09:06:18Z", "collection": ["lmc", "pp"], "creator": "Ornitz, Don, 1920-1972", "call_number": "LOOK - Job 65-2650 [P&P]", "medium_brief": "19 photographic prints (contact sheets).\n1 slide :\nca. 300 slides :\n1 transparency :", "source_modified": "2020-12-09T08:59:24Z", "pk": "2016717712", "created_published_date": "1965 Nov. 19 (date added to Look's library)", "subjects": ["Women--Sports.", "Surfing.", "United States--Hawaii.", "Contact sheets.", "Slides--Color."]}, {"source_created": "2021-03-18T00:00:00Z", "index": 22, "medium": "1 photograph : digital, TIFF, black and white.", "reproduction_number": "LC-DIG-ppem-01217 (digital file from original)", "links": {"item": "https://www.loc.gov/pictures/item/2021637385/", "resource": "https://www.loc.gov/pictures/item/2021637385/resource/"}, "title": "A onda", "image": {"alt": "digitized item thumbnail", "full": "https://tile.loc.gov/storage-services/service/pnp/ppem/01200/01217r.jpg", "square": "https://tile.loc.gov/storage-services/service/pnp/ppem/01200/01217_75x75px.jpg", "thumb": "https://tile.loc.gov/storage-services/service/pnp/ppem/01200/01217_150px.jpg"}, "created": "2021-03-23T06:23:19Z", "modified": "2021-03-23T06:23:22Z", "collection": ["cph", "diof", "pp"], "creator": "Cypriano, Andr,\u030c 1964-", "call_number": "LC-DIG-ppem- 01217 [P&P]", "medium_brief": "1 photograph :", "source_modified": "2021-03-18T16:54:35Z", "pk": "2021637385", "created_published_date": "1999.", "subjects": ["Brazilians--Sports--Brazil--Rio de Janeiro--1990-2000.", "Surfing--Brazil--Rio de Janeiro--1990-2000.", "Oceans--Brazil--Rio de Janeiro--1990-2000.", "Digital photographs--1990-2000.", "Photographs--Reproductions--1990-2000."]}, {"source_created": "2021-03-18T00:00:00Z", "index": 23, "medium": "1 photograph : digital, TIFF, black and white.", "reproduction_number": "LC-DIG-ppem-01218 (digital file from original)", "links": {"item": "https://www.loc.gov/pictures/item/2021637386/", "resource": "https://www.loc.gov/pictures/item/2021637386/resource/"}, "title": "Cal\u0227d\u00f4", "image": {"alt": "digitized item thumbnail", "full": "https://tile.loc.gov/storage-services/service/pnp/ppem/01200/01218r.jpg", "square": "https://tile.loc.gov/storage-services/service/pnp/ppem/01200/01218_75x75px.jpg", "thumb": "https://tile.loc.gov/storage-services/service/pnp/ppem/01200/01218_150px.jpg"}, "created": "2021-03-23T05:33:03Z", "modified": "2021-03-23T05:33:06Z", "collection": ["cph", "diof", "pp"], "creator": "Cypriano, Andr,\u030c 1964-", "call_number": "LC-DIG-ppem- 01218 [P&P]", "medium_brief": "1 photograph :", "source_modified": "2021-03-18T17:00:15Z", "pk": "2021637386", "created_published_date": "1999.", "subjects": ["Brazilians--Sports--Brazil--Rio de Janeiro--1990-2000.", "Surfing--Brazil--Rio de Janeiro--1990-2000.", "Walkways--Brazil--Rio de Janeiro--1990-2000.", "Oceans--Brazil--Rio de Janeiro--1990-2000.", "Copacabana (Rio de Janeiro, Brazil)--1990-2000.", "Digital photographs--1990-2000.", "Photographs--Reproductions--1990-2000."]}]}