{"search": {"field": "subject", "hits": 3, "sort_order": null, "do_facets": true, "focus_item": null, "query": "Underwater photography", "type": "search", "sort_by": null}, "focus": null, "views": {"current": "list", "grid": "https://www.loc.gov/pictures/search/?q=Underwater+photography&fi=subject&va=exact&st=grid&op=PHRASE", "list": "https://www.loc.gov/pictures/search/?q=Underwater+photography&fi=subject&op=PHRASE&va=exact", "gallery": "https://www.loc.gov/pictures/search/?q=Underwater+photography&fi=subject&va=exact&st=gallery&op=PHRASE", "slideshow": "https://www.loc.gov/pictures/search/?q=Underwater+photography&fi=subject&va=exact&st=slideshow&op=PHRASE"}, "facets": [{"type": "displayed", "filters": [{"count": 0, "on": "https://www.loc.gov/pictures/search/?va=exact&sp=1&q=Underwater+photography&fa=displayed%3Aanywhere&fi=subject&op=PHRASE&fo=json", "selected": false, "off": "https://www.loc.gov/pictures/search/?va=exact&sp=1&q=Underwater+photography&fi=subject&fo=json&op=PHRASE", "title": "Larger image available anywhere"}, {"count": 2, "on": "https://www.loc.gov/pictures/search/?va=exact&sp=1&q=Underwater+photography&fa=displayed%3Alc_only&fi=subject&op=PHRASE&fo=json", "selected": false, "off": "https://www.loc.gov/pictures/search/?va=exact&sp=1&q=Underwater+photography&fi=subject&fo=json&op=PHRASE", "title": "Larger image available only at the Library of Congress"}, {"count": 1, "on": "https://www.loc.gov/pictures/search/?va=exact&sp=1&q=Underwater+photography&fa=displayed%3Anot_digitized&fi=subject&op=PHRASE&fo=json", "selected": false, "off": "https://www.loc.gov/pictures/search/?va=exact&sp=1&q=Underwater+photography&fi=subject&fo=json&op=PHRASE", "title": "Not Digitized"}], "title": "displayed"}], "links": {"json": "//www.loc.gov/pictures/search/?fi=subject&q=Underwater+photography&op=PHRASE&va=exact&fo=json", "html": "//www.loc.gov/pictures/search/?fi=subject&q=Underwater+photography&op=PHRASE&va=exact", "rss": "//www.loc.gov/pictures/search/?fi=subject&q=Underwater+photography&op=PHRASE&va=exact&fo=rss"}, "suggestions": {"possible": []}, "pages": {"current": 1, "next": null, "perpage": 20, "last": null, "page_list": [{"url": null, "number": 1}], "previous": null, "total": 1, "results": "1 - 3", "first": null}, "collection": null, "results": [{"source_created": "2009-05-12T00:00:00Z", "index": 1, "medium": "1 negative.", "reproduction_number": "LC-DIG-ppmsca-09445 (digital file from original)", "links": {"item": "https://www.loc.gov/pictures/item/2009632164/", "resource": "https://www.loc.gov/pictures/item/2009632164/resource/"}, "title": "[Charlotte Brooks checking her plastic-encased camera before her first test dive]", "image": {"alt": "digitized item thumbnail", "full": "https://tile.loc.gov/storage-services/service/pnp/ppmsca/09400/09445_150px.jpg", "square": "https://tile.loc.gov/storage-services/service/pnp/ppmsca/09400/09445_75x75px.jpg", "thumb": "https://tile.loc.gov/storage-services/service/pnp/ppmsca/09400/09445_150px.jpg"}, "created": "2016-04-20T00:00:00Z", "modified": "2016-04-20T00:00:00Z", "collection": ["cph", "pp"], "creator": null, "call_number": "LC-L9-54-2881, no. 1 [P&P]", "medium_brief": "1 negative.", "source_modified": "2014-03-21T00:00:00Z", "pk": "2009632164", "created_published_date": "1954.", "subjects": ["Brooks, Charlotte,--1918-2014--Sports.", "Women--Employment--1950-1960.", "Photojournalists--American--1950-1960.", "Skin diving--1950-1960.", "Underwater photography--1950-1960.", "Film negatives--1950-1960."]}, {"source_created": "2006-08-10T00:00:00Z", "index": 2, "medium": "25 photographic prints on stereo cards : stereograph, gelatin silver print; 9 x 18 cm.", "reproduction_number": "", "links": {"item": "https://www.loc.gov/pictures/item/2006687060/", "resource": null}, "title": "Educational views of coastal landscapes and sea-life", "image": {"alt": "group item thumbnail", "full": "https://www.loc.gov/pictures/static/images/item/500x500_grouprecord.png", "square": "https://www.loc.gov/pictures/static/images/item/grouprecord_square.png", "thumb": "https://www.loc.gov/pictures/static/images/item/grouprecord_thumb_large.jpg"}, "created": "2017-09-05T04:03:51Z", "modified": "2021-04-13T12:15:26Z", "collection": ["coll", "pp"], "creator": "Stone, George Eathl", "call_number": "LOT 13797 (S) [P&P]", "medium_brief": "25 photographic prints on stereo cards :", "source_modified": "2017-08-30T15:26:03Z", "pk": "2006687060", "created_published_date": "c1925.", "subjects": ["Underwater photography--1920-1930.", "Aquatic animals--1920-1930.", "Gelatin silver prints--1920-1930.", "Stereographs--1920-1930."]}, {"source_created": "2021-04-12T00:00:00Z", "index": 3, "medium": "11 photographs on contact sheet : gelatin silver print ; sheet 21 x 26 cm (8 x 10 format)", "reproduction_number": "LC-DIG-ds-14500 (digital file from original item)", "links": {"item": "https://www.loc.gov/pictures/item/2021638470/", "resource": "https://www.loc.gov/pictures/item/2021638470/resource/"}, "title": "[Esther Williams underwater with cameramen and crew in scuba gear filming Jupiter's Darling]", "image": {"alt": "digitized item thumbnail", "full": "https://tile.loc.gov/storage-services/service/pnp/ds/14500/14500_150px.jpg", "square": "https://tile.loc.gov/storage-services/service/pnp/ds/14500/14500_75x75px.jpg", "thumb": "https://tile.loc.gov/storage-services/service/pnp/ds/14500/14500_150px.jpg"}, "created": "2021-04-27T07:27:30Z", "modified": "2021-04-27T07:27:32Z", "collection": ["cph", "pp"], "creator": "Theisen, Earl", "call_number": "LOOK - Job 54-1565 [item] [P&P]", "medium_brief": "11 photographs on contact sheet :", "source_modified": "2021-04-20T11:21:04Z", "pk": "2021638470", "created_published_date": "[19]54.", "subjects": ["Williams, Esther,--1921-2013--Performances.", "Underwater photography--1950-1960.", "Motion picture production & direction--1950-1960.", "Motion picture cameras--1950-1960.", "Synchronized swimming--1950-1960.", "Skin diving--1950-1960.", "Contact sheets--1950-1960.", "Gelatin silver prints--1950-1960.", "Underwater photographs--1950-1960."]}]}