{"search": {"field": "subject", "hits": 5, "sort_order": null, "do_facets": true, "focus_item": null, "query": "Bohemians", "type": "search", "sort_by": null}, "focus": null, "views": {"current": "list", "grid": "https://www.loc.gov/pictures/search/?q=Bohemians&fi=subject&va=exact&st=grid&op=PHRASE", "list": "https://www.loc.gov/pictures/search/?q=Bohemians&fi=subject&op=PHRASE&va=exact", "gallery": "https://www.loc.gov/pictures/search/?q=Bohemians&fi=subject&va=exact&st=gallery&op=PHRASE", "slideshow": "https://www.loc.gov/pictures/search/?q=Bohemians&fi=subject&va=exact&st=slideshow&op=PHRASE"}, "facets": [{"type": "displayed", "filters": [{"count": 0, "on": "https://www.loc.gov/pictures/search/?va=exact&sp=1&q=Bohemians&fa=displayed%3Aanywhere&fi=subject&op=PHRASE&fo=json", "selected": false, "off": "https://www.loc.gov/pictures/search/?va=exact&sp=1&q=Bohemians&fi=subject&fo=json&op=PHRASE", "title": "Larger image available anywhere"}, {"count": 3, "on": "https://www.loc.gov/pictures/search/?va=exact&sp=1&q=Bohemians&fa=displayed%3Alc_only&fi=subject&op=PHRASE&fo=json", "selected": false, "off": "https://www.loc.gov/pictures/search/?va=exact&sp=1&q=Bohemians&fi=subject&fo=json&op=PHRASE", "title": "Larger image available only at the Library of Congress"}, {"count": 2, "on": "https://www.loc.gov/pictures/search/?va=exact&sp=1&q=Bohemians&fa=displayed%3Anot_digitized&fi=subject&op=PHRASE&fo=json", "selected": false, "off": "https://www.loc.gov/pictures/search/?va=exact&sp=1&q=Bohemians&fi=subject&fo=json&op=PHRASE", "title": "Not Digitized"}, {"count": 0, "on": "https://www.loc.gov/pictures/search/?va=exact&sp=1&q=Bohemians&fa=displayed%3Asurveys_only&fi=subject&op=PHRASE&fo=json", "selected": false, "off": "https://www.loc.gov/pictures/search/?va=exact&sp=1&q=Bohemians&fi=subject&fo=json&op=PHRASE", "title": "Surveys only"}], "title": "displayed"}], "links": {"json": "//www.loc.gov/pictures/search/?fi=subject&q=Bohemians&op=PHRASE&va=exact&fo=json", "html": "//www.loc.gov/pictures/search/?fi=subject&q=Bohemians&op=PHRASE&va=exact", "rss": "//www.loc.gov/pictures/search/?fi=subject&q=Bohemians&op=PHRASE&va=exact&fo=rss"}, "suggestions": {"possible": []}, "pages": {"current": 1, "next": null, "perpage": 20, "last": null, "page_list": [{"url": null, "number": 1}], "previous": null, "total": 1, "results": "1 - 5", "first": null}, "collection": null, "results": [{"source_created": "1993-01-01T00:00:00Z", "index": 1, "medium": "1 drawing : India ink over pencil, with gray wash, and opaque white on white wove paper ; 25.6 x 20.6 cm. (sheet)", "reproduction_number": "", "links": {"item": "https://www.loc.gov/pictures/item/2009617413/", "resource": null}, "title": "\"Beatnik\"", "image": {"alt": "item not digitized thumbnail", "full": "https://www.loc.gov/pictures/static/images/item/500x500_notdigitized.png", "square": "https://www.loc.gov/pictures/static/images/item/not_digitized_buttons75X75.png", "thumb": "https://www.loc.gov/pictures/static/images/item/notdigitized_buttons140X120.png"}, "created": "2016-04-20T00:00:00Z", "modified": "2016-04-20T00:00:00Z", "collection": ["minload", "pp", "swa"], "creator": "Steig, William, 1907-2003", "call_number": "SWANN - no. 198 (AA size) [P&P]", "medium_brief": "1 drawing :", "source_modified": "2009-08-05T00:00:00Z", "pk": "2009617413", "created_published_date": "1959 July 4 [publication date]", "subjects": ["Bohemians--1950-1960.", "Cartoons (Commentary)--American--1950-1960.", "Drawings--American--1950-1960.", "Periodical illustrations--American--1950-1960."]}, {"source_created": "1998-03-18T00:00:00Z", "index": 2, "medium": "1 photographic print.", "reproduction_number": "LC-USZ62-120823 (b&w film copy neg.)", "links": {"item": "https://www.loc.gov/pictures/item/98504099/", "resource": "https://www.loc.gov/pictures/item/98504099/resource/"}, "title": "[Malcolm Boyd, the \"Expresso Priest,\" talking to another man at a bar in PJ's, Hollywood, California]", "image": {"alt": "digitized item thumbnail", "full": "https://tile.loc.gov/storage-services/service/pnp/cph/3c20000/3c20000/3c20800/3c20823_150px.jpg", "square": "https://tile.loc.gov/storage-services/service/pnp/cph/3c20000/3c20000/3c20800/3c20823_75x75px.jpg", "thumb": "https://tile.loc.gov/storage-services/service/pnp/cph/3c20000/3c20000/3c20800/3c20823_150px.jpg"}, "created": "2016-04-20T00:00:00Z", "modified": "2016-04-20T00:00:00Z", "collection": ["cph", "pp"], "creator": null, "call_number": "NYWTS - BIOG--Boyd, Malcolm, Rev.--Beatnik Priest <item> [P&P]", "medium_brief": "1 photographic print.", "source_modified": "2015-03-03T00:00:00Z", "pk": "98504099", "created_published_date": "1961.", "subjects": ["Boyd, Malcolm,--1923-2015.", "Priests--California--Hollywood--1960-1970.", "Bohemians--California--Hollywood--1960-1970.", "Photographic prints--1960-1970.", "Transmitted images--1960-1970."]}, {"source_created": "1993-01-01T00:00:00Z", "index": 3, "medium": "1 drawing : India ink over pencil, with opaque white, scraping out, and printed and drawn overlays on white heavy drawing stock ; 36.8 x 57.0 cm. (sheet)", "reproduction_number": "", "links": {"item": "https://www.loc.gov/pictures/item/2009616103/", "resource": null}, "title": "Steve Roper. \"I saw you send the new runner out after that customer, 'Whisper'! So what cooks?\"", "image": {"alt": "item not digitized thumbnail", "full": "https://www.loc.gov/pictures/static/images/item/500x500_notdigitized.png", "square": "https://www.loc.gov/pictures/static/images/item/not_digitized_buttons75X75.png", "thumb": "https://www.loc.gov/pictures/static/images/item/notdigitized_buttons140X120.png"}, "created": "2016-04-21T00:00:00Z", "modified": "2016-04-21T00:00:00Z", "collection": ["minload", "pp", "swa"], "creator": "Overgard, William", "call_number": "SWANN - no. 1247 (B size) [P&P]", "medium_brief": "1 drawing :", "source_modified": "2009-08-05T00:00:00Z", "pk": "2009616103", "created_published_date": "1959 Apr. 19 [publication date]", "subjects": ["Bohemians--1950-1960.", "Spying--1950-1960.", "Comics--American--1950-1960.", "Drawings--American--1950-1960.", "Periodical illustrations--American--1950-1960."]}, {"source_created": "1993-01-01T00:00:00Z", "index": 4, "medium": "1 drawing : charcoal and colored chalk on white wove paper ; 37.6 x 24.2 cm. (sheet)", "reproduction_number": "LC-USZ62-85952 (b&w film copy neg.)", "links": {"item": "https://www.loc.gov/pictures/item/2009617090/", "resource": "https://www.loc.gov/pictures/item/2009617090/resource/"}, "title": "Beatnick", "image": {"alt": "digitized item thumbnail", "full": "https://tile.loc.gov/storage-services/service/pnp/cph/3b30000/3b32000/3b32400/3b32470_150px.jpg", "square": "https://tile.loc.gov/storage-services/service/pnp/cph/3b30000/3b32000/3b32400/3b32470_75x75px.jpg", "thumb": "https://tile.loc.gov/storage-services/service/pnp/cph/3b30000/3b32000/3b32400/3b32470_150px.jpg"}, "created": "2016-04-21T00:00:00Z", "modified": "2016-04-21T00:00:00Z", "collection": ["minload", "pp", "swa"], "creator": "Osborn, Robert Chesley, 1904-1994", "call_number": "SWANN - no. 1234 (B size) [P&P]", "medium_brief": "1 drawing :", "source_modified": "2013-10-29T00:00:00Z", "pk": "2009617090", "created_published_date": "1964.", "subjects": ["Bohemians--1960-1970.", "Caricatures--American--1960-1970.", "Cartoons (Commentary)--American--1960-1970.", "Drawings--American--Color--1960-1970.", "Periodical illustrations--American--1960-1970."]}, {"source_created": "1997-06-25T00:00:00Z", "index": 5, "medium": "1 drawing.", "reproduction_number": "", "links": {"item": "https://www.loc.gov/pictures/item/2016680833/", "resource": "https://www.loc.gov/pictures/item/2016680833/resource/"}, "title": "Please stop following me around", "image": {"alt": "digitized item thumbnail", "full": "https://tile.loc.gov/storage-services/service/pnp/acd/2a07000/2a07900/2a07978_150px.jpg", "square": "https://tile.loc.gov/storage-services/service/pnp/acd/2a07000/2a07900/2a07978_75x75px.jpg", "thumb": "https://tile.loc.gov/storage-services/service/pnp/acd/2a07000/2a07900/2a07978_150px.jpg"}, "created": "2016-08-16T00:00:00Z", "modified": "2016-08-16T00:00:00Z", "collection": ["2rights", "acd", "acr", "minload", "pp"], "creator": "Crockett, Gib", "call_number": "CD 1 - Crockett, no. 277 (B size)", "medium_brief": "1 drawing.", "source_modified": "2016-08-04T00:00:00Z", "pk": "2016680833", "created_published_date": "1962 Dec. 6.", "subjects": ["Rockefeller, Nelson A.", "Vietnamese Conflict, 1961-1975", "Bohemians", "Cartoons (Commentary)--American.", "Drawings."]}]}