{"search": {"field": "subject", "hits": 14, "sort_order": null, "do_facets": true, "focus_item": null, "query": "Food inspections", "type": "search", "sort_by": null}, "focus": null, "views": {"current": "list", "grid": "https://www.loc.gov/pictures/search/?q=Food+inspections&fi=subject&va=exact&st=grid&op=PHRASE", "list": "https://www.loc.gov/pictures/search/?q=Food+inspections&fi=subject&op=PHRASE&va=exact", "gallery": "https://www.loc.gov/pictures/search/?q=Food+inspections&fi=subject&va=exact&st=gallery&op=PHRASE", "slideshow": "https://www.loc.gov/pictures/search/?q=Food+inspections&fi=subject&va=exact&st=slideshow&op=PHRASE"}, "facets": [{"type": "displayed", "filters": [{"count": 10, "on": "https://www.loc.gov/pictures/search/?va=exact&sp=1&q=Food+inspections&fa=displayed%3Aanywhere&fi=subject&op=PHRASE&fo=json", "selected": false, "off": "https://www.loc.gov/pictures/search/?va=exact&sp=1&q=Food+inspections&fi=subject&fo=json&op=PHRASE", "title": "Larger image available anywhere"}, {"count": 2, "on": "https://www.loc.gov/pictures/search/?va=exact&sp=1&q=Food+inspections&fa=displayed%3Alc_only&fi=subject&op=PHRASE&fo=json", "selected": false, "off": "https://www.loc.gov/pictures/search/?va=exact&sp=1&q=Food+inspections&fi=subject&fo=json&op=PHRASE", "title": "Larger image available only at the Library of Congress"}, {"count": 2, "on": "https://www.loc.gov/pictures/search/?va=exact&sp=1&q=Food+inspections&fa=displayed%3Anot_digitized&fi=subject&op=PHRASE&fo=json", "selected": false, "off": "https://www.loc.gov/pictures/search/?va=exact&sp=1&q=Food+inspections&fi=subject&fo=json&op=PHRASE", "title": "Not Digitized"}], "title": "displayed"}], "links": {"json": "//www.loc.gov/pictures/search/?fi=subject&q=Food+inspections&op=PHRASE&va=exact&fo=json", "html": "//www.loc.gov/pictures/search/?fi=subject&q=Food+inspections&op=PHRASE&va=exact", "rss": "//www.loc.gov/pictures/search/?fi=subject&q=Food+inspections&op=PHRASE&va=exact&fo=rss"}, "suggestions": {"possible": []}, "pages": {"current": 1, "next": null, "perpage": 20, "last": null, "page_list": [{"url": null, "number": 1}], "previous": null, "total": 1, "results": "1 - 14", "first": null}, "collection": null, "results": [{"source_created": "2006-07-26T00:00:00Z", "index": 1, "medium": "1 photographic print.", "reproduction_number": "LC-DIG-ppmsca-12730 (digital file from original photograph)", "links": {"item": "https://www.loc.gov/pictures/item/2006686033/", "resource": "https://www.loc.gov/pictures/item/2006686033/resource/"}, "title": "[Lester P. W. Wehle, a live-poultry inspector for the city of New York, inspects the crop of a chicken]", "image": {"alt": "digitized item thumbnail", "full": "https://tile.loc.gov/storage-services/service/pnp/ppmsca/12700/12730r.jpg", "square": "https://tile.loc.gov/storage-services/service/pnp/ppmsca/12700/12730_75x75px.jpg", "thumb": "https://tile.loc.gov/storage-services/service/pnp/ppmsca/12700/12730_150px.jpg"}, "created": "2016-04-20T00:00:00Z", "modified": "2016-04-20T00:00:00Z", "collection": ["cph", "diof", "pp"], "creator": "Ravenna, Al", "call_number": "NYWTS - SUBJ/GEOG--New York City--Markets, Department of [item] [P&P]", "medium_brief": "1 photographic print.", "source_modified": "2006-07-31T00:00:00Z", "pk": "2006686033", "created_published_date": "1951.", "subjects": ["Wehle, Lester P.W.", "Municipal officials--New York (State)--New York--1950-1960.", "Food inspections--New York (State)--New York--1950-1960.", "Chickens--New York (State)--New York--1950-1960.", "Photographic prints--1950-1960."]}, {"source_created": "1998-05-01T00:00:00Z", "index": 2, "medium": "1 drawing on layered paper board : ink wash, crayon, black chalk and lead white with scraping out over graphite underdrawing ; 35.6 x 44.6 cm. (sheet)", "reproduction_number": "", "links": {"item": "https://www.loc.gov/pictures/item/2010642749/", "resource": null}, "title": "At one blow, the Supreme Court of the United States knocked out fully half the teeth of the Pure Food Law", "image": {"alt": "item not digitized thumbnail", "full": "https://www.loc.gov/pictures/static/images/item/500x500_notdigitized.png", "square": "https://www.loc.gov/pictures/static/images/item/not_digitized_buttons75X75.png", "thumb": "https://www.loc.gov/pictures/static/images/item/notdigitized_buttons140X120.png"}, "created": "2016-04-20T00:00:00Z", "modified": "2016-04-20T00:00:00Z", "collection": ["bbgfc", "exh", "minload", "pp"], "creator": "Glackens, William J., 1870-1938", "call_number": "Goldstein, no. 1534 (B size) [P&P]", "medium_brief": "1 drawing on layered paper board :", "source_modified": "2011-07-13T00:00:00Z", "pk": "2010642749", "created_published_date": "[1911]", "subjects": ["Boxing--1910-1920.", "Consumer protection--1910-1920.", "Food inspections--1910-1920.", "Laws--1910-1920.", "Referees--1910-1920.", "Supreme Court decisions--1910-1920.", "Supreme Court justices--1910-1920.", "Drawings--1910-1920."]}, {"source_created": "2006-01-23T00:00:00Z", "index": 3, "medium": "1 drawing : pen and ink.", "reproduction_number": "", "links": {"item": "https://www.loc.gov/pictures/item/2010717386/", "resource": "https://www.loc.gov/pictures/item/2010717386/resource/"}, "title": "[Women buying meat at the butcher's]", "image": {"alt": "digitized item thumbnail", "full": "https://tile.loc.gov/storage-services/service/pnp/cai/2a14000/2a14100/2a14123r.jpg", "square": "https://tile.loc.gov/storage-services/service/pnp/cai/2a14000/2a14100/2a14123_75x75px.jpg", "thumb": "https://tile.loc.gov/storage-services/service/pnp/cai/2a14000/2a14100/2a14123_150px.jpg"}, "created": "2016-04-20T00:00:00Z", "modified": "2016-04-20T00:00:00Z", "collection": ["cai", "diof", "minload", "pp"], "creator": "Penfield, Edward, 1866-1925", "call_number": "CAI - Penfield, no. 47 (A size) [P&P]", "medium_brief": "1 drawing :", "source_modified": "2010-12-03T00:00:00Z", "pk": "2010717386", "created_published_date": "[1913?]", "subjects": ["Butcher shops.", "Food inspections.", "Shopping.", "Drawings.", "Periodical illustrations."]}, {"source_created": "1997-06-25T00:00:00Z", "index": 4, "medium": "1 drawing : ink ; sheet 39 x 36 cm.", "reproduction_number": "LC-DIG-ds-11774 (digital file from original)", "links": {"item": "https://www.loc.gov/pictures/item/2016679494/", "resource": "https://www.loc.gov/pictures/item/2016679494/resource/"}, "title": "Wiley's willing sacrificers", "image": {"alt": "digitized item thumbnail", "full": "https://tile.loc.gov/storage-services/service/pnp/ds/11700/11774_150px.jpg", "square": "https://tile.loc.gov/storage-services/service/pnp/ds/11700/11774_75x75px.jpg", "thumb": "https://tile.loc.gov/storage-services/service/pnp/ds/11700/11774_150px.jpg"}, "created": "2018-03-27T00:00:00Z", "modified": "2018-03-27T00:00:00Z", "collection": ["2rights", "acd", "acr", "minload", "pp"], "creator": "Berryman, Clifford Kennedy, 1869-1949", "call_number": "CD 1 - Berryman (C.K.), no. 1209 (B size)", "medium_brief": "1 drawing :", "source_modified": "2018-03-26T00:00:00Z", "pk": "2016679494", "created_published_date": "1906.", "subjects": ["Wiley, Harvey Washington,--1844-1930.", "United States.--Department of Agriculture--People--1900-1910.", "Chemists--1900-1910.", "Alcoholic beverages--1900-1910.", "Food inspections--1900-1910.", "barrels", "Alcoholic beverages", "Food inspection", "Crowds", "Cartoons (Commentary)--American--1900-1910.", "Drawings--1900-1910."]}, {"source_created": "2011-03-21T00:00:00Z", "index": 5, "medium": "1 photomechanical print : offset, color.", "reproduction_number": "LC-DIG-ppmsca-26062 (digital file from original print)", "links": {"item": "https://www.loc.gov/pictures/item/2011645894/", "resource": "https://www.loc.gov/pictures/item/2011645894/resource/"}, "title": "Watch the professor", "image": {"alt": "digitized item thumbnail", "full": "https://tile.loc.gov/storage-services/service/pnp/ppmsca/26000/26062r.jpg", "square": "https://tile.loc.gov/storage-services/service/pnp/ppmsca/26000/26062_75x75px.jpg", "thumb": "https://tile.loc.gov/storage-services/service/pnp/ppmsca/26000/26062_150px.jpg"}, "created": "2019-05-06T00:00:00Z", "modified": "2019-05-06T00:00:00Z", "collection": ["cph", "diof", "pp"], "creator": null, "call_number": "Illus. in AP101.P7 1906 (Case X) [P&P]", "medium_brief": "1 photomechanical print :", "source_modified": "2011-03-21T00:00:00Z", "pk": "2011645894", "created_published_date": "1906 May 23.", "subjects": ["Meat industry--1900-1910.", "Food inspections--1900-1910.", "Fraud--1900-1910.", "Magic--1900-1910.", "Cartoons (Commentary)--1900-1910.", "Offset photomechanical prints--Color--1900-1910.", "Periodical illustrations--1900-1910."]}, {"source_created": "2011-03-21T00:00:00Z", "index": 6, "medium": "1 photomechanical print : offset, color.", "reproduction_number": "LC-DIG-ppmsca-26067 (digital file from original print)", "links": {"item": "https://www.loc.gov/pictures/item/2011645899/", "resource": "https://www.loc.gov/pictures/item/2011645899/resource/"}, "title": "[The meat market]", "image": {"alt": "digitized item thumbnail", "full": "https://tile.loc.gov/storage-services/service/pnp/ppmsca/26000/26067r.jpg", "square": "https://tile.loc.gov/storage-services/service/pnp/ppmsca/26000/26067_75x75px.jpg", "thumb": "https://tile.loc.gov/storage-services/service/pnp/ppmsca/26000/26067_150px.jpg"}, "created": "2019-05-06T00:00:00Z", "modified": "2019-05-06T00:00:00Z", "collection": ["cph", "diof", "pp"], "creator": "Hassmann, Carl, 1869-1933", "call_number": "Illus. in AP101.P7 1906 (Case X) [P&P]", "medium_brief": "1 photomechanical print :", "source_modified": "2011-03-21T00:00:00Z", "pk": "2011645899", "created_published_date": "1906 June 13.", "subjects": ["Industrial trusts--1900-1910.", "Meat industry--1900-1910.", "Health care--1900-1910.", "Food inspections--1900-1910.", "Butcher shops--1900-1910.", "Butchers--1900-1910.", "Cartoons (Commentary)--1900-1910.", "Magazine covers--1900-1910.", "Offset photomechanical prints--Color--1900-1910.", "Periodical illustrations--1900-1910."]}, {"source_created": "2011-03-23T00:00:00Z", "index": 7, "medium": "1 photomechanical print : offset, color.", "reproduction_number": "LC-DIG-ppmsca-26072 (digital file from original print)", "links": {"item": "https://www.loc.gov/pictures/item/2011645914/", "resource": "https://www.loc.gov/pictures/item/2011645914/resource/"}, "title": "The American dope party", "image": {"alt": "digitized item thumbnail", "full": "https://tile.loc.gov/storage-services/service/pnp/ppmsca/26000/26072r.jpg", "square": "https://tile.loc.gov/storage-services/service/pnp/ppmsca/26000/26072_75x75px.jpg", "thumb": "https://tile.loc.gov/storage-services/service/pnp/ppmsca/26000/26072_150px.jpg"}, "created": "2019-05-06T00:00:00Z", "modified": "2019-05-06T00:00:00Z", "collection": ["cph", "diof", "pp"], "creator": "Levering, Albert, 1869-1929", "call_number": "Illus. in AP101.P7 1906 (Case X) [P&P]", "medium_brief": "1 photomechanical print :", "source_modified": "2011-03-23T00:00:00Z", "pk": "2011645914", "created_published_date": "1906 June 27.", "subjects": ["Food inspections--1900-1910.", "Consumer protection--1900-1910.", "Cargo ships--1900-1910.", "Cartoons (Commentary)--1900-1910.", "Offset photomechanical prints--Color--1900-1910.", "Periodical illustrations--1900-1910."]}, {"source_created": "2011-09-22T00:00:00Z", "index": 8, "medium": "1 photomechanical print : offset, color.", "reproduction_number": "LC-DIG-ppmsca-28006 (digital file from original print)", "links": {"item": "https://www.loc.gov/pictures/item/2011649652/", "resource": "https://www.loc.gov/pictures/item/2011649652/resource/"}, "title": "Egg speculation", "image": {"alt": "digitized item thumbnail", "full": "https://tile.loc.gov/storage-services/service/pnp/ppmsca/28000/28006r.jpg", "square": "https://tile.loc.gov/storage-services/service/pnp/ppmsca/28000/28006_75x75px.jpg", "thumb": "https://tile.loc.gov/storage-services/service/pnp/ppmsca/28000/28006_150px.jpg"}, "created": "2019-05-06T00:00:00Z", "modified": "2019-05-06T00:00:00Z", "collection": ["cph", "diof", "pp"], "creator": "Keppler, Udo J., 1872-1956", "call_number": "Illus. in AP101.P7 1913 (Case X) [P&P]", "medium_brief": "1 photomechanical print :", "source_modified": "2011-09-22T00:00:00Z", "pk": "2011649652", "created_published_date": "1913 December 10.", "subjects": ["Uncle Sam (Symbolic character)--1910-1920.", "Stockbrokers--1910-1920.", "Eggs--1910-1920.", "Cold storage--1910-1920.", "Consumer protection--1910-1920.", "Legislation--1910-1920.", "Food inspections--1910-1920.", "Axes--1910-1920.", "Cartoons (Commentary)--1910-1920.", "Offset photomechanical prints--Color--1910-1920.", "Periodical illustrations--1910-1920."]}, {"source_created": "2012-01-06T00:00:00Z", "index": 9, "medium": "1 print : chromolithograph.", "reproduction_number": "LC-DIG-ppmsca-28300 (digital file from original print)", "links": {"item": "https://www.loc.gov/pictures/item/2012645181/", "resource": "https://www.loc.gov/pictures/item/2012645181/resource/"}, "title": "Look before you eat", "image": {"alt": "digitized item thumbnail", "full": "https://tile.loc.gov/storage-services/service/pnp/ppmsca/28300/28300r.jpg", "square": "https://tile.loc.gov/storage-services/service/pnp/ppmsca/28300/28300_75x75px.jpg", "thumb": "https://tile.loc.gov/storage-services/service/pnp/ppmsca/28300/28300_150px.jpg"}, "created": "2019-05-06T00:00:00Z", "modified": "2019-05-06T00:00:00Z", "collection": ["cph", "diof", "pp"], "creator": "Opper, Frederick Burr, 1857-1937", "call_number": "Illus. in AP101.P7 1884 (Case X) [P&P]", "medium_brief": "1 print :", "source_modified": "2012-01-06T00:00:00Z", "pk": "2012645181", "created_published_date": "1884 March 12.", "subjects": ["Food inspections--1880-1890.", "Retorts (Equipment)--1880-1890.", "Microscopes--1880-1890.", "Stoves--1880-1890.", "Consumers--1880-1890.", "Cartoons (Commentary)--1880-1890.", "Chromolithographs--Color--1880-1890.", "Magazine covers--1880-1890.", "Periodical illustrations--1880-1890."]}, {"source_created": "1993-05-25T00:00:00Z", "index": 10, "medium": "1 negative : nitrate ; 8 x 10 in.", "reproduction_number": "LC-H824-T-2430-001 (interpositive)", "links": {"item": "https://www.loc.gov/pictures/item/2019677454/", "resource": "https://www.loc.gov/pictures/item/2019677454/resource/"}, "title": "Department of Agriculture. Miss Lucy Alexander, food tester, Department of Agriculture", "image": {"alt": "digitized item thumbnail", "full": "https://tile.loc.gov/storage-services/service/pnp/thc/5a50000/5a50000/5a50089r.jpg", "square": "https://tile.loc.gov/storage-services/service/pnp/thc/5a50000/5a50000/5a50089_75x75px.jpg", "thumb": "https://tile.loc.gov/storage-services/service/pnp/thc/5a50000/5a50000/5a50089_150px.jpg"}, "created": "2019-10-22T00:00:00Z", "modified": "2019-10-22T00:00:00Z", "collection": ["ammem", "diof", "minload", "pp", "thc"], "creator": "Horydczak, Theodor, approximately 1890-1971", "call_number": "LC-H824- 2430-001 [P&P]", "medium_brief": "1 negative :", "source_modified": "2019-10-18T00:00:00Z", "pk": "2019677454", "created_published_date": "ca. 1920-ca. 1950.", "subjects": ["Food inspections.", "Government employees.", "United States--District of Columbia--Washington (D.C.).", "Nitrate negatives.", "Portrait photographs."]}, {"source_created": "1993-06-30T00:00:00Z", "index": 11, "medium": "1 negative : safety ; 8 x 10 in.", "reproduction_number": "LC-H814-T-2430-002 (interpositive)", "links": {"item": "https://www.loc.gov/pictures/item/2019678332/", "resource": "https://www.loc.gov/pictures/item/2019678332/resource/"}, "title": "Department of Agriculture. Miss Lucy Alexander, food tester, Department of Agriculture I", "image": {"alt": "digitized item thumbnail", "full": "https://tile.loc.gov/storage-services/service/pnp/thc/5a42000/5a42200/5a42203r.jpg", "square": "https://tile.loc.gov/storage-services/service/pnp/thc/5a42000/5a42200/5a42203_75x75px.jpg", "thumb": "https://tile.loc.gov/storage-services/service/pnp/thc/5a42000/5a42200/5a42203_150px.jpg"}, "created": "2019-10-29T00:00:00Z", "modified": "2019-10-29T00:00:00Z", "collection": ["ammem", "diof", "minload", "pp", "thc"], "creator": "Horydczak, Theodor, approximately 1890-1971", "call_number": "LC-H814- 2430-002 [P&P]", "medium_brief": "1 negative :", "source_modified": "2019-10-22T00:00:00Z", "pk": "2019678332", "created_published_date": "ca. 1920-ca. 1950.", "subjects": ["Food inspections.", "Government employees.", "United States--District of Columbia--Washington (D.C.).", "Acetate negatives.", "Portrait photographs."]}, {"source_created": "1993-06-30T00:00:00Z", "index": 12, "medium": "1 negative : safety ; 8 x 10 in.", "reproduction_number": "LC-H814-T-2430-003 (interpositive)", "links": {"item": "https://www.loc.gov/pictures/item/2019678333/", "resource": "https://www.loc.gov/pictures/item/2019678333/resource/"}, "title": "Department of Agriculture. Miss Lucy Alexander, food tester, Department of Agriculture II", "image": {"alt": "digitized item thumbnail", "full": "https://tile.loc.gov/storage-services/service/pnp/thc/5a42000/5a42200/5a42204r.jpg", "square": "https://tile.loc.gov/storage-services/service/pnp/thc/5a42000/5a42200/5a42204_75x75px.jpg", "thumb": "https://tile.loc.gov/storage-services/service/pnp/thc/5a42000/5a42200/5a42204_150px.jpg"}, "created": "2019-10-29T00:00:00Z", "modified": "2019-10-29T00:00:00Z", "collection": ["ammem", "diof", "minload", "pp", "thc"], "creator": "Horydczak, Theodor, approximately 1890-1971", "call_number": "LC-H814- 2430-003 [P&P]", "medium_brief": "1 negative :", "source_modified": "2019-10-22T00:00:00Z", "pk": "2019678333", "created_published_date": "ca. 1920-ca. 1950.", "subjects": ["Food inspections.", "Government employees.", "United States--District of Columbia--Washington (D.C.).", "Acetate negatives.", "Portrait photographs."]}, {"source_created": "2019-09-05T00:00:00Z", "index": 13, "medium": "1 photograph : b&w contact sheet ; 26 x 21 cm or smaller (8 x 10 format)", "reproduction_number": "", "links": {"item": "https://www.loc.gov/pictures/item/2018753009/", "resource": null}, "title": "[Senate Agriculture Committee, Subcommittee on Agriculture Research and Conservation hearing on meat inspection, showing Secretary of Agriculture Mike Espy, Senators Thomas Daschle and Patrick Leahy, and Food Safety and Inspection Service Administrator H. Russell Cross]", "image": {"alt": "item not digitized thumbnail", "full": "https://www.loc.gov/pictures/static/images/item/500x500_notdigitized.png", "square": "https://www.loc.gov/pictures/static/images/item/not_digitized_buttons75X75.png", "thumb": "https://www.loc.gov/pictures/static/images/item/notdigitized_buttons140X120.png"}, "created": "2019-11-05T00:00:00Z", "modified": "2019-11-05T00:00:00Z", "collection": ["cqrc", "pp"], "creator": null, "call_number": "CQ-1993-70 [P&P]", "medium_brief": "1 photograph :\n30 photographs :", "source_modified": "2019-10-29T00:00:00Z", "pk": "2018753009", "created_published_date": "[1993-02-05]", "subjects": ["United States.--Congress.--Senate.--Committee on Agriculture, Nutrition, and Forestry.", "Cross, H. Russell", "Espy, Mike", "Legislative hearings", "Food inspections", "Film negatives.", "Photographic prints."]}, {"source_created": "2012-11-19T00:00:00Z", "index": 14, "medium": "1 drawing : graphite, India ink, and opaque white over graphite underdrawing ; sheet 56.1 x 38.2 cm.", "reproduction_number": "LC-DIG-hlb-06931 (digital file from original drawing)", "links": {"item": "https://www.loc.gov/pictures/item/2012637604/", "resource": "https://www.loc.gov/pictures/item/2012637604/resource/"}, "title": "\"That guy Nader makes me sick\"", "image": {"alt": "digitized item thumbnail", "full": "https://tile.loc.gov/storage-services/service/pnp/hlb/06900/06931_150px.jpg", "square": "https://tile.loc.gov/storage-services/service/pnp/hlb/06900/06931_75x75px.jpg", "thumb": "https://tile.loc.gov/storage-services/service/pnp/hlb/06900/06931_150px.jpg"}, "created": "2020-01-07T00:00:00Z", "modified": "2020-01-07T00:00:00Z", "collection": ["00", "008", "13", "14", "exh", "hlb", "l4822", "minload", "pp"], "creator": "Block, Herbert, 1909-2001", "call_number": "BLOCK, no. 6931 (BB size)", "medium_brief": "1 drawing :", "source_modified": "2020-01-01T00:00:00Z", "pk": "2012637604", "created_published_date": "11/15/1967.", "subjects": ["Nader, Ralph.", "United States.--Wholesome Meat Act.", "Butcher shops--1960-1970.", "Meat industry--1960-1970.", "Food inspections--1960-1970.", "Consumer protection--1960-1970.", "Government regulation--1960-1970.", "Drawings--American--1960-1970.", "Editorial cartoons--American--1960-1970."]}]}