{"search": {"field": "subject", "hits": 30, "sort_order": null, "do_facets": true, "focus_item": null, "query": "Secession", "type": "search", "sort_by": null}, "focus": null, "views": {"current": "list", "grid": "https://www.loc.gov/pictures/search/?q=Secession&fi=subject&va=exact&st=grid&op=PHRASE", "list": "https://www.loc.gov/pictures/search/?q=Secession&fi=subject&op=PHRASE&va=exact", "gallery": "https://www.loc.gov/pictures/search/?q=Secession&fi=subject&va=exact&st=gallery&op=PHRASE", "slideshow": "https://www.loc.gov/pictures/search/?q=Secession&fi=subject&va=exact&st=slideshow&op=PHRASE"}, "facets": [{"type": "displayed", "filters": [{"count": 25, "on": "https://www.loc.gov/pictures/search/?va=exact&sp=1&q=Secession&fa=displayed%3Aanywhere&fi=subject&op=PHRASE&fo=json", "selected": false, "off": "https://www.loc.gov/pictures/search/?va=exact&sp=1&q=Secession&fi=subject&fo=json&op=PHRASE", "title": "Larger image available anywhere"}, {"count": 2, "on": "https://www.loc.gov/pictures/search/?va=exact&sp=1&q=Secession&fa=displayed%3Alc_only&fi=subject&op=PHRASE&fo=json", "selected": false, "off": "https://www.loc.gov/pictures/search/?va=exact&sp=1&q=Secession&fi=subject&fo=json&op=PHRASE", "title": "Larger image available only at the Library of Congress"}, {"count": 3, "on": "https://www.loc.gov/pictures/search/?va=exact&sp=1&q=Secession&fa=displayed%3Anot_digitized&fi=subject&op=PHRASE&fo=json", "selected": false, "off": "https://www.loc.gov/pictures/search/?va=exact&sp=1&q=Secession&fi=subject&fo=json&op=PHRASE", "title": "Not Digitized"}], "title": "displayed"}], "links": {"json": "//www.loc.gov/pictures/search/?fi=subject&q=Secession&op=PHRASE&va=exact&fo=json", "html": "//www.loc.gov/pictures/search/?fi=subject&q=Secession&op=PHRASE&va=exact", "rss": "//www.loc.gov/pictures/search/?fi=subject&q=Secession&op=PHRASE&va=exact&fo=rss"}, "suggestions": {"possible": []}, "pages": {"current": 1, "next": "https://www.loc.gov/pictures/search/?q=Secession&fi=subject&sp=2&op=PHRASE&va=exact", "perpage": 20, "last": "https://www.loc.gov/pictures/search/?q=Secession&fi=subject&sp=2&op=PHRASE&va=exact", "page_list": [{"url": null, "number": 1}, {"url": "https://www.loc.gov/pictures/search/?q=Secession&fi=subject&sp=2&op=PHRASE&va=exact", "number": 2}], "previous": null, "total": 2, "results": "1 - 20", "first": null}, "collection": null, "results": [{"source_created": "1994-05-24T00:00:00Z", "index": 1, "medium": "1 print : wood-engraving with letterpress, on wove paper ; 28.8 x 36.5 cm. (image)", "reproduction_number": "LC-USZ62-1959 (b&w film copy neg.)", "links": {"item": "https://www.loc.gov/pictures/item/2008661617/", "resource": "https://www.loc.gov/pictures/item/2008661617/resource/"}, "title": "Strong's dime caricatures. No. 2, Little Bo-Peep and her foolish sheep", "image": {"alt": "digitized item thumbnail", "full": "https://tile.loc.gov/storage-services/service/pnp/cph/3a00000/3a05000/3a05700/3a05700r.jpg", "square": "https://tile.loc.gov/storage-services/service/pnp/cph/3a00000/3a05000/3a05700/3a05700_75x75px.jpg", "thumb": "https://tile.loc.gov/storage-services/service/pnp/cph/3a00000/3a05000/3a05700/3a05700_150px.jpg"}, "created": "2016-04-21T00:00:00Z", "modified": "2016-04-21T00:00:00Z", "collection": ["app", "diof", "minload", "pcus", "pp"], "creator": "Goater, John H.", "call_number": "PC/US - 1861.S924, no. 10 (B size) [P&P]", "medium_brief": "1 print :", "source_modified": "2009-01-22T00:00:00Z", "pk": "2008661617", "created_published_date": "1861.", "subjects": ["Buchanan, James,--1791-1868.", "Jackson, Andrew,--1767-1845.", "Criticism--1860-1870.", "Eagles--1860-1870.", "Secession--Georgia--1860-1870.", "Secession--Louisiana--1860-1870.", "Secession--South Carolina--1860-1870.", "Alabama--1860-1870.", "Kansas--1860-1870.", "Mississippi--1860-1870.", "Virginia--1860-1870.", "Union (Personified)", "Political cartoons--1860-1870.", "Wood engravings--1860-1870."]}, {"source_created": "1994-05-24T00:00:00Z", "index": 2, "medium": "1 print : lithograph on wove paper ; 27.8 x 38 cm. (image)", "reproduction_number": "LC-USZ62-92039 (b&w film copy neg.)", "links": {"item": "https://www.loc.gov/pictures/item/2008661613/", "resource": "https://www.loc.gov/pictures/item/2008661613/resource/"}, "title": "The folly of secession", "image": {"alt": "digitized item thumbnail", "full": "https://tile.loc.gov/storage-services/service/pnp/cph/3b30000/3b38000/3b38300/3b38363r.jpg", "square": "https://tile.loc.gov/storage-services/service/pnp/cph/3b30000/3b38000/3b38300/3b38363_75x75px.jpg", "thumb": "https://tile.loc.gov/storage-services/service/pnp/cph/3b30000/3b38000/3b38300/3b38363_150px.jpg"}, "created": "2016-04-20T00:00:00Z", "modified": "2016-04-20T00:00:00Z", "collection": ["app", "cph", "diof", "minload", "pp"], "creator": "Currier & Ives.", "call_number": "Stern Collection, portfolio 4, no. 15 c-Rare Bk Coll", "medium_brief": "1 print :", "source_modified": "2009-01-22T00:00:00Z", "pk": "2008661613", "created_published_date": "1861.", "subjects": ["Buchanan, James,--1791-1868.", "Pickens, F. W.--(Francis Wilkinson),--1805-1869.", "Toombs, Robert Augustus,--1810-1885.", "Criticism--1860-1870.", "Secession--Georgia--1860-1870.", "Secession--South Carolina--1860-1870.", "Fort Pulaski (Ga.)--1860-1870.", "Savannah (Ga.)--1860-1870.", "Lithographs--1860-1870.", "Political cartoons--1860-1870."]}, {"source_created": "1994-05-24T00:00:00Z", "index": 3, "medium": "1 print : lithograph on wove paper ; 27 x 41 cm. (image)", "reproduction_number": "LC-USZ62-92048 (b&w film copy neg.)", "links": {"item": "https://www.loc.gov/pictures/item/2008661614/", "resource": "https://www.loc.gov/pictures/item/2008661614/resource/"}, "title": "The Dis-United States. Or the Southern Confederacy", "image": {"alt": "digitized item thumbnail", "full": "https://tile.loc.gov/storage-services/service/pnp/cph/3b30000/3b38000/3b38300/3b38372r.jpg", "square": "https://tile.loc.gov/storage-services/service/pnp/cph/3b30000/3b38000/3b38300/3b38372_75x75px.jpg", "thumb": "https://tile.loc.gov/storage-services/service/pnp/cph/3b30000/3b38000/3b38300/3b38372_150px.jpg"}, "created": "2016-04-20T00:00:00Z", "modified": "2016-04-20T00:00:00Z", "collection": ["app", "cph", "diof", "minload", "pp"], "creator": "Currier & Ives.", "call_number": "Stern Collection, portfolio, v. 4, no. 10 c-Rare Bk Coll", "medium_brief": "1 print :", "source_modified": "2009-01-22T00:00:00Z", "pk": "2008661614", "created_published_date": "1861.", "subjects": ["Brown, Joseph E.--(Joseph Emerson),--1821-1894.", "Davis, Jefferson,--1808-1889.", "Mallory, Stephen R.--(Stephen Russell),--1813-1873.", "Pickens, F. W.--(Francis Wilkinson),--1805-1869.", "Yancey, William Lowndes,--1814-1863.", "Secession--Florida--1860-1870.", "Secession--Louisiana--1860-1870.", "Slavery--1860-1870.", "Alabama--1860-1870.", "Confederate States of America--1860-1870.", "Mississippi--1860-1870.", "Lithographs--1860-1870.", "Political cartoons--1860-1870."]}, {"source_created": "1994-05-24T00:00:00Z", "index": 4, "medium": "1 print : lithograph on wove paper ; 25 x 34.2 cm. (image)", "reproduction_number": "LC-USZ62-92025 (b&w film copy neg.)", "links": {"item": "https://www.loc.gov/pictures/item/2008661615/", "resource": "https://www.loc.gov/pictures/item/2008661615/resource/"}, "title": "The fox without a tail", "image": {"alt": "digitized item thumbnail", "full": "https://tile.loc.gov/storage-services/service/pnp/cph/3b30000/3b38000/3b38300/3b38349r.jpg", "square": "https://tile.loc.gov/storage-services/service/pnp/cph/3b30000/3b38000/3b38300/3b38349_75x75px.jpg", "thumb": "https://tile.loc.gov/storage-services/service/pnp/cph/3b30000/3b38000/3b38300/3b38349_150px.jpg"}, "created": "2016-04-20T00:00:00Z", "modified": "2016-04-20T00:00:00Z", "collection": ["app", "cph", "diof", "minload", "pp"], "creator": "Magee, John L.", "call_number": "Stern Collection, portfolio 4, no. 24 c-Rare Bk Coll", "medium_brief": "1 print :", "source_modified": "2009-01-22T00:00:00Z", "pk": "2008661615", "created_published_date": "1861.", "subjects": ["Davis, Jefferson,--1808-1889.", "Pickens, F. W.--(Francis Wilkinson),--1805-1869.", "Thompson, Jacob,--1810-1885.", "Confederate States of America.--Constitutional Convention--(1861)", "Flags--United States--1860-1870.", "Secession--Louisiana--1860-1870.", "Secession--South Carolina--1860-1870.", "Alabama--1860-1870.", "Confederate States of America--1860-1870.", "Mississippi--1860-1870.", "Texas--1860-1870.", "Lithographs--1860-1870.", "Political cartoons--1860-1870."]}, {"source_created": "1994-05-24T00:00:00Z", "index": 5, "medium": "1 print : wood-engraving with letterpress, on wove paper ; 27.9 x 36.4 cm. (image)", "reproduction_number": "LC-USZ62-14833 (b&w film copy neg.)", "links": {"item": "https://www.loc.gov/pictures/item/2008661616/", "resource": "https://www.loc.gov/pictures/item/2008661616/resource/"}, "title": "Strong's dime caricatures. No. 1, Domestic troubles", "image": {"alt": "digitized item thumbnail", "full": "https://tile.loc.gov/storage-services/service/pnp/cph/3a10000/3a17000/3a17000/3a17090r.jpg", "square": "https://tile.loc.gov/storage-services/service/pnp/cph/3a10000/3a17000/3a17000/3a17090_75x75px.jpg", "thumb": "https://tile.loc.gov/storage-services/service/pnp/cph/3a10000/3a17000/3a17000/3a17090_150px.jpg"}, "created": "2016-04-20T00:00:00Z", "modified": "2016-04-20T00:00:00Z", "collection": ["app", "diof", "minload", "pcus", "pp"], "creator": "Goater, John H.", "call_number": "PC/US - 1861.S924, no. 3 (A size) [P&P]", "medium_brief": "1 print :", "source_modified": "2009-01-22T00:00:00Z", "pk": "2008661616", "created_published_date": "1861.", "subjects": ["United States.--Dept. of the Treasury--1860-1870.", "Secession--Louisiana--1860-1870.", "Secession--South Carolina--1860-1870.", "Alabama--1860-1870.", "Mississippi--1860-1870.", "Salt River.", "Union (Personified)", "Political cartoons--1860-1870.", "Wood engravings--1860-1870."]}, {"source_created": "1994-05-24T00:00:00Z", "index": 6, "medium": "1 print : wood engraving with letterpress, on wove paper ; 27.6 x 36.3 cm. (image)", "reproduction_number": "LC-USZ62-13954 (b&w film copy neg.)\nLC-USZC4-13522 (color film copy transparency)", "links": {"item": "https://www.loc.gov/pictures/item/2008661618/", "resource": "https://www.loc.gov/pictures/item/2008661618/resource/"}, "title": "Strong's dime caricatures. No. 3, South Carolina Topsey in a fix", "image": {"alt": "digitized item thumbnail", "full": "https://tile.loc.gov/storage-services/service/pnp/cph/3a10000/3a16000/3a16200/3a16237r.jpg", "square": "https://tile.loc.gov/storage-services/service/pnp/cph/3a10000/3a16000/3a16200/3a16237_75x75px.jpg", "thumb": "https://tile.loc.gov/storage-services/service/pnp/cph/3a10000/3a16000/3a16200/3a16237_150px.jpg"}, "created": "2016-04-20T00:00:00Z", "modified": "2016-04-20T00:00:00Z", "collection": ["app", "diof", "minload", "pcus", "pp"], "creator": "Goater, John H.", "call_number": "PC/US - 1861.S924, no. 4 (A size) [P&P]", "medium_brief": "1 print :", "source_modified": "2009-01-22T00:00:00Z", "pk": "2008661618", "created_published_date": "1861.", "subjects": ["Lincoln, Abraham,--1809-1865.", "Stowe, Harriet Beecher,--1811-1896.--Uncle Tom's cabin.", "Flags--United States--1860-1870.", "Secession--Louisiana--1860-1870.", "Secession--South Carolina--1860-1870.", "Slavery--1860-1870.", "Alabama--1860-1870.", "Mississippi--1860-1870.", "Political cartoons--1860-1870.", "Wood engravings--1860-1870."]}, {"source_created": "1994-05-24T00:00:00Z", "index": 7, "medium": "1 print : wood engraving with letterpress, on wove paper ; 25.2 x 36.2 cm. (image)", "reproduction_number": "LC-USZ62-13635 (b&w film copy neg.)", "links": {"item": "https://www.loc.gov/pictures/item/2008661619/", "resource": "https://www.loc.gov/pictures/item/2008661619/resource/"}, "title": "Strong's dime caricatures. No. 4, \"The schoolmaster abroad\" at last", "image": {"alt": "digitized item thumbnail", "full": "https://tile.loc.gov/storage-services/service/pnp/cph/3a10000/3a15000/3a15900/3a15924r.jpg", "square": "https://tile.loc.gov/storage-services/service/pnp/cph/3a10000/3a15000/3a15900/3a15924_75x75px.jpg", "thumb": "https://tile.loc.gov/storage-services/service/pnp/cph/3a10000/3a15000/3a15900/3a15924_150px.jpg"}, "created": "2016-04-20T00:00:00Z", "modified": "2016-04-20T00:00:00Z", "collection": ["app", "diof", "minload", "pcus", "pp"], "creator": "Goater, John H.", "call_number": "PC/US - 1861.S924, no. 9 (B size) [P&P]", "medium_brief": "1 print :", "source_modified": "2009-01-22T00:00:00Z", "pk": "2008661619", "created_published_date": "1861.", "subjects": ["Lincoln, Abraham,--1809-1865.", "Secession--Louisiana--1860-1870.", "Secession--South Carolina--1860-1870.", "State flags--South Carolina--1860-1870.", "Alabama--1860-1870.", "Mississippi--1860-1870.", "Political cartoons--1860-1870.", "Wood engravings--1860-1870."]}, {"source_created": "1994-05-24T00:00:00Z", "index": 8, "medium": "1 print : lithograph on wove paper ; 29.7 x 44.4 cm.", "reproduction_number": "LC-USZ62-89738 (b&w film copy neg.)", "links": {"item": "https://www.loc.gov/pictures/item/2008661629/", "resource": "https://www.loc.gov/pictures/item/2008661629/resource/"}, "title": "Secession exploded", "image": {"alt": "digitized item thumbnail", "full": "https://tile.loc.gov/storage-services/service/pnp/cph/3b30000/3b36000/3b36100/3b36109r.jpg", "square": "https://tile.loc.gov/storage-services/service/pnp/cph/3b30000/3b36000/3b36100/3b36109_75x75px.jpg", "thumb": "https://tile.loc.gov/storage-services/service/pnp/cph/3b30000/3b36000/3b36100/3b36109_150px.jpg"}, "created": "2016-04-20T00:00:00Z", "modified": "2016-04-20T00:00:00Z", "collection": ["app", "diof", "minload", "pcus", "pp"], "creator": "Wiswell, William.", "call_number": "PC/US - 1861.W818, no. 2 (B size) [P&P]", "medium_brief": "1 print :", "source_modified": "2016-01-15T00:00:00Z", "pk": "2008661629", "created_published_date": "1861.", "subjects": ["Bell, John,--1796-1869.", "Flags--United States--1860-1870.", "Secession--Georgia--1860-1870.", "Secession--Louisiana--1860-1870.", "Alabama--1860-1870.", "Baltimore (Md.)--1860-1870.", "Kentucky--1860-1870.", "Mississippi--1860-1870.", "Tennessee--1860-1870.", "Lithographs--1860-1870.", "Political cartoons--1860-1870."]}, {"source_created": "2003-10-25T00:00:00Z", "index": 9, "medium": "1 print on wove paper : lithograph ; image 30 x 42 cm.", "reproduction_number": "LC-DIG-pga-05004 (digital file from original item)\nLC-USZ62-32995 (b&w film copy neg.)", "links": {"item": "https://www.loc.gov/pictures/item/2003674576/", "resource": "https://www.loc.gov/pictures/item/2003674576/resource/"}, "title": "The \"secession movement\"", "image": {"alt": "digitized item thumbnail", "full": "https://tile.loc.gov/storage-services/service/pnp/pga/05000/05004r.jpg", "square": "https://tile.loc.gov/storage-services/service/pnp/pga/05000/05004_75x75px.jpg", "thumb": "https://tile.loc.gov/storage-services/service/pnp/pga/05000/05004_150px.jpg"}, "created": "2016-04-21T00:00:00Z", "modified": "2016-04-21T00:00:00Z", "collection": ["app", "diof", "pga", "pp"], "creator": "Currier & Ives.", "call_number": "PGA - Currier & Ives--Secession movement (B size) [P&P]", "medium_brief": "1 print on wove paper :", "source_modified": "2015-04-03T00:00:00Z", "pk": "2003674576", "created_published_date": "c1861.", "subjects": ["Alabama.", "Confederate States of America, government and officers of.", "Louisiana, secession of.", "Mississippi.", "South Carolina, secession of.", "Lithographs--1860-1870.", "Political cartoons--1860-1870."]}, {"source_created": "2001-10-16T00:00:00Z", "index": 10, "medium": "1 print : wood engraving.", "reproduction_number": "LC-USZ62-129738 (b&w film copy neg.)", "links": {"item": "https://www.loc.gov/pictures/item/2001699897/", "resource": "https://www.loc.gov/pictures/item/2001699897/resource/"}, "title": "[Southern secessionists raise flag at Yale College]", "image": {"alt": "digitized item thumbnail", "full": "https://tile.loc.gov/storage-services/service/pnp/cph/3c20000/3c29000/3c29700/3c29738r.jpg", "square": "https://tile.loc.gov/storage-services/service/pnp/cph/3c20000/3c29000/3c29700/3c29738_75x75px.jpg", "thumb": "https://tile.loc.gov/storage-services/service/pnp/cph/3c20000/3c29000/3c29700/3c29738_150px.jpg"}, "created": "2016-04-20T00:00:00Z", "modified": "2016-04-20T00:00:00Z", "collection": ["civwar", "cph", "diof", "pp"], "creator": null, "call_number": "Illus. in AP2.L52 1861 (Case Y) [P&P]", "medium_brief": "1 print :", "source_modified": "2011-04-27T00:00:00Z", "pk": "2001699897", "created_published_date": "1861.", "subjects": ["Yale College (1718-1887)--People.", "Secession--Southern States--1860-1870.", "Students--Connecticut--New Haven--1860-1870.", "Flags--1860-1870.", "United States--History--Civil War, 1861-1865--Social aspects.", "Periodical illustrations--1860-1870.", "Wood engravings--1860-1870."]}, {"source_created": "2002-10-19T00:00:00Z", "index": 11, "medium": "1 print on laid paper : etching and aquatint with watercolor ; 24.4 x 36 cm (plate), 28 x 42.3 cm (sheet)", "reproduction_number": "LC-DIG-ppmsca-10755 (digital file from original, color impression)\nLC-USZC4-12748 (color film copy transparency of color impression)\nLC-DIG-pga-05636 (digital file from original, b&w impression)\nLC-USZ62-7831 (b&w film copy neg. of b&w impression)", "links": {"item": "https://www.loc.gov/pictures/item/2002708988/", "resource": "https://www.loc.gov/pictures/item/2002708988/resource/"}, "title": "The Hartford Convention or Leap no leap", "image": {"alt": "digitized item thumbnail", "full": "https://tile.loc.gov/storage-services/service/pnp/ppmsca/10700/10755r.jpg", "square": "https://tile.loc.gov/storage-services/service/pnp/ppmsca/10700/10755_75x75px.jpg", "thumb": "https://tile.loc.gov/storage-services/service/pnp/ppmsca/10700/10755_150px.jpg"}, "created": "2016-04-20T00:00:00Z", "modified": "2016-04-20T00:00:00Z", "collection": ["00", "11", "302", "5", "app", "colored", "diof", "exh", "impression", "l4471", "l4833", "pga", "pp"], "creator": "Charles, William, 1776-1820", "call_number": "PGA - Charles (W.)--Hartford Convention ... (A size) [P&P] PGA - Charles (W.)--Hartford Convention ... B&w impression.", "medium_brief": "1 print on laid paper :\n1 print on wove paper :", "source_modified": "2014-06-04T00:00:00Z", "pk": "2002708988", "created_published_date": "c1814.", "subjects": ["George--III,--King of Great Britain,--1738-1820.", "Pickering, Timothy,--1745-1829.", "Hillhouse, James,--1754-1832.", "Otis, Harrison Gray,--1765-1848.", "Hartford Convention--(1814-1815 :--Hartford, Conn.)", "Secession--1810-1820.", "United States--History--War of 1812.", "Connecticut--Symbolic representation--1810-1820.", "Massachusetts--Symbolic representation--1810-1820.", "Rhode Island--Symbolic representation--1810-1820.", "Etchings--Hand-colored--1810-1820.", "Political cartoons--1810-1820."]}, {"source_created": "1994-05-24T00:00:00Z", "index": 12, "medium": "1 print : lithograph on wove paper ; 28.5 x 34.9 cm. (image)", "reproduction_number": "LC-USZ62-1273 (b&w film copy neg.)", "links": {"item": "https://www.loc.gov/pictures/item/2008661295/", "resource": "https://www.loc.gov/pictures/item/2008661295/resource/"}, "title": "Houston, Santa Anna, and Cos", "image": {"alt": "digitized item thumbnail", "full": "https://tile.loc.gov/storage-services/service/pnp/cph/3a00000/3a05000/3a05100/3a05101r.jpg", "square": "https://tile.loc.gov/storage-services/service/pnp/cph/3a00000/3a05000/3a05100/3a05101_75x75px.jpg", "thumb": "https://tile.loc.gov/storage-services/service/pnp/cph/3a00000/3a05000/3a05100/3a05101_150px.jpg"}, "created": "2016-04-20T00:00:00Z", "modified": "2016-04-20T00:00:00Z", "collection": ["app", "diof", "minload", "pcus", "pp"], "creator": "Robinson, Henry R., -1850.", "call_number": "PC/US - 1836.R661, no. 5 (A size) [P&P]", "medium_brief": "1 print :", "source_modified": "2013-06-04T00:00:00Z", "pk": "2008661295", "created_published_date": "1836.", "subjects": ["Cos, Marti'n Perfecto de,--1800-1854.", "Fannin, James Walker,--1804?-1836.", "Houston, Sam,--1793-1863.", "Santa Anna, Antonio Lo'pez de,--1794?-1876.", "Texas--History--Revolution, 1835-1836.", "Alamo (San Antonio, Tex.)--1830-1840.", "Goliad (Tex.)--1830-1840.", "Mexico--1830-1840.", "Secession--Texas--1830-1840.", "Lithographs--1830-1840.", "Political cartoons--1830-1840."]}, {"source_created": "1994-05-24T00:00:00Z", "index": 13, "medium": "1 print : lithograph with watercolor, on wove paper ; 30.1 x 44 cm. (image)", "reproduction_number": "LC-USZ62-55714 (b&w film copy neg.)", "links": {"item": "https://www.loc.gov/pictures/item/2008661436/", "resource": "https://www.loc.gov/pictures/item/2008661436/resource/"}, "title": "Cleansing the Augean stable", "image": {"alt": "digitized item thumbnail", "full": "https://tile.loc.gov/storage-services/service/pnp/cph/3b00000/3b03000/3b03500/3b03597r.jpg", "square": "https://tile.loc.gov/storage-services/service/pnp/cph/3b00000/3b03000/3b03500/3b03597_75x75px.jpg", "thumb": "https://tile.loc.gov/storage-services/service/pnp/cph/3b00000/3b03000/3b03500/3b03597_150px.jpg"}, "created": "2016-04-20T00:00:00Z", "modified": "2016-04-20T00:00:00Z", "collection": ["app", "diof", "minload", "pcus", "pp"], "creator": "Baillie, James S., active 1838-1855.", "call_number": "PC/US - 1844.B157, no. 25 (B size) [P&P]", "medium_brief": "1 print :", "source_modified": "2013-06-04T00:00:00Z", "pk": "2008661436", "created_published_date": "1844.", "subjects": ["Benton, Thomas Hart,--1782-1858.", "Calhoun, John C.--(John Caldwell),--1782-1850.", "Clay, Henry,--1777-1852.", "Dallas, George Mifflin,--1792-1864.", "Jackson, Andrew,--1767-1845.", "Polk, James K.--(James Knox),--1795-1849.", "Tyler, John,--1790-1862.", "Van Buren, Martin,--1782-1862.", "Webster, Daniel,--1782-1852.", "Mexico--1840-1850.", "Presidential elections--United States--1840-1850.", "Secession--Texas--1840-1850.", "Lithographs--1840-1850.", "Political cartoons--1840-1850."]}, {"source_created": "1994-05-24T00:00:00Z", "index": 14, "medium": "1 print : lithograph printed in colors, on wove paper ; 34.4 x 25.7 cm. (sheet)", "reproduction_number": "LC-USZ62-91838 (b&w film copy neg.)", "links": {"item": "https://www.loc.gov/pictures/item/2008661612/", "resource": "https://www.loc.gov/pictures/item/2008661612/resource/"}, "title": "Down with the traitors serpent flag", "image": {"alt": "digitized item thumbnail", "full": "https://tile.loc.gov/storage-services/service/pnp/cph/3b30000/3b38000/3b38100/3b38174r.jpg", "square": "https://tile.loc.gov/storage-services/service/pnp/cph/3b30000/3b38000/3b38100/3b38174_75x75px.jpg", "thumb": "https://tile.loc.gov/storage-services/service/pnp/cph/3b30000/3b38000/3b38100/3b38174_150px.jpg"}, "created": "2016-04-20T00:00:00Z", "modified": "2016-04-20T00:00:00Z", "collection": ["app", "cph", "diof", "minload", "pp"], "creator": "Shober, Charles.", "call_number": "M1640 .H c-MUSIC", "medium_brief": "1 print :", "source_modified": "2015-09-29T00:00:00Z", "pk": "2008661612", "created_published_date": "1861.", "subjects": ["Flags--United States--1860-1870.", "Secession--South Carolina--1860-1870.", "State flags--South Carolina--1860-1870.", "Lithographs--1860-1870.", "Sheet music covers--1860-1870."]}, {"source_created": "2012-05-14T00:00:00Z", "index": 15, "medium": "1 print : chromolithograph ; 81 x 61.1 cm (sheet)", "reproduction_number": "LC-DIG-pga-02817 (digital file from original print)\nLC-USZC4-1498 (color film copy transparency)", "links": {"item": "https://www.loc.gov/pictures/item/2012647345/", "resource": "https://www.loc.gov/pictures/item/2012647345/resource/"}, "title": "The starting point of the great war between the states", "image": {"alt": "digitized item thumbnail", "full": "https://tile.loc.gov/storage-services/service/pnp/pga/02800/02817r.jpg", "square": "https://tile.loc.gov/storage-services/service/pnp/pga/02800/02817_75x75px.jpg", "thumb": "https://tile.loc.gov/storage-services/service/pnp/pga/02800/02817_150px.jpg"}, "created": "2016-04-20T00:00:00Z", "modified": "2016-04-20T00:00:00Z", "collection": ["00", "007", "diof", "exh", "l4865", "pga", "pp"], "creator": "Strobridge & Co. Lith.", "call_number": "PGA - Strobridge & Co.--Starting point ... (D size) [P&P]", "medium_brief": "1 print :", "source_modified": "2014-09-26T00:00:00Z", "pk": "2012647345", "created_published_date": "c1878.", "subjects": ["Davis, Jefferson,--1808-1889.", "Stephens, Alexander H.--(Alexander Hamilton),--1812-1883.", "Yancey, William Lowndes,--1814-1863.", "Cobb, Howell,--1795-1864.", "United States--History--Civil War, 1861-1865--Causes.", "Presidential inaugurations--Alabama--Montgomery--1860-1870.", "Secession--Southern States--1860-1870.", "Chromolithographs--Color--1870-1880."]}, {"source_created": "1996-05-21T00:00:00Z", "index": 16, "medium": "1 photomechanical print (poster) : halftone, color.", "reproduction_number": "LC-USZ62-92209 (b&w film copy neg.)", "links": {"item": "https://www.loc.gov/pictures/item/96509543/", "resource": "https://www.loc.gov/pictures/item/96509543/resource/"}, "title": "VIIi\u00e8me Exposition Internationale des Beaux-Arts au Palais de Cristal de Munich, 1897", "image": {"alt": "digitized item thumbnail", "full": "https://tile.loc.gov/storage-services/service/pnp/cph/3b30000/3b38000/3b38500/3b38526_150px.jpg", "square": "https://tile.loc.gov/storage-services/service/pnp/cph/3b30000/3b38000/3b38500/3b38526_75x75px.jpg", "thumb": "https://tile.loc.gov/storage-services/service/pnp/cph/3b30000/3b38000/3b38500/3b38526_150px.jpg"}, "created": "2016-04-20T00:00:00Z", "modified": "2016-04-20T00:00:00Z", "collection": ["pos", "pp"], "creator": "Stuck, Franz von, 1863-1928", "call_number": "POS - Ger .S78, no. 5 (B size) [P&P]", "medium_brief": "1 photomechanical print (poster) :", "source_modified": "2013-09-10T00:00:00Z", "pk": "96509543", "created_published_date": "1897.", "subjects": ["Verein Bildender K\u00fcnstler M\u00fcnchens \"Secession\"--1890-1900.", "Minerva (Roman deity)--1890-1900.", "Drawings--1890-1900--Reproductions--1890-1900.", "Exhibition posters--German--1890-1900.", "Halftone photomechanical prints--Color--1890-1900."]}, {"source_created": "2003-01-07T00:00:00Z", "index": 17, "medium": "2 photomechanical prints : halftone.", "reproduction_number": "LC-USZ62-132413 (b&w film copy neg.)", "links": {"item": "https://www.loc.gov/pictures/item/2003652522/", "resource": "https://www.loc.gov/pictures/item/2003652522/resource/"}, "title": "The Little Galleries of the Photo-Secession ... opening exhibition, November 24, 1905-January 5, 1906", "image": {"alt": "digitized item thumbnail", "full": "https://tile.loc.gov/storage-services/service/pnp/cph/3c30000/3c32000/3c32400/3c32413r.jpg", "square": "https://tile.loc.gov/storage-services/service/pnp/cph/3c30000/3c32000/3c32400/3c32413_75x75px.jpg", "thumb": "https://tile.loc.gov/storage-services/service/pnp/cph/3c30000/3c32000/3c32400/3c32413_150px.jpg"}, "created": "2016-04-21T00:00:00Z", "modified": "2016-04-21T00:00:00Z", "collection": ["cph", "diof", "pp"], "creator": null, "call_number": "Illus. in TR1.C5 1906 (Case X) [P&P]", "medium_brief": "2 photomechanical prints :", "source_modified": "2013-03-27T00:00:00Z", "pk": "2003652522", "created_published_date": "1906.", "subjects": ["Photo-Secession (Association)--Exhibitions & displays.", "Photography--New York (State)--New York--1900-1910.", "Art exhibitions--New York (State)--New York--1900-1910.", "Interiors--New York (State)--New York--1900-1910.", "Commercial art galleries--New York (State)--New York--1900-1910.", "Halftone photomechanical prints--1900-1910.", "Periodical illustrations--1900-1910."]}, {"source_created": "2003-06-13T00:00:00Z", "index": 18, "medium": "1 print : wood engraving.", "reproduction_number": "LC-USZ62-133078 (b&w film copy neg.)", "links": {"item": "https://www.loc.gov/pictures/item/2003668333/", "resource": "https://www.loc.gov/pictures/item/2003668333/resource/"}, "title": "Capture of secession varmints", "image": {"alt": "digitized item thumbnail", "full": "https://tile.loc.gov/storage-services/service/pnp/cph/3c30000/3c33000/3c33000/3c33078r.jpg", "square": "https://tile.loc.gov/storage-services/service/pnp/cph/3c30000/3c33000/3c33000/3c33078_75x75px.jpg", "thumb": "https://tile.loc.gov/storage-services/service/pnp/cph/3c30000/3c33000/3c33000/3c33078_150px.jpg"}, "created": "2016-04-21T00:00:00Z", "modified": "2016-04-21T00:00:00Z", "collection": ["civwar", "cph", "diof", "pp"], "creator": "Gunn, Thomas Butler", "call_number": "Illus. in AP2.L52 1861 (Case Y) [P&P]", "medium_brief": "1 print :", "source_modified": "2011-04-01T00:00:00Z", "pk": "2003668333", "created_published_date": "1861 Dec. 7.", "subjects": ["Brother Jonathan (Nickname)--1860-1870.", "John Bull (Symbolic character)--1860-1870.", "International relations--United States--1860-1870.", "International relations--Great Britain--1860-1870.", "Secession--1860-1870.", "United States--History--Civil War, 1861-1865.", "Cartoons (Commentary)--1860-1870.", "Periodical illustrations--1860-1870.", "Wood engravings--1860-1870."]}, {"source_created": "2005-09-08T00:00:00Z", "index": 19, "medium": "438 prints : predominately b&w, some color ; various sizes.", "reproduction_number": "", "links": {"item": "https://www.loc.gov/pictures/item/2005680400/", "resource": null}, "title": "American cartoon print filing series (Library of Congress)", "image": {"alt": "group item thumbnail", "full": "https://www.loc.gov/pictures/static/images/item/500x500_grouprecord.png", "square": "https://www.loc.gov/pictures/static/images/item/grouprecord_square.png", "thumb": "https://www.loc.gov/pictures/static/images/item/grouprecord_thumb_large.jpg"}, "created": "2016-04-21T00:00:00Z", "modified": "2016-04-21T00:00:00Z", "collection": ["guide", "pp"], "creator": "Baillie, James S., active 1838-1855.", "call_number": "Guide Record (Filing series: PC/US) [P&P]", "medium_brief": "438 prints :", "source_modified": "2013-05-30T00:00:00Z", "pk": "2005680400", "created_published_date": "ca. 1766-1886.", "subjects": ["Equal Rights Party (N.Y.)--1830-1840.", "United States Capitol (Washington, D.C.)--1830-1870.", "United States.--Constitution--1780-1880.", "United States.--Dept. of the Treasury--1830-1870.", "White House (Washington, D.C.)--1840-1870.", "African Americans--United States--1770-1880.", "Brother Jonathan (Nickname)--1810-1870.", "Irish Americans--United States--1820-1880.", "Uncle Sam (Symbolic character)--1830-1870.", "United States--Symbolic representation--1760-1880.", "Abolitionists--United States--1830-1870.", "Banking--United States--1800-1870.", "Banks--United States--1800-1870.", "Flags--United States--1830-1880.", "International relations--France--1810-1870.", "International relations--Great Britain--1830-1870.", "International relations--Mexico--1840-1870.", "Monetary policy--United States--1830-1870.", "Newspapers--United States--1810-1880.", "Politics & government--United States--1760-1890.", "Presidential elections--United States--1820-1890.", "Secession--United States--1860-1870.", "Slavery--United States--1830-1870.", "Tariffs--United States--1780-1860.", "Caricatures--American--1760-1880.", "Political cartoons--American--1760-1890.", "Prints--American--Color--1760-1890."]}, {"source_created": "1994-05-24T00:00:00Z", "index": 20, "medium": "1 print : lithograph on wove paper ; 21 x 24.1 cm. (image)", "reproduction_number": "LC-USZ62-10917 (b&w film copy neg.)", "links": {"item": "https://www.loc.gov/pictures/item/2008661611/", "resource": "https://www.loc.gov/pictures/item/2008661611/resource/"}, "title": "The Palmetto State song", "image": {"alt": "digitized item thumbnail", "full": "https://tile.loc.gov/storage-services/service/pnp/cph/3c10000/3c10000/3c10900/3c10917r.jpg", "square": "https://tile.loc.gov/storage-services/service/pnp/cph/3c10000/3c10000/3c10900/3c10917_75x75px.jpg", "thumb": "https://tile.loc.gov/storage-services/service/pnp/cph/3c10000/3c10000/3c10900/3c10917_150px.jpg"}, "created": "2016-04-21T00:00:00Z", "modified": "2016-04-21T00:00:00Z", "collection": ["app", "cph", "diof", "minload", "pp"], "creator": "Grunevald, A.", "call_number": "M1642 .R c-MUSIC", "medium_brief": "1 print :", "source_modified": "2012-08-13T00:00:00Z", "pk": "2008661611", "created_published_date": "1861.", "subjects": ["Farming--1860-1870.", "Libert--1860-1870.", "Secession--South Carolina--1860-1870.", "State flags--South Carolina--1860-1870.", "Lithographs--1860-1870.", "Sheet music covers--1860-1870."]}]}