{"search": {"field": "subject", "hits": 11, "sort_order": null, "do_facets": true, "focus_item": null, "query": "Judaism", "type": "search", "sort_by": null}, "focus": null, "views": {"current": "list", "grid": "https://www.loc.gov/pictures/search/?q=Judaism&fi=subject&va=exact&st=grid&op=PHRASE", "list": "https://www.loc.gov/pictures/search/?q=Judaism&fi=subject&op=PHRASE&va=exact", "gallery": "https://www.loc.gov/pictures/search/?q=Judaism&fi=subject&va=exact&st=gallery&op=PHRASE", "slideshow": "https://www.loc.gov/pictures/search/?q=Judaism&fi=subject&va=exact&st=slideshow&op=PHRASE"}, "facets": [{"type": "displayed", "filters": [{"count": 8, "on": "https://www.loc.gov/pictures/search/?va=exact&sp=1&q=Judaism&fa=displayed%3Aanywhere&fi=subject&op=PHRASE&fo=json", "selected": false, "off": "https://www.loc.gov/pictures/search/?va=exact&sp=1&q=Judaism&fi=subject&fo=json&op=PHRASE", "title": "Larger image available anywhere"}, {"count": 1, "on": "https://www.loc.gov/pictures/search/?va=exact&sp=1&q=Judaism&fa=displayed%3Alc_only&fi=subject&op=PHRASE&fo=json", "selected": false, "off": "https://www.loc.gov/pictures/search/?va=exact&sp=1&q=Judaism&fi=subject&fo=json&op=PHRASE", "title": "Larger image available only at the Library of Congress"}, {"count": 2, "on": "https://www.loc.gov/pictures/search/?va=exact&sp=1&q=Judaism&fa=displayed%3Anot_digitized&fi=subject&op=PHRASE&fo=json", "selected": false, "off": "https://www.loc.gov/pictures/search/?va=exact&sp=1&q=Judaism&fi=subject&fo=json&op=PHRASE", "title": "Not Digitized"}], "title": "displayed"}], "links": {"json": "//www.loc.gov/pictures/search/?fi=subject&q=Judaism&op=PHRASE&va=exact&fo=json", "html": "//www.loc.gov/pictures/search/?fi=subject&q=Judaism&op=PHRASE&va=exact", "rss": "//www.loc.gov/pictures/search/?fi=subject&q=Judaism&op=PHRASE&va=exact&fo=rss"}, "suggestions": {"possible": []}, "pages": {"current": 1, "next": null, "perpage": 20, "last": null, "page_list": [{"url": null, "number": 1}], "previous": null, "total": 1, "results": "1 - 11", "first": null}, "collection": null, "results": [{"source_created": "2010-03-12T00:00:00Z", "index": 1, "medium": "1 print (poster) : offset photomechanical, color ; 56.4 x 43.9 cm.", "reproduction_number": "LC-DIG-ds-01189 (digital file from original item)", "links": {"item": "https://www.loc.gov/pictures/item/2010635389/", "resource": "https://www.loc.gov/pictures/item/2010635389/resource/"}, "title": "[Jamat al-Dawa poster from Pakistan with machine guns, fallen crosses, and broken star of David]", "image": {"alt": "digitized item thumbnail", "full": "https://tile.loc.gov/storage-services/service/pnp/ds/01100/01189_150px.jpg", "square": "https://tile.loc.gov/storage-services/service/pnp/ds/01100/01189_75x75px.jpg", "thumb": "https://tile.loc.gov/storage-services/service/pnp/ds/01100/01189_150px.jpg"}, "created": "2016-04-20T00:00:00Z", "modified": "2016-04-20T00:00:00Z", "collection": ["cph", "minload", "pp"], "creator": null, "call_number": "Unprocessed in PR 13 CN 2008:092, no. 1 [P&P]", "medium_brief": "1 print (poster) :", "source_modified": "2012-02-15T00:00:00Z", "pk": "2010635389", "created_published_date": "[2008]", "subjects": ["Jamat al-Dawa Pakistan--Public relations--2000-2010.", "Machine guns--2000-2010.", "Symbols--2000-2010.", "Christianity--2000-2010.", "Judaism--2000-2010.", "Offset photomechanical prints--2000-2010.", "Political posters--Pakistani--2000-2010."]}, {"source_created": "2015-03-09T00:00:00Z", "index": 2, "medium": "1 print : etching and aquatint on white Rives BFK France paper ; plate 893 x 600, on sheet 1054 x 751 mm.", "reproduction_number": "", "links": {"item": "https://www.loc.gov/pictures/item/2015646332/", "resource": null}, "title": "[Yom Kippur angel]", "image": {"alt": "item not digitized thumbnail", "full": "https://www.loc.gov/pictures/static/images/item/500x500_notdigitized.png", "square": "https://www.loc.gov/pictures/static/images/item/not_digitized_buttons75X75.png", "thumb": "https://www.loc.gov/pictures/static/images/item/notdigitized_buttons140X120.png"}, "created": "2016-04-20T00:00:00Z", "modified": "2016-04-20T00:00:00Z", "collection": ["finepr", "pp"], "creator": "Baskin, Leonard, 1922-2000", "call_number": "FP - XX - B315, no. 37 (E size) [P&P]", "medium_brief": "1 print :", "source_modified": "2015-03-09T00:00:00Z", "pk": "2015646332", "created_published_date": "1978.", "subjects": ["Yom Kippur.", "Angels--1970-1980.", "Men--1970-1980.", "Wings (Anatomy)--1970-1980.", "Judaism--1970-1980.", "Intaglio prints--1970-1980."]}, {"source_created": "2013-09-06T00:00:00Z", "index": 3, "medium": "1 print : lithograph with overlay ; 56.3 x 42.4 cm (sheet)", "reproduction_number": "LC-DIG-pga-05793 (digital file from original print, with flap down)\nLC-DIG-pga-05794 (digital file from original print, with flap raised)", "links": {"item": "https://www.loc.gov/pictures/item/2013650018/", "resource": "https://www.loc.gov/pictures/item/2013650018/resource/"}, "title": "The holy place", "image": {"alt": "digitized item thumbnail", "full": "https://tile.loc.gov/storage-services/service/pnp/pga/05700/05793r.jpg", "square": "https://tile.loc.gov/storage-services/service/pnp/pga/05700/05793_75x75px.jpg", "thumb": "https://tile.loc.gov/storage-services/service/pnp/pga/05700/05793_150px.jpg"}, "created": "2016-04-21T00:00:00Z", "modified": "2016-04-21T00:00:00Z", "collection": ["diof", "pga", "pp"], "creator": "Camp, John Henry, 1822-1881", "call_number": "PGA - Camp (J.H.)--Holy place (C size) [P&P]", "medium_brief": "1 print :", "source_modified": "2013-10-17T00:00:00Z", "pk": "2013650018", "created_published_date": "[between 1849 and 1853]", "subjects": ["Priests--1840-1860.", "Vestments--1840-1860.", "Incense--1840-1860.", "Censers--1840-1860.", "Menorahs--1840-1860.", "Altars--1840-1860.", "Ark of the Covenant--1840-1850.", "Judaism--1840-1860.", "Jews--Spiritual life--1840-1860.", "Lithographs--1840-1860."]}, {"source_created": "2013-09-06T00:00:00Z", "index": 4, "medium": "1 print : lithograph, hand-colored ; 45.3 x 52.7 cm (sheet)", "reproduction_number": "LC-DIG-pga-05795 (digital file from original print)", "links": {"item": "https://www.loc.gov/pictures/item/2013650019/", "resource": "https://www.loc.gov/pictures/item/2013650019/resource/"}, "title": "The tabernacle in the wilderness, and plan of the encampment. Exod. XI. 2", "image": {"alt": "digitized item thumbnail", "full": "https://tile.loc.gov/storage-services/service/pnp/pga/05700/05795r.jpg", "square": "https://tile.loc.gov/storage-services/service/pnp/pga/05700/05795_75x75px.jpg", "thumb": "https://tile.loc.gov/storage-services/service/pnp/pga/05700/05795_150px.jpg"}, "created": "2016-04-21T00:00:00Z", "modified": "2016-04-21T00:00:00Z", "collection": ["diof", "pga", "pp"], "creator": "Camp, John Henry, 1822-1881", "call_number": "PGA - Camp (J.H.)--Tabernacle in the wilderness ... (C size) [P&P]", "medium_brief": "1 print :", "source_modified": "2013-10-17T00:00:00Z", "pk": "2013650019", "created_published_date": "[between 1849 and 1853]", "subjects": ["Tabernacles (Buildings)--1840-1860.", "Judaism--1840-1860.", "Jews--Spiritual life--1840-1860.", "Priests--1840-1860.", "Altars--1840-1860.", "Camps--1840-1860.", "Tents--1840-1860.", "Lithographs--Hand-colored--1840-1860."]}, {"source_created": "2016-12-13T00:00:00Z", "index": 5, "medium": "1 photograph : digital, tiff file, color.", "reproduction_number": "LC-DIG-highsm-41872 (original digital file)", "links": {"item": "https://www.loc.gov/pictures/item/2016632690/", "resource": "https://www.loc.gov/pictures/item/2016632690/resource/"}, "title": "The Isaac M. Wise Temple, often locally called the Plum Street Temple, a synagogue erected in 1866 for Rabbi Isaac Mayer Wise and his congregation in Cincinnati, Ohio", "image": {"alt": "digitized item thumbnail", "full": "https://tile.loc.gov/storage-services/service/pnp/highsm/41800/41872r.jpg", "square": "https://tile.loc.gov/storage-services/service/pnp/highsm/41800/41872_75x75px.jpg", "thumb": "https://tile.loc.gov/storage-services/service/pnp/highsm/41800/41872_150px.jpg"}, "created": "2016-12-27T00:00:00Z", "modified": "2016-12-27T00:00:00Z", "collection": ["diof", "highsm", "minload", "pp"], "creator": "Highsmith, Carol M., 1946-", "call_number": "LC-DIG-highsm- 41872 (ONLINE) [P&P]", "medium_brief": "1 photograph :", "source_modified": "2016-12-20T00:00:00Z", "pk": "2016632690", "created_published_date": "2016-10-18.", "subjects": ["United States--Ohio--Hamilton County--Cincinnati.", "America", "Isaac M. Wise Temple", "Plum Street Temple", "synagogues", "Jewish temples", "Rabbi Isaac Mayer Wise", "Reformed Judaism", "Digital photographs--Color--2010-2020."]}, {"source_created": "2010-03-12T00:00:00Z", "index": 6, "medium": "61 prints : etchings, 20 x 30 cm.", "reproduction_number": "", "links": {"item": "https://www.loc.gov/pictures/item/2010634142/", "resource": null}, "title": "Philip Reisman print archive", "image": {"alt": "item not digitized thumbnail", "full": "https://www.loc.gov/pictures/static/images/item/500x500_notdigitized.png", "square": "https://www.loc.gov/pictures/static/images/item/not_digitized_buttons75X75.png", "thumb": "https://www.loc.gov/pictures/static/images/item/notdigitized_buttons140X120.png"}, "created": "2018-08-14T00:00:00Z", "modified": "2018-08-14T00:00:00Z", "collection": ["minload", "pp"], "creator": "Reisman, Philip, 1904-1992", "call_number": "LOT 15021 (H) [P&P]", "medium_brief": "61 prints :", "source_modified": "2018-08-10T00:00:00Z", "pk": "2010634142", "created_published_date": "[between 1927 and 1931, some printed later]", "subjects": ["City & town life--New York (State)--New York--1920-1940.", "Judaism--New York (State)--New York--1920-1940.", "Etchings--1920-1940."]}, {"source_created": "2003-04-11T00:00:00Z", "index": 7, "medium": "1 photographic print.", "reproduction_number": "LC-USZ62-72466 (b&w film copy neg.)", "links": {"item": "https://www.loc.gov/pictures/item/2003665493/", "resource": "https://www.loc.gov/pictures/item/2003665493/resource/"}, "title": "Worshippers on the Jewish New Year, 1907, in New York City", "image": {"alt": "digitized item thumbnail", "full": "https://tile.loc.gov/storage-services/service/pnp/cph/3b10000/3b19000/3b19800/3b19816r.jpg", "square": "https://tile.loc.gov/storage-services/service/pnp/cph/3b10000/3b19000/3b19800/3b19816_75x75px.jpg", "thumb": "https://tile.loc.gov/storage-services/service/pnp/cph/3b10000/3b19000/3b19800/3b19816_150px.jpg"}, "created": "2019-09-17T00:00:00Z", "modified": "2019-09-17T00:00:00Z", "collection": ["diof", "ggbain", "pp", "reconref"], "creator": null, "call_number": "LOT 10892 [item] [P&P]", "medium_brief": "1 photographic print.", "source_modified": "2019-09-02T00:00:00Z", "pk": "2003665493", "created_published_date": "1907.", "subjects": ["Jews--Religion--New York (State)--New York--1900-1910.", "Judaism--New York (State)--New York--1900-1910.", "Rabbis--New York (State)--New York--1900-1910.", "Holidays--New York (State)--New York--1900-1910.", "Reading--New York (State)--New York--1900-1910.", "City & town life--New York (State)--New York--1900-1910.", "Photographic prints--1900-1910."]}, {"source_created": "2019-10-02T00:00:00Z", "index": 8, "medium": "1 print :  chromolithograph ;  sheet 92 x 122 cm. or less.", "reproduction_number": "LC-DIG-ppmsca-58590 (digital file from original item)", "links": {"item": "https://www.loc.gov/pictures/item/2018756434/", "resource": "https://www.loc.gov/pictures/item/2018756434/resource/"}, "title": "From the rising unto the setting of the sun the Lord's name is to be praised!", "image": {"alt": "digitized item thumbnail", "full": "https://tile.loc.gov/storage-services/service/pnp/ppmsca/58500/58590r.jpg", "square": "https://tile.loc.gov/storage-services/service/pnp/ppmsca/58500/58590_75x75px.jpg", "thumb": "https://tile.loc.gov/storage-services/service/pnp/ppmsca/58500/58590_150px.jpg"}, "created": "2019-11-05T00:00:00Z", "modified": "2019-11-05T00:00:00Z", "collection": ["diof", "pga", "pp"], "creator": null, "call_number": "PAGA 7,  no. 3859 (E size) [P&P]", "medium_brief": "1 print :", "source_modified": "2019-10-31T00:00:00Z", "pk": "2018756434", "created_published_date": "c1874.", "subjects": ["Judaism", "lions", "vines", "emblems", "Magen David", "Prints."]}, {"source_created": "1970-01-01T00:00:00Z", "index": 9, "medium": "8", "reproduction_number": null, "links": {"item": "https://www.loc.gov/pictures/item/pa3924/", "resource": "https://www.loc.gov/pictures/item/pa3924/resource/"}, "title": "Greater Straightaway Baptist Church, 1717 North Seventh Street, east side between Cecil B. Moore & Montgomery Avenues, Philadelphia, Philadelphia County, PA", "image": {"alt": "digitized item thumbnail", "full": "https://tile.loc.gov/storage-services/service/pnp/habshaer/pa/pa3900/pa3924/color/215107cr.jpg", "square": "https://tile.loc.gov/storage-services/service/pnp/habshaer/pa/pa3900/pa3924/color/215107c_75x75px.jpg", "thumb": "https://tile.loc.gov/storage-services/service/pnp/habshaer/pa/pa3900/pa3924/color/215107c_150px.jpg"}, "created": "2020-03-20T00:00:00Z", "modified": "2020-03-21T00:00:00Z", "collection": ["diof", "hh", "survey"], "creator": "Historic American Buildings Survey", "call_number": "HABS PA-6693", "medium_brief": "Photo(s): 8, Color Transparencies: 1, Data Page(s): 4, Photo Caption Page(s): 2", "source_modified": "2020-03-20T00:00:00Z", "pk": "pa3924", "created_published_date": "Documentation compiled after 1933", "subjects": ["synagogues", "Baptist churches", "brick buildings", "Judaism", "Protestantism", "religious services", "adaptive reuse", "building deterioration", "Jewish Americans", "onion domes", "Islamic architectural elements", "gable roofs", "towers", "rose windows"]}, {"source_created": "1970-01-01T00:00:00Z", "index": 10, "medium": "7", "reproduction_number": null, "links": {"item": "https://www.loc.gov/pictures/item/vi0022/", "resource": "https://www.loc.gov/pictures/item/vi0022/resource/"}, "title": "Synagogue of Beracha Veshalom Vegemiluth Hasidim, Krystalgade 16A & B, Charlotte Amalie, St. Thomas, VI", "image": {"alt": "digitized item thumbnail", "full": "https://tile.loc.gov/storage-services/service/pnp/habshaer/vi/vi0000/vi0022/photos/166989pr.jpg", "square": "https://tile.loc.gov/storage-services/service/pnp/habshaer/vi/vi0000/vi0022/photos/166989p_75x75px.jpg", "thumb": "https://tile.loc.gov/storage-services/service/pnp/habshaer/vi/vi0000/vi0022/photos/166989p_150px.jpg"}, "created": "2020-03-20T00:00:00Z", "modified": "2020-03-21T00:00:00Z", "collection": ["diof", "hh", "survey"], "creator": "Historic American Buildings Survey", "call_number": "HABS VI,3-CHAM,3-", "medium_brief": "Photo(s): 7, Data Page(s): 10, Photo Caption Page(s): 2", "source_modified": "2020-03-20T00:00:00Z", "pk": "vi0022", "created_published_date": "Documentation compiled after 1933", "subjects": ["synagogues", "brick buildings", "stone buildings", "religious services", "Judaism", "Jewish Americans", "tabernacles", "shutters", "Stars of David"]}, {"source_created": "1970-01-01T00:00:00Z", "index": 11, "medium": "3", "reproduction_number": null, "links": {"item": "https://www.loc.gov/pictures/item/vi0030/", "resource": "https://www.loc.gov/pictures/item/vi0030/resource/"}, "title": "Beth Ha-Chaim, Kronprindsensgade vicinity, Charlotte Amalie, St. Thomas, VI", "image": {"alt": "digitized item thumbnail", "full": "https://tile.loc.gov/storage-services/service/pnp/habshaer/vi/vi0000/vi0030/photos/167052pr.jpg", "square": "https://tile.loc.gov/storage-services/service/pnp/habshaer/vi/vi0000/vi0030/photos/167052p_75x75px.jpg", "thumb": "https://tile.loc.gov/storage-services/service/pnp/habshaer/vi/vi0000/vi0030/photos/167052p_150px.jpg"}, "created": "2016-04-18T00:00:00Z", "modified": "2020-03-21T00:00:00Z", "collection": ["diof", "hh", "survey"], "creator": "Historic American Buildings Survey", "call_number": "HABS VI,3-CHAM.V,1-", "medium_brief": "Photo(s): 3, Data Page(s): 4", "source_modified": "2016-04-18T00:00:00Z", "pk": "vi0030", "created_published_date": "Documentation compiled after 1933", "subjects": ["chapels", "octagonal buildings", "funeral rites & ceremonies", "Judaism", "Jewish Americans", "tombs & sepulchral monuments", "iron fences"]}]}