{"search": {"field": "subject", "hits": 177, "sort_order": null, "do_facets": true, "focus_item": null, "query": "Cornices", "type": "search", "sort_by": null}, "focus": null, "views": {"current": "list", "grid": "https://www.loc.gov/pictures/search/?q=Cornices&fi=subject&va=exact&st=grid&op=PHRASE", "list": "https://www.loc.gov/pictures/search/?q=Cornices&fi=subject&op=PHRASE&va=exact", "gallery": "https://www.loc.gov/pictures/search/?q=Cornices&fi=subject&va=exact&st=gallery&op=PHRASE", "slideshow": "https://www.loc.gov/pictures/search/?q=Cornices&fi=subject&va=exact&st=slideshow&op=PHRASE"}, "facets": [{"type": "displayed", "filters": [{"count": 86, "on": "https://www.loc.gov/pictures/search/?va=exact&sp=1&q=Cornices&fa=displayed%3Aanywhere&fi=subject&op=PHRASE&fo=json", "selected": false, "off": "https://www.loc.gov/pictures/search/?va=exact&sp=1&q=Cornices&fi=subject&fo=json&op=PHRASE", "title": "Larger image available anywhere"}, {"count": 30, "on": "https://www.loc.gov/pictures/search/?va=exact&sp=1&q=Cornices&fa=displayed%3Alc_only&fi=subject&op=PHRASE&fo=json", "selected": false, "off": "https://www.loc.gov/pictures/search/?va=exact&sp=1&q=Cornices&fi=subject&fo=json&op=PHRASE", "title": "Larger image available only at the Library of Congress"}, {"count": 61, "on": "https://www.loc.gov/pictures/search/?va=exact&sp=1&q=Cornices&fa=displayed%3Anot_digitized&fi=subject&op=PHRASE&fo=json", "selected": false, "off": "https://www.loc.gov/pictures/search/?va=exact&sp=1&q=Cornices&fi=subject&fo=json&op=PHRASE", "title": "Not Digitized"}], "title": "displayed"}], "links": {"json": "//www.loc.gov/pictures/search/?fi=subject&q=Cornices&op=PHRASE&va=exact&fo=json", "html": "//www.loc.gov/pictures/search/?fi=subject&q=Cornices&op=PHRASE&va=exact", "rss": "//www.loc.gov/pictures/search/?fi=subject&q=Cornices&op=PHRASE&va=exact&fo=rss"}, "suggestions": {"possible": []}, "pages": {"current": 1, "next": "https://www.loc.gov/pictures/search/?q=Cornices&fi=subject&sp=2&op=PHRASE&va=exact", "perpage": 20, "last": "https://www.loc.gov/pictures/search/?q=Cornices&fi=subject&sp=9&op=PHRASE&va=exact", "page_list": [{"url": null, "number": 1}, {"url": "https://www.loc.gov/pictures/search/?q=Cornices&fi=subject&sp=2&op=PHRASE&va=exact", "number": 2}, {"url": "https://www.loc.gov/pictures/search/?q=Cornices&fi=subject&sp=3&op=PHRASE&va=exact", "number": 3}, {"url": "https://www.loc.gov/pictures/search/?q=Cornices&fi=subject&sp=4&op=PHRASE&va=exact", "number": 4}, {"url": "https://www.loc.gov/pictures/search/?q=Cornices&fi=subject&sp=5&op=PHRASE&va=exact", "number": 5}, {"url": "https://www.loc.gov/pictures/search/?q=Cornices&fi=subject&sp=6&op=PHRASE&va=exact", "number": "..."}, {"url": "https://www.loc.gov/pictures/search/?q=Cornices&fi=subject&sp=9&op=PHRASE&va=exact", "number": 9}], "previous": null, "total": 9, "results": "1 - 20", "first": null}, "collection": null, "results": [{"source_created": "2008-04-04T00:00:00Z", "index": 1, "medium": "1 photograph : glass lantern slide, sepia-toned ; 3.25 x 4 in.", "reproduction_number": "LC-DIG-ppmsca-16618 (digital file from original item)", "links": {"item": "https://www.loc.gov/pictures/item/2008675918/", "resource": "https://www.loc.gov/pictures/item/2008675918/resource/"}, "title": "[Christ Church, Kilmarnock vicinity, Lancaster County, Virginia. Entrances]", "image": {"alt": "digitized item thumbnail", "full": "https://tile.loc.gov/storage-services/service/pnp/ppmsca/16600/16618r.jpg", "square": "https://tile.loc.gov/storage-services/service/pnp/ppmsca/16600/16618_75x75px.jpg", "thumb": "https://tile.loc.gov/storage-services/service/pnp/ppmsca/16600/16618_150px.jpg"}, "created": "2016-04-20T00:00:00Z", "modified": "2016-04-20T00:00:00Z", "collection": ["diof", "fbj", "pp"], "creator": "Johnston, Frances Benjamin, 1864-1952", "call_number": "LC-J717-X106- 48 [P&P]", "medium_brief": "1 photograph :", "source_modified": "2012-04-30T00:00:00Z", "pk": "2008675918", "created_published_date": "[between ca. 1930 and 1939]", "subjects": ["Christ Church (Lancaster County, Va.)", "Churches--Virginia--Lancaster County--1930-1940.", "Brickwork--Virginia--Lancaster County--1930-1940.", "Windows--Virginia--Lancaster County--1930-1940.", "Doors & doorways--Virginia--Lancaster County--1930-1940.", "Cornices--Virginia--Lancaster County--1930-1940.", "Lantern slides--1930-1940."]}, {"source_created": "1991-02-11T00:00:00Z", "index": 2, "medium": "1 architectural drawing on tracing paper : graphite.", "reproduction_number": "LC-USZ62-102057 (b&w film copy neg.)", "links": {"item": "https://www.loc.gov/pictures/item/91707636/", "resource": "https://www.loc.gov/pictures/item/91707636/resource/"}, "title": "[Ishpiming, William S. Corby house (Chevy Chase, Maryland). Cornices for garage. Section]", "image": {"alt": "digitized item thumbnail", "full": "https://tile.loc.gov/storage-services/service/pnp/cph/3c00000/3c02000/3c02000/3c02057_150px.jpg", "square": "https://tile.loc.gov/storage-services/service/pnp/cph/3c00000/3c02000/3c02000/3c02057_75x75px.jpg", "thumb": "https://tile.loc.gov/storage-services/service/pnp/cph/3c00000/3c02000/3c02000/3c02057_150px.jpg"}, "created": "2016-04-20T00:00:00Z", "modified": "2016-04-20T00:00:00Z", "collection": ["cph", "pp"], "creator": "Heaton, Arthur B., 1875-1951", "call_number": "ADE - UNIT 535, no. 7 (D size) [P&P]", "medium_brief": "1 architectural drawing on tracing paper :", "source_modified": "2003-08-04T00:00:00Z", "pk": "91707636", "created_published_date": "1924 Aug. 18.", "subjects": ["Cornices--Maryland--Chevy Chase--1920-1930.", "Gutters (Roofs)--Maryland--Chevy Chase--1920-1930.", "Rafters--Maryland--Chevy Chase--1920-1930.", "Roof trusses--Maryland--Chevy Chase--1920-1930.", "Architectural drawings--1920-1930.", "Graphite drawings--1920-1930."]}, {"source_created": "2001-02-26T00:00:00Z", "index": 3, "medium": "1 photographic print : salted paper ; 23.7 x 30.5 cm. (photo)", "reproduction_number": "LC-USZ62-127925 (b&w film copy neg.)", "links": {"item": "https://www.loc.gov/pictures/item/2001695313/", "resource": "https://www.loc.gov/pictures/item/2001695313/resource/"}, "title": "Esneh (Latopolis) - construction ensabl\u00e9e - paroi ext\u00e9rieure - corniche et sculptures", "image": {"alt": "digitized item thumbnail", "full": "https://tile.loc.gov/storage-services/service/pnp/cph/3c20000/3c27000/3c27900/3c27925r.jpg", "square": "https://tile.loc.gov/storage-services/service/pnp/cph/3c20000/3c27000/3c27900/3c27925_75x75px.jpg", "thumb": "https://tile.loc.gov/storage-services/service/pnp/cph/3c20000/3c27000/3c27900/3c27925_150px.jpg"}, "created": "2016-04-21T00:00:00Z", "modified": "2016-04-21T00:00:00Z", "collection": ["cph", "diof", "pp"], "creator": "Teynard, F\u00e9lix", "call_number": "Illus. in DT60 .T4 (Case Y) [P&P]", "medium_brief": "1 photographic print :", "source_modified": "2008-01-07T00:00:00Z", "pk": "2001695313", "created_published_date": "[1858]", "subjects": ["Walls--Egypt--Isn\u0101--1850-1860.", "Cornices--Egypt--Isn\u0101--1850-1860.", "Bas-reliefs--Egypt--Isn\u0101--1850-1860.", "Archaeological sites--Egypt--Isn\u0101--1850-1860.", "Isn\u0101 (Egypt)--1850-1860.", "Book illustrations--1850-1860.", "Salted paper prints--1850-1860."]}, {"source_created": "2008-03-31T00:00:00Z", "index": 4, "medium": "1 photograph : glass lantern slide, sepia-toned ; 3.25 x 4 in.", "reproduction_number": "LC-DIG-ppmsca-16580 (digital file from original item)", "links": {"item": "https://www.loc.gov/pictures/item/2008675880/", "resource": "https://www.loc.gov/pictures/item/2008675880/resource/"}, "title": "[Yeocomico Church, Cople Parish, Hague vicinity, Westmoreland County, Virginia]", "image": {"alt": "digitized item thumbnail", "full": "https://tile.loc.gov/storage-services/service/pnp/ppmsca/16500/16580r.jpg", "square": "https://tile.loc.gov/storage-services/service/pnp/ppmsca/16500/16580_75x75px.jpg", "thumb": "https://tile.loc.gov/storage-services/service/pnp/ppmsca/16500/16580_150px.jpg"}, "created": "2016-04-21T00:00:00Z", "modified": "2016-04-21T00:00:00Z", "collection": ["diof", "fbj", "pp"], "creator": "Johnston, Frances Benjamin, 1864-1952", "call_number": "LC-J717-X106- 10 [P&P]", "medium_brief": "1 photograph :", "source_modified": "2012-04-28T00:00:00Z", "pk": "2008675880", "created_published_date": "[between ca. 1930 and 1939]", "subjects": ["Churches--Virginia--Westmoreland County--1930-1940.", "Porches--Virginia--Westmoreland County--1930-1940.", "Cornices--Virginia--Westmoreland County--1930-1940.", "Doors & doorways--Virginia--Westmoreland County--1930-1940.", "Brickwork--Virginia--Westmoreland County--1930-1940.", "Lantern slides--1930-1940."]}, {"source_created": "2012-08-21T00:00:00Z", "index": 5, "medium": "1 drawing : ink on linen ; 73 x 102 cm.", "reproduction_number": "LC-DIG-ppmsca-33567 (digital file from original drawing)", "links": {"item": "https://www.loc.gov/pictures/item/2012646491/", "resource": "https://www.loc.gov/pictures/item/2012646491/resource/"}, "title": "[Library of Congress, Washington, D.C. Copperwork. Cornice and down pipes]", "image": {"alt": "digitized item thumbnail", "full": "https://tile.loc.gov/storage-services/service/pnp/ppmsca/33500/33567r.jpg", "square": "https://tile.loc.gov/storage-services/service/pnp/ppmsca/33500/33567_75x75px.jpg", "thumb": "https://tile.loc.gov/storage-services/service/pnp/ppmsca/33500/33567_150px.jpg"}, "created": "2016-04-21T00:00:00Z", "modified": "2016-04-21T00:00:00Z", "collection": ["cph", "diof", "pp"], "creator": "Smithmeyer & Pelz", "call_number": "ADE - UNIT 2043, no. 541 (E size) [P&P]", "medium_brief": "1 drawing :", "source_modified": "2012-08-21T00:00:00Z", "pk": "2012646491", "created_published_date": "1893.", "subjects": ["Library of Congress Thomas Jefferson Building (Washington, D.C.)--1890-1900.", "Copperwork--Washington (D.C.)--1890-1900.", "Cornices--Washington (D.C.)--1890-1900.", "Architectural drawings--1890-1900."]}, {"source_created": "1992-02-20T00:00:00Z", "index": 6, "medium": "1 drawing on paper : ink.", "reproduction_number": "LC-USZ62-102847 (b&w film copy neg.)", "links": {"item": "https://www.loc.gov/pictures/item/92504861/", "resource": "https://www.loc.gov/pictures/item/92504861/resource/"}, "title": "[United States Treasury Building. Anteroom to Secretary of the Treasury's office. Cornice. Elevations, sections, and details]", "image": {"alt": "digitized item thumbnail", "full": "https://tile.loc.gov/storage-services/service/pnp/cph/3c00000/3c02000/3c02800/3c02847_150px.jpg", "square": "https://tile.loc.gov/storage-services/service/pnp/cph/3c00000/3c02000/3c02800/3c02847_75x75px.jpg", "thumb": "https://tile.loc.gov/storage-services/service/pnp/cph/3c00000/3c02000/3c02800/3c02847_150px.jpg"}, "created": "2016-04-21T00:00:00Z", "modified": "2016-04-21T00:00:00Z", "collection": ["cph", "pp"], "creator": "Bruff, Joseph Goldsborough, 1804-1889", "call_number": "ADE - UNIT 1933, no. 4 (C size) [P&P]", "medium_brief": "1 drawing on paper :", "source_modified": "2003-08-04T00:00:00Z", "pk": "92504861", "created_published_date": "1863 Jul.", "subjects": ["United States.--Dept. of the Treasury.--Office of the Secretary.--Buildings--1860-1870.", "Cornices--Washington (D.C.)--1860-1870.", "Ironwork--Washington (D.C.)--1860-1870.", "Plasterwork--Washington (D.C.)--1860-1870.", "Interiors--Washington (D.C.)--1860-1870.", "Architectural drawings--1860-1870.", "Ink drawings--1860-1870."]}, {"source_created": "2004-03-19T00:00:00Z", "index": 7, "medium": "1 photographic print: albumen.", "reproduction_number": "LC-DIG-ppmsca-04114 (digital file from original)", "links": {"item": "https://www.loc.gov/pictures/item/2004668114/", "resource": "https://www.loc.gov/pictures/item/2004668114/resource/"}, "title": "Balbek. D\u00e9tail de frises ext\u00e9rieures du temple de Jupiter", "image": {"alt": "digitized item thumbnail", "full": "https://tile.loc.gov/storage-services/service/pnp/ppmsca/04100/04114r.jpg", "square": "https://tile.loc.gov/storage-services/service/pnp/ppmsca/04100/04114_75x75px.jpg", "thumb": "https://tile.loc.gov/storage-services/service/pnp/ppmsca/04100/04114_150px.jpg"}, "created": "2016-09-27T00:00:00Z", "modified": "2016-09-27T00:00:00Z", "collection": ["cph", "diof", "pp"], "creator": "Maison Bonfils (Beirut, Lebanon)", "call_number": "LOT 13550, no. 192 [P&P]", "medium_brief": "1 photographic print:", "source_modified": "2016-09-26T00:00:00Z", "pk": "2004668114", "created_published_date": "[between 1867 and 1899]", "subjects": ["Dionysus--(Greek deity)--Commemoration--Lebanon--Ba\u02bblabakk.", "Archaeological sites--Lebanon--Ba\u02bblabakk--1860-1900.", "Cornices--Lebanon--Ba\u02bblabakk--1860-1900.", "Friezes (Entablature components)--Lebanon--Ba\u02bblabakk--1860-1900.", "Temples--Lebanon--Ba\u02bblabakk--1860-1900.", "Albumen prints--1860-1900."]}, {"source_created": "1970-01-01T00:00:00Z", "index": 8, "medium": "3", "reproduction_number": null, "links": {"item": "https://www.loc.gov/pictures/item/va2099/", "resource": null}, "title": "Arlington Post Office, 3118 N. Washington Boulevard, Arlington, Arlington County, VA", "image": {"alt": "habs/haer thumbnail", "full": "https://www.loc.gov/pictures/static/images/item/500x500_HABS.png", "square": "https://www.loc.gov/pictures/static/images/item/HABS_buttons75X75.png", "thumb": "https://www.loc.gov/pictures/static/images/item/habs_thumb_large.jpg"}, "created": "2016-04-18T00:00:00Z", "modified": "2016-04-18T00:00:00Z", "collection": ["diof", "hh", "survey"], "creator": "Historic American Buildings Survey", "call_number": "HABS VA-1433", "medium_brief": "Data Page(s): 3", "source_modified": "2016-04-18T00:00:00Z", "pk": "va2099", "created_published_date": "Documentation compiled after 1933", "subjects": ["post offices", "Georgian Revival architectural elements", "domes", "porticoes (porches)", "1 story", "basements", "murals", "Doric order", "pilasters", "brick", "cornices", "social & civic facilities", "postal service", "Works Progress Administration"]}, {"source_created": "2009-01-28T00:00:00Z", "index": 9, "medium": "1 negative : safety film ; 8 x 10 in.", "reproduction_number": "LC-DIG-csas-07021 (digital file from original negative)", "links": {"item": "https://www.loc.gov/pictures/item/2017891859/", "resource": "https://www.loc.gov/pictures/item/2017891859/resource/"}, "title": "Chatham, Fredericksburg vic., Stafford County, Virginia", "image": {"alt": "digitized item thumbnail", "full": "https://tile.loc.gov/storage-services/service/pnp/csas/07000/07021r.jpg", "square": "https://tile.loc.gov/storage-services/service/pnp/csas/07000/07021_75x75px.jpg", "thumb": "https://tile.loc.gov/storage-services/service/pnp/csas/07000/07021_150px.jpg"}, "created": "2018-03-13T00:00:00Z", "modified": "2018-03-13T00:00:00Z", "collection": ["csas", "diof", "minload", "pp"], "creator": "Johnston, Frances Benjamin, 1864-1952", "call_number": "LC-J7-VA- 3055-A [P&P]", "medium_brief": "1 negative :", "source_modified": "2018-03-12T00:00:00Z", "pk": "2017891859", "created_published_date": "1927.", "subjects": ["United States--Virginia--Stafford County--Fredericksburg vic.", "Cornices.", "Doors & doorways.", "Wings (Building divisions).", "Dwellings.", "Estates.", "Safety film negatives."]}, {"source_created": "2009-01-28T00:00:00Z", "index": 10, "medium": "1 negative : safety film ; 8 x 10 in.", "reproduction_number": "LC-DIG-csas-07022 (digital file from original negative)", "links": {"item": "https://www.loc.gov/pictures/item/2017891860/", "resource": "https://www.loc.gov/pictures/item/2017891860/resource/"}, "title": "Chatham, Fredericksburg vic., Stafford County, Virginia", "image": {"alt": "digitized item thumbnail", "full": "https://tile.loc.gov/storage-services/service/pnp/csas/07000/07022r.jpg", "square": "https://tile.loc.gov/storage-services/service/pnp/csas/07000/07022_75x75px.jpg", "thumb": "https://tile.loc.gov/storage-services/service/pnp/csas/07000/07022_150px.jpg"}, "created": "2018-03-13T00:00:00Z", "modified": "2018-03-13T00:00:00Z", "collection": ["csas", "diof", "minload", "pp"], "creator": "Johnston, Frances Benjamin, 1864-1952", "call_number": "LC-J7-VA- 3055-B [P&P]", "medium_brief": "1 negative :", "source_modified": "2018-03-12T00:00:00Z", "pk": "2017891860", "created_published_date": "1927.", "subjects": ["United States--Virginia--Stafford County--Fredericksburg vic.", "Cornices.", "Sidelights.", "Doors & doorways.", "Wings (Building divisions).", "Dwellings.", "Estates.", "Safety film negatives."]}, {"source_created": "2009-01-28T00:00:00Z", "index": 11, "medium": "1 negative : safety film ; 8 x 10 in.", "reproduction_number": "LC-DIG-csas-06202 (digital file from original negative)", "links": {"item": "https://www.loc.gov/pictures/item/2017892012/", "resource": "https://www.loc.gov/pictures/item/2017892012/resource/"}, "title": "Hickory Neck Church, Blissland Parish, Toano, James City County, Virginia", "image": {"alt": "digitized item thumbnail", "full": "https://tile.loc.gov/storage-services/service/pnp/csas/06200/06202r.jpg", "square": "https://tile.loc.gov/storage-services/service/pnp/csas/06200/06202_75x75px.jpg", "thumb": "https://tile.loc.gov/storage-services/service/pnp/csas/06200/06202_150px.jpg"}, "created": "2018-03-13T00:00:00Z", "modified": "2018-03-13T00:00:00Z", "collection": ["csas", "diof", "minload", "pp"], "creator": "Johnston, Frances Benjamin, 1864-1952", "call_number": "LC-J7-VA- 3138 [P&P]", "medium_brief": "1 negative :", "source_modified": "2018-03-12T00:00:00Z", "pk": "2017892012", "created_published_date": "[between ca. 1930 and 1939]", "subjects": ["United States--Virginia--James City County--Toano.", "Windows.", "Cornices.", "Churches.", "Brickwork.", "Safety film negatives."]}, {"source_created": "2009-01-28T00:00:00Z", "index": 12, "medium": "1 negative : safety film ; 8 x 10 in.", "reproduction_number": "LC-DIG-csas-06218 (digital file from original negative)", "links": {"item": "https://www.loc.gov/pictures/item/2017892029/", "resource": "https://www.loc.gov/pictures/item/2017892029/resource/"}, "title": "Lamb's Creek Church, Comorn vic., King George County, Virginia", "image": {"alt": "digitized item thumbnail", "full": "https://tile.loc.gov/storage-services/service/pnp/csas/06200/06218r.jpg", "square": "https://tile.loc.gov/storage-services/service/pnp/csas/06200/06218_75x75px.jpg", "thumb": "https://tile.loc.gov/storage-services/service/pnp/csas/06200/06218_150px.jpg"}, "created": "2018-03-13T00:00:00Z", "modified": "2018-03-13T00:00:00Z", "collection": ["csas", "diof", "minload", "pp"], "creator": "Johnston, Frances Benjamin, 1864-1952", "call_number": "LC-J7-VA- 3153 [P&P]", "medium_brief": "1 negative :", "source_modified": "2018-03-12T00:00:00Z", "pk": "2017892029", "created_published_date": "[between ca. 1930 and 1939]", "subjects": ["United States--Virginia--King George County--Comorn vic.", "Doors & doorways.", "Windows.", "Cornices.", "Churches.", "Brickwork.", "Safety film negatives."]}, {"source_created": "2009-01-28T00:00:00Z", "index": 13, "medium": "1 negative : safety film ; 8 x 10 in.", "reproduction_number": "LC-DIG-csas-06219 (digital file from original negative)", "links": {"item": "https://www.loc.gov/pictures/item/2017892030/", "resource": "https://www.loc.gov/pictures/item/2017892030/resource/"}, "title": "Lamb's Creek Church, Comorn vic., King George County, Virginia", "image": {"alt": "digitized item thumbnail", "full": "https://tile.loc.gov/storage-services/service/pnp/csas/06200/06219r.jpg", "square": "https://tile.loc.gov/storage-services/service/pnp/csas/06200/06219_75x75px.jpg", "thumb": "https://tile.loc.gov/storage-services/service/pnp/csas/06200/06219_150px.jpg"}, "created": "2018-03-13T00:00:00Z", "modified": "2018-03-13T00:00:00Z", "collection": ["csas", "diof", "minload", "pp"], "creator": "Johnston, Frances Benjamin, 1864-1952", "call_number": "LC-J7-VA- 3154 [P&P]", "medium_brief": "1 negative :", "source_modified": "2018-03-12T00:00:00Z", "pk": "2017892030", "created_published_date": "[between ca. 1930 and 1939]", "subjects": ["United States--Virginia--King George County--Comorn vic.", "Doors & doorways.", "Cornices.", "Churches.", "Brickwork.", "Safety film negatives."]}, {"source_created": "2009-01-28T00:00:00Z", "index": 14, "medium": "1 negative : safety film ; 8 x 10 in.", "reproduction_number": "LC-DIG-csas-06223 (digital file from original negative)", "links": {"item": "https://www.loc.gov/pictures/item/2017892034/", "resource": "https://www.loc.gov/pictures/item/2017892034/resource/"}, "title": "St. Paul's Church, Owens vic., King George County, Virginia", "image": {"alt": "digitized item thumbnail", "full": "https://tile.loc.gov/storage-services/service/pnp/csas/06200/06223r.jpg", "square": "https://tile.loc.gov/storage-services/service/pnp/csas/06200/06223_75x75px.jpg", "thumb": "https://tile.loc.gov/storage-services/service/pnp/csas/06200/06223_150px.jpg"}, "created": "2018-03-13T00:00:00Z", "modified": "2018-03-13T00:00:00Z", "collection": ["csas", "diof", "minload", "pp"], "creator": "Johnston, Frances Benjamin, 1864-1952", "call_number": "LC-J7-VA- 3158 [P&P]", "medium_brief": "1 negative :", "source_modified": "2018-03-12T00:00:00Z", "pk": "2017892034", "created_published_date": "[between ca. 1930 and 1939]", "subjects": ["United States--Virginia--King George County--Owens vic.", "Windows.", "Doors & doorways.", "Cornices.", "Churches.", "Brickwork.", "Safety film negatives."]}, {"source_created": "2009-01-28T00:00:00Z", "index": 15, "medium": "1 negative : safety film ; 8 x 10 in.", "reproduction_number": "LC-DIG-csas-06224 (digital file from original negative)", "links": {"item": "https://www.loc.gov/pictures/item/2017892035/", "resource": "https://www.loc.gov/pictures/item/2017892035/resource/"}, "title": "St. Paul's Church, Owens vic., King George County, Virginia", "image": {"alt": "digitized item thumbnail", "full": "https://tile.loc.gov/storage-services/service/pnp/csas/06200/06224r.jpg", "square": "https://tile.loc.gov/storage-services/service/pnp/csas/06200/06224_75x75px.jpg", "thumb": "https://tile.loc.gov/storage-services/service/pnp/csas/06200/06224_150px.jpg"}, "created": "2018-03-13T00:00:00Z", "modified": "2018-03-13T00:00:00Z", "collection": ["csas", "diof", "minload", "pp"], "creator": "Johnston, Frances Benjamin, 1864-1952", "call_number": "LC-J7-VA- 3159 [P&P]", "medium_brief": "1 negative :", "source_modified": "2018-03-12T00:00:00Z", "pk": "2017892035", "created_published_date": "[between ca. 1930 and 1939]", "subjects": ["United States--Virginia--King George County--Owens vic.", "Windows.", "Cornices.", "Churches.", "Brickwork.", "Safety film negatives."]}, {"source_created": "2009-01-28T00:00:00Z", "index": 16, "medium": "1 negative : safety film ; 8 x 10 in.", "reproduction_number": "LC-DIG-csas-06225 (digital file from original negative)", "links": {"item": "https://www.loc.gov/pictures/item/2017892036/", "resource": "https://www.loc.gov/pictures/item/2017892036/resource/"}, "title": "St. Paul's Church, Owens vic., King George County, Virginia", "image": {"alt": "digitized item thumbnail", "full": "https://tile.loc.gov/storage-services/service/pnp/csas/06200/06225r.jpg", "square": "https://tile.loc.gov/storage-services/service/pnp/csas/06200/06225_75x75px.jpg", "thumb": "https://tile.loc.gov/storage-services/service/pnp/csas/06200/06225_150px.jpg"}, "created": "2018-03-13T00:00:00Z", "modified": "2018-03-13T00:00:00Z", "collection": ["csas", "diof", "minload", "pp"], "creator": "Johnston, Frances Benjamin, 1864-1952", "call_number": "LC-J7-VA- 3160 [P&P]", "medium_brief": "1 negative :", "source_modified": "2018-03-12T00:00:00Z", "pk": "2017892036", "created_published_date": "[between ca. 1930 and 1939]", "subjects": ["United States--Virginia--King George County--Owens vic.", "Windows.", "Doors & doorways.", "Cornices.", "Churches.", "Brickwork.", "Safety film negatives."]}, {"source_created": "2009-01-28T00:00:00Z", "index": 17, "medium": "1 negative : safety film ; 8 x 10 in.", "reproduction_number": "LC-DIG-csas-06228 (digital file from original negative)", "links": {"item": "https://www.loc.gov/pictures/item/2017892039/", "resource": "https://www.loc.gov/pictures/item/2017892039/resource/"}, "title": "St. Mary's White Chapel, Lively vic., Lancaster County, Virginia", "image": {"alt": "digitized item thumbnail", "full": "https://tile.loc.gov/storage-services/service/pnp/csas/06200/06228r.jpg", "square": "https://tile.loc.gov/storage-services/service/pnp/csas/06200/06228_75x75px.jpg", "thumb": "https://tile.loc.gov/storage-services/service/pnp/csas/06200/06228_150px.jpg"}, "created": "2018-03-13T00:00:00Z", "modified": "2018-03-13T00:00:00Z", "collection": ["csas", "diof", "minload", "pp"], "creator": "Johnston, Frances Benjamin, 1864-1952", "call_number": "LC-J7-VA- 3163 [P&P]", "medium_brief": "1 negative :", "source_modified": "2018-03-12T00:00:00Z", "pk": "2017892039", "created_published_date": "[between ca. 1930 and 1939]", "subjects": ["United States--Virginia--Lancaster County--Lively vic.", "Windows.", "Cornices.", "Churches.", "Brickwork.", "Safety film negatives."]}, {"source_created": "2009-01-28T00:00:00Z", "index": 18, "medium": "1 negative : safety film ; 8 x 10 in.", "reproduction_number": "LC-DIG-csas-06229 (digital file from original negative)", "links": {"item": "https://www.loc.gov/pictures/item/2017892040/", "resource": "https://www.loc.gov/pictures/item/2017892040/resource/"}, "title": "St. Mary's White Chapel, Lively vic., Lancaster County, Virginia", "image": {"alt": "digitized item thumbnail", "full": "https://tile.loc.gov/storage-services/service/pnp/csas/06200/06229r.jpg", "square": "https://tile.loc.gov/storage-services/service/pnp/csas/06200/06229_75x75px.jpg", "thumb": "https://tile.loc.gov/storage-services/service/pnp/csas/06200/06229_150px.jpg"}, "created": "2018-03-13T00:00:00Z", "modified": "2018-03-13T00:00:00Z", "collection": ["csas", "diof", "minload", "pp"], "creator": "Johnston, Frances Benjamin, 1864-1952", "call_number": "LC-J7-VA- 3164 [P&P]", "medium_brief": "1 negative :", "source_modified": "2018-03-12T00:00:00Z", "pk": "2017892040", "created_published_date": "[between ca. 1930 and 1939]", "subjects": ["United States--Virginia--Lancaster County--Lively vic.", "Windows.", "Cornices.", "Churches.", "Brickwork.", "Safety film negatives."]}, {"source_created": "2009-01-28T00:00:00Z", "index": 19, "medium": "1 negative : safety film ; 8 x 10 in.", "reproduction_number": "LC-DIG-csas-06230 (digital file from original negative)", "links": {"item": "https://www.loc.gov/pictures/item/2017892041/", "resource": "https://www.loc.gov/pictures/item/2017892041/resource/"}, "title": "St. Mary's White Chapel, Lively vic., Lancaster County, Virginia", "image": {"alt": "digitized item thumbnail", "full": "https://tile.loc.gov/storage-services/service/pnp/csas/06200/06230r.jpg", "square": "https://tile.loc.gov/storage-services/service/pnp/csas/06200/06230_75x75px.jpg", "thumb": "https://tile.loc.gov/storage-services/service/pnp/csas/06200/06230_150px.jpg"}, "created": "2018-03-13T00:00:00Z", "modified": "2018-03-13T00:00:00Z", "collection": ["csas", "diof", "minload", "pp"], "creator": "Johnston, Frances Benjamin, 1864-1952", "call_number": "LC-J7-VA- 3165 [P&P]", "medium_brief": "1 negative :", "source_modified": "2018-03-12T00:00:00Z", "pk": "2017892041", "created_published_date": "[between ca. 1930 and 1939]", "subjects": ["United States--Virginia--Lancaster County--Lively vic.", "Vines.", "Doors & doorways.", "Cornices.", "Churches.", "Brickwork.", "Safety film negatives."]}, {"source_created": "2009-01-28T00:00:00Z", "index": 20, "medium": "1 negative : safety film ; 8 x 10 in.", "reproduction_number": "LC-DIG-csas-06235 (digital file from original negative)", "links": {"item": "https://www.loc.gov/pictures/item/2017892046/", "resource": "https://www.loc.gov/pictures/item/2017892046/resource/"}, "title": "Christ Church, Kilmarnock vic., Lancaster County, Virginia", "image": {"alt": "digitized item thumbnail", "full": "https://tile.loc.gov/storage-services/service/pnp/csas/06200/06235r.jpg", "square": "https://tile.loc.gov/storage-services/service/pnp/csas/06200/06235_75x75px.jpg", "thumb": "https://tile.loc.gov/storage-services/service/pnp/csas/06200/06235_150px.jpg"}, "created": "2018-03-13T00:00:00Z", "modified": "2018-03-13T00:00:00Z", "collection": ["csas", "diof", "minload", "pp"], "creator": "Johnston, Frances Benjamin, 1864-1952", "call_number": "LC-J7-VA- 3170 [P&P]", "medium_brief": "1 negative :", "source_modified": "2018-03-12T00:00:00Z", "pk": "2017892046", "created_published_date": "[between ca. 1930 and 1939]", "subjects": ["United States--Virginia--Lancaster County--Kilmarnock vic.", "Windows.", "Doors & doorways.", "Cornices.", "Churches.", "Brickwork.", "Safety film negatives."]}]}