{"search": {"field": "subject", "hits": 7, "sort_order": null, "do_facets": true, "focus_item": null, "query": "Constituents", "type": "search", "sort_by": null}, "focus": null, "views": {"current": "list", "grid": "https://www.loc.gov/pictures/search/?q=Constituents&fi=subject&va=exact&st=grid&op=PHRASE", "list": "https://www.loc.gov/pictures/search/?q=Constituents&fi=subject&op=PHRASE&va=exact", "gallery": "https://www.loc.gov/pictures/search/?q=Constituents&fi=subject&va=exact&st=gallery&op=PHRASE", "slideshow": "https://www.loc.gov/pictures/search/?q=Constituents&fi=subject&va=exact&st=slideshow&op=PHRASE"}, "facets": [{"type": "displayed", "filters": [{"count": 1, "on": "https://www.loc.gov/pictures/search/?va=exact&sp=1&q=Constituents&fa=displayed%3Aanywhere&fi=subject&op=PHRASE&fo=json", "selected": false, "off": "https://www.loc.gov/pictures/search/?va=exact&sp=1&q=Constituents&fi=subject&fo=json&op=PHRASE", "title": "Larger image available anywhere"}, {"count": 1, "on": "https://www.loc.gov/pictures/search/?va=exact&sp=1&q=Constituents&fa=displayed%3Alc_only&fi=subject&op=PHRASE&fo=json", "selected": false, "off": "https://www.loc.gov/pictures/search/?va=exact&sp=1&q=Constituents&fi=subject&fo=json&op=PHRASE", "title": "Larger image available only at the Library of Congress"}, {"count": 5, "on": "https://www.loc.gov/pictures/search/?va=exact&sp=1&q=Constituents&fa=displayed%3Anot_digitized&fi=subject&op=PHRASE&fo=json", "selected": false, "off": "https://www.loc.gov/pictures/search/?va=exact&sp=1&q=Constituents&fi=subject&fo=json&op=PHRASE", "title": "Not Digitized"}, {"count": 0, "on": "https://www.loc.gov/pictures/search/?va=exact&sp=1&q=Constituents&fa=displayed%3Asurveys_only&fi=subject&op=PHRASE&fo=json", "selected": false, "off": "https://www.loc.gov/pictures/search/?va=exact&sp=1&q=Constituents&fi=subject&fo=json&op=PHRASE", "title": "Surveys only"}], "title": "displayed"}], "links": {"json": "//www.loc.gov/pictures/search/?fi=subject&q=Constituents&op=PHRASE&va=exact&fo=json", "html": "//www.loc.gov/pictures/search/?fi=subject&q=Constituents&op=PHRASE&va=exact", "rss": "//www.loc.gov/pictures/search/?fi=subject&q=Constituents&op=PHRASE&va=exact&fo=rss"}, "suggestions": {"possible": []}, "pages": {"current": 1, "next": null, "perpage": 20, "last": null, "page_list": [{"url": null, "number": 1}], "previous": null, "total": 1, "results": "1 - 7", "first": null}, "collection": null, "results": [{"source_created": "2014-10-16T00:00:00Z", "index": 1, "medium": "1 photograph: b&w contact sheet.", "reproduction_number": "", "links": {"item": "https://www.loc.gov/pictures/item/2014669686/", "resource": null}, "title": "Nebraska", "image": {"alt": "item not digitized thumbnail", "full": "https://www.loc.gov/pictures/static/images/item/500x500_notdigitized.png", "square": "https://www.loc.gov/pictures/static/images/item/not_digitized_buttons75X75.png", "thumb": "https://www.loc.gov/pictures/static/images/item/notdigitized_buttons140X120.png"}, "created": "2016-04-20T00:00:00Z", "modified": "2016-04-20T00:00:00Z", "collection": ["cqrc", "minload", "pp"], "creator": null, "call_number": "ROLL CALL-1990-336 [P&P]", "medium_brief": "1 photograph:\n24 photographs:", "source_modified": "2015-02-05T00:00:00Z", "pk": "2014669686", "created_published_date": "[1990-07-04]", "subjects": ["Milder, Ally", "Daub, Hal", "Parades", "Constituents", "Film negatives.", "Photographic prints."]}, {"source_created": "2012-06-21T00:00:00Z", "index": 2, "medium": "1 drawing.", "reproduction_number": "LC-DIG-hlb-02982 (digital file from original drawing)", "links": {"item": "https://www.loc.gov/pictures/item/2012634554/", "resource": "https://www.loc.gov/pictures/item/2012634554/resource/"}, "title": "\"Nothing personal, pal -- I just want to impress a girl\"", "image": {"alt": "digitized item thumbnail", "full": "https://tile.loc.gov/storage-services/service/pnp/hlb/02900/02982_150px.jpg", "square": "https://tile.loc.gov/storage-services/service/pnp/hlb/02900/02982_75x75px.jpg", "thumb": "https://tile.loc.gov/storage-services/service/pnp/hlb/02900/02982_150px.jpg"}, "created": "2016-04-21T00:00:00Z", "modified": "2016-04-21T00:00:00Z", "collection": ["hlb", "minload", "pp"], "creator": "Block, Herbert, 1909-2001", "call_number": "BLOCK, no. 2982 (BB size) [P&P]", "medium_brief": "1 drawing.", "source_modified": "2013-03-19T00:00:00Z", "pk": "2012634554", "created_published_date": "3-12-[19]52.", "subjects": ["Aesop.", "Congressional politics", "Allies", "Political elections--1950-1960", "Wounds & injuries", "Broken eggs", "Constituents", "Drawings--American.", "Editorial cartoons--American."]}, {"source_created": "2014-10-16T00:00:00Z", "index": 3, "medium": "1 photograph: b&w contact sheet.", "reproduction_number": "", "links": {"item": "https://www.loc.gov/pictures/item/2014671888/", "resource": null}, "title": "Constituents guide", "image": {"alt": "item not digitized thumbnail", "full": "https://www.loc.gov/pictures/static/images/item/500x500_notdigitized.png", "square": "https://www.loc.gov/pictures/static/images/item/not_digitized_buttons75X75.png", "thumb": "https://www.loc.gov/pictures/static/images/item/notdigitized_buttons140X120.png"}, "created": "2016-04-21T00:00:00Z", "modified": "2016-04-21T00:00:00Z", "collection": ["cqrc", "minload", "pp"], "creator": null, "call_number": "ROLL CALL-1993-230 [P&P]", "medium_brief": "1 photograph:\n31 photographs:", "source_modified": "2015-02-05T00:00:00Z", "pk": "2014671888", "created_published_date": "[1993-03]", "subjects": ["Constituents guide", "U.S. Capitol", "Film negatives.", "Photographic prints."]}, {"source_created": "1999-10-15T00:00:00Z", "index": 4, "medium": "1 drawing on layered paper board : crayon, ink, blue pencil, and white out over pencil.", "reproduction_number": "", "links": {"item": "https://www.loc.gov/pictures/item/2016686624/", "resource": null}, "title": "\"Let's stage a sit-in\"", "image": {"alt": "item not digitized thumbnail", "full": "https://www.loc.gov/pictures/static/images/item/500x500_notdigitized.png", "square": "https://www.loc.gov/pictures/static/images/item/not_digitized_buttons75X75.png", "thumb": "https://www.loc.gov/pictures/static/images/item/notdigitized_buttons140X120.png"}, "created": "2016-08-16T00:00:00Z", "modified": "2016-08-16T00:00:00Z", "collection": ["acd", "minload", "pp"], "creator": "Mauldin, Bill, 1921-2003", "call_number": "CD 1 - Mauldin, no. 1147 (A size)", "medium_brief": "1 drawing on layered paper board :", "source_modified": "2016-08-05T00:00:00Z", "pk": "2016686624", "created_published_date": "1964 Aug. 25 [publication date]", "subjects": ["Democratic Party (U.S.)--1960-1970.", "Political conventions--1960-1970.", "Constituents--1960-1970.", "Racism--1960-1960.", "Drawings--1960-1970.", "Editorial cartoons--1960-1970."]}, {"source_created": "1998-05-01T00:00:00Z", "index": 5, "medium": "1 print : wood engraving.", "reproduction_number": "", "links": {"item": "https://www.loc.gov/pictures/item/2010644330/", "resource": null}, "title": "The \"statesman\" at home", "image": {"alt": "item not digitized thumbnail", "full": "https://www.loc.gov/pictures/static/images/item/500x500_notdigitized.png", "square": "https://www.loc.gov/pictures/static/images/item/not_digitized_buttons75X75.png", "thumb": "https://www.loc.gov/pictures/static/images/item/notdigitized_buttons140X120.png"}, "created": "2019-05-06T00:00:00Z", "modified": "2019-05-06T00:00:00Z", "collection": ["bbgfc", "minload", "pp"], "creator": "Nast, Thomas, 1840-1902", "call_number": "LOT 14012, no. 329 [P&P]", "medium_brief": "1 print :", "source_modified": "2011-04-14T00:00:00Z", "pk": "2010644330", "created_published_date": "1879 July 26.", "subjects": ["United States.--Congress--1870-1880.", "Constituents--Southern States--1870-1880.", "Town meetings--Southern States--1870-1880.", "Covers (Illustration)--1870-1880.", "Political cartoons--American--1870-1880.", "Wood engravings--1870-1880."]}, {"source_created": "2011-02-28T00:00:00Z", "index": 6, "medium": "1 photomechanical print : offset, color.", "reproduction_number": "LC-DIG-ppmsca-26008 (digital file from original print)", "links": {"item": "https://www.loc.gov/pictures/item/2011645754/", "resource": "https://www.loc.gov/pictures/item/2011645754/resource/"}, "title": "The making of a senator", "image": {"alt": "digitized item thumbnail", "full": "https://tile.loc.gov/storage-services/service/pnp/ppmsca/26000/26008r.jpg", "square": "https://tile.loc.gov/storage-services/service/pnp/ppmsca/26000/26008_75x75px.jpg", "thumb": "https://tile.loc.gov/storage-services/service/pnp/ppmsca/26000/26008_150px.jpg"}, "created": "2019-05-06T00:00:00Z", "modified": "2019-05-06T00:00:00Z", "collection": ["cph", "diof", "pp"], "creator": "Keppler, Udo J., 1872-1956", "call_number": "Illus. in AP101.P7 1905 (Case X) [P&P]", "medium_brief": "1 photomechanical print :", "source_modified": "2011-02-28T00:00:00Z", "pk": "2011645754", "created_published_date": "1905 November 15.", "subjects": ["Aldrich, Nelson W.--(Nelson Wilmarth),--1841-1915.", "Rockefeller, John D.--(John Davison),--1839-1937.", "Industrial trusts--1900-1910.", "Political patronage--1900-1910.", "Constituents--1900-1910.", "Legislators--1900-1910.", "Corruption--1900-1910.", "Pyramids--1900-1910.", "Cartoons (Commentary)--1900-1910.", "Offset photomechanical prints--Color--1900-1910.", "Periodical illustrations--1900-1910."]}, {"source_created": "1999-10-15T00:00:00Z", "index": 7, "medium": "1 drawing on paper : ink over pencil.", "reproduction_number": "", "links": {"item": "https://www.loc.gov/pictures/item/2016685732/", "resource": null}, "title": "Exclusive shot of the President being carried on the shoulders of an enthusiastic supporter", "image": {"alt": "item not digitized thumbnail", "full": "https://www.loc.gov/pictures/static/images/item/500x500_notdigitized.png", "square": "https://www.loc.gov/pictures/static/images/item/not_digitized_buttons75X75.png", "thumb": "https://www.loc.gov/pictures/static/images/item/notdigitized_buttons140X120.png"}, "created": "2019-05-06T00:00:00Z", "modified": "2019-05-06T00:00:00Z", "collection": ["acd", "minload", "pp"], "creator": "Mauldin, Bill, 1921-2003", "call_number": "CD 1 - Mauldin, no. 426 (A size)", "medium_brief": "1 drawing on paper :", "source_modified": "2016-10-12T00:00:00Z", "pk": "2016685732", "created_published_date": "1948 July 9 [publication date]", "subjects": ["Truman, Harry S.,--1884-1972.", "Presidential elections--1940-1950.", "Political campaigns--1940-1950.", "Constituents--1940-1950.", "Cartoons (Commentary)--1940-1950.", "Drawings--1940-1950."]}]}