{"search": {"field": "subject", "hits": 3, "sort_order": null, "do_facets": true, "focus_item": null, "query": "Police surveillance", "type": "search", "sort_by": null}, "focus": null, "views": {"current": "list", "grid": "https://www.loc.gov/pictures/search/?q=Police+surveillance&fi=subject&va=exact&st=grid&op=PHRASE", "list": "https://www.loc.gov/pictures/search/?q=Police+surveillance&fi=subject&op=PHRASE&va=exact", "gallery": "https://www.loc.gov/pictures/search/?q=Police+surveillance&fi=subject&va=exact&st=gallery&op=PHRASE", "slideshow": "https://www.loc.gov/pictures/search/?q=Police+surveillance&fi=subject&va=exact&st=slideshow&op=PHRASE"}, "facets": [{"type": "displayed", "filters": [{"count": 0, "on": "https://www.loc.gov/pictures/search/?va=exact&sp=1&q=Police+surveillance&fa=displayed%3Aanywhere&fi=subject&op=PHRASE&fo=json", "selected": false, "off": "https://www.loc.gov/pictures/search/?va=exact&sp=1&q=Police+surveillance&fi=subject&fo=json&op=PHRASE", "title": "Larger image available anywhere"}, {"count": 3, "on": "https://www.loc.gov/pictures/search/?va=exact&sp=1&q=Police+surveillance&fa=displayed%3Alc_only&fi=subject&op=PHRASE&fo=json", "selected": false, "off": "https://www.loc.gov/pictures/search/?va=exact&sp=1&q=Police+surveillance&fi=subject&fo=json&op=PHRASE", "title": "Larger image available only at the Library of Congress"}, {"count": 0, "on": "https://www.loc.gov/pictures/search/?va=exact&sp=1&q=Police+surveillance&fa=displayed%3Anot_digitized&fi=subject&op=PHRASE&fo=json", "selected": false, "off": "https://www.loc.gov/pictures/search/?va=exact&sp=1&q=Police+surveillance&fi=subject&fo=json&op=PHRASE", "title": "Not Digitized"}], "title": "displayed"}], "links": {"json": "//www.loc.gov/pictures/search/?fi=subject&q=Police+surveillance&op=PHRASE&va=exact&fo=json", "html": "//www.loc.gov/pictures/search/?fi=subject&q=Police+surveillance&op=PHRASE&va=exact", "rss": "//www.loc.gov/pictures/search/?fi=subject&q=Police+surveillance&op=PHRASE&va=exact&fo=rss"}, "suggestions": {"possible": []}, "pages": {"current": 1, "next": null, "perpage": 20, "last": null, "page_list": [{"url": null, "number": 1}], "previous": null, "total": 1, "results": "1 - 3", "first": null}, "collection": null, "results": [{"source_created": "2008-02-12T00:00:00Z", "index": 1, "medium": "1 photographic print.", "reproduction_number": "LC-DIG-ppmsca-17277 (digital file from original photograph)", "links": {"item": "https://www.loc.gov/pictures/item/2008675677/", "resource": "https://www.loc.gov/pictures/item/2008675677/resource/"}, "title": "Seek to prevent another blasting", "image": {"alt": "digitized item thumbnail", "full": "https://tile.loc.gov/storage-services/service/pnp/ppmsca/17200/17277_150px.jpg", "square": "https://tile.loc.gov/storage-services/service/pnp/ppmsca/17200/17277_75x75px.jpg", "thumb": "https://tile.loc.gov/storage-services/service/pnp/ppmsca/17200/17277_150px.jpg"}, "created": "2016-04-21T00:00:00Z", "modified": "2016-04-21T00:00:00Z", "collection": ["cph", "pp"], "creator": null, "call_number": "NYWTS - SUBJ/GEOG--Dams--Quemahoning Dam--Pennsylvania [item] [P&P]", "medium_brief": "1 photographic print.", "source_modified": "2008-03-17T00:00:00Z", "pk": "2008675677", "created_published_date": "1937 July 1.", "subjects": ["Dams--Pennsylvania--1930-1940.", "Police surveillance--Pennsylvania--1930-1940.", "Photographic prints--1930-1940."]}, {"source_created": "2016-10-27T00:00:00Z", "index": 2, "medium": "1 print ; (poster format)", "reproduction_number": "", "links": {"item": "https://www.loc.gov/pictures/item/2016651537/", "resource": "https://www.loc.gov/pictures/item/2016651537/resource/"}, "title": "Polizei--burgernah : Berlin", "image": {"alt": "digitized item thumbnail", "full": "https://tile.loc.gov/storage-services/service/pnp/yan/1a36000/1a36500/1a36576_150px.jpg", "square": "https://tile.loc.gov/storage-services/service/pnp/yan/1a36000/1a36500/1a36576_75x75px.jpg", "thumb": "https://tile.loc.gov/storage-services/service/pnp/yan/1a36000/1a36500/1a36576_150px.jpg"}, "created": "2017-06-06T00:00:00Z", "modified": "2017-06-06T00:00:00Z", "collection": ["pp", "yan"], "creator": null, "call_number": "POS 6 - Germany, no. 102 (C size) [P&P]", "medium_brief": "1 print ;", "source_modified": "2016-10-27T00:00:00Z", "pk": "2016651537", "created_published_date": "[between 1965 and 1980]", "subjects": ["Police surveillance--1960-1980.", "Germany (West)", "Posters--German--1960-1980.", "Prints--1960-1980."]}, {"source_created": "2017-04-05T00:00:00Z", "index": 3, "medium": "1 print ; (poster format)", "reproduction_number": "", "links": {"item": "https://www.loc.gov/pictures/item/2017649475/", "resource": "https://www.loc.gov/pictures/item/2017649475/resource/"}, "title": "Kampf dem neuen Faschismus!", "image": {"alt": "digitized item thumbnail", "full": "https://tile.loc.gov/storage-services/service/pnp/yan/1a36000/1a36600/1a36602_150px.jpg", "square": "https://tile.loc.gov/storage-services/service/pnp/yan/1a36000/1a36600/1a36602_75x75px.jpg", "thumb": "https://tile.loc.gov/storage-services/service/pnp/yan/1a36000/1a36600/1a36602_150px.jpg"}, "created": "2017-06-06T00:00:00Z", "modified": "2017-06-06T00:00:00Z", "collection": ["pp", "yan"], "creator": null, "call_number": "POS 6 - Germany, no. 127 (C size) [P&P]", "medium_brief": "1 print ;", "source_modified": "2017-04-05T00:00:00Z", "pk": "2017649475", "created_published_date": "[between 1965 and 1980]", "subjects": ["Police surveillance--1960-1980.", "Protest movements--1960-1980.", "Germany (West)", "Posters--German--1960-1980.", "Prints--Color--1960-1980."]}]}