{"search": {"field": "subject", "hits": 18, "sort_order": null, "do_facets": true, "focus_item": null, "query": "Typewriting", "type": "search", "sort_by": null}, "focus": null, "views": {"current": "list", "grid": "https://www.loc.gov/pictures/search/?q=Typewriting&fi=subject&va=exact&st=grid&op=PHRASE", "list": "https://www.loc.gov/pictures/search/?q=Typewriting&fi=subject&op=PHRASE&va=exact", "gallery": "https://www.loc.gov/pictures/search/?q=Typewriting&fi=subject&va=exact&st=gallery&op=PHRASE", "slideshow": "https://www.loc.gov/pictures/search/?q=Typewriting&fi=subject&va=exact&st=slideshow&op=PHRASE"}, "facets": [{"type": "displayed", "filters": [{"count": 4, "on": "https://www.loc.gov/pictures/search/?va=exact&sp=1&q=Typewriting&fa=displayed%3Aanywhere&fi=subject&op=PHRASE&fo=json", "selected": false, "off": "https://www.loc.gov/pictures/search/?va=exact&sp=1&q=Typewriting&fi=subject&fo=json&op=PHRASE", "title": "Larger image available anywhere"}, {"count": 12, "on": "https://www.loc.gov/pictures/search/?va=exact&sp=1&q=Typewriting&fa=displayed%3Alc_only&fi=subject&op=PHRASE&fo=json", "selected": false, "off": "https://www.loc.gov/pictures/search/?va=exact&sp=1&q=Typewriting&fi=subject&fo=json&op=PHRASE", "title": "Larger image available only at the Library of Congress"}, {"count": 2, "on": "https://www.loc.gov/pictures/search/?va=exact&sp=1&q=Typewriting&fa=displayed%3Anot_digitized&fi=subject&op=PHRASE&fo=json", "selected": false, "off": "https://www.loc.gov/pictures/search/?va=exact&sp=1&q=Typewriting&fi=subject&fo=json&op=PHRASE", "title": "Not Digitized"}, {"count": 0, "on": "https://www.loc.gov/pictures/search/?va=exact&sp=1&q=Typewriting&fa=displayed%3Asurveys_only&fi=subject&op=PHRASE&fo=json", "selected": false, "off": "https://www.loc.gov/pictures/search/?va=exact&sp=1&q=Typewriting&fi=subject&fo=json&op=PHRASE", "title": "Surveys only"}], "title": "displayed"}], "links": {"json": "//www.loc.gov/pictures/search/?fi=subject&q=Typewriting&op=PHRASE&va=exact&fo=json", "html": "//www.loc.gov/pictures/search/?fi=subject&q=Typewriting&op=PHRASE&va=exact", "rss": "//www.loc.gov/pictures/search/?fi=subject&q=Typewriting&op=PHRASE&va=exact&fo=rss"}, "suggestions": {"possible": []}, "pages": {"current": 1, "next": null, "perpage": 20, "last": null, "page_list": [{"url": null, "number": 1}], "previous": null, "total": 1, "results": "1 - 18", "first": null}, "collection": null, "results": [{"source_created": "2007-04-03T00:00:00Z", "index": 1, "medium": "1 photographic print.", "reproduction_number": "LC-USZ62-43660 (b&w film copy neg.)", "links": {"item": "https://www.loc.gov/pictures/item/2007678793/", "resource": "https://www.loc.gov/pictures/item/2007678793/resource/"}, "title": "Journalism class, Springfield, Missouri, high school", "image": {"alt": "digitized item thumbnail", "full": "https://tile.loc.gov/storage-services/service/pnp/cph/3a40000/3a43000/3a43900/3a43903_150px.jpg", "square": "https://tile.loc.gov/storage-services/service/pnp/cph/3a40000/3a43000/3a43900/3a43903_75x75px.jpg", "thumb": "https://tile.loc.gov/storage-services/service/pnp/cph/3a40000/3a43000/3a43900/3a43903_150px.jpg"}, "created": "2016-04-20T00:00:00Z", "modified": "2016-04-20T00:00:00Z", "collection": ["cph", "pp"], "creator": "Kucker Studio", "call_number": "SSF - Students [item] [P&P]", "medium_brief": "1 photographic print.", "source_modified": "2013-04-22T00:00:00Z", "pk": "2007678793", "created_published_date": "c1929.", "subjects": ["Students--Missouri--Springfield--1920-1930.", "Classrooms--Missouri--Springfield--1920-1930.", "Typewriting--Missouri--Springfield--1920-1930.", "Typewriters--1920-1930.", "Photographic prints--1920-1930."]}, {"source_created": "2012-04-10T00:00:00Z", "index": 2, "medium": "1 photographic print.", "reproduction_number": "LC-DIG-ppmsca-32778 (digital file from original item)", "links": {"item": "https://www.loc.gov/pictures/item/2012646249/", "resource": "https://www.loc.gov/pictures/item/2012646249/resource/"}, "title": "[Lucian Swift Kirtland seated at typewriter]", "image": {"alt": "digitized item thumbnail", "full": "https://tile.loc.gov/storage-services/service/pnp/ppmsca/32700/32778_150px.jpg", "square": "https://tile.loc.gov/storage-services/service/pnp/ppmsca/32700/32778_75x75px.jpg", "thumb": "https://tile.loc.gov/storage-services/service/pnp/ppmsca/32700/32778_150px.jpg"}, "created": "2016-04-20T00:00:00Z", "modified": "2016-04-20T00:00:00Z", "collection": ["cph", "pp"], "creator": null, "call_number": "Unprocessed in PR 13 CN 1981:339 [item] [P&P]", "medium_brief": "1 photographic print.", "source_modified": "2013-06-07T00:00:00Z", "pk": "2012646249", "created_published_date": "[between 1921 and 1940?]", "subjects": ["Kirtland, Lucian Swift,--1881-", "Journalists--1920-1940.", "Typewriting--1920-1940.", "Photographic prints--1920-1940."]}, {"source_created": "2013-04-22T00:00:00Z", "index": 3, "medium": "1 photographic print.", "reproduction_number": "LC-USZ62-19103 (b&w film copy neg.)", "links": {"item": "https://www.loc.gov/pictures/item/2013647253/", "resource": "https://www.loc.gov/pictures/item/2013647253/resource/"}, "title": "[Woman typist]", "image": {"alt": "digitized item thumbnail", "full": "https://tile.loc.gov/storage-services/service/pnp/cph/3a20000/3a20000/3a20300/3a20358r.jpg", "square": "https://tile.loc.gov/storage-services/service/pnp/cph/3a20000/3a20000/3a20300/3a20358_75x75px.jpg", "thumb": "https://tile.loc.gov/storage-services/service/pnp/cph/3a20000/3a20000/3a20300/3a20358_150px.jpg"}, "created": "2016-04-20T00:00:00Z", "modified": "2016-04-20T00:00:00Z", "collection": ["cph", "diof", "pp"], "creator": null, "call_number": "SSF - Typewriters and Typewriting [item] [P&P]", "medium_brief": "1 photographic print.", "source_modified": "2013-04-26T00:00:00Z", "pk": "2013647253", "created_published_date": "[ca. 1900]", "subjects": ["Women--Employment--1900.", "Typewriting--1900.", "Photographic prints--1900."]}, {"source_created": "2013-04-22T00:00:00Z", "index": 4, "medium": "1 photographic print : stereograph.", "reproduction_number": "LC-USZ62-11909 (b&w film copy neg. of left side of stereo)", "links": {"item": "https://www.loc.gov/pictures/item/2013647255/", "resource": "https://www.loc.gov/pictures/item/2013647255/resource/"}, "title": "[Young woman typing]", "image": {"alt": "digitized item thumbnail", "full": "https://tile.loc.gov/storage-services/service/pnp/cph/3a10000/3a14000/3a14200/3a14291r.jpg", "square": "https://tile.loc.gov/storage-services/service/pnp/cph/3a10000/3a14000/3a14200/3a14291_75x75px.jpg", "thumb": "https://tile.loc.gov/storage-services/service/pnp/cph/3a10000/3a14000/3a14200/3a14291_150px.jpg"}, "created": "2016-04-20T00:00:00Z", "modified": "2016-04-20T00:00:00Z", "collection": ["cph", "diof", "pp"], "creator": "Underwood & Underwood", "call_number": "SSF - Typewriters and Typewriting [item] [P&P]", "medium_brief": "1 photographic print :", "source_modified": "2013-04-26T00:00:00Z", "pk": "2013647255", "created_published_date": "c1906.", "subjects": ["Women--Employment--1900-1910.", "Typewriting--1900-1910.", "Typewriters--1900-1910.", "Photographic prints--1900-1910.", "Stereographs--1900-1910."]}, {"source_created": "1991-10-02T00:00:00Z", "index": 5, "medium": "1 photographic print.", "reproduction_number": "LC-USZ62-103131 (b&w film copy neg.)", "links": {"item": "https://www.loc.gov/pictures/item/91792565/", "resource": "https://www.loc.gov/pictures/item/91792565/resource/"}, "title": "Mrs. Earl Warren, wife of the Governor ... spends part of her busy day answering letters, watched by Dorothy, her 12-year-old daughter ...", "image": {"alt": "digitized item thumbnail", "full": "https://tile.loc.gov/storage-services/service/pnp/cph/3c00000/3c03000/3c03100/3c03131_150px.jpg", "square": "https://tile.loc.gov/storage-services/service/pnp/cph/3c00000/3c03000/3c03100/3c03131_75x75px.jpg", "thumb": "https://tile.loc.gov/storage-services/service/pnp/cph/3c00000/3c03000/3c03100/3c03131_150px.jpg"}, "created": "2016-04-20T00:00:00Z", "modified": "2016-04-20T00:00:00Z", "collection": ["cph", "pp"], "creator": null, "call_number": "LOT 4096 <item> [P&P]", "medium_brief": "1 photographic print.", "source_modified": "2003-08-29T00:00:00Z", "pk": "91792565", "created_published_date": "[between 1940 and 1945]", "subjects": ["Warren, Earl,--1891-1974--Family.", "Mothers & children--California--Sacramento--1940-1950.", "Typewriting--California--Sacramento--1940-1950.", "Photographic prints--1940-1950."]}, {"source_created": "1992-04-07T00:00:00Z", "index": 6, "medium": "1 photographic print.", "reproduction_number": "LC-USZ62-104663 (b&w film copy neg.)", "links": {"item": "https://www.loc.gov/pictures/item/92507777/", "resource": "https://www.loc.gov/pictures/item/92507777/resource/"}, "title": "Boys editing monthly publication \"The Lighthouse\", Camp Sanders, Mt. Hermon, La.", "image": {"alt": "digitized item thumbnail", "full": "https://tile.loc.gov/storage-services/service/pnp/cph/3c00000/3c04000/3c04600/3c04663_150px.jpg", "square": "https://tile.loc.gov/storage-services/service/pnp/cph/3c00000/3c04000/3c04600/3c04663_75x75px.jpg", "thumb": "https://tile.loc.gov/storage-services/service/pnp/cph/3c00000/3c04000/3c04600/3c04663_150px.jpg"}, "created": "2016-04-20T00:00:00Z", "modified": "2016-04-20T00:00:00Z", "collection": ["cph", "pp"], "creator": null, "call_number": "LOT 6302 <item> [P&P]", "medium_brief": "1 photographic print.", "source_modified": "2003-06-18T00:00:00Z", "pk": "92507777", "created_published_date": "1937.", "subjects": ["Civilian Conservation Corps (U.S.)--People--Louisiana--Mount Hermon--1930-1940.", "Typewriting--Louisiana--Mount Hermon--1930-1940.", "Printing--Louisiana--Mount Hermon--1930-1940.", "Journalism--Louisiana--Mount Hermon--1930-1940.", "Young adults--Louisiana--Mount Hermon--1930-1940.", "Photographic prints--1930-1940."]}, {"source_created": "1992-10-19T00:00:00Z", "index": 7, "medium": "1 photographic print.", "reproduction_number": "LC-USZ62-94111 (b&w film copy neg.)", "links": {"item": "https://www.loc.gov/pictures/item/92519178/", "resource": "https://www.loc.gov/pictures/item/92519178/resource/"}, "title": "[Scene from a motion picture showing woman in bed with a typewriter on her lap]", "image": {"alt": "digitized item thumbnail", "full": "https://tile.loc.gov/storage-services/service/pnp/cph/3b40000/3b40000/3b40200/3b40282_150px.jpg", "square": "https://tile.loc.gov/storage-services/service/pnp/cph/3b40000/3b40000/3b40200/3b40282_75x75px.jpg", "thumb": "https://tile.loc.gov/storage-services/service/pnp/cph/3b40000/3b40000/3b40200/3b40282_150px.jpg"}, "created": "2016-04-20T00:00:00Z", "modified": "2016-04-20T00:00:00Z", "collection": ["cph", "pp"], "creator": null, "call_number": "SSF - Typewriters and typewriting <item> [P&P]", "medium_brief": "1 photographic print.", "source_modified": "2003-06-23T00:00:00Z", "pk": "92519178", "created_published_date": "c1939.", "subjects": ["Typewriting--1930-1940.", "Actresses--1930-1940.", "Film stills--1930-1940.", "Photographic prints--1930-1940."]}, {"source_created": "2002-07-29T00:00:00Z", "index": 8, "medium": "1 photomechanical print : halftone, color.", "reproduction_number": "LC-DIG-ppmsca-02886 (scan from color copy photo in Publishing Office)", "links": {"item": "https://www.loc.gov/pictures/item/2002716757/", "resource": "https://www.loc.gov/pictures/item/2002716757/resource/"}, "title": "[Editor Polly Pigtails at work]", "image": {"alt": "digitized item thumbnail", "full": "https://tile.loc.gov/storage-services/service/pnp/ppmsca/02800/02886_150px.jpg", "square": "https://tile.loc.gov/storage-services/service/pnp/ppmsca/02800/02886_75x75px.jpg", "thumb": "https://tile.loc.gov/storage-services/service/pnp/ppmsca/02800/02886_150px.jpg"}, "created": "2016-04-21T00:00:00Z", "modified": "2016-04-21T00:00:00Z", "collection": ["ammem", "awh", "cph", "pp"], "creator": null, "call_number": "Illus. in AP201 .C18 [General Collections]", "medium_brief": "1 photomechanical print :", "source_modified": "2003-02-28T00:00:00Z", "pk": "2002716757", "created_published_date": "[1953]", "subjects": ["Girls--Employment--1950-1960.", "Dachshunds--1950-1960.", "Typewriting--1950-1960.", "Halftone photomechanical prints--Color--1950-1960.", "Magazine covers--1950-1960.", "Periodical illustrations--1950-1960."]}, {"source_created": "2009-06-30T00:00:00Z", "index": 9, "medium": "1 negative : film.", "reproduction_number": "LC-DIG-ppmsca-19752 (digital file from original)", "links": {"item": "https://www.loc.gov/pictures/item/2009632317/", "resource": "https://www.loc.gov/pictures/item/2009632317/resource/"}, "title": "[Mrs. Larry N. Hall taking typing lessons at the College Life Insurance office in Indianapolis, Indiana]", "image": {"alt": "digitized item thumbnail", "full": "https://tile.loc.gov/storage-services/service/pnp/ppmsca/19700/19752_150px.jpg", "square": "https://tile.loc.gov/storage-services/service/pnp/ppmsca/19700/19752_75x75px.jpg", "thumb": "https://tile.loc.gov/storage-services/service/pnp/ppmsca/19700/19752_150px.jpg"}, "created": "2016-04-21T00:00:00Z", "modified": "2016-04-21T00:00:00Z", "collection": ["cph", "pp"], "creator": "Hansen, Jim, 1921-1999", "call_number": "LC-L9-66-2822-CC, no. 29A [P&P]", "medium_brief": "1 negative :", "source_modified": "2012-09-28T00:00:00Z", "pk": "2009632317", "created_published_date": "1966 May 11 (date added to Look's library)", "subjects": ["Women--Employment--Indiana--Indianapolis--1960-1970.", "Vocational education--Indiana--Indianapolis--1960-1970.", "Typewriting--Indiana--Indianapolis--1960-1970.", "Film negatives--1960-1970."]}, {"source_created": "1989-08-23T00:00:00Z", "index": 10, "medium": "1 photographic print.", "reproduction_number": "LC-USZ62-97743 (b&w film copy neg.)", "links": {"item": "https://www.loc.gov/pictures/item/89713565/", "resource": "https://www.loc.gov/pictures/item/89713565/resource/"}, "title": "[Flora Payne Whitney Miller, three-quarter length portrait, seated at typewriter, facing front]", "image": {"alt": "digitized item thumbnail", "full": "https://tile.loc.gov/storage-services/service/pnp/cph/3b40000/3b43000/3b43800/3b43836r.jpg", "square": "https://tile.loc.gov/storage-services/service/pnp/cph/3b40000/3b43000/3b43800/3b43836_75x75px.jpg", "thumb": "https://tile.loc.gov/storage-services/service/pnp/cph/3b40000/3b43000/3b43800/3b43836_150px.jpg"}, "created": "2016-04-21T00:00:00Z", "modified": "2016-04-21T00:00:00Z", "collection": ["cph", "diof", "pp"], "creator": null, "call_number": "BIOG FILE - Whitney, Flora Payne <item> [P&P]", "medium_brief": "1 photographic print.", "source_modified": "2005-03-14T00:00:00Z", "pk": "89713565", "created_published_date": "c1919.", "subjects": ["Miller, Flora Whitney.", "Typewriting--1910-1920.", "Photographic prints--1910-1920.", "Portrait photographs--1910-1920."]}, {"source_created": "1993-02-11T00:00:00Z", "index": 11, "medium": "1 photomechanical print.", "reproduction_number": "LC-USZ62-107098 (b&w film copy neg.)", "links": {"item": "https://www.loc.gov/pictures/item/93502336/", "resource": "https://www.loc.gov/pictures/item/93502336/resource/"}, "title": "The Graphophone recording--the graphophone talking [1889]", "image": {"alt": "digitized item thumbnail", "full": "https://tile.loc.gov/storage-services/service/pnp/cph/3c00000/3c07000/3c07000/3c07098_150px.jpg", "square": "https://tile.loc.gov/storage-services/service/pnp/cph/3c00000/3c07000/3c07000/3c07098_75x75px.jpg", "thumb": "https://tile.loc.gov/storage-services/service/pnp/cph/3c00000/3c07000/3c07000/3c07098_150px.jpg"}, "created": "2016-04-21T00:00:00Z", "modified": "2016-04-21T00:00:00Z", "collection": ["cph", "pp"], "creator": null, "call_number": "Illus. in T19.V75 1972 [P&P]", "medium_brief": "1 photomechanical print.", "source_modified": "2002-11-09T00:00:00Z", "pk": "93502336", "created_published_date": "[1972]", "subjects": ["Dictating machines--1880-1890.", "Phonographs--1880-1890.", "Sound recording--1880-1890.", "Typewriting--1880-1890.", "Book illustrations--1970-1980.", "Photomechanical prints--1970-1980."]}, {"source_created": "1997-06-25T00:00:00Z", "index": 12, "medium": "1 drawing.", "reproduction_number": "LC-DIG-acd-2a06104 (digital file from original)\nLC-USZ62-9635 (b&w film copy neg.)", "links": {"item": "https://www.loc.gov/pictures/item/2016678696/", "resource": "https://www.loc.gov/pictures/item/2016678696/resource/"}, "title": "T.R.'s bit", "image": {"alt": "digitized item thumbnail", "full": "https://tile.loc.gov/storage-services/service/pnp/cph/3a10000/3a12000/3a12000/3a12085_150px.jpg", "square": "https://tile.loc.gov/storage-services/service/pnp/cph/3a10000/3a12000/3a12000/3a12085_75x75px.jpg", "thumb": "https://tile.loc.gov/storage-services/service/pnp/cph/3a10000/3a12000/3a12000/3a12085_150px.jpg"}, "created": "2016-08-16T00:00:00Z", "modified": "2016-08-16T00:00:00Z", "collection": ["2rights", "acd", "acr", "minload", "pp"], "creator": "Berryman, Clifford Kennedy, 1869-1949", "call_number": "CD 1 - Berryman (C.K.), no. 403 (A size)", "medium_brief": "1 drawing.", "source_modified": "2016-08-04T00:00:00Z", "pk": "2016678696", "created_published_date": "[1918]", "subjects": ["Roosevelt, Theodore,--1858-1919.", "World War, 1914-1918--Communications--United States.", "Typewriting--1910-1920.", "Drawings.", "Editorial cartoons--American."]}, {"source_created": "1999-10-15T00:00:00Z", "index": 13, "medium": "1 drawing on layered paper board : crayon, ink, blue pencil, and white out over pencil.", "reproduction_number": "", "links": {"item": "https://www.loc.gov/pictures/item/2016686349/", "resource": null}, "title": "\"Fine characters, convincing motivation--but your plot sags\"", "image": {"alt": "item not digitized thumbnail", "full": "https://www.loc.gov/pictures/static/images/item/500x500_notdigitized.png", "square": "https://www.loc.gov/pictures/static/images/item/not_digitized_buttons75X75.png", "thumb": "https://www.loc.gov/pictures/static/images/item/notdigitized_buttons140X120.png"}, "created": "2016-08-16T00:00:00Z", "modified": "2016-08-16T00:00:00Z", "collection": ["acd", "minload", "pp"], "creator": "Mauldin, Bill, 1921-2003", "call_number": "CD 1 - Mauldin, no. 790 (A size)", "medium_brief": "1 drawing on layered paper board :", "source_modified": "2016-08-05T00:00:00Z", "pk": "2016686349", "created_published_date": "1961 Oct. 29 [publication date]", "subjects": ["Prisoners--Soviet Union--1960-1970.", "Confessions--1960-1970.", "Typewriting--1960-1970.", "Drawings--1960-1970.", "Editorial cartoons--1960-1970."]}, {"source_created": "2018-05-23T00:00:00Z", "index": 14, "medium": "20 photographs on contact sheet : gelatin silver print ; sheet 26 x 21 cm (8 x 10 format).", "reproduction_number": "LC-DIG-ds-11889 (digital file from original)", "links": {"item": "https://www.loc.gov/pictures/item/2018648191/", "resource": "https://www.loc.gov/pictures/item/2018648191/resource/"}, "title": "[Bob Dylan typing and smoking a cigarette]", "image": {"alt": "digitized item thumbnail", "full": "https://tile.loc.gov/storage-services/service/pnp/ds/11800/11889_150px.jpg", "square": "https://tile.loc.gov/storage-services/service/pnp/ds/11800/11889_75x75px.jpg", "thumb": "https://tile.loc.gov/storage-services/service/pnp/ds/11800/11889_150px.jpg"}, "created": "2018-06-05T00:00:00Z", "modified": "2018-06-05T00:00:00Z", "collection": ["cph", "pp"], "creator": "Gilbert, Douglas R., 1942-", "call_number": "LOOK - Job 64-1887 [item] [P&P]", "medium_brief": "20 photographs on contact sheet :", "source_modified": "2018-05-23T00:00:00Z", "pk": "2018648191", "created_published_date": "[1964]", "subjects": ["Dylan, Bob,--1941-", "Musicians--1960-1970.", "Typewriting--1960-1970.", "Contact sheets--1960-1970.", "Photographic prints--1960-1970."]}, {"source_created": "1999-10-15T00:00:00Z", "index": 15, "medium": "1 drawing on layered paper board : ink over pencil with overlay.", "reproduction_number": "", "links": {"item": "https://www.loc.gov/pictures/item/2016685957/", "resource": null}, "title": "Gerald L.K. Smith gets 60 days for contempt of court (News Item)", "image": {"alt": "item not digitized thumbnail", "full": "https://www.loc.gov/pictures/static/images/item/500x500_notdigitized.png", "square": "https://www.loc.gov/pictures/static/images/item/not_digitized_buttons75X75.png", "thumb": "https://www.loc.gov/pictures/static/images/item/notdigitized_buttons140X120.png"}, "created": "2019-05-06T00:00:00Z", "modified": "2019-05-06T00:00:00Z", "collection": ["acd", "minload", "pp"], "creator": "Mauldin, Bill, 1921-2003", "call_number": "CD 1 - Mauldin, no. 1293 (B size)", "medium_brief": "1 drawing on layered paper board :", "source_modified": "2016-08-05T00:00:00Z", "pk": "2016685957", "created_published_date": "1946 Apr. 30 [publication date]", "subjects": ["Smith, Gerald L. K.--(Gerald Lyman Kenneth),--1898-", "Prisoners--1940-1950.", "Typewriting--1940-1950.", "Cartoons (Commentary)--1940-1950.", "Drawings--1940-1950."]}, {"source_created": "2019-07-02T00:00:00Z", "index": 16, "medium": "1 photograph : gelatin silver print mounted on board ; sheet 19 x 24 cm. on board 24 x 30.5 cm.", "reproduction_number": "LC-DIG-ds-13245 (digital file from original photograph)", "links": {"item": "https://www.loc.gov/pictures/item/2019632948/", "resource": "https://www.loc.gov/pictures/item/2019632948/resource/"}, "title": "[National Training School for Women, typewriting class]", "image": {"alt": "digitized item thumbnail", "full": "https://tile.loc.gov/storage-services/service/pnp/ds/13200/13245r.jpg", "square": "https://tile.loc.gov/storage-services/service/pnp/ds/13200/13245_75x75px.jpg", "thumb": "https://tile.loc.gov/storage-services/service/pnp/ds/13200/13245_150px.jpg"}, "created": "2019-09-17T00:00:00Z", "modified": "2019-09-17T00:00:00Z", "collection": ["cph", "diof", "pp"], "creator": null, "call_number": "LOT 12571 [item] (G) [P&P]", "medium_brief": "1 photograph :", "source_modified": "2019-07-02T00:00:00Z", "pk": "2019632948", "created_published_date": "[between about 1910 and about 1925]", "subjects": ["National Training School for Women and Girls (Washington, D.C.)--1910-1930.", "Typewriting--Washington (D.C.)--1910-1930.", "Women--Education--Washington (D.C.)--1910-1930.", "African Americans--Education--Washington (D.C.)--1910-1930.", "Group portraits--1910-1930.", "Photographic prints--1910-1930."]}, {"source_created": "2015-09-29T00:00:00Z", "index": 17, "medium": "8 photographs on 1 contact sheet : gelatin silver print ; sheet 20 x 26 cm.", "reproduction_number": "LC-DIG-ds-12490 (digital file from original item)\nLC-DIG-ds-07848 (digital file from original item)", "links": {"item": "https://www.loc.gov/pictures/item/2015650732/", "resource": "https://www.loc.gov/pictures/item/2015650732/resource/"}, "title": "[Fanny McConnell Ellison working at a typewriter; storefront window displaying religious articles]", "image": {"alt": "digitized item thumbnail", "full": "https://tile.loc.gov/storage-services/service/pnp/ds/12400/12490_150px.jpg", "square": "https://tile.loc.gov/storage-services/service/pnp/ds/12400/12490_75x75px.jpg", "thumb": "https://tile.loc.gov/storage-services/service/pnp/ds/12400/12490_150px.jpg"}, "created": "2019-10-01T00:00:00Z", "modified": "2019-10-01T00:00:00Z", "collection": ["cph", "pp"], "creator": null, "call_number": "Unprocessed in PR 13 CN 1998:061 [item] [P&P]", "medium_brief": "8 photographs on 1 contact sheet :", "source_modified": "2019-09-19T00:00:00Z", "pk": "2015650732", "created_published_date": "[ca. 1950]", "subjects": ["Ellison, Fanny McConnell.", "Ellison, Ralph--Family.", "Typewriting--1940-1960.", "Window displays--1940-1960.", "Religious articles--1940-1960.", "Contact sheets--1940-1960.", "Photographic prints--1940-1960."]}, {"source_created": "2020-06-23T00:00:00Z", "index": 18, "medium": "1 drawing : ink on paper ; sheet 31 x 45 cm.", "reproduction_number": "LC-DIG-ppmsca-68485 (digital file from original item)", "links": {"item": "https://www.loc.gov/pictures/item/2020632189/", "resource": "https://www.loc.gov/pictures/item/2020632189/resource/"}, "title": "That might be the phone", "image": {"alt": "digitized item thumbnail", "full": "https://tile.loc.gov/storage-services/service/pnp/ppmsca/68400/68485_150px.jpg", "square": "https://tile.loc.gov/storage-services/service/pnp/ppmsca/68400/68485_75x75px.jpg", "thumb": "https://tile.loc.gov/storage-services/service/pnp/ppmsca/68400/68485_150px.jpg"}, "created": "2020-06-30T00:00:00Z", "modified": "2020-06-30T00:00:00Z", "collection": ["cph", "pp"], "creator": "Oliphant, Pat, 1935-", "call_number": "Unprocessed in PR 13 CN 2019:102, no. 423 [P&P]", "medium_brief": "1 drawing :", "source_modified": "2020-06-26T00:00:00Z", "pk": "2020632189", "created_published_date": "[1 February 1996]", "subjects": ["Socks--(Cat),--1989-2009.", "Blaming--1990-2000.", "Typewriting--1990-2000.", "Cats--1990-2000.", "Editorial cartoons--American--1990-2000.", "Ink drawings--1990-2000."]}]}