{"search": {"field": "subject", "hits": 1279, "sort_order": null, "do_facets": true, "focus_item": null, "query": "Walls", "type": "search", "sort_by": null}, "focus": null, "views": {"current": "list", "grid": "https://www.loc.gov/pictures/search/?q=Walls&fi=subject&va=exact&st=grid&op=PHRASE", "list": "https://www.loc.gov/pictures/search/?q=Walls&fi=subject&op=PHRASE&va=exact", "gallery": "https://www.loc.gov/pictures/search/?q=Walls&fi=subject&va=exact&st=gallery&op=PHRASE", "slideshow": "https://www.loc.gov/pictures/search/?q=Walls&fi=subject&va=exact&st=slideshow&op=PHRASE"}, "facets": [{"type": "displayed", "filters": [{"count": 1103, "on": "https://www.loc.gov/pictures/search/?va=exact&sp=1&q=Walls&fa=displayed%3Aanywhere&fi=subject&op=PHRASE&fo=json", "selected": false, "off": "https://www.loc.gov/pictures/search/?va=exact&sp=1&q=Walls&fi=subject&fo=json&op=PHRASE", "title": "Larger image available anywhere"}, {"count": 127, "on": "https://www.loc.gov/pictures/search/?va=exact&sp=1&q=Walls&fa=displayed%3Alc_only&fi=subject&op=PHRASE&fo=json", "selected": false, "off": "https://www.loc.gov/pictures/search/?va=exact&sp=1&q=Walls&fi=subject&fo=json&op=PHRASE", "title": "Larger image available only at the Library of Congress"}, {"count": 49, "on": "https://www.loc.gov/pictures/search/?va=exact&sp=1&q=Walls&fa=displayed%3Anot_digitized&fi=subject&op=PHRASE&fo=json", "selected": false, "off": "https://www.loc.gov/pictures/search/?va=exact&sp=1&q=Walls&fi=subject&fo=json&op=PHRASE", "title": "Not Digitized"}], "title": "displayed"}], "links": {"json": "//www.loc.gov/pictures/search/?fi=subject&q=Walls&op=PHRASE&va=exact&fo=json", "html": "//www.loc.gov/pictures/search/?fi=subject&q=Walls&op=PHRASE&va=exact", "rss": "//www.loc.gov/pictures/search/?fi=subject&q=Walls&op=PHRASE&va=exact&fo=rss"}, "suggestions": {"possible": []}, "pages": {"current": 1, "next": "https://www.loc.gov/pictures/search/?q=Walls&fi=subject&sp=2&op=PHRASE&va=exact", "perpage": 20, "last": "https://www.loc.gov/pictures/search/?q=Walls&fi=subject&sp=64&op=PHRASE&va=exact", "page_list": [{"url": null, "number": 1}, {"url": "https://www.loc.gov/pictures/search/?q=Walls&fi=subject&sp=2&op=PHRASE&va=exact", "number": 2}, {"url": "https://www.loc.gov/pictures/search/?q=Walls&fi=subject&sp=3&op=PHRASE&va=exact", "number": 3}, {"url": "https://www.loc.gov/pictures/search/?q=Walls&fi=subject&sp=4&op=PHRASE&va=exact", "number": 4}, {"url": "https://www.loc.gov/pictures/search/?q=Walls&fi=subject&sp=5&op=PHRASE&va=exact", "number": 5}, {"url": "https://www.loc.gov/pictures/search/?q=Walls&fi=subject&sp=6&op=PHRASE&va=exact", "number": "..."}, {"url": "https://www.loc.gov/pictures/search/?q=Walls&fi=subject&sp=64&op=PHRASE&va=exact", "number": 64}], "previous": null, "total": 64, "results": "1 - 20", "first": null}, "collection": null, "results": [{"source_created": "1970-01-01T00:00:00Z", "index": 1, "medium": "50", "reproduction_number": null, "links": {"item": "https://www.loc.gov/pictures/item/dc1199/", "resource": "https://www.loc.gov/pictures/item/dc1199/resource/"}, "title": "Tidal Basin, Roughly bounded by Independence Avenue, Fourteenth Street, East Basin Drive, and Ohio Drive, Southwest, Washington, District of Columbia, DC", "image": {"alt": "digitized item thumbnail", "full": "https://www.loc.gov/pictures/static/images/item/500x500_notdigitized.png", "square": "https://www.loc.gov/pictures/static/data/media/dc1/dc1199/dc1199.co/dc1199.color.51/square.jpg", "thumb": "https://www.loc.gov/pictures/static/data/media/dc1/dc1199/dc1199.co/dc1199.color.51/gallery.jpg"}, "created": "2020-03-20T00:00:00Z", "modified": "2020-03-21T00:00:00Z", "collection": ["diof", "hh", "survey"], "creator": "Historic American Landscapes Survey", "call_number": "HALS DC-59", "medium_brief": "Photo(s): 50, Color Transparencies: 8, Measured Drawing(s): 20, Data Page(s): 175, Photo Caption Page(s): 6", "source_modified": "2020-03-20T00:00:00Z", "pk": "dc1199", "created_published_date": "Documentation compiled after 2000", "subjects": ["monuments & memorials", "cherry trees", "elm trees", "hollies", "oak trees", "maples", "linden trees", "maples", "locust trees", "pines", "shrubs", "pagodas", "bodies of water", "rivers", "sidewalks", "sea walls", "stone walls", "terra cotta pipes", "pipes (conduits)", "recreation", "granite", "retaining walls", "fountains", "public sculpture", "trellises", "stone benches", "benches", "reinforced concrete construction", "concrete arch bridges", "Neo-Classical architectural elements", "historical markers", "bas-reliefs", "inscriptions", "beds (site elements)", "flower beds", "steel girder bridges", "kiosks", "street lights", "railings", "memorial landscapes", "civil engineering", "U.S. Presidents", "landscape architects", "commemoration", "reclamation of land", "boathouses"]}, {"source_created": "1970-01-01T00:00:00Z", "index": 2, "medium": "11", "reproduction_number": null, "links": {"item": "https://www.loc.gov/pictures/item/ny2442/", "resource": null}, "title": "Warner Castle, Sunken Garden, 5 Castle Park, Rochester, Monroe County, NY", "image": {"alt": "habs/haer thumbnail", "full": "https://www.loc.gov/pictures/static/images/item/500x500_HABS.png", "square": "https://www.loc.gov/pictures/static/images/item/HABS_buttons75X75.png", "thumb": "https://www.loc.gov/pictures/static/images/item/habs_thumb_large.jpg"}, "created": "2020-03-20T00:00:00Z", "modified": "2020-03-20T00:00:00Z", "collection": ["diof", "hh", "survey"], "creator": "Historic American Landscapes Survey", "call_number": "HALS NY-10", "medium_brief": "Data Page(s): 11", "source_modified": "2020-03-20T00:00:00Z", "pk": "ny2442", "created_published_date": "Documentation compiled after 2000", "subjects": ["gardens", "garden walls", "residential gardens", "terraces", "fountains", "loggias", "wrought-iron gates", "wrought-iron hand railings", "lily ponds", "stone walls", "stone retaining walls", "stairways", "naturalistic landscape architecture", "perennials", "formal gardens", "estates", "domestic life"]}, {"source_created": "1970-01-01T00:00:00Z", "index": 3, "medium": "20", "reproduction_number": null, "links": {"item": "https://www.loc.gov/pictures/item/or0624/", "resource": "https://www.loc.gov/pictures/item/or0624/resource/"}, "title": "Washington Park Reservoirs, 2403 SW Jefferson Street, Portland, Multnomah County, OR", "image": {"alt": "digitized item thumbnail", "full": "https://www.loc.gov/pictures/static/images/item/500x500_notdigitized.png", "square": "https://www.loc.gov/pictures/static/data/media/or0/or0624/or0624.ph/or0624.photos.1/square.jpg", "thumb": "https://www.loc.gov/pictures/static/data/media/or0/or0624/or0624.ph/or0624.photos.1/gallery.jpg"}, "created": "2020-03-20T00:00:00Z", "modified": "2020-03-21T00:00:00Z", "collection": ["diof", "hh", "survey"], "creator": "Historic American Engineering Record", "call_number": "HAER OR-185", "medium_brief": "Photo(s): 20, Measured Drawing(s): 12, Data Page(s): 53, Photo Caption Page(s): 2", "source_modified": "2020-03-20T00:00:00Z", "pk": "or0624", "created_published_date": "Documentation compiled after 1968", "subjects": ["water supply", "reservoirs", "Romanesque Revival architectural elements", "concrete walls", "wrought-iron fences", "street lights", "gatehouses", "reinforced concrete construction", "rustication", "concrete balustrades", "dams", "pump houses", "stairways", "concrete retaining walls", "battered walls", "water pumps", "City Beautiful movement"]}, {"source_created": "1992-07-16T00:00:00Z", "index": 4, "medium": "1 album (86 albumen photoprints) ; 36 x 46 cm. (album)", "reproduction_number": "", "links": {"item": "https://www.loc.gov/pictures/item/92513175/", "resource": "https://www.loc.gov/pictures/item/92513175/resource/"}, "title": "Constantinople, Smyrna, Beyrout, Ba'albec, Damascus", "image": {"alt": "digitized item thumbnail", "full": "https://tile.loc.gov/storage-services/service/pnp/cph/3b40000/3b44000/3b44300/3b44351_150px.jpg", "square": "https://tile.loc.gov/storage-services/service/pnp/cph/3b40000/3b44000/3b44300/3b44351_75x75px.jpg", "thumb": "https://tile.loc.gov/storage-services/service/pnp/cph/3b40000/3b44000/3b44300/3b44351_150px.jpg"}, "created": "2016-04-20T09:30:03Z", "modified": "2021-04-20T10:57:17Z", "collection": ["coll", "pp"], "creator": "Bonfils, F\u00e9lix, 1831-1885", "call_number": "LOT 7740 (H) [P&P]", "medium_brief": "1 album (86 albumen photoprints) ;", "source_modified": "2015-02-26T16:29:29Z", "pk": "92513175", "created_published_date": "1860-1890.", "subjects": ["Archaeological sites--Lebanon--Ba\u02bblabakk--1870-1880.", "Archaeological sites--Turkey--Istanbul--1860-1890.", "Castles & palaces--Turkey--Istanbul--1860-1890.", "Cemeteries--Syria--Damascus--1870-1880.", "Cemeteries--Turkey--Istanbul--1860-1890.", "City walls--Syria--Damascus--1870-1880.", "City walls--Turkey--Istanbul--1860-1890.", "Columns--Lebanon--Ba\u02bblabakk--1870-1880.", "Columns--Turkey--Istanbul--1860-1890.", "Courtyards--Syria--Damascus--1870-1880.", "Dwellings--Syria--Damascus--1870-1880.", "Fire fighters--Turkey--Istanbul--1860-1890.", "Fire engines & equipment--Turkey--Istanbul--1860-1890.", "Fountains--Turkey--Istanbul--1860-1890.", "Gates--Syria--Damascus--1870-1880.", "Gates--Turkey--Istanbul--1860-1890.", "Monuments & memorials--Turkey--Istanbul--1860-1890.", "Mosques--Syria--Damascus--1870-1880.", "Mosques--Turkey--Istanbul--1860-1890.", "Obelisks--Turkey--Istanbul--1860-1890.", "Roman temples--Lebanon--Ba\u02bblabakk--1870-1880.", "Stone walls--Lebanon--Ba\u02bblabakk--1870-1880.", "Streets--Syria--Damascus--1870-1880.", "Tombs & sepulchral monuments--Syria--Damascus--1870-1880.", "Tombs & sepulchral monuments--Turkey--Istanbul--1860-1890.", "Towers--Syria--Damascus--1870-1880.", "Towers--Turkey--Istanbul--1860-1890.", "Waterfronts--Israel--Jaffa--1860-1890.", "Waterfronts--Turkey--Istanbul--1860-1890.", "Istanbul (Turkey)--1860-1890.", "Izmir (Turkey)--1860-1890.", "Beirut (Lebanon)--1860-1890.", "Damascus (Syria)--1870-1880.", "Ba\u02bblabakk (Lebanon)--1870-1880.", "Jaffa (Tel Aviv, Israel)--1870-1880.", "Ramlah (Israel)--1870-1880.", "Albumen prints--1850-1890.", "Cityscape photographs--1850-1890.", "Photograph albums--1900.", "Portrait photographs--1850-1890."]}, {"source_created": "2013-01-03T00:00:00Z", "index": 5, "medium": "1 slide : film, color.", "reproduction_number": "LC-DIG-ppss-00559 (digital file from original item)", "links": {"item": "https://www.loc.gov/pictures/item/2013645168/", "resource": "https://www.loc.gov/pictures/item/2013645168/resource/"}, "title": "[Man and a child in a garden, with corn in the foreground, and thick, tall stone walls in the background, in China]", "image": {"alt": "digitized item thumbnail", "full": "https://tile.loc.gov/storage-services/service/pnp/ppss/00500/00559r.jpg", "square": "https://tile.loc.gov/storage-services/service/pnp/ppss/00500/00559_75x75px.jpg", "thumb": "https://tile.loc.gov/storage-services/service/pnp/ppss/00500/00559_150px.jpg"}, "created": "2016-04-20T00:00:00Z", "modified": "2016-04-20T00:00:00Z", "collection": ["cph", "diof", "pp"], "creator": "Norwood, Jean E.", "call_number": "Unprocessed in PR 13 CN 2010:207 [item] [P&P]", "medium_brief": "1 slide :", "source_modified": "2013-01-03T00:00:00Z", "pk": "2013645168", "created_published_date": "[1979]", "subjects": ["City walls--China--1970-1980.", "Stone walls--China--1970-1980.", "Gardens--China--1970-1980.", "Corn--China--1970-1980.", "Slides--Color--1970-1980.", "Snapshots--1970-1980."]}, {"source_created": "2013-01-03T00:00:00Z", "index": 6, "medium": "1 slide : film, color.", "reproduction_number": "LC-DIG-ppss-00558 (digital file from original item)", "links": {"item": "https://www.loc.gov/pictures/item/2013645167/", "resource": "https://www.loc.gov/pictures/item/2013645167/resource/"}, "title": "[Man and a child in a garden, near an opening in thick, tall stone walls, in China]", "image": {"alt": "digitized item thumbnail", "full": "https://tile.loc.gov/storage-services/service/pnp/ppss/00500/00558r.jpg", "square": "https://tile.loc.gov/storage-services/service/pnp/ppss/00500/00558_75x75px.jpg", "thumb": "https://tile.loc.gov/storage-services/service/pnp/ppss/00500/00558_150px.jpg"}, "created": "2016-04-21T00:00:00Z", "modified": "2016-04-21T00:00:00Z", "collection": ["cph", "diof", "pp"], "creator": "Norwood, Jean E.", "call_number": "Unprocessed in PR 13 CN 2010:207 [item] [P&P]", "medium_brief": "1 slide :", "source_modified": "2013-01-03T00:00:00Z", "pk": "2013645167", "created_published_date": "[1979]", "subjects": ["City walls--China--1970-1980.", "Stone walls--China--1970-1980.", "Gardens--China--1970-1980.", "Slides--Color--1970-1980.", "Snapshots--1970-1980."]}, {"source_created": "1970-01-01T00:00:00Z", "index": 7, "medium": "17", "reproduction_number": null, "links": {"item": "https://www.loc.gov/pictures/item/ri0364/", "resource": null}, "title": "Cliff Walk, Portion between Leroy & Narragansett Avenues, Newport, Newport County, RI", "image": {"alt": "habs/haer thumbnail", "full": "https://www.loc.gov/pictures/static/images/item/500x500_HABS.png", "square": "https://www.loc.gov/pictures/static/images/item/HABS_buttons75X75.png", "thumb": "https://www.loc.gov/pictures/static/images/item/habs_thumb_large.jpg"}, "created": "2016-04-18T00:00:00Z", "modified": "2016-04-18T00:00:00Z", "collection": ["diof", "hh", "survey"], "creator": "Historic American Engineering Record", "call_number": "HAER RI,3-NEWP,80-", "medium_brief": "Data Page(s): 17", "source_modified": "2016-04-18T00:00:00Z", "pk": "ri0364", "created_published_date": "Documentation compiled after 1968", "subjects": ["foot trails", "fishermen", "recreation", "stone walls", "retaining walls", "gravel footpaths", "asphalt"]}, {"source_created": "1970-01-01T00:00:00Z", "index": 8, "medium": "5", "reproduction_number": null, "links": {"item": "https://www.loc.gov/pictures/item/ca3751/", "resource": null}, "title": "La Mirada, 720 Via Mirada, Monterey, Monterey County, CA", "image": {"alt": "habs/haer thumbnail", "full": "https://www.loc.gov/pictures/static/images/item/500x500_HABS.png", "square": "https://www.loc.gov/pictures/static/images/item/HABS_buttons75X75.png", "thumb": "https://www.loc.gov/pictures/static/images/item/habs_thumb_large.jpg"}, "created": "2016-04-18T00:00:00Z", "modified": "2016-04-18T00:00:00Z", "collection": ["diof", "hh", "survey"], "creator": "Historic American Landscapes Survey", "call_number": "HALS CA-58", "medium_brief": "Data Page(s): 5", "source_modified": "2016-04-18T00:00:00Z", "pk": "ca3751", "created_published_date": "Documentation compiled after 2000", "subjects": ["adobe buildings", "adobe houses", "stone walls", "rose gardens", "gardens", "garden walls", "trails & paths", "brick footpaths", "galleries & museums", "historic house museums", "gates", "estates"]}, {"source_created": "2008-11-04T00:00:00Z", "index": 9, "medium": "1 negative : safety film ; 8 x 10 in.", "reproduction_number": "LC-DIG-csas-02235 (digital file from original negative)", "links": {"item": "https://www.loc.gov/pictures/item/2017887968/", "resource": "https://www.loc.gov/pictures/item/2017887968/resource/"}, "title": "Sherrill Inn, Hickory Nut Gap, Buncombe County, North Carolina", "image": {"alt": "digitized item thumbnail", "full": "https://tile.loc.gov/storage-services/service/pnp/csas/02200/02235r.jpg", "square": "https://tile.loc.gov/storage-services/service/pnp/csas/02200/02235_75x75px.jpg", "thumb": "https://tile.loc.gov/storage-services/service/pnp/csas/02200/02235_150px.jpg"}, "created": "2018-03-13T00:00:00Z", "modified": "2018-03-13T00:00:00Z", "collection": ["csas", "diof", "minload", "pp"], "creator": "Johnston, Frances Benjamin, 1864-1952", "call_number": "LC-J7-NC- 2054 [P&P]", "medium_brief": "1 negative :", "source_modified": "2018-03-12T00:00:00Z", "pk": "2017887968", "created_published_date": "1938.", "subjects": ["United States--North Carolina--Buncombe County--Hickory Nut Gap.", "Garden walls.", "Stone walls.", "Safety film negatives."]}, {"source_created": "2018-01-31T00:00:00Z", "index": 10, "medium": "1 photograph : digital, tiff file, color.", "reproduction_number": "LC-DIG-highsm-49447 (original digital file)", "links": {"item": "https://www.loc.gov/pictures/item/2018663165/", "resource": "https://www.loc.gov/pictures/item/2018663165/resource/"}, "title": "When this photograph was taken in 2018, the subject of border walls between the United States and Mexico was a controversial political topic. But this iron wall in the Arizona border town of Nogales, across from the larger Mexican city of the same name, had long been in place", "image": {"alt": "digitized item thumbnail", "full": "https://tile.loc.gov/storage-services/service/pnp/highsm/49400/49447r.jpg", "square": "https://tile.loc.gov/storage-services/service/pnp/highsm/49400/49447_75x75px.jpg", "thumb": "https://tile.loc.gov/storage-services/service/pnp/highsm/49400/49447_150px.jpg"}, "created": "2018-10-30T00:00:00Z", "modified": "2018-10-30T00:00:00Z", "collection": ["diof", "highsm", "pp"], "creator": "Highsmith, Carol M., 1946-", "call_number": "LC-DIG-highsm- 49447 (ONLINE) [P&P]", "medium_brief": "1 photograph :", "source_modified": "2018-10-25T00:00:00Z", "pk": "2018663165", "created_published_date": "2018-03-17.", "subjects": ["United States--Arizona--Nogales.", "America", "Border walls with Mexico", "Mexico border walls", "Digital photographs--Color--2010-2020."]}, {"source_created": "2018-02-22T00:00:00Z", "index": 11, "medium": "1 drawing : ink and watercolor on Arches paper; sheet 36 x 29 cm.", "reproduction_number": "LC-DIG-ppmsca-58085 (digital file from original drawing)", "links": {"item": "https://www.loc.gov/pictures/item/2018648700/", "resource": "https://www.loc.gov/pictures/item/2018648700/resource/"}, "title": "4th of July from the south border", "image": {"alt": "digitized item thumbnail", "full": "https://tile.loc.gov/storage-services/service/pnp/ppmsca/58000/58085_150px.jpg", "square": "https://tile.loc.gov/storage-services/service/pnp/ppmsca/58000/58085_75x75px.jpg", "thumb": "https://tile.loc.gov/storage-services/service/pnp/ppmsca/58000/58085_150px.jpg"}, "created": "2019-02-08T00:00:00Z", "modified": "2019-02-08T00:00:00Z", "collection": ["iuc", "pp"], "creator": "Galindo, Felipe", "call_number": "Unprocessed in PR 13 CN 2018:024 (A size part) [P&P]", "medium_brief": "1 drawing :", "source_modified": "2019-01-31T00:00:00Z", "pk": "2018648700", "created_published_date": "[1999].", "subjects": ["Emigration & immigration--Mexican--United States--1990-2000.", "Fireworks--1990-2000.", "Boundary walls--Mexico--1990-2000.", "Boundary walls--United States--1990-2000.", "Cartoons (Commentary)--1990-2000.", "Drawings--1990-2000."]}, {"source_created": "2005-08-02T00:00:00Z", "index": 12, "medium": "1 negative : safety film ; 4 x 5 in.", "reproduction_number": "LC-DIG-matpc-12596 (digital file from original)", "links": {"item": "https://www.loc.gov/pictures/item/2019703991/", "resource": "https://www.loc.gov/pictures/item/2019703991/resource/"}, "title": "Ain Habis, near view", "image": {"alt": "digitized item thumbnail", "full": "https://tile.loc.gov/storage-services/service/pnp/matpc/12500/12596r.jpg", "square": "https://tile.loc.gov/storage-services/service/pnp/matpc/12500/12596_75x75px.jpg", "thumb": "https://tile.loc.gov/storage-services/service/pnp/matpc/12500/12596_150px.jpg"}, "created": "2020-01-14T00:00:00Z", "modified": "2020-01-14T00:00:00Z", "collection": ["diof", "matpc", "minload", "pp"], "creator": "Matson Photo Service", "call_number": "LC-M33- 13260 [P&P]", "medium_brief": "1 negative :", "source_modified": "2020-01-08T00:00:00Z", "pk": "2019703991", "created_published_date": "[between 1940 and 1946]", "subjects": ["Boundary walls.", "Stone walls.", "Israel.", "Safety film negatives."]}, {"source_created": "1970-01-01T00:00:00Z", "index": 13, "medium": "9", "reproduction_number": null, "links": {"item": "https://www.loc.gov/pictures/item/az0667/", "resource": "https://www.loc.gov/pictures/item/az0667/resource/"}, "title": "Valley National Bank, Willetta Branch, 1505 North Central Avenue (formerly 1400 North 1st Street), Phoenix, Maricopa County, AZ", "image": {"alt": "digitized item thumbnail", "full": "https://www.loc.gov/pictures/static/images/item/500x500_notdigitized.png", "square": "https://www.loc.gov/pictures/static/data/media/az0/az0667/az0667.ph/az0667.photos.1/square.jpg", "thumb": "https://www.loc.gov/pictures/static/data/media/az0/az0667/az0667.ph/az0667.photos.1/gallery.jpg"}, "created": "2020-03-20T00:00:00Z", "modified": "2020-03-21T00:00:00Z", "collection": ["diof", "hh", "survey"], "creator": "Historic American Buildings Survey", "call_number": "HABS AZ-230", "medium_brief": "Photo(s): 9, Data Page(s): 14, Photo Caption Page(s): 1", "source_modified": "2020-03-20T00:00:00Z", "pk": "az0667", "created_published_date": "Documentation compiled after 1933", "subjects": ["banking", "banks", "suburbanization", "International Style architectural elements", "flat roofs", "clerestories", "cantilevers", "concrete walls", "cast stone", "brick walls", "steel structural frames", "concrete floors", "glass doors", "terrazzo floors", "louvers", "newspaper industry", "schools"]}, {"source_created": "1970-01-01T00:00:00Z", "index": 14, "medium": "6", "reproduction_number": null, "links": {"item": "https://www.loc.gov/pictures/item/ca0583/", "resource": "https://www.loc.gov/pictures/item/ca0583/resource/"}, "title": "Albatross Cottages, Lee Cottage No. 2, 3353 Albatross Street, San Diego, San Diego County, CA", "image": {"alt": "digitized item thumbnail", "full": "https://tile.loc.gov/storage-services/service/pnp/habshaer/ca/ca0500/ca0583/photos/015307pr.jpg", "square": "https://tile.loc.gov/storage-services/service/pnp/habshaer/ca/ca0500/ca0583/photos/015307p_75x75px.jpg", "thumb": "https://tile.loc.gov/storage-services/service/pnp/habshaer/ca/ca0500/ca0583/photos/015307p_150px.jpg"}, "created": "2016-04-16T00:00:00Z", "modified": "2020-03-20T00:00:00Z", "collection": ["diof", "hh", "survey"], "creator": "Historic American Buildings Survey", "call_number": "HABS CAL,37-SANDI,15-A-", "medium_brief": "Photo(s): 6, Photo Caption Page(s): 1", "source_modified": "2016-04-16T00:00:00Z", "pk": "ca0583", "created_published_date": "Documentation compiled after 1933", "subjects": ["cottages", "barns", "brick walls", "stone retaining walls", "gardening equipment & supply stores", "arbors (bowers)", "vines", "fireplaces", "built-in furniture", "casement windows", "bamboo fences"]}, {"source_created": "1970-01-01T00:00:00Z", "index": 15, "medium": "8", "reproduction_number": null, "links": {"item": "https://www.loc.gov/pictures/item/dc1179/", "resource": null}, "title": "The Causeway, 3029 Klingle Road NW, Washington, District of Columbia, DC", "image": {"alt": "habs/haer thumbnail", "full": "https://www.loc.gov/pictures/static/images/item/500x500_HABS.png", "square": "https://www.loc.gov/pictures/static/images/item/HABS_buttons75X75.png", "thumb": "https://www.loc.gov/pictures/static/images/item/habs_thumb_large.jpg"}, "created": "2020-03-20T00:00:00Z", "modified": "2020-03-20T00:00:00Z", "collection": ["diof", "hh", "survey"], "creator": "Historic American Landscapes Survey", "call_number": "HALS DC-54", "medium_brief": "Data Page(s): 8", "source_modified": "2020-03-20T00:00:00Z", "pk": "dc1179", "created_published_date": "Documentation compiled after 2000", "subjects": ["estates", "country houses", "meadows", "gardens", "formal gardens", "residential gardens", "woodlands", "ponds", "bridle paths", "streams", "carriage houses", "stables", "Georgian Revival architectural elements", "greenhouses", "parterres", "brick walls", "stone walls", "stone bridges", "causeways", "domestic life"]}, {"source_created": "1970-01-01T00:00:00Z", "index": 16, "medium": "37", "reproduction_number": null, "links": {"item": "https://www.loc.gov/pictures/item/dc1187/", "resource": "https://www.loc.gov/pictures/item/dc1187/resource/"}, "title": "St. Elizabeths Hospital West Campus, Walls, 2700 Martin Luther King Jr. Avenue, Southeast, Washington, District of Columbia, DC", "image": {"alt": "digitized item thumbnail", "full": "https://www.loc.gov/pictures/static/images/item/500x500_notdigitized.png", "square": "https://www.loc.gov/pictures/static/data/media/dc1/dc1187/dc1187.ph/dc1187.photos.1/square.jpg", "thumb": "https://www.loc.gov/pictures/static/data/media/dc1/dc1187/dc1187.ph/dc1187.photos.1/gallery.jpg"}, "created": "2020-03-20T00:00:00Z", "modified": "2020-03-21T00:00:00Z", "collection": ["diof", "hh", "survey"], "creator": "Historic American Landscapes Survey", "call_number": "HALS DC-11-A", "medium_brief": "Photo(s): 37, Measured Drawing(s): 1, Photo Caption Page(s): 4", "source_modified": "2020-03-20T00:00:00Z", "pk": "dc1187", "created_published_date": "Documentation compiled after 2000", "subjects": ["mental institutions", "campus", "health care", "stone walls", "brick walls", "hospitals", "institutional care", "health care facilities"]}, {"source_created": "1970-01-01T00:00:00Z", "index": 17, "medium": "4", "reproduction_number": null, "links": {"item": "https://www.loc.gov/pictures/item/de0071/", "resource": "https://www.loc.gov/pictures/item/de0071/resource/"}, "title": "Eastburn-Jeanes Limekilns, On Papermill Road & on Pike Creek Road, Newark, New Castle County, DE", "image": {"alt": "digitized item thumbnail", "full": "https://tile.loc.gov/storage-services/service/pnp/habshaer/de/de0000/de0071/photos/031394pr.jpg", "square": "https://tile.loc.gov/storage-services/service/pnp/habshaer/de/de0000/de0071/photos/031394p_75x75px.jpg", "thumb": "https://tile.loc.gov/storage-services/service/pnp/habshaer/de/de0000/de0071/photos/031394p_150px.jpg"}, "created": "2020-03-20T00:00:00Z", "modified": "2020-03-21T00:00:00Z", "collection": ["diof", "hh", "survey"], "creator": "Historic American Engineering Record", "call_number": "HAER DEL,2-CORNK.V,2-", "medium_brief": "Photo(s): 4, Measured Drawing(s): 2, Data Page(s): 14", "source_modified": "2020-03-20T00:00:00Z", "pk": "de0071", "created_published_date": "Documentation compiled after 1968", "subjects": ["lime kilns", "agriculture", "commerce", "quarries", "stone arches", "stone walls", "stone abutments", "elliptical arches", "retaining walls", "shafts", "lintels", "lean-tos", "shed roofs"]}, {"source_created": "1970-01-01T00:00:00Z", "index": 18, "medium": "8", "reproduction_number": null, "links": {"item": "https://www.loc.gov/pictures/item/de0215/", "resource": "https://www.loc.gov/pictures/item/de0215/resource/"}, "title": "Pennsylvania Railroad Improvements, Brick Arch Viaduct, Liberty Street to Baltimore & Ohio Railroad, Wilmington, New Castle County, DE", "image": {"alt": "digitized item thumbnail", "full": "https://tile.loc.gov/storage-services/service/pnp/habshaer/de/de0200/de0215/photos/032105pr.jpg", "square": "https://tile.loc.gov/storage-services/service/pnp/habshaer/de/de0200/de0215/photos/032105p_75x75px.jpg", "thumb": "https://tile.loc.gov/storage-services/service/pnp/habshaer/de/de0200/de0215/photos/032105p_150px.jpg"}, "created": "2020-03-20T00:00:00Z", "modified": "2020-03-21T00:00:00Z", "collection": ["diof", "hh", "survey"], "creator": "Historic American Engineering Record", "call_number": "HAER DEL,2-WILM,33C-", "medium_brief": "Photo(s): 8", "source_modified": "2020-03-20T00:00:00Z", "pk": "de0215", "created_published_date": "Documentation compiled after 1968", "subjects": ["railroad bridges", "engineering", "transportation", "railroad companies", "brick arches", "girder bridges", "retaining walls", "concrete piers", "concrete abutments", "arcades (architectural components)", "stonework (sandstone)", "stone piers", "stone balustrades", "stone abutments", "stone walls", "ashlar", "derricks", "hoisting machinery", "railroad tracks"]}, {"source_created": "1970-01-01T00:00:00Z", "index": 19, "medium": "8", "reproduction_number": null, "links": {"item": "https://www.loc.gov/pictures/item/fl0847/", "resource": null}, "title": "St. Augustine Town Plan Historic District, Boundary: Orange Street and the Castillo de San Marcos on the north; Cordova, Grenada, and Sevilla Streets on the west; San Salvador Street on the south; and the Matanzas River on the east. , Saint Augustine, St. Johns County, FL", "image": {"alt": "habs/haer thumbnail", "full": "https://www.loc.gov/pictures/static/images/item/500x500_HABS.png", "square": "https://www.loc.gov/pictures/static/images/item/HABS_buttons75X75.png", "thumb": "https://www.loc.gov/pictures/static/images/item/habs_thumb_large.jpg"}, "created": "2020-03-20T00:00:00Z", "modified": "2020-03-20T00:00:00Z", "collection": ["diof", "hh", "survey"], "creator": "Historic American Landscapes Survey", "call_number": "HALS FL-24", "medium_brief": "Data Page(s): 8", "source_modified": "2020-03-20T00:00:00Z", "pk": "fl0847", "created_published_date": "Documentation compiled after 2000", "subjects": ["Spanish Colonial architectural elements", "forts & fortifications", "fortification elements", "cities & towns", "walls", "stone walls", "settlements", "settlement patterns"]}, {"source_created": "1970-01-01T00:00:00Z", "index": 20, "medium": "6", "reproduction_number": null, "links": {"item": "https://www.loc.gov/pictures/item/ga1151/", "resource": "https://www.loc.gov/pictures/item/ga1151/resource/"}, "title": "Juliette Gordon Low Birthplace, Garden, 10 East Oglethorpe Avenue, Savannah, Chatham County, GA", "image": {"alt": "digitized item thumbnail", "full": "https://tile.loc.gov/storage-services/service/pnp/habshaer/ga/ga1100/ga1151/sheet/00001r.jpg", "square": "https://tile.loc.gov/storage-services/service/pnp/habshaer/ga/ga1100/ga1151/sheet/00001_75x75px.jpg", "thumb": "https://tile.loc.gov/storage-services/service/pnp/habshaer/ga/ga1100/ga1151/sheet/00001_150px.jpg"}, "created": "2020-03-20T00:00:00Z", "modified": "2020-03-21T00:00:00Z", "collection": ["diof", "hh", "survey"], "creator": "Historic American Landscapes Survey", "call_number": "HALS GA-4", "medium_brief": "Measured Drawing(s): 6, Data Page(s): 37", "source_modified": "2020-03-20T00:00:00Z", "pk": "ga1151", "created_published_date": "Documentation compiled after 2000", "subjects": ["wrought-iron gates", "parterres", "flower beds", "flowers (plants)", "trees", "gravel footpaths", "Colonial Revival architectural elements", "brick walls", "gardens", "garden walls", "residential gardens", "memorial landscapes", "women", "youth organizations"]}]}