{"search": {"field": "subject", "hits": 80, "sort_order": null, "do_facets": true, "focus_item": null, "query": "Hell", "type": "search", "sort_by": null}, "focus": null, "views": {"current": "list", "grid": "https://www.loc.gov/pictures/search/?q=Hell&fi=subject&va=exact&st=grid&op=PHRASE", "list": "https://www.loc.gov/pictures/search/?q=Hell&fi=subject&op=PHRASE&va=exact", "gallery": "https://www.loc.gov/pictures/search/?q=Hell&fi=subject&va=exact&st=gallery&op=PHRASE", "slideshow": "https://www.loc.gov/pictures/search/?q=Hell&fi=subject&va=exact&st=slideshow&op=PHRASE"}, "facets": [{"type": "displayed", "filters": [{"count": 48, "on": "https://www.loc.gov/pictures/search/?va=exact&sp=1&q=Hell&fa=displayed%3Aanywhere&fi=subject&op=PHRASE&fo=json", "selected": false, "off": "https://www.loc.gov/pictures/search/?va=exact&sp=1&q=Hell&fi=subject&fo=json&op=PHRASE", "title": "Larger image available anywhere"}, {"count": 20, "on": "https://www.loc.gov/pictures/search/?va=exact&sp=1&q=Hell&fa=displayed%3Alc_only&fi=subject&op=PHRASE&fo=json", "selected": false, "off": "https://www.loc.gov/pictures/search/?va=exact&sp=1&q=Hell&fi=subject&fo=json&op=PHRASE", "title": "Larger image available only at the Library of Congress"}, {"count": 12, "on": "https://www.loc.gov/pictures/search/?va=exact&sp=1&q=Hell&fa=displayed%3Anot_digitized&fi=subject&op=PHRASE&fo=json", "selected": false, "off": "https://www.loc.gov/pictures/search/?va=exact&sp=1&q=Hell&fi=subject&fo=json&op=PHRASE", "title": "Not Digitized"}], "title": "displayed"}], "links": {"json": "//www.loc.gov/pictures/search/?fi=subject&q=Hell&op=PHRASE&va=exact&fo=json", "html": "//www.loc.gov/pictures/search/?fi=subject&q=Hell&op=PHRASE&va=exact", "rss": "//www.loc.gov/pictures/search/?fi=subject&q=Hell&op=PHRASE&va=exact&fo=rss"}, "suggestions": {"possible": []}, "pages": {"current": 1, "next": "https://www.loc.gov/pictures/search/?q=Hell&fi=subject&sp=2&op=PHRASE&va=exact", "perpage": 20, "last": "https://www.loc.gov/pictures/search/?q=Hell&fi=subject&sp=4&op=PHRASE&va=exact", "page_list": [{"url": null, "number": 1}, {"url": "https://www.loc.gov/pictures/search/?q=Hell&fi=subject&sp=2&op=PHRASE&va=exact", "number": 2}, {"url": "https://www.loc.gov/pictures/search/?q=Hell&fi=subject&sp=3&op=PHRASE&va=exact", "number": 3}, {"url": "https://www.loc.gov/pictures/search/?q=Hell&fi=subject&sp=4&op=PHRASE&va=exact", "number": 4}], "previous": null, "total": 4, "results": "1 - 20", "first": null}, "collection": null, "results": [{"source_created": "2003-04-09T00:00:00Z", "index": 1, "medium": "1 print : etching.", "reproduction_number": "LC-USZ62-132532 (b&w film copy neg.)", "links": {"item": "https://www.loc.gov/pictures/item/2003663043/", "resource": "https://www.loc.gov/pictures/item/2003663043/resource/"}, "title": "[Hell Gate channel on the East River, New York City, New York, ca. 1775]", "image": {"alt": "digitized item thumbnail", "full": "https://tile.loc.gov/storage-services/service/pnp/cph/3c30000/3c32000/3c32500/3c32532r.jpg", "square": "https://tile.loc.gov/storage-services/service/pnp/cph/3c30000/3c32000/3c32500/3c32532_75x75px.jpg", "thumb": "https://tile.loc.gov/storage-services/service/pnp/cph/3c30000/3c32000/3c32500/3c32532_150px.jpg"}, "created": "2016-04-20T00:00:00Z", "modified": "2016-04-20T00:00:00Z", "collection": ["cph", "diof", "pp"], "creator": "Hollyer, Samuel, 1826-1919", "call_number": "LOT 4383-P-2 [item] [P&P]", "medium_brief": "1 print :", "source_modified": "2004-02-06T00:00:00Z", "pk": "2003663043", "created_published_date": "c1904 Oct. 17.", "subjects": ["Hell Gate (New York, N.Y.)--1770-1780.", "Rivers--New York (State)--New York--1770-1780.", "Etchings--1900-1910."]}, {"source_created": "2004-05-20T00:00:00Z", "index": 2, "medium": "1 print : etching.", "reproduction_number": "LC-USZ62-46095 (b&w film copy neg.)", "links": {"item": "https://www.loc.gov/pictures/item/2004671528/", "resource": "https://www.loc.gov/pictures/item/2004671528/resource/"}, "title": "East view of Hell Gate, in the province of New York", "image": {"alt": "digitized item thumbnail", "full": "https://tile.loc.gov/storage-services/service/pnp/cph/3a40000/3a46000/3a46200/3a46273r.jpg", "square": "https://tile.loc.gov/storage-services/service/pnp/cph/3a40000/3a46000/3a46200/3a46273_75x75px.jpg", "thumb": "https://tile.loc.gov/storage-services/service/pnp/cph/3a40000/3a46000/3a46200/3a46273_150px.jpg"}, "created": "2016-04-20T00:00:00Z", "modified": "2016-04-20T00:00:00Z", "collection": ["cph", "diof", "pp"], "creator": null, "call_number": "Illus. in AP3 .L7 [Rare Book RR]", "medium_brief": "1 print :", "source_modified": "2005-06-02T00:00:00Z", "pk": "2004671528", "created_published_date": "1778 April.", "subjects": ["Rivers--New York (State)--New York--1770-1780.", "Hell Gate (New York, N.Y.)--1770-1780.", "United States--History--Revolution, 1775-1783.", "Etchings--1770-1780.", "Landscape prints--1770-1780.", "Periodical illustrations--1770-1780."]}, {"source_created": "2004-08-16T00:00:00Z", "index": 3, "medium": "1 print : etching and engraving.", "reproduction_number": "LC-USZ62-45457 (b&w film copy neg.)", "links": {"item": "https://www.loc.gov/pictures/item/2004673473/", "resource": "https://www.loc.gov/pictures/item/2004673473/resource/"}, "title": "The political mirror or an exhibition of ministers for April 1782", "image": {"alt": "digitized item thumbnail", "full": "https://tile.loc.gov/storage-services/service/pnp/cph/3a40000/3a45000/3a45600/3a45652r.jpg", "square": "https://tile.loc.gov/storage-services/service/pnp/cph/3a40000/3a45000/3a45600/3a45652_75x75px.jpg", "thumb": "https://tile.loc.gov/storage-services/service/pnp/cph/3a40000/3a45000/3a45600/3a45652_150px.jpg"}, "created": "2016-04-20T00:00:00Z", "modified": "2016-04-20T00:00:00Z", "collection": ["cpbr", "diof", "pp"], "creator": null, "call_number": "PC 1 - 5982 (A size) [P&P]", "medium_brief": "1 print :", "source_modified": "2006-08-17T00:00:00Z", "pk": "2004673473", "created_published_date": "1782 April.", "subjects": ["Truth--1780-1790.", "Politics & government--England--1780-1790.", "Government officials--British--England--1780-1790.", "Political purges--England--1780-1790.", "Hell--1780-1790.", "United States--History--Revolution, 1775-1783.", "Cartoons (Commentary)--British--1780-1790.", "Intaglio prints--British--1780-1790."]}, {"source_created": "2004-05-19T00:00:00Z", "index": 4, "medium": "1 print : etching and aquatint ; 65 x 50 cm.", "reproduction_number": "LC-USZC4-12284 (color film copy transparency)", "links": {"item": "https://www.loc.gov/pictures/item/2004675116/", "resource": "https://www.loc.gov/pictures/item/2004675116/resource/"}, "title": "Canto IIIi (The Gate of Hell - Charon)", "image": {"alt": "digitized item thumbnail", "full": "https://tile.loc.gov/storage-services/service/pnp/cph/3g10000/3g12000/3g12200/3g12284_150px.jpg", "square": "https://tile.loc.gov/storage-services/service/pnp/cph/3g10000/3g12000/3g12200/3g12284_75x75px.jpg", "thumb": "https://tile.loc.gov/storage-services/service/pnp/cph/3g10000/3g12000/3g12200/3g12284_150px.jpg"}, "created": "2016-04-20T00:00:00Z", "modified": "2016-04-20T00:00:00Z", "collection": ["cph", "pp"], "creator": "Mazur, Michael, 1935-2009", "call_number": "Unprocessed in PR 13 CN 2003:075 [item] [P&P]", "medium_brief": "1 print :", "source_modified": "2010-03-08T00:00:00Z", "pk": "2004675116", "created_published_date": "[1996]", "subjects": ["Dante Alighieri,--1265-1321.--Inferno--Illustrations.", "Charon (Greek mythology).", "Hell--1990-2000.", "Aquatints--1990-2000.", "Etchings--1990-2000."]}, {"source_created": "2004-05-19T00:00:00Z", "index": 5, "medium": "1 print : etching and aquatint ; 64 x 50 cm.", "reproduction_number": "LC-USZC4-12283 (color film copy transparency)", "links": {"item": "https://www.loc.gov/pictures/item/2004675117/", "resource": "https://www.loc.gov/pictures/item/2004675117/resource/"}, "title": "Canto XXXIII (L'Antinora - Ugolino)", "image": {"alt": "digitized item thumbnail", "full": "https://tile.loc.gov/storage-services/service/pnp/cph/3g10000/3g12000/3g12200/3g12283_150px.jpg", "square": "https://tile.loc.gov/storage-services/service/pnp/cph/3g10000/3g12000/3g12200/3g12283_75x75px.jpg", "thumb": "https://tile.loc.gov/storage-services/service/pnp/cph/3g10000/3g12000/3g12200/3g12283_150px.jpg"}, "created": "2016-04-20T00:00:00Z", "modified": "2016-04-20T00:00:00Z", "collection": ["cph", "pp"], "creator": "Mazur, Michael, 1935-2009", "call_number": "Unprocessed in PR 13 CN 2003:075 [item] [P&P]", "medium_brief": "1 print :", "source_modified": "2010-03-08T00:00:00Z", "pk": "2004675117", "created_published_date": "[1999]", "subjects": ["Dante Alighieri,--1265-1321.--Inferno--Illustrations.", "Hell--1990-2000.", "Aquatints--1990-2000.", "Etchings--1990-2000."]}, {"source_created": "2009-10-06T00:00:00Z", "index": 6, "medium": "1 print : etching on ivory laid paper, hand-colored ; on sheet 24.8 x 19.8 cm.", "reproduction_number": "", "links": {"item": "https://www.loc.gov/pictures/item/2009633490/", "resource": null}, "title": "Le diable l'emporte souhait de la France", "image": {"alt": "item not digitized thumbnail", "full": "https://www.loc.gov/pictures/static/images/item/500x500_notdigitized.png", "square": "https://www.loc.gov/pictures/static/images/item/not_digitized_buttons75X75.png", "thumb": "https://www.loc.gov/pictures/static/images/item/notdigitized_buttons140X120.png"}, "created": "2016-04-20T00:00:00Z", "modified": "2016-04-20T00:00:00Z", "collection": ["cph", "diof", "pp"], "creator": null, "call_number": "PC 5 - 1815, no. 2 (A size) [P&P]", "medium_brief": "1 print :", "source_modified": "2009-10-06T00:00:00Z", "pk": "2009633490", "created_published_date": "1815 August]", "subjects": ["Napoleon--I,--Emperor of the French,--1769-1821.", "Devil--1810-1820.", "Hell--1810-1820.", "Crying--1810-1820.", "Punishment & torture--1810-1820.", "Exiles--France--1810-1820.", "Etchings--French--Hand-colored--1810-1820.", "Satires (Visual works)--French--1810-1820."]}, {"source_created": "2009-12-02T00:00:00Z", "index": 7, "medium": "1 drawing.", "reproduction_number": "LC-DIG-hlb-01049 (digital file from original drawing)", "links": {"item": "https://www.loc.gov/pictures/item/2010636535/", "resource": "https://www.loc.gov/pictures/item/2010636535/resource/"}, "title": "Appeasement", "image": {"alt": "digitized item thumbnail", "full": "https://tile.loc.gov/storage-services/service/pnp/hlb/01000/01049_150px.jpg", "square": "https://tile.loc.gov/storage-services/service/pnp/hlb/01000/01049_75x75px.jpg", "thumb": "https://tile.loc.gov/storage-services/service/pnp/hlb/01000/01049_150px.jpg"}, "created": "2016-04-20T00:00:00Z", "modified": "2016-04-20T00:00:00Z", "collection": ["hlb", "minload", "pp"], "creator": "Block, Herbert, 1909-2001", "call_number": "BLOCK, no. 1049 (BB size) [P&P]", "medium_brief": "1 drawing.", "source_modified": "2013-01-07T00:00:00Z", "pk": "2010636535", "created_published_date": "[between 1938 and 1940]", "subjects": ["Hitler, Adolf,--1889-1945.", "World War, 1939-1945--Diplomacy--German.", "Hell.", "Offices.", "Swastikas.", "Drawings--American.", "Editorial cartoons--American."]}, {"source_created": "2010-01-05T00:00:00Z", "index": 8, "medium": "1 photographic print.", "reproduction_number": "LC-USZ62-138774 (b&w film copy neg.)", "links": {"item": "https://www.loc.gov/pictures/item/2010645703/", "resource": "https://www.loc.gov/pictures/item/2010645703/resource/"}, "title": "[Franklin Plaza]", "image": {"alt": "digitized item thumbnail", "full": "https://tile.loc.gov/storage-services/service/pnp/cph/3c30000/3c38000/3c38700/3c38774_150px.jpg", "square": "https://tile.loc.gov/storage-services/service/pnp/cph/3c30000/3c38000/3c38700/3c38774_75x75px.jpg", "thumb": "https://tile.loc.gov/storage-services/service/pnp/cph/3c30000/3c38000/3c38700/3c38774_150px.jpg"}, "created": "2016-04-20T00:00:00Z", "modified": "2016-04-20T00:00:00Z", "collection": ["cph", "pp"], "creator": null, "call_number": "NYWTS - SUBJ/GEOG--New York City--Franklin Plaza Houses [item] [P&P]", "medium_brief": "1 photographic print.", "source_modified": "2010-01-06T00:00:00Z", "pk": "2010645703", "created_published_date": "1962 June 11.", "subjects": ["Apartment houses--New York (State)--New York--1960-1970.", "Slums--New York (State)--New York--1960-1970.", "Cities & towns--New York (State)--New York--1960-1970.", "Buildings--New York (State)--New York--1960-1970.", "Railroad bridges--New York (State)--New York--1960-1970.", "Suspension bridges--New York (State)--New York--1960-1970.", "Hell Gate Bridge (New York, N.Y.)--1960-1970.", "Triborough Bridge (New York, N.Y.)--1960-1970.", "Photographic prints--1960-1970."]}, {"source_created": "2012-06-21T00:00:00Z", "index": 9, "medium": "1 drawing.", "reproduction_number": "LC-DIG-hlb-04308 (digital file from original drawing)", "links": {"item": "https://www.loc.gov/pictures/item/2012634482/", "resource": "https://www.loc.gov/pictures/item/2012634482/resource/"}, "title": "\"My death has certainly been full of ups and downs\"", "image": {"alt": "digitized item thumbnail", "full": "https://tile.loc.gov/storage-services/service/pnp/hlb/04300/04308_150px.jpg", "square": "https://tile.loc.gov/storage-services/service/pnp/hlb/04300/04308_75x75px.jpg", "thumb": "https://tile.loc.gov/storage-services/service/pnp/hlb/04300/04308_150px.jpg"}, "created": "2016-04-20T00:00:00Z", "modified": "2016-04-20T00:00:00Z", "collection": ["hlb", "minload", "pp"], "creator": "Block, Herbert, 1909-2001", "call_number": "BLOCK, no. 4308 (BB size) [P&P]", "medium_brief": "1 drawing.", "source_modified": "2015-06-11T00:00:00Z", "pk": "2012634482", "created_published_date": "2-25-[19]57.", "subjects": ["Stalin, Joseph,--1878-1953.", "International relations--Soviet Union", "Hammer & sickle", "Hell", "elevators", "angels", "Drawings--American.", "Editorial cartoons--American."]}, {"source_created": "2012-11-19T00:00:00Z", "index": 10, "medium": "1 drawing.", "reproduction_number": "", "links": {"item": "https://www.loc.gov/pictures/item/2012636977/", "resource": null}, "title": "\"That's showing 'em the way\"", "image": {"alt": "item not digitized thumbnail", "full": "https://www.loc.gov/pictures/static/images/item/500x500_notdigitized.png", "square": "https://www.loc.gov/pictures/static/images/item/not_digitized_buttons75X75.png", "thumb": "https://www.loc.gov/pictures/static/images/item/notdigitized_buttons140X120.png"}, "created": "2016-04-20T00:00:00Z", "modified": "2016-04-20T00:00:00Z", "collection": ["hlb", "minload", "pp"], "creator": "Block, Herbert, 1909-2001", "call_number": "BLOCK, no. 6300 (BB size)", "medium_brief": "1 drawing.", "source_modified": "2014-01-14T00:00:00Z", "pk": "2012636977", "created_published_date": "4/15/1965.", "subjects": ["Soekarno,--1901-1970.", "United Nations.", "International relations--Indonesia", "International relations--United States", "Hell", "automobiles", "Drawings--American.", "Editorial cartoons--American."]}, {"source_created": "2012-11-19T00:00:00Z", "index": 11, "medium": "1 drawing.", "reproduction_number": "LC-DIG-hlb-11055 (digital file from original drawing)", "links": {"item": "https://www.loc.gov/pictures/item/2012641531/", "resource": "https://www.loc.gov/pictures/item/2012641531/resource/"}, "title": "\"Our mouthpiece says the same thing -- organize as a big business and then nobody does any time\"", "image": {"alt": "digitized item thumbnail", "full": "https://tile.loc.gov/storage-services/service/pnp/hlb/11000/11055_150px.jpg", "square": "https://tile.loc.gov/storage-services/service/pnp/hlb/11000/11055_75x75px.jpg", "thumb": "https://tile.loc.gov/storage-services/service/pnp/hlb/11000/11055_150px.jpg"}, "created": "2016-04-20T00:00:00Z", "modified": "2016-04-20T00:00:00Z", "collection": ["hlb", "minload", "pp"], "creator": "Block, Herbert, 1909-2001", "call_number": "BLOCK, no. 11055 (BB size)", "medium_brief": "1 drawing.", "source_modified": "2015-03-03T00:00:00Z", "pk": "2012641531", "created_published_date": "5/29/1985.", "subjects": ["E.F. Hutton & Company.", "General Dynamics Corporation.", "General Electric Company.", "Hell's Angels.", "Business people", "Mafia", "Criminals", "Drawings--American.", "Editorial cartoons--American."]}, {"source_created": "2012-11-19T00:00:00Z", "index": 12, "medium": "1 drawing.", "reproduction_number": "LC-DIG-hlb-11864 (digital file from original drawing)", "links": {"item": "https://www.loc.gov/pictures/item/2012642319/", "resource": "https://www.loc.gov/pictures/item/2012642319/resource/"}, "title": "\"Welcome! We've said so much about each other\"", "image": {"alt": "digitized item thumbnail", "full": "https://tile.loc.gov/storage-services/service/pnp/hlb/11800/11864_150px.jpg", "square": "https://tile.loc.gov/storage-services/service/pnp/hlb/11800/11864_75x75px.jpg", "thumb": "https://tile.loc.gov/storage-services/service/pnp/hlb/11800/11864_150px.jpg"}, "created": "2016-04-20T00:00:00Z", "modified": "2016-04-20T00:00:00Z", "collection": ["hlb", "minload", "pp"], "creator": "Block, Herbert, 1909-2001", "call_number": "BLOCK, no. 11864 (BB size)", "medium_brief": "1 drawing.", "source_modified": "2015-02-24T00:00:00Z", "pk": "2012642319", "created_published_date": "6/7/1989.", "subjects": ["Khomeini, Ruhollah.", "Devil", "Memorial works", "Hell", "Drawings--American.", "Editorial cartoons--American."]}, {"source_created": "2012-11-19T00:00:00Z", "index": 13, "medium": "1 drawing.", "reproduction_number": "LC-DIG-hlb-14010 (digital file from original drawing)", "links": {"item": "https://www.loc.gov/pictures/item/2012644313/", "resource": "https://www.loc.gov/pictures/item/2012644313/resource/"}, "title": "\"That's a hell of a way for a snowball to act\"", "image": {"alt": "digitized item thumbnail", "full": "https://tile.loc.gov/storage-services/service/pnp/hlb/14000/14010_150px.jpg", "square": "https://tile.loc.gov/storage-services/service/pnp/hlb/14000/14010_75x75px.jpg", "thumb": "https://tile.loc.gov/storage-services/service/pnp/hlb/14000/14010_150px.jpg"}, "created": "2016-04-20T00:00:00Z", "modified": "2016-04-20T00:00:00Z", "collection": ["hlb", "minload", "pp"], "creator": "Block, Herbert, 1909-2001", "call_number": "BLOCK, no. 14010 (BB size)", "medium_brief": "1 drawing.", "source_modified": "2015-07-17T00:00:00Z", "pk": "2012644313", "created_published_date": "12/10/2000.", "subjects": ["Gore, Albert,--1948-", "Snowballs", "Presidential elections", "Devil", "Vote counting", "Hell", "Drawings--American.", "Editorial cartoons--American."]}, {"source_created": "2013-03-01T00:00:00Z", "index": 14, "medium": "1 print : etching and engraving, hand-colored ; 30.9 x 24.1 cm (sheet)", "reproduction_number": "", "links": {"item": "https://www.loc.gov/pictures/item/2013645395/", "resource": null}, "title": "Napoleon Bonaparte premier consul", "image": {"alt": "item not digitized thumbnail", "full": "https://www.loc.gov/pictures/static/images/item/500x500_notdigitized.png", "square": "https://www.loc.gov/pictures/static/images/item/not_digitized_buttons75X75.png", "thumb": "https://www.loc.gov/pictures/static/images/item/notdigitized_buttons140X120.png"}, "created": "2016-04-20T00:00:00Z", "modified": "2016-04-20T00:00:00Z", "collection": ["cph", "diof", "pp"], "creator": null, "call_number": "PC 5 - Napoleon ... (A size) [P&P]", "medium_brief": "1 print :", "source_modified": "2015-08-12T00:00:00Z", "pk": "2013645395", "created_published_date": "[1802?]", "subjects": ["Napoleon--I,--Emperor of the French,--1769-1821.", "Caprara, Giovanni Battista,--1733-1810.", "Jesus Christ--Death & burial.", "Crucifixions--1800-1810.", "Cardinals--1800-1810.", "Freedom of religion--France--1800-1810.", "Religious services--1800-1810.", "Angels--1800-1810.", "Prayer--1800-1810.", "Catholicism--1800-1810.", "Hell--1800-1810.", "France--History--First Republic, 1792-1804.", "Allegorical prints--1800-1810.", "Intaglio prints--French--Hand-colored--1800-1810.", "Satires (Visual works)--French--1800-1810."]}, {"source_created": "2013-03-07T00:00:00Z", "index": 15, "medium": "1 print : etching, hand-colored ; 34.1 x 22.6 cm (sheet)", "reproduction_number": "", "links": {"item": "https://www.loc.gov/pictures/item/2013646554/", "resource": null}, "title": "Le 18 Germinal, An X de la R\u00e9publique fran\u00e7aise (18 avril 1802 vieux stile) jour de Paques, par le bras triomphant de Napol\u00e9on Bonaparte 1e Consul de France, ...", "image": {"alt": "item not digitized thumbnail", "full": "https://www.loc.gov/pictures/static/images/item/500x500_notdigitized.png", "square": "https://www.loc.gov/pictures/static/images/item/not_digitized_buttons75X75.png", "thumb": "https://www.loc.gov/pictures/static/images/item/notdigitized_buttons140X120.png"}, "created": "2016-04-20T00:00:00Z", "modified": "2016-04-20T00:00:00Z", "collection": ["cph", "diof", "pp"], "creator": "Basset (Firm)", "call_number": "PC 5 - 18 Germinal, ... (A size) [P&P]", "medium_brief": "1 print :", "source_modified": "2015-08-12T00:00:00Z", "pk": "2013646554", "created_published_date": "[1802]", "subjects": ["Napoleon--I,--Emperor of the French,--1769-1821.", "Caprara, Giovanni Battista,--1733-1810.", "Jesus Christ--Death & burial.", "Freedom of religion--France--1800-1810.", "Crucifixions--1800-1810.", "Angels--1800-1810.", "Prayer--1800-1810.", "Catholicism--1800-1810.", "Hell--1800-1810.", "Demons--1800-1810.", "France--History--First Republic, 1792-1804.", "Allegorical prints--1800-1810.", "Etchings--French--Hand-colored--1800-1810.", "Satires (Visual works)--French--1800-1810."]}, {"source_created": "2013-03-07T00:00:00Z", "index": 16, "medium": "1 print on laid paper : etching, hand-colored ; 33.3 x 21.9 cm (sheet)", "reproduction_number": "", "links": {"item": "https://www.loc.gov/pictures/item/2013646556/", "resource": null}, "title": "Triomphe de la religion", "image": {"alt": "item not digitized thumbnail", "full": "https://www.loc.gov/pictures/static/images/item/500x500_notdigitized.png", "square": "https://www.loc.gov/pictures/static/images/item/not_digitized_buttons75X75.png", "thumb": "https://www.loc.gov/pictures/static/images/item/notdigitized_buttons140X120.png"}, "created": "2016-04-20T00:00:00Z", "modified": "2016-04-20T00:00:00Z", "collection": ["cph", "diof", "pp"], "creator": "Bonneville, Nicolas de, 1760-1828", "call_number": "PC 5 - Triomphe de la religion (A size) [P&P]", "medium_brief": "1 print on laid paper :", "source_modified": "2015-08-12T00:00:00Z", "pk": "2013646556", "created_published_date": "[1802]", "subjects": ["Napoleon--I,--Emperor of the French,--1769-1821.", "Caprara, Giovanni Battista,--1733-1810.", "Jesus Christ--Death & burial.", "Freedom of religion--France--1800-1810.", "Crucifixions--1800-1810.", "Angels--1800-1810.", "Prayer--1800-1810.", "Catholicism--1800-1810.", "Hell--1800-1810.", "Demons--1800-1810.", "France--History--First Republic, 1792-1804.", "Allegorical prints--1800-1810.", "Etchings--French--Hand-colored--1800-1810.", "Satires (Visual works)--French--1800-1810."]}, {"source_created": "2013-05-17T00:00:00Z", "index": 17, "medium": "1 print : lithograph, hand-colored ; 40 x 32 cm (sheet)", "reproduction_number": "", "links": {"item": "https://www.loc.gov/pictures/item/2013646683/", "resource": null}, "title": "Jugement dernier", "image": {"alt": "item not digitized thumbnail", "full": "https://www.loc.gov/pictures/static/images/item/500x500_notdigitized.png", "square": "https://www.loc.gov/pictures/static/images/item/not_digitized_buttons75X75.png", "thumb": "https://www.loc.gov/pictures/static/images/item/notdigitized_buttons140X120.png"}, "created": "2016-04-20T00:00:00Z", "modified": "2016-04-20T00:00:00Z", "collection": ["cph", "diof", "pp"], "creator": null, "call_number": "PC 5 - 1827, no. 1 (B size) [P&P]", "medium_brief": "1 print :", "source_modified": "2013-05-17T00:00:00Z", "pk": "2013646683", "created_published_date": "[1827]", "subjects": ["Foy, Maximilien,--comte,--1775-1825.", "La Rochefoucauld-Liancourt, Fran\u00e7ois-Alexandre-Fr\u00e9d\u00e9ric,--duc de,--1747-1827.", "Manuel, Jacques-Antoine,--1775-1827.", "Girardin, Stanislas,--comte de,--1762-1827.", "Lanjuinais, J.-D.--(Jean-Denis),--comte,--1753-1827.", "Apotheosis--1820-1830.", "Legislators--France--1820-1830.", "Nobility--France--1820-1830.", "Clergy--France--1820-1830.", "Angels--1820-1830.", "Hell--1820-1830.", "France--History--Restoration, 1814-1830.", "Allegorical prints--1820-1830.", "Lithographs--French--Hand-colored--1820-1830.", "Satires (Visual works)--French--1820-1830."]}, {"source_created": "1994-03-16T00:00:00Z", "index": 18, "medium": "1 print : color lithograph ; sheet 62 x 95 cm. (poster format)", "reproduction_number": "LC-USZ6-437 (b&w film copy neg.)", "links": {"item": "https://www.loc.gov/pictures/item/2014636053/", "resource": "https://www.loc.gov/pictures/item/2014636053/resource/"}, "title": "Faust", "image": {"alt": "digitized item thumbnail", "full": "https://tile.loc.gov/storage-services/service/pnp/var/0600/0694/0694r.jpg", "square": "https://tile.loc.gov/storage-services/service/pnp/var/0600/0694/0694_75x75px.jpg", "thumb": "https://tile.loc.gov/storage-services/service/pnp/var/0600/0694/0694_150px.jpg"}, "created": "2016-04-20T00:00:00Z", "modified": "2016-04-20T00:00:00Z", "collection": ["ammem", "diof", "minload", "pp", "var"], "creator": "Dickman, Jones & Hettrich.", "call_number": "POS - TH - 1887 .F3, no. 1 (C size) [P&P]", "medium_brief": "1 print :", "source_modified": "2015-01-18T00:00:00Z", "pk": "2014636053", "created_published_date": "c1887.", "subjects": ["Mephistopheles (Legendary character)", "Demons.", "Hell.", "Theatrical productions.", "Lithographs--Color.", "Theatrical posters--American."]}, {"source_created": "1994-03-17T00:00:00Z", "index": 19, "medium": "1 print : color lithograph ; sheet 106 x 71 cm. (poster format)", "reproduction_number": "LC-USZ6-457 (b&w film copy neg.)", "links": {"item": "https://www.loc.gov/pictures/item/2014636069/", "resource": "https://www.loc.gov/pictures/item/2014636069/resource/"}, "title": "Lewis Morrison's magnificent Faust", "image": {"alt": "digitized item thumbnail", "full": "https://tile.loc.gov/storage-services/service/pnp/var/0600/0687/0687r.jpg", "square": "https://tile.loc.gov/storage-services/service/pnp/var/0600/0687/0687_75x75px.jpg", "thumb": "https://tile.loc.gov/storage-services/service/pnp/var/0600/0687/0687_150px.jpg"}, "created": "2016-04-20T00:00:00Z", "modified": "2016-04-20T00:00:00Z", "collection": ["ammem", "diof", "minload", "pp", "var"], "creator": "Shober & Carqueville.", "call_number": "POS - TH - BUR .W42, no. 1 (C size) [P&P]", "medium_brief": "1 print :", "source_modified": "2015-10-05T00:00:00Z", "pk": "2014636069", "created_published_date": "[c1889]", "subjects": ["Mephistopheles (Legendary character)", "Hell.", "Theatrical productions.", "Lithographs--Color.", "Theatrical posters--American."]}, {"source_created": "1994-03-17T00:00:00Z", "index": 20, "medium": "1 print : color lithograph ; sheet 106 x 72 cm. (poster format)", "reproduction_number": "LC-USZC4-1622 (color film copy transparency)\nLC-USZ6-453 (b&w film copy neg.)", "links": {"item": "https://www.loc.gov/pictures/item/2014636070/", "resource": "https://www.loc.gov/pictures/item/2014636070/resource/"}, "title": "Lewis Morrison's magnificent new Faust", "image": {"alt": "digitized item thumbnail", "full": "https://tile.loc.gov/storage-services/service/pnp/var/0600/0688/0688r.jpg", "square": "https://tile.loc.gov/storage-services/service/pnp/var/0600/0688/0688_75x75px.jpg", "thumb": "https://tile.loc.gov/storage-services/service/pnp/var/0600/0688/0688_150px.jpg"}, "created": "2016-04-20T00:00:00Z", "modified": "2016-04-20T00:00:00Z", "collection": ["ammem", "diof", "minload", "pp", "var"], "creator": "Springer Litho. Co.", "call_number": "POS - TH - 1889 .F3, no. 2 (C size) [P&P]", "medium_brief": "1 print :", "source_modified": "2015-10-05T00:00:00Z", "pk": "2014636070", "created_published_date": "c1889.", "subjects": ["Mephistopheles (Legendary character)", "Hell.", "Theatrical productions.", "Lithographs--Color.", "Theatrical posters--American."]}]}