{"search": {"field": "subject", "hits": 318, "sort_order": null, "do_facets": true, "focus_item": null, "query": "Paneling", "type": "search", "sort_by": null}, "focus": null, "views": {"current": "list", "grid": "https://www.loc.gov/pictures/search/?q=Paneling&fi=subject&va=exact&st=grid&op=PHRASE", "list": "https://www.loc.gov/pictures/search/?q=Paneling&fi=subject&op=PHRASE&va=exact", "gallery": "https://www.loc.gov/pictures/search/?q=Paneling&fi=subject&va=exact&st=gallery&op=PHRASE", "slideshow": "https://www.loc.gov/pictures/search/?q=Paneling&fi=subject&va=exact&st=slideshow&op=PHRASE"}, "facets": [{"type": "displayed", "filters": [{"count": 281, "on": "https://www.loc.gov/pictures/search/?va=exact&sp=1&q=Paneling&fa=displayed%3Aanywhere&fi=subject&op=PHRASE&fo=json", "selected": false, "off": "https://www.loc.gov/pictures/search/?va=exact&sp=1&q=Paneling&fi=subject&fo=json&op=PHRASE", "title": "Larger image available anywhere"}, {"count": 15, "on": "https://www.loc.gov/pictures/search/?va=exact&sp=1&q=Paneling&fa=displayed%3Alc_only&fi=subject&op=PHRASE&fo=json", "selected": false, "off": "https://www.loc.gov/pictures/search/?va=exact&sp=1&q=Paneling&fi=subject&fo=json&op=PHRASE", "title": "Larger image available only at the Library of Congress"}, {"count": 22, "on": "https://www.loc.gov/pictures/search/?va=exact&sp=1&q=Paneling&fa=displayed%3Anot_digitized&fi=subject&op=PHRASE&fo=json", "selected": false, "off": "https://www.loc.gov/pictures/search/?va=exact&sp=1&q=Paneling&fi=subject&fo=json&op=PHRASE", "title": "Not Digitized"}, {"count": 70, "on": "https://www.loc.gov/pictures/search/?va=exact&sp=1&q=Paneling&fa=displayed%3Asurveys_only&fi=subject&op=PHRASE&fo=json", "selected": false, "off": "https://www.loc.gov/pictures/search/?va=exact&sp=1&q=Paneling&fi=subject&fo=json&op=PHRASE", "title": "Surveys only"}], "title": "displayed"}], "links": {"json": "//www.loc.gov/pictures/search/?fi=subject&q=Paneling&op=PHRASE&va=exact&fo=json", "html": "//www.loc.gov/pictures/search/?fi=subject&q=Paneling&op=PHRASE&va=exact", "rss": "//www.loc.gov/pictures/search/?fi=subject&q=Paneling&op=PHRASE&va=exact&fo=rss"}, "suggestions": {"possible": []}, "pages": {"current": 1, "next": "https://www.loc.gov/pictures/search/?q=Paneling&fi=subject&sp=2&op=PHRASE&va=exact", "perpage": 20, "last": "https://www.loc.gov/pictures/search/?q=Paneling&fi=subject&sp=16&op=PHRASE&va=exact", "page_list": [{"url": null, "number": 1}, {"url": "https://www.loc.gov/pictures/search/?q=Paneling&fi=subject&sp=2&op=PHRASE&va=exact", "number": 2}, {"url": "https://www.loc.gov/pictures/search/?q=Paneling&fi=subject&sp=3&op=PHRASE&va=exact", "number": 3}, {"url": "https://www.loc.gov/pictures/search/?q=Paneling&fi=subject&sp=4&op=PHRASE&va=exact", "number": 4}, {"url": "https://www.loc.gov/pictures/search/?q=Paneling&fi=subject&sp=5&op=PHRASE&va=exact", "number": 5}, {"url": "https://www.loc.gov/pictures/search/?q=Paneling&fi=subject&sp=6&op=PHRASE&va=exact", "number": "..."}, {"url": "https://www.loc.gov/pictures/search/?q=Paneling&fi=subject&sp=16&op=PHRASE&va=exact", "number": 16}], "previous": null, "total": 16, "results": "1 - 20", "first": null}, "collection": null, "results": [{"source_created": "2002-01-22T00:00:00Z", "index": 1, "medium": "1 photographic print : gelatin silver.", "reproduction_number": "LC-DIG-ppprs-00451 (b&w digital file from original print)\nLC-DIG-ppprs-00114 (b&w digital file from original neg.)\nLC-USZC4-5550 (color film copy transparency)\nLC-A35-T01-5-M-14 (b&w film dup. neg.)", "links": {"item": "https://www.loc.gov/pictures/item/2002696018/", "resource": "https://www.loc.gov/pictures/item/2002696018/resource/"}, "title": "Roy Takano [i.e., Takeno], town hall meeting from side, Manzanar Relocation Center", "image": {"alt": "digitized item thumbnail", "full": "https://tile.loc.gov/storage-services/service/pnp/ppprs/00400/00451r.jpg", "square": "https://tile.loc.gov/storage-services/service/pnp/ppprs/00400/00451_75x75px.jpg", "thumb": "https://tile.loc.gov/storage-services/service/pnp/ppprs/00400/00451_150px.jpg"}, "created": "2016-04-20T00:00:00Z", "modified": "2016-04-20T00:00:00Z", "collection": ["diof", "manz", "pp"], "creator": "Adams, Ansel, 1902-1984", "call_number": "LOT 10479-4, no. 19 [P&P]", "medium_brief": "1 photographic print :\n1 negative :", "source_modified": "2009-05-26T00:00:00Z", "pk": "2002696018", "created_published_date": "[1943]", "subjects": ["Takeno, Roy,--1913-", "Manzanar War Relocation Center--People--1940-1950.", "World War, 1939-1945--Japanese Americans--California--Manzanar.", "Japanese Americans--California--Manzanar--1940-1950.", "Town meetings--California--Manzanar--1940-1950.", "Paneling--California--Manzanar--1940-1950.", "Gelatin silver prints--1940-1950.", "Safety film negatives--1940-1950."]}, {"source_created": "2007-09-06T00:00:00Z", "index": 2, "medium": "1 photograph : digital, TIFF file, color.", "reproduction_number": "LC-DIG-highsm-02063 (original digital file)", "links": {"item": "https://www.loc.gov/pictures/item/2007684363/", "resource": "https://www.loc.gov/pictures/item/2007684363/resource/"}, "title": "[Senate Members Room. Detail of wood paneling and sconce. Library of Congress Thomas Jefferson Building, Washington, D.C.]", "image": {"alt": "digitized item thumbnail", "full": "https://tile.loc.gov/storage-services/service/pnp/highsm/02000/02063r.jpg", "square": "https://tile.loc.gov/storage-services/service/pnp/highsm/02000/02063_75x75px.jpg", "thumb": "https://tile.loc.gov/storage-services/service/pnp/highsm/02000/02063_150px.jpg"}, "created": "2016-04-20T00:00:00Z", "modified": "2016-04-20T00:00:00Z", "collection": ["diof", "highsm", "pp"], "creator": "Highsmith, Carol M., 1946-", "call_number": "LOT 13860 [item] (ONLINE) [P&P]", "medium_brief": "1 photograph :", "source_modified": "2012-02-07T00:00:00Z", "pk": "2007684363", "created_published_date": "2007.", "subjects": ["Library of Congress Thomas Jefferson Building (Washington, D.C.)--2000-2010.", "Paneling--Washington (D.C.)--2000-2010.", "Sconces--Washington (D.C.)--2000-2010.", "Digital photographs--Color--2000-2010."]}, {"source_created": "2008-04-03T00:00:00Z", "index": 3, "medium": "1 photograph : glass lantern slide, sepia-toned ; 3.25 x 4 in.", "reproduction_number": "LC-DIG-ppmsca-16603 (digital file from original item)", "links": {"item": "https://www.loc.gov/pictures/item/2008675903/", "resource": "https://www.loc.gov/pictures/item/2008675903/resource/"}, "title": "[Wilton-on-the-Piankatank, Middlesex County, Virginia. Fireplace and panelled surround]", "image": {"alt": "digitized item thumbnail", "full": "https://tile.loc.gov/storage-services/service/pnp/ppmsca/16600/16603r.jpg", "square": "https://tile.loc.gov/storage-services/service/pnp/ppmsca/16600/16603_75x75px.jpg", "thumb": "https://tile.loc.gov/storage-services/service/pnp/ppmsca/16600/16603_150px.jpg"}, "created": "2016-04-20T00:00:00Z", "modified": "2016-04-20T00:00:00Z", "collection": ["diof", "fbj", "pp"], "creator": "Johnston, Frances Benjamin, 1864-1952", "call_number": "LC-J717-X106- 33 [P&P]", "medium_brief": "1 photograph :", "source_modified": "2012-04-30T00:00:00Z", "pk": "2008675903", "created_published_date": "[1935]", "subjects": ["Houses--Virginia--Middlesex County--1930-1940.", "Interiors--Virginia--Middlesex County--1930-1940.", "Fireplaces--Virginia--Middlesex County--1930-1940.", "Paneling--Virginia--Middlesex County--1930-1940.", "Lantern slides--1930-1940."]}, {"source_created": "1989-06-21T00:00:00Z", "index": 4, "medium": "1 photomechanical print.", "reproduction_number": "LC-USZ62-97245 (b&w film copy neg.)", "links": {"item": "https://www.loc.gov/pictures/item/89711281/", "resource": "https://www.loc.gov/pictures/item/89711281/resource/"}, "title": "General view of the Bromley Room", "image": {"alt": "digitized item thumbnail", "full": "https://tile.loc.gov/storage-services/service/pnp/cph/3b40000/3b43000/3b43300/3b43346_150px.jpg", "square": "https://tile.loc.gov/storage-services/service/pnp/cph/3b40000/3b43000/3b43300/3b43346_75x75px.jpg", "thumb": "https://tile.loc.gov/storage-services/service/pnp/cph/3b40000/3b43000/3b43300/3b43346_150px.jpg"}, "created": "2016-04-20T00:00:00Z", "modified": "2016-04-20T00:00:00Z", "collection": ["cph", "pp"], "creator": null, "call_number": "Illus. in NA3900.V5 [General Collections]", "medium_brief": "1 photomechanical print.", "source_modified": "2002-11-08T00:00:00Z", "pk": "89711281", "created_published_date": "[between 1914 and 1924]", "subjects": ["Victoria and Albert Museum.", "Interiors--England--London--1910-1930.", "Paneling--England--London--1910-1930.", "Galleries & museums--England--London--1910-1930.", "Book illustrations--1910-1930.", "Frontispieces--1910-1930.", "Photomechanical prints--1910-1930."]}, {"source_created": "1997-09-05T00:00:00Z", "index": 5, "medium": "1 drawing : graphite and colored pencil on trace.", "reproduction_number": "", "links": {"item": "https://www.loc.gov/pictures/item/ade1997000588/", "resource": "https://www.loc.gov/pictures/item/ade1997000588/resource/"}, "title": "Coste du petit jardin", "image": {"alt": "digitized item thumbnail", "full": "https://tile.loc.gov/storage-services/service/pnp/ade/2a03000/2a03100/2a03148_150px.jpg", "square": "https://tile.loc.gov/storage-services/service/pnp/ade/2a03000/2a03100/2a03148_75x75px.jpg", "thumb": "https://tile.loc.gov/storage-services/service/pnp/ade/2a03000/2a03100/2a03148_150px.jpg"}, "created": "2016-04-20T00:00:00Z", "modified": "2016-04-20T00:00:00Z", "collection": ["ade", "pp"], "creator": "Marie, Alfred", "call_number": "ADE 11 - Marie, no. 9 (A size)  <P&P> [P&P]", "medium_brief": "1 drawing :", "source_modified": "2005-08-26T00:00:00Z", "pk": "ade1997000588", "created_published_date": "[between 1910 and 1950]", "subjects": ["Interiors.", "Paneling.", "Light fixtures.", "France.", "Architectural drawings--Reproductions.", "Drawings."]}, {"source_created": "2008-04-01T00:00:00Z", "index": 6, "medium": "1 photograph : glass lantern slide, sepia-toned ; 3.25 x 4 in.", "reproduction_number": "LC-DIG-ppmsca-16589 (digital file from original item)", "links": {"item": "https://www.loc.gov/pictures/item/2008675889/", "resource": "https://www.loc.gov/pictures/item/2008675889/resource/"}, "title": "[Rolfe House, Surry vicinity, Surry County, Virginia. Fireplace and panelled surround]", "image": {"alt": "digitized item thumbnail", "full": "https://tile.loc.gov/storage-services/service/pnp/ppmsca/16500/16589r.jpg", "square": "https://tile.loc.gov/storage-services/service/pnp/ppmsca/16500/16589_75x75px.jpg", "thumb": "https://tile.loc.gov/storage-services/service/pnp/ppmsca/16500/16589_150px.jpg"}, "created": "2016-04-21T00:00:00Z", "modified": "2016-04-21T00:00:00Z", "collection": ["diof", "fbj", "pp"], "creator": "Johnston, Frances Benjamin, 1864-1952", "call_number": "LC-J717-X106- 19 [P&P]", "medium_brief": "1 photograph :", "source_modified": "2012-04-28T00:00:00Z", "pk": "2008675889", "created_published_date": "[1933]", "subjects": ["Interiors--Virginia--Surry County--1930-1940.", "Fireplaces--Virginia--Surry County--1930-1940.", "Paneling--Virginia--Surry County--1930-1940.", "Lantern slides--1930-1940."]}, {"source_created": "2017-02-13T00:00:00Z", "index": 7, "medium": "1 drawing : graphite ; sheet 15.3 x 21.3 cm.", "reproduction_number": "", "links": {"item": "https://www.loc.gov/pictures/item/2017646667/", "resource": null}, "title": "[Marble House, William Kissam Vanderbilt house (Newport, Rhode Island). Interior wall details. Fireplace elevation with pilasters]", "image": {"alt": "item not digitized thumbnail", "full": "https://www.loc.gov/pictures/static/images/item/500x500_notdigitized.png", "square": "https://www.loc.gov/pictures/static/images/item/not_digitized_buttons75X75.png", "thumb": "https://www.loc.gov/pictures/static/images/item/notdigitized_buttons140X120.png"}, "created": "2017-08-11T00:00:00Z", "modified": "2017-08-11T00:00:00Z", "collection": ["cph", "diof", "pp"], "creator": "Hunt, Richard Morris, 1827-1895", "call_number": "Unprocessed in PR 13 CN 2010:100, 79.3704 [P&P]", "medium_brief": "1 drawing :", "source_modified": "2017-07-19T00:00:00Z", "pk": "2017646667", "created_published_date": "[between 1888 and 1892]", "subjects": ["Marble House (Newport, R.I.)", "Fireplaces--Rhode Island--Newport--1880-1900.", "Pilasters--Rhode Island--Newport--1880-1900.", "Paneling--Rhode Island--Newport--1880-1900.", "Mansions--Rhode Island--Newport--1880-1900.", "Architectural drawings--1880-1900.", "Graphite drawings--1880-1900."]}, {"source_created": "2017-07-07T00:00:00Z", "index": 8, "medium": "1 print : color photochrom ; sheet 17 x  23 cm.", "reproduction_number": "LC-DIG-ppmsca-52477 (digital file from original item)", "links": {"item": "https://www.loc.gov/pictures/item/2017659788/", "resource": "https://www.loc.gov/pictures/item/2017659788/resource/"}, "title": "Palais de Fontainebleau. Chambre \u00e0 Coucher de Napol\u00e9on I", "image": {"alt": "digitized item thumbnail", "full": "https://tile.loc.gov/storage-services/service/pnp/ppmsca/52400/52477r.jpg", "square": "https://tile.loc.gov/storage-services/service/pnp/ppmsca/52400/52477_75x75px.jpg", "thumb": "https://tile.loc.gov/storage-services/service/pnp/ppmsca/52400/52477_150px.jpg"}, "created": "2017-08-29T00:00:00Z", "modified": "2017-08-29T00:00:00Z", "collection": ["cph", "diof", "pgz", "pp"], "creator": "Photoglob Co.", "call_number": "LOT 14184, no. 210 [item] [P&P]", "medium_brief": "1 print :", "source_modified": "2017-08-22T00:00:00Z", "pk": "2017659788", "created_published_date": "[ca. 1890-1906]", "subjects": ["Ch\u00e2teau de Fontainebleau (Fontainebleau, France)", "Castles & palaces.", "Bedrooms.", "Paneling.", "France--Fontainebleau.", "Photochrom prints--Color."]}, {"source_created": "2008-11-04T00:00:00Z", "index": 9, "medium": "1 negative : safety film ; 8 x 10 in.", "reproduction_number": "LC-DIG-csas-03770 (digital file from original negative)", "links": {"item": "https://www.loc.gov/pictures/item/ csas200803826/", "resource": "https://www.loc.gov/pictures/item/ csas200803826/resource/"}, "title": "Hampton, McClellanville vic., Charleston County, South Carolina", "image": {"alt": "digitized item thumbnail", "full": "https://tile.loc.gov/storage-services/service/pnp/csas/03700/03770r.jpg", "square": "https://tile.loc.gov/storage-services/service/pnp/csas/03700/03770_75x75px.jpg", "thumb": "https://tile.loc.gov/storage-services/service/pnp/csas/03700/03770_150px.jpg"}, "created": "2018-02-20T00:00:00Z", "modified": "2018-02-20T00:00:00Z", "collection": ["csas", "diof", "pp"], "creator": "Johnston, Frances Benjamin, 1864-1952", "call_number": "LC-J7-SC- 1424 [P&P]", "medium_brief": "1 negative :", "source_modified": "2018-02-09T00:00:00Z", "pk": " csas200803826", "created_published_date": "1938.", "subjects": ["United States--South Carolina--Charleston County--McClellanville vic.", "Andirons.", "Rugs.", "Fireplaces.", "Paneling.", "Rooms & spaces.", "Safety film negatives."]}, {"source_created": "2008-11-04T00:00:00Z", "index": 10, "medium": "1 negative : safety film ; 8 x 10 in.", "reproduction_number": "LC-DIG-csas-01716 (digital file from original negative)", "links": {"item": "https://www.loc.gov/pictures/item/2017887432/", "resource": "https://www.loc.gov/pictures/item/2017887432/resource/"}, "title": "Araby, La Plata vic., Charles County, Maryland", "image": {"alt": "digitized item thumbnail", "full": "https://tile.loc.gov/storage-services/service/pnp/csas/01700/01716r.jpg", "square": "https://tile.loc.gov/storage-services/service/pnp/csas/01700/01716_75x75px.jpg", "thumb": "https://tile.loc.gov/storage-services/service/pnp/csas/01700/01716_150px.jpg"}, "created": "2018-03-13T00:00:00Z", "modified": "2018-03-13T00:00:00Z", "collection": ["csas", "diof", "minload", "pp"], "creator": "Johnston, Frances Benjamin, 1864-1952", "call_number": "LC-J7-MD- 1088 [P&P]", "medium_brief": "1 negative :", "source_modified": "2018-03-12T00:00:00Z", "pk": "2017887432", "created_published_date": "1936-1937.", "subjects": ["United States--Maryland--Charles County--La Plata vic.", "Andirons.", "Doors & doorways.", "Fireplaces.", "Paneling.", "Rooms & spaces.", "Safety film negatives."]}, {"source_created": "2008-11-04T00:00:00Z", "index": 11, "medium": "1 negative : safety film ; 8 x 10 in.", "reproduction_number": "LC-DIG-csas-01807 (digital file from original negative)", "links": {"item": "https://www.loc.gov/pictures/item/2017887523/", "resource": "https://www.loc.gov/pictures/item/2017887523/resource/"}, "title": "Brooke Manor, Ashton vic., Montgomery County, Maryland", "image": {"alt": "digitized item thumbnail", "full": "https://tile.loc.gov/storage-services/service/pnp/csas/01800/01807r.jpg", "square": "https://tile.loc.gov/storage-services/service/pnp/csas/01800/01807_75x75px.jpg", "thumb": "https://tile.loc.gov/storage-services/service/pnp/csas/01800/01807_150px.jpg"}, "created": "2018-03-13T00:00:00Z", "modified": "2018-03-13T00:00:00Z", "collection": ["csas", "diof", "minload", "pp"], "creator": "Johnston, Frances Benjamin, 1864-1952", "call_number": "LC-J7-MD- 1177 [P&P]", "medium_brief": "1 negative :", "source_modified": "2018-03-12T00:00:00Z", "pk": "2017887523", "created_published_date": "1932.", "subjects": ["United States--Maryland--Montgomery County--Ashton vic.", "Bellows.", "Built-in furniture.", "Rugs.", "Cupboards.", "Fireplaces.", "Paneling.", "Rooms & spaces.", "Safety film negatives."]}, {"source_created": "2008-11-04T00:00:00Z", "index": 12, "medium": "1 negative : safety film ; 8 x 10 in.", "reproduction_number": "LC-DIG-csas-01878 (digital file from original negative)", "links": {"item": "https://www.loc.gov/pictures/item/2017887594/", "resource": "https://www.loc.gov/pictures/item/2017887594/resource/"}, "title": "Wheatlands, Queen Anne County, Maryland", "image": {"alt": "digitized item thumbnail", "full": "https://tile.loc.gov/storage-services/service/pnp/csas/01800/01878r.jpg", "square": "https://tile.loc.gov/storage-services/service/pnp/csas/01800/01878_75x75px.jpg", "thumb": "https://tile.loc.gov/storage-services/service/pnp/csas/01800/01878_150px.jpg"}, "created": "2018-03-13T00:00:00Z", "modified": "2018-03-13T00:00:00Z", "collection": ["csas", "diof", "minload", "pp"], "creator": "Johnston, Frances Benjamin, 1864-1952", "call_number": "LC-J7-MD- 1248 [P&P]", "medium_brief": "1 negative :", "source_modified": "2018-03-12T00:00:00Z", "pk": "2017887594", "created_published_date": "1936-1937.", "subjects": ["United States--Maryland--Queen Anne County.", "Andirons.", "Rugs.", "Fireplaces.", "Paneling.", "Rooms & spaces.", "Safety film negatives."]}, {"source_created": "2008-11-04T00:00:00Z", "index": 13, "medium": "1 negative : safety film ; 8 x 10 in.", "reproduction_number": "LC-DIG-csas-01945 (digital file from original negative)", "links": {"item": "https://www.loc.gov/pictures/item/2017887661/", "resource": "https://www.loc.gov/pictures/item/2017887661/resource/"}, "title": "Troth's Fortune, Talbot County, Maryland", "image": {"alt": "digitized item thumbnail", "full": "https://tile.loc.gov/storage-services/service/pnp/csas/01900/01945r.jpg", "square": "https://tile.loc.gov/storage-services/service/pnp/csas/01900/01945_75x75px.jpg", "thumb": "https://tile.loc.gov/storage-services/service/pnp/csas/01900/01945_150px.jpg"}, "created": "2018-03-13T00:00:00Z", "modified": "2018-03-13T00:00:00Z", "collection": ["csas", "diof", "minload", "pp"], "creator": "Johnston, Frances Benjamin, 1864-1952", "call_number": "LC-J7-MD- 1314 [P&P]", "medium_brief": "1 negative :", "source_modified": "2018-03-12T00:00:00Z", "pk": "2017887661", "created_published_date": "1936-1937.", "subjects": ["United States--Maryland--Talbot County.", "Andirons.", "Paneling.", "Fireplaces.", "Rooms & spaces.", "Safety film negatives."]}, {"source_created": "2008-11-04T00:00:00Z", "index": 14, "medium": "1 negative : safety film ; 8 x 10 in.", "reproduction_number": "LC-DIG-csas-01946 (digital file from original negative)", "links": {"item": "https://www.loc.gov/pictures/item/2017887662/", "resource": "https://www.loc.gov/pictures/item/2017887662/resource/"}, "title": "Troth's Fortune, Talbot County, Maryland", "image": {"alt": "digitized item thumbnail", "full": "https://tile.loc.gov/storage-services/service/pnp/csas/01900/01946r.jpg", "square": "https://tile.loc.gov/storage-services/service/pnp/csas/01900/01946_75x75px.jpg", "thumb": "https://tile.loc.gov/storage-services/service/pnp/csas/01900/01946_150px.jpg"}, "created": "2018-03-13T00:00:00Z", "modified": "2018-03-13T00:00:00Z", "collection": ["csas", "diof", "minload", "pp"], "creator": "Johnston, Frances Benjamin, 1864-1952", "call_number": "LC-J7-MD- 1315 [P&P]", "medium_brief": "1 negative :", "source_modified": "2018-03-12T00:00:00Z", "pk": "2017887662", "created_published_date": "1936-1937.", "subjects": ["United States--Maryland--Talbot County.", "Andirons.", "Paneling.", "Fireplaces.", "Rooms & spaces.", "Safety film negatives."]}, {"source_created": "2008-11-04T00:00:00Z", "index": 15, "medium": "1 negative : safety film ; 8 x 10 in.", "reproduction_number": "LC-DIG-csas-02110 (digital file from original negative)", "links": {"item": "https://www.loc.gov/pictures/item/2017887820/", "resource": "https://www.loc.gov/pictures/item/2017887820/resource/"}, "title": "Mr. Howard H. Wren, Baltimore, Maryland", "image": {"alt": "digitized item thumbnail", "full": "https://tile.loc.gov/storage-services/service/pnp/csas/02100/02110r.jpg", "square": "https://tile.loc.gov/storage-services/service/pnp/csas/02100/02110_75x75px.jpg", "thumb": "https://tile.loc.gov/storage-services/service/pnp/csas/02100/02110_150px.jpg"}, "created": "2018-03-13T00:00:00Z", "modified": "2018-03-13T00:00:00Z", "collection": ["csas", "diof", "minload", "pp"], "creator": "Johnston, Frances Benjamin, 1864-1952", "call_number": "LC-J7-MD- 1466 [P&P]", "medium_brief": "1 negative :", "source_modified": "2018-03-12T00:00:00Z", "pk": "2017887820", "created_published_date": "1932 May 15.", "subjects": ["United States--Maryland--Baltimore.", "Fireplaces.", "Seating furniture.", "Paneling.", "Interiors.", "Safety film negatives."]}, {"source_created": "2008-11-04T00:00:00Z", "index": 16, "medium": "1 negative : safety film ; 8 x 10 in.", "reproduction_number": "LC-DIG-csas-02657 (digital file from original negative)", "links": {"item": "https://www.loc.gov/pictures/item/2017888080/", "resource": "https://www.loc.gov/pictures/item/2017888080/resource/"}, "title": "Court House, Edenton, Chowan County, North Carolina", "image": {"alt": "digitized item thumbnail", "full": "https://tile.loc.gov/storage-services/service/pnp/csas/02600/02657r.jpg", "square": "https://tile.loc.gov/storage-services/service/pnp/csas/02600/02657_75x75px.jpg", "thumb": "https://tile.loc.gov/storage-services/service/pnp/csas/02600/02657_150px.jpg"}, "created": "2018-03-13T00:00:00Z", "modified": "2018-03-13T00:00:00Z", "collection": ["csas", "diof", "minload", "pp"], "creator": "Johnston, Frances Benjamin, 1864-1952", "call_number": "LC-J7-NC- 2158-A [P&P]", "medium_brief": "1 negative :", "source_modified": "2018-03-12T00:00:00Z", "pk": "2017888080", "created_published_date": "[between 1935 and 1938]", "subjects": ["United States--North Carolina--Chowan County--Edenton.", "Fireplaces.", "Moravian churches.", "Rooms & spaces.", "Paneling.", "Walls.", "Safety film negatives."]}, {"source_created": "2008-11-04T00:00:00Z", "index": 17, "medium": "1 negative : safety film ; 8 x 10 in.", "reproduction_number": "LC-DIG-csas-02400 (digital file from original negative)", "links": {"item": "https://www.loc.gov/pictures/item/2017888135/", "resource": "https://www.loc.gov/pictures/item/2017888135/resource/"}, "title": "Cupola House, Edenton, Chowan County, North Carolina", "image": {"alt": "digitized item thumbnail", "full": "https://tile.loc.gov/storage-services/service/pnp/csas/02400/02400r.jpg", "square": "https://tile.loc.gov/storage-services/service/pnp/csas/02400/02400_75x75px.jpg", "thumb": "https://tile.loc.gov/storage-services/service/pnp/csas/02400/02400_150px.jpg"}, "created": "2018-03-13T00:00:00Z", "modified": "2018-03-13T00:00:00Z", "collection": ["csas", "diof", "minload", "pp"], "creator": "Johnston, Frances Benjamin, 1864-1952", "call_number": "LC-J7-NC- 2209 [P&P]", "medium_brief": "1 negative :", "source_modified": "2018-03-12T00:00:00Z", "pk": "2017888135", "created_published_date": "1936.", "subjects": ["United States--North Carolina--Chowan County--Edenton.", "Built-in furniture.", "Paneling.", "Doors & doorways.", "Interiors.", "Safety film negatives."]}, {"source_created": "2008-11-04T00:00:00Z", "index": 18, "medium": "1 negative : safety film ; 8 x 10 in.", "reproduction_number": "LC-DIG-csas-02402 (digital file from original negative)", "links": {"item": "https://www.loc.gov/pictures/item/2017888137/", "resource": "https://www.loc.gov/pictures/item/2017888137/resource/"}, "title": "Cupola House, Edenton, Chowan County, North Carolina", "image": {"alt": "digitized item thumbnail", "full": "https://tile.loc.gov/storage-services/service/pnp/csas/02400/02402r.jpg", "square": "https://tile.loc.gov/storage-services/service/pnp/csas/02400/02402_75x75px.jpg", "thumb": "https://tile.loc.gov/storage-services/service/pnp/csas/02400/02402_150px.jpg"}, "created": "2018-03-13T00:00:00Z", "modified": "2018-03-13T00:00:00Z", "collection": ["csas", "diof", "minload", "pp"], "creator": "Johnston, Frances Benjamin, 1864-1952", "call_number": "LC-J7-NC- 2211 [P&P]", "medium_brief": "1 negative :", "source_modified": "2018-03-12T00:00:00Z", "pk": "2017888137", "created_published_date": "1936.", "subjects": ["United States--North Carolina--Chowan County--Edenton.", "Built-in furniture.", "Paneling.", "Cupboards.", "Doors & doorways.", "Interiors.", "Table settings & decorations.", "Safety film negatives."]}, {"source_created": "2008-11-04T00:00:00Z", "index": 19, "medium": "1 negative : safety film ; 8 x 10 in.", "reproduction_number": "LC-DIG-csas-06971 (digital file from original negative)", "links": {"item": "https://www.loc.gov/pictures/item/2017889451/", "resource": "https://www.loc.gov/pictures/item/2017889451/resource/"}, "title": "Drayton Hall, Charleston vic., Charleston County, South Carolina", "image": {"alt": "digitized item thumbnail", "full": "https://tile.loc.gov/storage-services/service/pnp/csas/06900/06971r.jpg", "square": "https://tile.loc.gov/storage-services/service/pnp/csas/06900/06971_75x75px.jpg", "thumb": "https://tile.loc.gov/storage-services/service/pnp/csas/06900/06971_150px.jpg"}, "created": "2018-03-13T00:00:00Z", "modified": "2018-03-13T00:00:00Z", "collection": ["csas", "diof", "minload", "pp"], "creator": "Johnston, Frances Benjamin, 1864-1952", "call_number": "LC-J7-SC- 1367-A [P&P]", "medium_brief": "1 negative :", "source_modified": "2018-03-12T00:00:00Z", "pk": "2017889451", "created_published_date": "1938.", "subjects": ["United States--South Carolina--Charleston County--Charleston vic.", "Moldings.", "Overmantels.", "Ceilings.", "Fireplaces.", "Paneling.", "Doors & doorways.", "Interiors.", "Safety film negatives."]}, {"source_created": "2008-11-04T00:00:00Z", "index": 20, "medium": "1 negative : safety film ; 8 x 10 in.", "reproduction_number": "LC-DIG-csas-03714 (digital file from original negative)", "links": {"item": "https://www.loc.gov/pictures/item/2017889453/", "resource": "https://www.loc.gov/pictures/item/2017889453/resource/"}, "title": "Drayton Hall, Charleston vic., Charleston County, South Carolina", "image": {"alt": "digitized item thumbnail", "full": "https://tile.loc.gov/storage-services/service/pnp/csas/03700/03714r.jpg", "square": "https://tile.loc.gov/storage-services/service/pnp/csas/03700/03714_75x75px.jpg", "thumb": "https://tile.loc.gov/storage-services/service/pnp/csas/03700/03714_150px.jpg"}, "created": "2018-03-13T00:00:00Z", "modified": "2018-03-13T00:00:00Z", "collection": ["csas", "diof", "minload", "pp"], "creator": "Johnston, Frances Benjamin, 1864-1952", "call_number": "LC-J7-SC- 1369 [P&P]", "medium_brief": "1 negative :", "source_modified": "2018-03-12T00:00:00Z", "pk": "2017889453", "created_published_date": "1938.", "subjects": ["United States--South Carolina--Charleston County--Charleston vic.", "Paneling.", "Balusters.", "Stairways.", "Dwellings.", "Interiors.", "Safety film negatives."]}]}