{"search": {"field": "subject", "hits": 47, "sort_order": null, "do_facets": true, "focus_item": null, "query": "Garden structures", "type": "search", "sort_by": null}, "focus": null, "views": {"current": "list", "grid": "https://www.loc.gov/pictures/search/?q=Garden+structures&fi=subject&va=exact&st=grid&op=PHRASE", "list": "https://www.loc.gov/pictures/search/?q=Garden+structures&fi=subject&op=PHRASE&va=exact", "gallery": "https://www.loc.gov/pictures/search/?q=Garden+structures&fi=subject&va=exact&st=gallery&op=PHRASE", "slideshow": "https://www.loc.gov/pictures/search/?q=Garden+structures&fi=subject&va=exact&st=slideshow&op=PHRASE"}, "facets": [{"type": "displayed", "filters": [{"count": 39, "on": "https://www.loc.gov/pictures/search/?va=exact&sp=1&q=Garden+structures&fa=displayed%3Aanywhere&fi=subject&op=PHRASE&fo=json", "selected": false, "off": "https://www.loc.gov/pictures/search/?va=exact&sp=1&q=Garden+structures&fi=subject&fo=json&op=PHRASE", "title": "Larger image available anywhere"}, {"count": 5, "on": "https://www.loc.gov/pictures/search/?va=exact&sp=1&q=Garden+structures&fa=displayed%3Alc_only&fi=subject&op=PHRASE&fo=json", "selected": false, "off": "https://www.loc.gov/pictures/search/?va=exact&sp=1&q=Garden+structures&fi=subject&fo=json&op=PHRASE", "title": "Larger image available only at the Library of Congress"}, {"count": 3, "on": "https://www.loc.gov/pictures/search/?va=exact&sp=1&q=Garden+structures&fa=displayed%3Anot_digitized&fi=subject&op=PHRASE&fo=json", "selected": false, "off": "https://www.loc.gov/pictures/search/?va=exact&sp=1&q=Garden+structures&fi=subject&fo=json&op=PHRASE", "title": "Not Digitized"}, {"count": 21, "on": "https://www.loc.gov/pictures/search/?va=exact&sp=1&q=Garden+structures&fa=displayed%3Asurveys_only&fi=subject&op=PHRASE&fo=json", "selected": false, "off": "https://www.loc.gov/pictures/search/?va=exact&sp=1&q=Garden+structures&fi=subject&fo=json&op=PHRASE", "title": "Surveys only"}], "title": "displayed"}], "links": {"json": "//www.loc.gov/pictures/search/?fi=subject&q=Garden+structures&op=PHRASE&va=exact&fo=json", "html": "//www.loc.gov/pictures/search/?fi=subject&q=Garden+structures&op=PHRASE&va=exact", "rss": "//www.loc.gov/pictures/search/?fi=subject&q=Garden+structures&op=PHRASE&va=exact&fo=rss"}, "suggestions": {"possible": []}, "pages": {"current": 1, "next": "https://www.loc.gov/pictures/search/?q=Garden+structures&fi=subject&sp=2&op=PHRASE&va=exact", "perpage": 20, "last": "https://www.loc.gov/pictures/search/?q=Garden+structures&fi=subject&sp=3&op=PHRASE&va=exact", "page_list": [{"url": null, "number": 1}, {"url": "https://www.loc.gov/pictures/search/?q=Garden+structures&fi=subject&sp=2&op=PHRASE&va=exact", "number": 2}, {"url": "https://www.loc.gov/pictures/search/?q=Garden+structures&fi=subject&sp=3&op=PHRASE&va=exact", "number": 3}], "previous": null, "total": 3, "results": "1 - 20", "first": null}, "collection": null, "results": [{"source_created": "1978-04-18T00:00:00Z", "index": 1, "medium": "19, [1] p., 50 leaves of plates : chiefly ill. (incl. plans, 1 folded) ; 27 cm. (4to)", "reproduction_number": "", "links": {"item": "https://www.loc.gov/pictures/item/09028687/", "resource": null}, "title": "Original designs of temples, and other ornamental buildings for parks and gardens, in the Greek, Roman, and Gothic taste /", "image": {"alt": "item not digitized thumbnail", "full": "https://www.loc.gov/pictures/static/images/item/500x500_notdigitized.png", "square": "https://www.loc.gov/pictures/static/images/item/not_digitized_buttons75X75.png", "thumb": "https://www.loc.gov/pictures/static/images/item/notdigitized_buttons140X120.png"}, "created": "2016-04-20T00:00:00Z", "modified": "2016-04-20T00:00:00Z", "collection": ["casebk", "pp"], "creator": "Overton, Thomas Collins.", "call_number": "NA8450 .O9 (Case X) [P&P]", "medium_brief": "19, [1] p., 50 leaves of plates :", "source_modified": "2001-05-25T00:00:00Z", "pk": "09028687", "created_published_date": "1766.", "subjects": ["Architecture, Domestic--England--Designs and plans--Early works to 1800.", "Landscape architecture--Great Britain--Designs and plans--Early works to 1800.", "Garden structures--England--Designs and plans--Early works to 1800."]}, {"source_created": "2004-12-02T00:00:00Z", "index": 2, "medium": "1 drawing : color pencil and charcoal.", "reproduction_number": "LC-USZC4-11106 (color film copy transparency)", "links": {"item": "https://www.loc.gov/pictures/item/2004667926/", "resource": "https://www.loc.gov/pictures/item/2004667926/resource/"}, "title": "The \"School House,\" Mount Vernon garden, 1918", "image": {"alt": "digitized item thumbnail", "full": "https://tile.loc.gov/storage-services/service/pnp/cph/3g10000/3g11000/3g11100/3g11106_150px.jpg", "square": "https://tile.loc.gov/storage-services/service/pnp/cph/3g10000/3g11000/3g11100/3g11106_75x75px.jpg", "thumb": "https://tile.loc.gov/storage-services/service/pnp/cph/3g10000/3g11000/3g11100/3g11106_150px.jpg"}, "created": "2016-04-20T00:00:00Z", "modified": "2016-04-20T00:00:00Z", "collection": ["cph", "pp"], "creator": "Dickinson, Robert Latou, 1861-1950", "call_number": "LOT 3425 [item] [P&P]", "medium_brief": "1 drawing :", "source_modified": "2005-01-10T00:00:00Z", "pk": "2004667926", "created_published_date": "1918.", "subjects": ["Garden structures--Virginia--Mount Vernon--1910-1920.", "Gardens--Virginia--Mount Vernon--1910-1920.", "Mount Vernon (Va. : Estate)--1910-1920.", "Charcoal drawings--1910-1920.", "Pencil works--1910-1920."]}, {"source_created": "2007-09-18T00:00:00Z", "index": 3, "medium": "1 photograph : glass lantern slide, hand-colored ; 3.25 x 4 in.", "reproduction_number": "LC-DIG-ppmsca-16001 (digital file from original item)", "links": {"item": "https://www.loc.gov/pictures/item/2007684851/", "resource": "https://www.loc.gov/pictures/item/2007684851/resource/"}, "title": "[Mrs. Francis Lemoine Loring house, 700 South San Rafael Avenue, San Rafael Heights, Pasadena, California. Flower garden]", "image": {"alt": "digitized item thumbnail", "full": "https://tile.loc.gov/storage-services/service/pnp/ppmsca/16000/16001r.jpg", "square": "https://tile.loc.gov/storage-services/service/pnp/ppmsca/16000/16001_75x75px.jpg", "thumb": "https://tile.loc.gov/storage-services/service/pnp/ppmsca/16000/16001_150px.jpg"}, "created": "2016-04-20T00:00:00Z", "modified": "2016-04-20T00:00:00Z", "collection": ["diof", "fbj", "flickrj71701", "pp"], "creator": "Johnston, Frances Benjamin, 1864-1952", "call_number": "LC-J717-X97- 2 [P&P]", "medium_brief": "1 photograph :", "source_modified": "2012-04-14T00:00:00Z", "pk": "2007684851", "created_published_date": "[1917 spring]", "subjects": ["Fountains--California--Pasadena--1910-1920.", "Gardens--California--Pasadena--1910-1920.", "Garden structures--California--Pasadena--1910-1920.", "Lantern slides--Hand-colored--1910-1920."]}, {"source_created": "2007-10-01T00:00:00Z", "index": 4, "medium": "1 photograph : glass lantern slide, hand-colored ; 3.25 x 4 in.", "reproduction_number": "LC-DIG-ppmsca-16085 (digital file from original item)", "links": {"item": "https://www.loc.gov/pictures/item/2007685011/", "resource": "https://www.loc.gov/pictures/item/2007685011/resource/"}, "title": "[\"Arcady,\" George Owen Knapp house, Sycamore Canyon Road, Montecito, California. Lower garden, pool house]", "image": {"alt": "digitized item thumbnail", "full": "https://tile.loc.gov/storage-services/service/pnp/ppmsca/16000/16085r.jpg", "square": "https://tile.loc.gov/storage-services/service/pnp/ppmsca/16000/16085_75x75px.jpg", "thumb": "https://tile.loc.gov/storage-services/service/pnp/ppmsca/16000/16085_150px.jpg"}, "created": "2016-04-20T00:00:00Z", "modified": "2016-04-20T00:00:00Z", "collection": ["diof", "fbj", "flickrj71701", "pp"], "creator": "Johnston, Frances Benjamin, 1864-1952", "call_number": "LC-J717-X98- 11 [P&P]", "medium_brief": "1 photograph :", "source_modified": "2012-04-14T00:00:00Z", "pk": "2007685011", "created_published_date": "[1917 spring]", "subjects": ["Gardens--California--Montecito--1910-1920.", "Swimming pools--California--Montecito--1910-1920.", "Garden structures--California--Montecito--1910-1920.", "Lantern slides--Hand-colored--1910-1920."]}, {"source_created": "2008-05-05T00:00:00Z", "index": 5, "medium": "1 photograph : glass lantern slide, hand-colored ; 3.25 x 4 in.", "reproduction_number": "LC-DIG-ppmsca-16804 (digital file from original item)", "links": {"item": "https://www.loc.gov/pictures/item/2008675704/", "resource": "https://www.loc.gov/pictures/item/2008675704/resource/"}, "title": "[\"Indian Ridge,\" Dr. Francis Bishop Harrington house, 166 Argilla Road, Ipswich, Massachusetts. Flower border]", "image": {"alt": "digitized item thumbnail", "full": "https://tile.loc.gov/storage-services/service/pnp/ppmsca/16800/16804r.jpg", "square": "https://tile.loc.gov/storage-services/service/pnp/ppmsca/16800/16804_75x75px.jpg", "thumb": "https://tile.loc.gov/storage-services/service/pnp/ppmsca/16800/16804_150px.jpg"}, "created": "2016-04-20T00:00:00Z", "modified": "2016-04-20T00:00:00Z", "collection": ["diof", "fbj", "flickrj71707", "pp"], "creator": "Johnston, Frances Benjamin, 1864-1952", "call_number": "LC-J717-X108- 77 [P&P]", "medium_brief": "1 photograph :", "source_modified": "2012-07-30T00:00:00Z", "pk": "2008675704", "created_published_date": "[1926]", "subjects": ["Gardens--Massachusetts--Ipswich--1920-1930.", "Garden structures--Massachusetts--Ipswich--1920-1930.", "Flowers--Massachusetts--Ipswich--1920-1930.", "Lantern slides--Hand-colored--1920-1930."]}, {"source_created": "2008-05-02T00:00:00Z", "index": 6, "medium": "1 photograph : glass lantern slide, hand-colored ; 3.25 x 4 in.", "reproduction_number": "LC-DIG-ppmsca-16781 (digital file from original item)", "links": {"item": "https://www.loc.gov/pictures/item/2008676081/", "resource": "https://www.loc.gov/pictures/item/2008676081/resource/"}, "title": "[\"Drumthwacket,\" Moses Taylor Pyne house, 354 Stockton Road, Princeton, New Jersey. Temple at upper pond]", "image": {"alt": "digitized item thumbnail", "full": "https://tile.loc.gov/storage-services/service/pnp/ppmsca/16700/16781r.jpg", "square": "https://tile.loc.gov/storage-services/service/pnp/ppmsca/16700/16781_75x75px.jpg", "thumb": "https://tile.loc.gov/storage-services/service/pnp/ppmsca/16700/16781_150px.jpg"}, "created": "2016-04-20T00:00:00Z", "modified": "2016-04-20T00:00:00Z", "collection": ["diof", "fbj", "flickrj71707", "pp"], "creator": "Johnston, Frances Benjamin, 1864-1952", "call_number": "LC-J717-X108- 54 [P&P]", "medium_brief": "1 photograph :", "source_modified": "2012-07-30T00:00:00Z", "pk": "2008676081", "created_published_date": "[1911 ]", "subjects": ["Gardens--New Jersey--Princeton--1910-1920.", "Garden structures--New Jersey--Princeton--1910-1920.", "Lakes & ponds--New Jersey--Princeton--1910-1920.", "Lantern slides--Hand-colored--1910-1920."]}, {"source_created": "2008-08-18T00:00:00Z", "index": 7, "medium": "1 photograph : glass lantern slide, b&w ; 3.25 x 4 in.", "reproduction_number": "LC-DIG-ppmsca-21841 (digital file from original item)", "links": {"item": "https://www.loc.gov/pictures/item/2008680041/", "resource": "https://www.loc.gov/pictures/item/2008680041/resource/"}, "title": "[\"Indian Ridge,\" Dr. Francis Bishop Harrington house, 166 Argilla Road, Ipswich, Massachusetts. Garden seat]", "image": {"alt": "digitized item thumbnail", "full": "https://tile.loc.gov/storage-services/service/pnp/ppmsca/21800/21841r.jpg", "square": "https://tile.loc.gov/storage-services/service/pnp/ppmsca/21800/21841_75x75px.jpg", "thumb": "https://tile.loc.gov/storage-services/service/pnp/ppmsca/21800/21841_150px.jpg"}, "created": "2016-04-20T00:00:00Z", "modified": "2016-04-20T00:00:00Z", "collection": ["diof", "fbj", "pp"], "creator": "Johnston, Frances Benjamin, 1864-1952", "call_number": "LC-J717-X110- 136 [P&P]", "medium_brief": "1 photograph :", "source_modified": "2012-05-21T00:00:00Z", "pk": "2008680041", "created_published_date": "[1926]", "subjects": ["Gardens--Massachusetts--Ipswich--1920-1930.", "Garden structures--Massachusetts--Ipswich--1920-1930.", "Flowers--Massachusetts--Ipswich--1920-1930.", "Lantern slides--1920-1930."]}, {"source_created": "2013-04-01T00:00:00Z", "index": 8, "medium": "1 photographic print.", "reproduction_number": "LC-DIG-ds-03588 (digital file from original item)", "links": {"item": "https://www.loc.gov/pictures/item/2013645818/", "resource": "https://www.loc.gov/pictures/item/2013645818/resource/"}, "title": "Another inside of above", "image": {"alt": "digitized item thumbnail", "full": "https://tile.loc.gov/storage-services/service/pnp/ds/03500/03588r.jpg", "square": "https://tile.loc.gov/storage-services/service/pnp/ds/03500/03588_75x75px.jpg", "thumb": "https://tile.loc.gov/storage-services/service/pnp/ds/03500/03588_150px.jpg"}, "created": "2016-04-20T00:00:00Z", "modified": "2016-04-20T00:00:00Z", "collection": ["cph", "diof", "pp"], "creator": "Liang, Shitai", "call_number": "LOT 9969, p. 21 [P&P]", "medium_brief": "1 photographic print.", "source_modified": "2013-04-01T00:00:00Z", "pk": "2013645818", "created_published_date": "[1888]", "subjects": ["I-huan,--prince Ch\u02bbun,--1840-1891--Homes & haunts--China--Beijing.", "Garden structures--China--Beijing--1880-1890.", "Rock gardens--China--Beijing--1880-1890.", "Photographic prints--1800-1890."]}, {"source_created": "2016-01-29T00:00:00Z", "index": 9, "medium": "1 drawing on cream paper : graphite ; sheet 16 x 14 cm.", "reproduction_number": "LC-DIG-ppmsca-40100 (digital file from original drawing, recto)\nLC-DIG-ppmsca-40101 (digital file from original drawing, verso)", "links": {"item": "https://www.loc.gov/pictures/item/2016645571/", "resource": "https://www.loc.gov/pictures/item/2016645571/resource/"}, "title": "Temple in Pratt's garden on the Schuylkill", "image": {"alt": "digitized item thumbnail", "full": "https://tile.loc.gov/storage-services/service/pnp/ppmsca/40100/40100r.jpg", "square": "https://tile.loc.gov/storage-services/service/pnp/ppmsca/40100/40100_75x75px.jpg", "thumb": "https://tile.loc.gov/storage-services/service/pnp/ppmsca/40100/40100_150px.jpg"}, "created": "2016-04-20T00:00:00Z", "modified": "2016-04-20T00:00:00Z", "collection": ["diof", "drwg", "pp"], "creator": "Queen, James Fuller, 1820 or 1821-1886", "call_number": "DRWG/US - Queen (J.F.), no. 28 (AA size) [P&P]", "medium_brief": "1 drawing on cream paper :", "source_modified": "2016-01-29T00:00:00Z", "pk": "2016645571", "created_published_date": "1840.", "subjects": ["Pratt, Henry,--1761-1838--Homes & haunts.", "Garden structures--Pennsylvania--Philadelphia--1840.", "Observation towers--Pennsylvania--Philadelphia--1840.", "Graphite drawings--American--1840.", "Landscapes (Representations)--1840.", "Sketches--1840."]}, {"source_created": "2007-10-22T00:00:00Z", "index": 10, "medium": "1 photograph : glass lantern slide, hand-colored ; 3.25 x 4 in.", "reproduction_number": "LC-DIG-ppmsca-16227 (digital file from original item)", "links": {"item": "https://www.loc.gov/pictures/item/2007685918/", "resource": "https://www.loc.gov/pictures/item/2007685918/resource/"}, "title": "[\"Mariemont,\" Thomas Josephus Emery house, 386 Greenwood Ave., Middletown, Rhode Island. View from summer house]", "image": {"alt": "digitized item thumbnail", "full": "https://tile.loc.gov/storage-services/service/pnp/ppmsca/16200/16227r.jpg", "square": "https://tile.loc.gov/storage-services/service/pnp/ppmsca/16200/16227_75x75px.jpg", "thumb": "https://tile.loc.gov/storage-services/service/pnp/ppmsca/16200/16227_150px.jpg"}, "created": "2016-04-21T00:00:00Z", "modified": "2016-04-21T00:00:00Z", "collection": ["diof", "fbj", "flickrj71703", "pp"], "creator": "Johnston, Frances Benjamin, 1864-1952", "call_number": "LC-J717-X100- 18 [P&P]", "medium_brief": "1 photograph :", "source_modified": "2015-06-01T00:00:00Z", "pk": "2007685918", "created_published_date": "[1914 summer]", "subjects": ["Gardens--Rhode Island--Middletown--1910-1920.", "Gardens--Rhode Island--Middletown--1910-1920.", "Garden structures--Rhode Island--Middletown--1910-1920.", "Lantern slides--Hand-colored--1910-1920."]}, {"source_created": "1991-08-07T00:00:00Z", "index": 11, "medium": "1 photographic print.", "reproduction_number": "LC-USZ62-103437 (b&w film copy neg.)", "links": {"item": "https://www.loc.gov/pictures/item/91784404/", "resource": "https://www.loc.gov/pictures/item/91784404/resource/"}, "title": "Vienna. Palace of Sch\u00f6nbrun[n]. Garden", "image": {"alt": "digitized item thumbnail", "full": "https://tile.loc.gov/storage-services/service/pnp/cph/3c00000/3c03000/3c03400/3c03437r.jpg", "square": "https://tile.loc.gov/storage-services/service/pnp/cph/3c00000/3c03000/3c03400/3c03437_75x75px.jpg", "thumb": "https://tile.loc.gov/storage-services/service/pnp/cph/3c00000/3c03000/3c03400/3c03437_150px.jpg"}, "created": "2016-04-21T00:00:00Z", "modified": "2016-04-21T00:00:00Z", "collection": ["cph", "diof", "pp"], "creator": null, "call_number": "LOT 7742, p. 145 <item> [P&P]", "medium_brief": "1 photographic print.", "source_modified": "2010-12-28T00:00:00Z", "pk": "91784404", "created_published_date": "[between 1860 and 1890]", "subjects": ["Sch\u00f6nbrunn (Vienna, Austria)", "Garden structures--Austria--Vienna--1860-1890.", "Photographic prints--1860-1890."]}, {"source_created": "1970-01-01T00:00:00Z", "index": 12, "medium": "12", "reproduction_number": null, "links": {"item": "https://www.loc.gov/pictures/item/de0517/", "resource": null}, "title": "Corbit-Sharp House, Main and Second Streets, Odessa, New Castle County, DE", "image": {"alt": "habs/haer thumbnail", "full": "https://www.loc.gov/pictures/static/images/item/500x500_HABS.png", "square": "https://www.loc.gov/pictures/static/images/item/HABS_buttons75X75.png", "thumb": "https://www.loc.gov/pictures/static/images/item/habs_thumb_large.jpg"}, "created": "2016-04-18T00:00:00Z", "modified": "2016-04-18T00:00:00Z", "collection": ["diof", "hh", "survey"], "creator": "Historic American Landscapes Survey", "call_number": "HALS DE-1", "medium_brief": "Data Page(s): 12", "source_modified": "2016-04-18T00:00:00Z", "pk": "de0517", "created_published_date": "Documentation compiled after 2000", "subjects": ["Colonial architectural elements", "colonial revival", "Georgian architectural elements", "formal gardens", "boxwood gardens", "garden structures", "public gardens", "residential gardens", "kitchen gardens", "herb gardens", "historic house museums", "underground railroad system", "smokehouses"]}, {"source_created": "2017-04-24T00:00:00Z", "index": 13, "medium": "1 photograph : albumen print on card mount  ; mount 8 x 17 cm (stereograph format)", "reproduction_number": "LC-DIG-stereo-1s05596 (digital file from front of original item)\nLC-DIG-stereo-2s05596 (digital file from back of original item)", "links": {"item": "https://www.loc.gov/pictures/item/2017647895/", "resource": "https://www.loc.gov/pictures/item/2017647895/resource/"}, "title": "Table Rock and part of Horse Shoe Falls [Niagara]", "image": {"alt": "digitized item thumbnail", "full": "https://tile.loc.gov/storage-services/service/pnp/stereo/1s00000/1s05000/1s05500/1s05596r.jpg", "square": "https://tile.loc.gov/storage-services/service/pnp/stereo/1s00000/1s05000/1s05500/1s05596_75x75px.jpg", "thumb": "https://tile.loc.gov/storage-services/service/pnp/stereo/1s00000/1s05000/1s05500/1s05596_150px.jpg"}, "created": "2017-05-23T00:00:00Z", "modified": "2017-05-23T00:00:00Z", "collection": ["diof", "pp", "stereo"], "creator": "Stacy, George", "call_number": "LOT 14165, no. 17 [P&P]", "medium_brief": "1 photograph :", "source_modified": "2017-05-17T00:00:00Z", "pk": "2017647895", "created_published_date": "[between 1860 and ca. 1865]", "subjects": ["Waterfalls--Ontario--Niagara Falls--1860-1870.", "Rock formations--Ontario--Niagara Falls--1860-1870.", "Garden structures--Ontario--Niagara Falls--1860-1870.", "Niagara Falls (N.Y. and Ont.)--1860-1870.", "Albumen prints--1860-1870.", "Stereographs--1860-1870."]}, {"source_created": "2017-06-02T00:00:00Z", "index": 14, "medium": "1 photograph : albumen print on card mount  ; mount 8 x 17 cm (stereograph format)", "reproduction_number": "LC-DIG-stereo-1s05753 (digital file from front of original item)\nLC-DIG-stereo-2s05753 (digital file from back of original item)", "links": {"item": "https://www.loc.gov/pictures/item/2017657299/", "resource": "https://www.loc.gov/pictures/item/2017657299/resource/"}, "title": "Prince of Wales arch, Niagara", "image": {"alt": "digitized item thumbnail", "full": "https://tile.loc.gov/storage-services/service/pnp/stereo/1s00000/1s05000/1s05700/1s05753r.jpg", "square": "https://tile.loc.gov/storage-services/service/pnp/stereo/1s00000/1s05000/1s05700/1s05753_75x75px.jpg", "thumb": "https://tile.loc.gov/storage-services/service/pnp/stereo/1s00000/1s05000/1s05700/1s05753_150px.jpg"}, "created": "2017-06-06T00:00:00Z", "modified": "2017-06-06T00:00:00Z", "collection": ["diof", "pp", "stereo"], "creator": "Stacy, George", "call_number": "LOT 14165, no. 167 [P&P]", "medium_brief": "1 photograph :", "source_modified": "2017-06-02T00:00:00Z", "pk": "2017657299", "created_published_date": "[ca. 1860]", "subjects": ["Hotels--Ontario--Niagara Falls--1860.", "Garden structures--Ontario--Niagara Falls--1860.", "Arches--Ontario--Niagara Falls--1860.", "Niagara Falls (N.Y. and Ont.)--1860.", "Albumen prints--1860.", "Stereographs--1860."]}, {"source_created": "2016-12-22T00:00:00Z", "index": 15, "medium": "1 photograph : albumen print on card mount  ; mount 10 x 6 cm (carte de visite format)", "reproduction_number": "LC-DIG-ppmsca-51490 (digital file from front of original item)", "links": {"item": "https://www.loc.gov/pictures/item/2016653328/", "resource": "https://www.loc.gov/pictures/item/2016653328/resource/"}, "title": "[\"Prince of Wales Arch,\" Table Rock, Niagara Falls, Ontario, Canada]", "image": {"alt": "digitized item thumbnail", "full": "https://tile.loc.gov/storage-services/service/pnp/ppmsca/51400/51490r.jpg", "square": "https://tile.loc.gov/storage-services/service/pnp/ppmsca/51400/51490_75x75px.jpg", "thumb": "https://tile.loc.gov/storage-services/service/pnp/ppmsca/51400/51490_150px.jpg"}, "created": "2017-06-20T00:00:00Z", "modified": "2017-06-20T00:00:00Z", "collection": ["cph", "diof", "pp"], "creator": null, "call_number": "LOT 14156, no. 122 [P&P]", "medium_brief": "1 photograph :", "source_modified": "2017-06-02T00:00:00Z", "pk": "2016653328", "created_published_date": "[Canada?], [ca. 1860?]", "subjects": ["Garden structures--Ontario--Niagara Falls--1860.", "Arches--Ontario--Niagara Falls--1860.", "Niagara Falls (N.Y. and Ont.)--1860.", "Albumen prints--1860.", "Cartes de visite--1860."]}, {"source_created": "2018-01-31T00:00:00Z", "index": 16, "medium": "1 photograph : print on card mount ; mount 9 x 18 cm (stereograph format)", "reproduction_number": "LC-DIG-stereo-1s10782 (digital file from original, front)\nLC-DIG-stereo-2s10782 (digital file from original, back)", "links": {"item": "https://www.loc.gov/pictures/item/2018646858/", "resource": "https://www.loc.gov/pictures/item/2018646858/resource/"}, "title": "The mammoth grape vine at Santa Barbara, Cal.", "image": {"alt": "digitized item thumbnail", "full": "https://tile.loc.gov/storage-services/service/pnp/stereo/1s10000/1s10000/1s10700/1s10782r.jpg", "square": "https://tile.loc.gov/storage-services/service/pnp/stereo/1s10000/1s10000/1s10700/1s10782_75x75px.jpg", "thumb": "https://tile.loc.gov/storage-services/service/pnp/stereo/1s10000/1s10000/1s10700/1s10782_150px.jpg"}, "created": "2018-02-06T00:00:00Z", "modified": "2018-02-06T00:00:00Z", "collection": ["diof", "pp", "stereo"], "creator": "Hayward & Muzzall", "call_number": "STEREO U.S. GEOG FILE - California -- Santa Barbara [item] [P&P]", "medium_brief": "1 photograph :", "source_modified": "2018-01-31T00:00:00Z", "pk": "2018646858", "created_published_date": "[between 1900 and 1910].", "subjects": ["Garden structures--California--Santa Barbara--1900-1910.", "Santa Barbara (California)--1900-1910.", "Photographic prints--1900-1910.", "Stereographs--1900-1910."]}, {"source_created": "2018-01-31T00:00:00Z", "index": 17, "medium": "1 photograph : print on card mount ; mount 9 x 18 cm (stereograph format)", "reproduction_number": "LC-DIG-stereo-1s10783 (digital file from original)", "links": {"item": "https://www.loc.gov/pictures/item/2018646859/", "resource": "https://www.loc.gov/pictures/item/2018646859/resource/"}, "title": "[The \"Big Grape Vine\" at Santa Barbara, California]", "image": {"alt": "digitized item thumbnail", "full": "https://tile.loc.gov/storage-services/service/pnp/stereo/1s10000/1s10000/1s10700/1s10783r.jpg", "square": "https://tile.loc.gov/storage-services/service/pnp/stereo/1s10000/1s10000/1s10700/1s10783_75x75px.jpg", "thumb": "https://tile.loc.gov/storage-services/service/pnp/stereo/1s10000/1s10000/1s10700/1s10783_150px.jpg"}, "created": "2018-02-06T00:00:00Z", "modified": "2018-02-06T00:00:00Z", "collection": ["diof", "pp", "stereo"], "creator": "Hayward & Muzzall", "call_number": "STEREO U.S. GEOG FILE - California -- Santa Barbara [item] [P&P]", "medium_brief": "1 photograph :", "source_modified": "2018-01-31T00:00:00Z", "pk": "2018646859", "created_published_date": "[between 1900 and 1910].", "subjects": ["Garden structures--California--Santa Barbara--1900-1910.", "Vines--California--Santa Barbara--1900-1910.", "Santa Barbara (California)--1900-1910.", "Photographic prints--1900-1910.", "Stereographs--1900-1910."]}, {"source_created": "2017-04-24T00:00:00Z", "index": 18, "medium": "1 photograph : print on card mount ; mount 9 x 18 cm (stereograph format)", "reproduction_number": "LC-DIG-stereo-1s07122 (digital file from original)", "links": {"item": "https://www.loc.gov/pictures/item/2017656544/", "resource": "https://www.loc.gov/pictures/item/2017656544/resource/"}, "title": "A quiet spot in Central Park", "image": {"alt": "digitized item thumbnail", "full": "https://tile.loc.gov/storage-services/service/pnp/stereo/1s00000/1s07000/1s07100/1s07122r.jpg", "square": "https://tile.loc.gov/storage-services/service/pnp/stereo/1s00000/1s07000/1s07100/1s07122_75x75px.jpg", "thumb": "https://tile.loc.gov/storage-services/service/pnp/stereo/1s00000/1s07000/1s07100/1s07122_150px.jpg"}, "created": "2018-03-06T00:00:00Z", "modified": "2018-03-06T00:00:00Z", "collection": ["diof", "pp", "stereo"], "creator": "Stereo-Travel Co.", "call_number": "STEREO U.S. GEOG FILE - New York -- New York City -- Central Park -- Miscellaneous [item] [P&P]", "medium_brief": "1 photograph :", "source_modified": "2018-02-27T00:00:00Z", "pk": "2017656544", "created_published_date": "1909.", "subjects": ["Garden structures--New York (State)--New York--1900-1910.", "Parks--New York (State)--New York--1900-1910.", "Central Park (New York, N.Y.)--1900-1910.", "Photographic prints--1900-1910.", "Stereographs--1900-1910."]}, {"source_created": "2018-01-31T00:00:00Z", "index": 19, "medium": "1 photograph : digital, tiff file, color.", "reproduction_number": "LC-DIG-highsm-46341 (original digital file)", "links": {"item": "https://www.loc.gov/pictures/item/2017883089/", "resource": "https://www.loc.gov/pictures/item/2017883089/resource/"}, "title": "The Bibby & Harold Alfond Children's Garden at the Coastal Maine Botanical Gardens in Boothbay, Maine, a 270-acre garden on more than a mile of Boothbay Harbor waterfront. After 16 years of planning, building and planting, the gardens opened to the public in 2007", "image": {"alt": "digitized item thumbnail", "full": "https://tile.loc.gov/storage-services/service/pnp/highsm/46300/46341r.jpg", "square": "https://tile.loc.gov/storage-services/service/pnp/highsm/46300/46341_75x75px.jpg", "thumb": "https://tile.loc.gov/storage-services/service/pnp/highsm/46300/46341_150px.jpg"}, "created": "2018-03-27T00:00:00Z", "modified": "2018-03-27T00:00:00Z", "collection": ["diof", "highsm", "minload", "pp"], "creator": "Highsmith, Carol M., 1946-", "call_number": "LC-DIG-highsm- 46341 (ONLINE) [P&P]", "medium_brief": "1 photograph :", "source_modified": "2018-03-22T00:00:00Z", "pk": "2017883089", "created_published_date": "2017-10-07.", "subjects": ["United States--Maine--Boothbay.", "America", "Coastal Maine Botanical Gardens", "botanical gardens", "Bibby & Harold Alfond Children's Garden", "garden structures", "Digital photographs--Color--2010-2020."]}, {"source_created": "1970-01-01T00:00:00Z", "index": 20, "medium": "18", "reproduction_number": null, "links": {"item": "https://www.loc.gov/pictures/item/va2248/", "resource": null}, "title": "Anne Spencer Garden, 1313 Pierce Street, Lynchburg, Lynchburg, VA", "image": {"alt": "habs/haer thumbnail", "full": "https://www.loc.gov/pictures/static/images/item/500x500_HABS.png", "square": "https://www.loc.gov/pictures/static/images/item/HABS_buttons75X75.png", "thumb": "https://www.loc.gov/pictures/static/images/item/habs_thumb_large.jpg"}, "created": "2018-05-17T00:00:00Z", "modified": "2018-05-17T00:00:00Z", "collection": ["diof", "hh", "survey"], "creator": "Historic American Landscapes Survey", "call_number": "HALS VA-59", "medium_brief": "Data Page(s): 18", "source_modified": "2018-05-17T00:00:00Z", "pk": "va2248", "created_published_date": "Documentation compiled after 2000", "subjects": ["ponds", "fountains", "pergolas", "African Americans", "cottages", "poets", "gardens", "garden structures", "residential gardens", "brick footpaths", "grape arbors", "gravel footpaths", "concrete walkways", "driveways", "boxwood gardens", "women"]}]}