{"search": {"field": "subject", "hits": 1, "sort_order": null, "do_facets": true, "focus_item": null, "query": "Pickerel", "type": "search", "sort_by": null}, "focus": null, "views": {"current": "list", "grid": "https://www.loc.gov/pictures/search/?q=Pickerel&fi=subject&va=exact&st=grid&op=PHRASE", "list": "https://www.loc.gov/pictures/search/?q=Pickerel&fi=subject&op=PHRASE&va=exact", "gallery": "https://www.loc.gov/pictures/search/?q=Pickerel&fi=subject&va=exact&st=gallery&op=PHRASE", "slideshow": "https://www.loc.gov/pictures/search/?q=Pickerel&fi=subject&va=exact&st=slideshow&op=PHRASE"}, "facets": [{"type": "displayed", "filters": [{"count": 1, "on": "https://www.loc.gov/pictures/search/?va=exact&sp=1&q=Pickerel&fa=displayed%3Aanywhere&fi=subject&op=PHRASE&fo=json", "selected": false, "off": "https://www.loc.gov/pictures/search/?va=exact&sp=1&q=Pickerel&fi=subject&fo=json&op=PHRASE", "title": "Larger image available anywhere"}, {"count": 0, "on": "https://www.loc.gov/pictures/search/?va=exact&sp=1&q=Pickerel&fa=displayed%3Alc_only&fi=subject&op=PHRASE&fo=json", "selected": false, "off": "https://www.loc.gov/pictures/search/?va=exact&sp=1&q=Pickerel&fi=subject&fo=json&op=PHRASE", "title": "Larger image available only at the Library of Congress"}, {"count": 0, "on": "https://www.loc.gov/pictures/search/?va=exact&sp=1&q=Pickerel&fa=displayed%3Anot_digitized&fi=subject&op=PHRASE&fo=json", "selected": false, "off": "https://www.loc.gov/pictures/search/?va=exact&sp=1&q=Pickerel&fi=subject&fo=json&op=PHRASE", "title": "Not Digitized"}], "title": "displayed"}], "links": {"json": "//www.loc.gov/pictures/search/?fi=subject&q=Pickerel&op=PHRASE&va=exact&fo=json", "html": "//www.loc.gov/pictures/search/?fi=subject&q=Pickerel&op=PHRASE&va=exact", "rss": "//www.loc.gov/pictures/search/?fi=subject&q=Pickerel&op=PHRASE&va=exact&fo=rss"}, "suggestions": {"possible": []}, "pages": {"current": 1, "next": null, "perpage": 20, "last": null, "page_list": [{"url": null, "number": 1}], "previous": null, "total": 1, "results": "1 - 1", "first": null}, "collection": null, "results": [{"source_created": "2002-02-12T00:00:00Z", "index": 1, "medium": "1 print : lithograph ; sheet 32.6 x 43.3 cm.", "reproduction_number": "LC-DIG-pga-10158 (digital file from original print)\nLC-USZ62-8292 (b&w film copy neg.)", "links": {"item": "https://www.loc.gov/pictures/item/2002698841/", "resource": "https://www.loc.gov/pictures/item/2002698841/resource/"}, "title": "Winter sports - pickerel fishing", "image": {"alt": "digitized item thumbnail", "full": "https://tile.loc.gov/storage-services/service/pnp/pga/10100/10158r.jpg", "square": "https://tile.loc.gov/storage-services/service/pnp/pga/10100/10158_75x75px.jpg", "thumb": "https://tile.loc.gov/storage-services/service/pnp/pga/10100/10158_150px.jpg"}, "created": "2017-08-22T00:00:00Z", "modified": "2017-08-22T00:00:00Z", "collection": ["diof", "pga", "pp"], "creator": "Currier & Ives.", "call_number": "PGA - Currier & Ives--Winter sports ... (A size) [P&P]", "medium_brief": "1 print :", "source_modified": "2017-08-08T00:00:00Z", "pk": "2002698841", "created_published_date": "[1872]", "subjects": ["Winter--1870-1880.", "Snow--1870-1880.", "Country life--1870-1880.", "Lakes & ponds--1870-1880.", "Ice fishing--1870-1880.", "Ice skating--1870-1880.", "Pickerel--1870-1880.", "Chisels & mallets--1870-1880.", "Men--Sports--1870-1880.", "Lithographs--1870-1880."]}]}