{"search": {"field": "subject", "hits": 26, "sort_order": null, "do_facets": true, "focus_item": null, "query": "Coconuts", "type": "search", "sort_by": null}, "focus": null, "views": {"current": "list", "grid": "https://www.loc.gov/pictures/search/?q=Coconuts&fi=subject&va=exact&st=grid&op=PHRASE", "list": "https://www.loc.gov/pictures/search/?q=Coconuts&fi=subject&op=PHRASE&va=exact", "gallery": "https://www.loc.gov/pictures/search/?q=Coconuts&fi=subject&va=exact&st=gallery&op=PHRASE", "slideshow": "https://www.loc.gov/pictures/search/?q=Coconuts&fi=subject&va=exact&st=slideshow&op=PHRASE"}, "facets": [{"type": "displayed", "filters": [{"count": 21, "on": "https://www.loc.gov/pictures/search/?va=exact&sp=1&q=Coconuts&fa=displayed%3Aanywhere&fi=subject&op=PHRASE&fo=json", "selected": false, "off": "https://www.loc.gov/pictures/search/?va=exact&sp=1&q=Coconuts&fi=subject&fo=json&op=PHRASE", "title": "Larger image available anywhere"}, {"count": 3, "on": "https://www.loc.gov/pictures/search/?va=exact&sp=1&q=Coconuts&fa=displayed%3Alc_only&fi=subject&op=PHRASE&fo=json", "selected": false, "off": "https://www.loc.gov/pictures/search/?va=exact&sp=1&q=Coconuts&fi=subject&fo=json&op=PHRASE", "title": "Larger image available only at the Library of Congress"}, {"count": 2, "on": "https://www.loc.gov/pictures/search/?va=exact&sp=1&q=Coconuts&fa=displayed%3Anot_digitized&fi=subject&op=PHRASE&fo=json", "selected": false, "off": "https://www.loc.gov/pictures/search/?va=exact&sp=1&q=Coconuts&fi=subject&fo=json&op=PHRASE", "title": "Not Digitized"}], "title": "displayed"}], "links": {"json": "//www.loc.gov/pictures/search/?fi=subject&q=Coconuts&op=PHRASE&va=exact&fo=json", "html": "//www.loc.gov/pictures/search/?fi=subject&q=Coconuts&op=PHRASE&va=exact", "rss": "//www.loc.gov/pictures/search/?fi=subject&q=Coconuts&op=PHRASE&va=exact&fo=rss"}, "suggestions": {"possible": []}, "pages": {"current": 1, "next": "https://www.loc.gov/pictures/search/?q=Coconuts&fi=subject&sp=2&op=PHRASE&va=exact", "perpage": 20, "last": "https://www.loc.gov/pictures/search/?q=Coconuts&fi=subject&sp=2&op=PHRASE&va=exact", "page_list": [{"url": null, "number": 1}, {"url": "https://www.loc.gov/pictures/search/?q=Coconuts&fi=subject&sp=2&op=PHRASE&va=exact", "number": 2}], "previous": null, "total": 2, "results": "1 - 20", "first": null}, "collection": null, "results": [{"source_created": "2011-06-29T00:00:00Z", "index": 1, "medium": "1 photographic print : gelatin silver developing-out paper print.", "reproduction_number": "LC-USZC4-14638 (color film copy transparency)", "links": {"item": "https://www.loc.gov/pictures/item/2011648776/", "resource": "https://www.loc.gov/pictures/item/2011648776/resource/"}, "title": "Young cocoanut trees, Iwahig Penal Colony", "image": {"alt": "digitized item thumbnail", "full": "https://tile.loc.gov/storage-services/service/pnp/cph/3g10000/3g14000/3g14600/3g14638_150px.jpg", "square": "https://tile.loc.gov/storage-services/service/pnp/cph/3g10000/3g14000/3g14600/3g14638_75x75px.jpg", "thumb": "https://tile.loc.gov/storage-services/service/pnp/cph/3g10000/3g14000/3g14600/3g14638_150px.jpg"}, "created": "2016-04-20T00:00:00Z", "modified": "2016-04-20T00:00:00Z", "collection": ["cph", "pp"], "creator": null, "call_number": "LOT 6766 [item] [P&P]", "medium_brief": "1 photographic print :", "source_modified": "2011-08-02T00:00:00Z", "pk": "2011648776", "created_published_date": "[ca. 1916]", "subjects": ["Palms--Philippines--Palawan--1910-1920.", "Prisons--Philippines--Palawan--1910-1920.", "Coconuts--Philippines--Palawan--1910-1920.", "Gelatin silver printing-out paper prints--1910-1920."]}, {"source_created": "1997-08-04T00:00:00Z", "index": 2, "medium": "1 photographic print.", "reproduction_number": "LC-USZ62-118710 (b&w film copy neg.)", "links": {"item": "https://www.loc.gov/pictures/item/97513708/", "resource": "https://www.loc.gov/pictures/item/97513708/resource/"}, "title": "Philippine Islands--Manila--Corn and coconut at the Bur. of Agr. exhibit, inner court, Ayuntamiento", "image": {"alt": "digitized item thumbnail", "full": "https://tile.loc.gov/storage-services/service/pnp/cph/3c10000/3c18000/3c18700/3c18710_150px.jpg", "square": "https://tile.loc.gov/storage-services/service/pnp/cph/3c10000/3c18000/3c18700/3c18710_75x75px.jpg", "thumb": "https://tile.loc.gov/storage-services/service/pnp/cph/3c10000/3c18000/3c18700/3c18710_150px.jpg"}, "created": "2016-04-20T00:00:00Z", "modified": "2016-04-20T00:00:00Z", "collection": ["cph", "pp"], "creator": null, "call_number": "FOREIGN GEOG FILE - Philippines  <item> [P&P]", "medium_brief": "1 photographic print.", "source_modified": "2002-11-10T00:00:00Z", "pk": "97513708", "created_published_date": "[between 1910 and 1926]", "subjects": ["Corn--Philippines--Manila--1910-1930.", "Coconuts--Philippines--Manila--1910-1930.", "Exhibitions--Philippines--Manila--1910-1930.", "Photographic prints--1910-1930."]}, {"source_created": "2011-06-29T00:00:00Z", "index": 3, "medium": "1 photographic print : gelatin silver developing-out paper print.", "reproduction_number": "LC-USZC4-14635 (color film copy transparency)", "links": {"item": "https://www.loc.gov/pictures/item/2011648770/", "resource": "https://www.loc.gov/pictures/item/2011648770/resource/"}, "title": "Drive through cocoanut grove, S. Ramon Penal Farm", "image": {"alt": "digitized item thumbnail", "full": "https://tile.loc.gov/storage-services/service/pnp/cph/3g10000/3g14000/3g14600/3g14635_150px.jpg", "square": "https://tile.loc.gov/storage-services/service/pnp/cph/3g10000/3g14000/3g14600/3g14635_75x75px.jpg", "thumb": "https://tile.loc.gov/storage-services/service/pnp/cph/3g10000/3g14000/3g14600/3g14635_150px.jpg"}, "created": "2016-04-21T00:00:00Z", "modified": "2016-04-21T00:00:00Z", "collection": ["cph", "pp"], "creator": null, "call_number": "LOT 6766 [item] [P&P]", "medium_brief": "1 photographic print :", "source_modified": "2011-08-01T00:00:00Z", "pk": "2011648770", "created_published_date": "[ca. 1916]", "subjects": ["Birdhouses--Philippines--Zamboanga City--1910-1920.", "Palms--Philippines--Zamboanga City--1910-1920.", "Coconuts--Philippines--Zamboanga City--1910-1920.", "Prisons--Philippines--Zamboanga City--1910-1920.", "Gelatin silver printing-out paper prints--1910-1920."]}, {"source_created": "1991-08-01T00:00:00Z", "index": 4, "medium": "1 photomechanical print : photogravure.", "reproduction_number": "LC-USZ62-104113 (b&w film copy neg.)", "links": {"item": "https://www.loc.gov/pictures/item/91783896/", "resource": "https://www.loc.gov/pictures/item/91783896/resource/"}, "title": "Brazilian forest.  Gathering nuts by strategy", "image": {"alt": "digitized item thumbnail", "full": "https://tile.loc.gov/storage-services/service/pnp/cph/3c00000/3c04000/3c04100/3c04113r.jpg", "square": "https://tile.loc.gov/storage-services/service/pnp/cph/3c00000/3c04000/3c04100/3c04113_75x75px.jpg", "thumb": "https://tile.loc.gov/storage-services/service/pnp/cph/3c00000/3c04000/3c04100/3c04113_150px.jpg"}, "created": "2016-04-21T00:00:00Z", "modified": "2016-04-21T00:00:00Z", "collection": ["cph", "diof", "pp"], "creator": null, "call_number": "LOT 4410-G <item> [P&P]", "medium_brief": "1 photomechanical print :", "source_modified": "2004-09-20T00:00:00Z", "pk": "91783896", "created_published_date": "c1892", "subjects": ["Harvesting--Brazil--1890-1900.", "Coconuts--Brazil--1890-1900.", "Tropical forests--Brazil--1890-1900.", "Monkeys--Brazil--1890-1900.", "Photogravures--1890-1900."]}, {"source_created": "1993-03-19T00:00:00Z", "index": 5, "medium": "1 photographic print.", "reproduction_number": "LC-USZ62-107037 (b&w film copy neg.)", "links": {"item": "https://www.loc.gov/pictures/item/93503715/", "resource": "https://www.loc.gov/pictures/item/93503715/resource/"}, "title": "[Coconut tree]", "image": {"alt": "digitized item thumbnail", "full": "https://tile.loc.gov/storage-services/service/pnp/cph/3c00000/3c07000/3c07000/3c07037r.jpg", "square": "https://tile.loc.gov/storage-services/service/pnp/cph/3c00000/3c07000/3c07000/3c07037_75x75px.jpg", "thumb": "https://tile.loc.gov/storage-services/service/pnp/cph/3c00000/3c07000/3c07000/3c07037_150px.jpg"}, "created": "2016-04-21T00:00:00Z", "modified": "2016-04-21T00:00:00Z", "collection": ["cph", "diof", "pp"], "creator": null, "call_number": "FOREIGN GEOG FILE - Cuba <item> [P&P]", "medium_brief": "1 photographic print.", "source_modified": "2004-08-16T00:00:00Z", "pk": "93503715", "created_published_date": "[between 1890 and 1930]", "subjects": ["Coconuts--Cuba--1890-1930.", "Photographic prints--1890-1930."]}, {"source_created": "1997-05-08T00:00:00Z", "index": 6, "medium": "published 1 transparency : color.", "reproduction_number": "", "links": {"item": "https://www.loc.gov/pictures/item/2016716365/", "resource": null}, "title": "Coconuts", "image": {"alt": "Look magazine thumbnail", "full": "https://www.loc.gov/pictures/static/images/item/500x500_look.png", "square": "https://www.loc.gov/pictures/static/images/item/lmc_square.png", "thumb": "https://www.loc.gov/pictures/static/images/item/lmc_thumb_large.jpg"}, "created": "2017-01-17T00:00:00Z", "modified": "2017-01-17T00:00:00Z", "collection": ["lmc", "pp"], "creator": "Stewart, John", "call_number": "LOOK - Job 61-9629 [P&P]", "medium_brief": "1 transparency :\n3 transparencies :", "source_modified": "2017-01-12T00:00:00Z", "pk": "2016716365", "created_published_date": "1961 Dec. 8 (date added to Look's library)", "subjects": ["Coconuts.", "Orchids.", "Still life photographs.", "Transparencies--Color."]}, {"source_created": "1994-01-01T00:00:00Z", "index": 7, "medium": "1 negative : glass ; 8 x 10 in.", "reproduction_number": "LC-DIG-det-4a03623 (digital file from original)", "links": {"item": "https://www.loc.gov/pictures/item/2016794316/", "resource": "https://www.loc.gov/pictures/item/2016794316/resource/"}, "title": "Cocoanut trees, Lake Worth, Fla.", "image": {"alt": "digitized item thumbnail", "full": "https://tile.loc.gov/storage-services/service/pnp/det/4a00000/4a03000/4a03600/4a03623r.jpg", "square": "https://tile.loc.gov/storage-services/service/pnp/det/4a00000/4a03000/4a03600/4a03623_75x75px.jpg", "thumb": "https://tile.loc.gov/storage-services/service/pnp/det/4a00000/4a03000/4a03600/4a03623_150px.jpg"}, "created": "2017-11-21T00:00:00Z", "modified": "2017-11-21T00:00:00Z", "collection": ["ammem", "det", "diof", "pp"], "creator": "Jackson, William Henry, 1843-1942", "call_number": "LC-D4-3721 [P&P]", "medium_brief": "1 negative :", "source_modified": "2017-10-24T00:00:00Z", "pk": "2016794316", "created_published_date": "[between 1880 and 1897]", "subjects": ["Palms.", "Coconuts.", "United States--Florida--Lake Worth.", "Dry plate negatives."]}, {"source_created": "1994-01-01T00:00:00Z", "index": 8, "medium": "1 negative : glass ; 8 x 10 in.", "reproduction_number": "LC-DIG-det-4a08673 (digital file from original)", "links": {"item": "https://www.loc.gov/pictures/item/2016794632/", "resource": "https://www.loc.gov/pictures/item/2016794632/resource/"}, "title": "Cocoanut palms and wild bananas, Jamaica, W.I.", "image": {"alt": "digitized item thumbnail", "full": "https://tile.loc.gov/storage-services/service/pnp/det/4a00000/4a08000/4a08600/4a08673r.jpg", "square": "https://tile.loc.gov/storage-services/service/pnp/det/4a00000/4a08000/4a08600/4a08673_75x75px.jpg", "thumb": "https://tile.loc.gov/storage-services/service/pnp/det/4a00000/4a08000/4a08600/4a08673_150px.jpg"}, "created": "2017-11-21T00:00:00Z", "modified": "2017-11-21T00:00:00Z", "collection": ["ammem", "det", "diof", "pp"], "creator": "Detroit Publishing Co.", "call_number": "LC-D4-13212 [P&P]", "medium_brief": "1 negative :", "source_modified": "2017-10-24T00:00:00Z", "pk": "2016794632", "created_published_date": "[between 1900 and 1906]", "subjects": ["Bananas.", "Coconuts.", "Palms.", "Jamaica.", "Dry plate negatives."]}, {"source_created": "1994-01-01T00:00:00Z", "index": 9, "medium": "1 negative : glass ; 8 x 10 in.", "reproduction_number": "LC-DIG-det-4a08781 (digital file from original)", "links": {"item": "https://www.loc.gov/pictures/item/2016794642/", "resource": "https://www.loc.gov/pictures/item/2016794642/resource/"}, "title": "Cocoanut trees, Palm Beach, Fla.", "image": {"alt": "digitized item thumbnail", "full": "https://tile.loc.gov/storage-services/service/pnp/det/4a00000/4a08000/4a08700/4a08781r.jpg", "square": "https://tile.loc.gov/storage-services/service/pnp/det/4a00000/4a08000/4a08700/4a08781_75x75px.jpg", "thumb": "https://tile.loc.gov/storage-services/service/pnp/det/4a00000/4a08000/4a08700/4a08781_150px.jpg"}, "created": "2017-11-21T00:00:00Z", "modified": "2017-11-21T00:00:00Z", "collection": ["ammem", "det", "diof", "pp"], "creator": "Detroit Publishing Co.", "call_number": "LC-D4-13346 [P&P]", "medium_brief": "1 negative :", "source_modified": "2017-10-24T00:00:00Z", "pk": "2016794642", "created_published_date": "[between 1900 and 1906]", "subjects": ["Coconuts.", "Palms.", "United States--Florida--Palm Beach.", "Dry plate negatives."]}, {"source_created": "1994-01-01T00:00:00Z", "index": 10, "medium": "1 negative : glass ; 8 x 10 in.", "reproduction_number": "LC-DIG-det-4a13640 (digital file from original)", "links": {"item": "https://www.loc.gov/pictures/item/2016795040/", "resource": "https://www.loc.gov/pictures/item/2016795040/resource/"}, "title": "Eating cocoanuts", "image": {"alt": "digitized item thumbnail", "full": "https://tile.loc.gov/storage-services/service/pnp/det/4a10000/4a13000/4a13600/4a13640r.jpg", "square": "https://tile.loc.gov/storage-services/service/pnp/det/4a10000/4a13000/4a13600/4a13640_75x75px.jpg", "thumb": "https://tile.loc.gov/storage-services/service/pnp/det/4a10000/4a13000/4a13600/4a13640_150px.jpg"}, "created": "2017-11-21T00:00:00Z", "modified": "2017-11-21T00:00:00Z", "collection": ["ammem", "det", "diof", "pp"], "creator": "Detroit Publishing Co.", "call_number": "LC-D4-19728 [P&P]", "medium_brief": "1 negative :", "source_modified": "2017-10-24T00:00:00Z", "pk": "2016795040", "created_published_date": "c1906.", "subjects": ["Coconuts.", "Eating & drinking.", "Picnics.", "Bahamas--Nassau.", "Dry plate negatives."]}, {"source_created": "1994-01-01T00:00:00Z", "index": 11, "medium": "1 negative : glass ; 8 x 10 in.", "reproduction_number": "LC-DIG-det-4a11150 (digital file from original)", "links": {"item": "https://www.loc.gov/pictures/item/2016803666/", "resource": "https://www.loc.gov/pictures/item/2016803666/resource/"}, "title": "Porto Rico cocoanut grove", "image": {"alt": "digitized item thumbnail", "full": "https://tile.loc.gov/storage-services/service/pnp/det/4a10000/4a11000/4a11100/4a11150r.jpg", "square": "https://tile.loc.gov/storage-services/service/pnp/det/4a10000/4a11000/4a11100/4a11150_75x75px.jpg", "thumb": "https://tile.loc.gov/storage-services/service/pnp/det/4a10000/4a11000/4a11100/4a11150_150px.jpg"}, "created": "2017-11-21T00:00:00Z", "modified": "2017-11-21T00:00:00Z", "collection": ["ammem", "det", "diof", "pp"], "creator": "Detroit Publishing Co.", "call_number": "LC-D4-16742 [P&P]", "medium_brief": "1 negative :", "source_modified": "2017-10-27T00:00:00Z", "pk": "2016803666", "created_published_date": "[between 1900 and 1906]", "subjects": ["Palms.", "Coconuts.", "Puerto Rico--San Juan.", "Dry plate negatives."]}, {"source_created": "1994-01-01T00:00:00Z", "index": 12, "medium": "1 negative : glass ; 6.5 x 8.5 in.", "reproduction_number": "LC-DIG-det-4a16352 (digital file from original)", "links": {"item": "https://www.loc.gov/pictures/item/2016806721/", "resource": "https://www.loc.gov/pictures/item/2016806721/resource/"}, "title": "[Coconut merchant's wagon, Havana, Cuba]", "image": {"alt": "digitized item thumbnail", "full": "https://tile.loc.gov/storage-services/service/pnp/det/4a10000/4a16000/4a16300/4a16352r.jpg", "square": "https://tile.loc.gov/storage-services/service/pnp/det/4a10000/4a16000/4a16300/4a16352_75x75px.jpg", "thumb": "https://tile.loc.gov/storage-services/service/pnp/det/4a10000/4a16000/4a16300/4a16352_150px.jpg"}, "created": "2017-11-21T00:00:00Z", "modified": "2017-11-21T00:00:00Z", "collection": ["ammem", "det", "diof", "pp"], "creator": "Detroit Publishing Co.", "call_number": "LC-D4-30877 [P&P]", "medium_brief": "1 negative :", "source_modified": "2017-10-30T00:00:00Z", "pk": "2016806721", "created_published_date": "[between 1890 and 1910]", "subjects": ["Carts & wagons.", "Donkeys.", "Coconuts.", "Food vendors.", "Cuba--Havana.", "Dry plate negatives."]}, {"source_created": "1994-01-01T00:00:00Z", "index": 13, "medium": "1 negative : glass ; 8 x 10 in.", "reproduction_number": "LC-DIG-det-4a16698 (digital file from original)", "links": {"item": "https://www.loc.gov/pictures/item/2016807251/", "resource": "https://www.loc.gov/pictures/item/2016807251/resource/"}, "title": "[Cocoanut trees, Palm Beach, Fla.]", "image": {"alt": "digitized item thumbnail", "full": "https://tile.loc.gov/storage-services/service/pnp/det/4a10000/4a16000/4a16600/4a16698r.jpg", "square": "https://tile.loc.gov/storage-services/service/pnp/det/4a10000/4a16000/4a16600/4a16698_75x75px.jpg", "thumb": "https://tile.loc.gov/storage-services/service/pnp/det/4a10000/4a16000/4a16600/4a16698_150px.jpg"}, "created": "2017-11-21T00:00:00Z", "modified": "2017-11-21T00:00:00Z", "collection": ["ammem", "det", "diof", "pp"], "creator": "Jackson, William Henry, 1843-1942", "call_number": "LC-D4-32489 [P&P]", "medium_brief": "1 negative :", "source_modified": "2017-10-30T00:00:00Z", "pk": "2016807251", "created_published_date": "[between 1895 and 1910]", "subjects": ["Coconuts.", "Palms.", "United States--Florida--Palm Beach.", "Dry plate negatives."]}, {"source_created": "1994-01-01T00:00:00Z", "index": 14, "medium": "1 negative : glass ; 8 x 10 in.", "reproduction_number": "LC-DIG-det-4a24358 (digital file from original)", "links": {"item": "https://www.loc.gov/pictures/item/2016812253/", "resource": "https://www.loc.gov/pictures/item/2016812253/resource/"}, "title": "Royal and cocoanut palms", "image": {"alt": "digitized item thumbnail", "full": "https://tile.loc.gov/storage-services/service/pnp/det/4a20000/4a24000/4a24300/4a24358r.jpg", "square": "https://tile.loc.gov/storage-services/service/pnp/det/4a20000/4a24000/4a24300/4a24358_75x75px.jpg", "thumb": "https://tile.loc.gov/storage-services/service/pnp/det/4a20000/4a24000/4a24300/4a24358_150px.jpg"}, "created": "2017-11-21T00:00:00Z", "modified": "2017-11-21T00:00:00Z", "collection": ["ammem", "det", "diof", "pp"], "creator": "Detroit Publishing Co.", "call_number": "LC-D4-72723 [P&P]", "medium_brief": "1 negative :", "source_modified": "2017-11-02T00:00:00Z", "pk": "2016812253", "created_published_date": "c[between 1910 and 1920]", "subjects": ["Palms.", "Coconuts.", "United States--Florida.", "Dry plate negatives."]}, {"source_created": "1994-01-01T00:00:00Z", "index": 15, "medium": "1 negative : glass ; 8 x 10 in.", "reproduction_number": "LC-DIG-det-4a25105 (digital file from original)", "links": {"item": "https://www.loc.gov/pictures/item/2016814247/", "resource": "https://www.loc.gov/pictures/item/2016814247/resource/"}, "title": "[Biscayne Bay, through the cocoanut trees, Miami, Fla.]", "image": {"alt": "digitized item thumbnail", "full": "https://tile.loc.gov/storage-services/service/pnp/det/4a20000/4a25000/4a25100/4a25105r.jpg", "square": "https://tile.loc.gov/storage-services/service/pnp/det/4a20000/4a25000/4a25100/4a25105_75x75px.jpg", "thumb": "https://tile.loc.gov/storage-services/service/pnp/det/4a20000/4a25000/4a25100/4a25105_150px.jpg"}, "created": "2017-11-21T00:00:00Z", "modified": "2017-11-21T00:00:00Z", "collection": ["ammem", "det", "diof", "pp"], "creator": "Detroit Publishing Co.", "call_number": "LC-D4-500042 [P&P]", "medium_brief": "1 negative :", "source_modified": "2017-11-03T00:00:00Z", "pk": "2016814247", "created_published_date": "[between 1900 and 1915]", "subjects": ["Palms.", "Coconuts.", "Bays.", "United States--Florida--Miami.", "United States--Florida--Biscayne Bay.", "Dry plate negatives."]}, {"source_created": "1994-01-01T00:00:00Z", "index": 16, "medium": "1 negative : glass ; 8 x 10 in.", "reproduction_number": "LC-DIG-det-4a25107 (digital file from original)", "links": {"item": "https://www.loc.gov/pictures/item/2016814249/", "resource": "https://www.loc.gov/pictures/item/2016814249/resource/"}, "title": "[Cocoanut trees along the docks, Miami, Fla.]", "image": {"alt": "digitized item thumbnail", "full": "https://tile.loc.gov/storage-services/service/pnp/det/4a20000/4a25000/4a25100/4a25107r.jpg", "square": "https://tile.loc.gov/storage-services/service/pnp/det/4a20000/4a25000/4a25100/4a25107_75x75px.jpg", "thumb": "https://tile.loc.gov/storage-services/service/pnp/det/4a20000/4a25000/4a25100/4a25107_150px.jpg"}, "created": "2017-11-21T00:00:00Z", "modified": "2017-11-21T00:00:00Z", "collection": ["ammem", "det", "diof", "pp"], "creator": "Detroit Publishing Co.", "call_number": "LC-D4-500044 [P&P]", "medium_brief": "1 negative :", "source_modified": "2017-11-03T00:00:00Z", "pk": "2016814249", "created_published_date": "[between 1900 and 1915]", "subjects": ["Palms.", "Coconuts.", "Waterfronts.", "United States--Florida--Miami.", "Dry plate negatives."]}, {"source_created": "2017-12-06T00:00:00Z", "index": 17, "medium": "1 photograph : print on card mount ; mount 9 x 18 cm (stereograph format)", "reproduction_number": "LC-DIG-stereo-1s09776 (digital file from original)", "links": {"item": "https://www.loc.gov/pictures/item/2017652690/", "resource": "https://www.loc.gov/pictures/item/2017652690/resource/"}, "title": "Florida - Blossoms of the cocoanut palm", "image": {"alt": "digitized item thumbnail", "full": "https://tile.loc.gov/storage-services/service/pnp/stereo/1s00000/1s09000/1s09700/1s09776r.jpg", "square": "https://tile.loc.gov/storage-services/service/pnp/stereo/1s00000/1s09000/1s09700/1s09776_75x75px.jpg", "thumb": "https://tile.loc.gov/storage-services/service/pnp/stereo/1s00000/1s09000/1s09700/1s09776_150px.jpg"}, "created": "2017-12-12T00:00:00Z", "modified": "2017-12-12T00:00:00Z", "collection": ["diof", "pp", "stereo"], "creator": "Barker, George, 1844-1894", "call_number": "LOT 14082, no. 5 [P&P]", "medium_brief": "1 photograph :", "source_modified": "2017-12-07T00:00:00Z", "pk": "2017652690", "created_published_date": "1891.", "subjects": ["Coconuts--Florida--1880-1900.", "Trees--Florida--1880-1900.", "Albumen prints--1880-1900.", "Photographic prints--1890-1900.", "Stereographs--1890-1900."]}, {"source_created": "2017-12-06T00:00:00Z", "index": 18, "medium": "1 photograph : print on card mount ; mount 9 x 18 cm (stereograph format)", "reproduction_number": "LC-DIG-stereo-1s09777 (digital file from original)", "links": {"item": "https://www.loc.gov/pictures/item/2017652691/", "resource": "https://www.loc.gov/pictures/item/2017652691/resource/"}, "title": "Florida - Cocoanuts", "image": {"alt": "digitized item thumbnail", "full": "https://tile.loc.gov/storage-services/service/pnp/stereo/1s00000/1s09000/1s09700/1s09777r.jpg", "square": "https://tile.loc.gov/storage-services/service/pnp/stereo/1s00000/1s09000/1s09700/1s09777_75x75px.jpg", "thumb": "https://tile.loc.gov/storage-services/service/pnp/stereo/1s00000/1s09000/1s09700/1s09777_150px.jpg"}, "created": "2017-12-12T00:00:00Z", "modified": "2017-12-12T00:00:00Z", "collection": ["diof", "pp", "stereo"], "creator": "Barker, George, 1844-1894", "call_number": "LOT 14082, no. 6 [P&P]", "medium_brief": "1 photograph :", "source_modified": "2017-12-07T00:00:00Z", "pk": "2017652691", "created_published_date": "1891.", "subjects": ["Coconuts--Florida--1880-1900.", "Trees--Florida--1880-1900.", "Albumen prints--1880-1900.", "Photographic prints--1890-1900.", "Stereographs--1890-1900."]}, {"source_created": "2017-12-06T00:00:00Z", "index": 19, "medium": "1 photograph : print on card mount ; mount 9 x 18 cm (stereograph format)", "reproduction_number": "LC-DIG-stereo-1s09778 (digital file from original)", "links": {"item": "https://www.loc.gov/pictures/item/2017652692/", "resource": "https://www.loc.gov/pictures/item/2017652692/resource/"}, "title": "Florida - Harvesting the cocoanuts", "image": {"alt": "digitized item thumbnail", "full": "https://tile.loc.gov/storage-services/service/pnp/stereo/1s00000/1s09000/1s09700/1s09778r.jpg", "square": "https://tile.loc.gov/storage-services/service/pnp/stereo/1s00000/1s09000/1s09700/1s09778_75x75px.jpg", "thumb": "https://tile.loc.gov/storage-services/service/pnp/stereo/1s00000/1s09000/1s09700/1s09778_150px.jpg"}, "created": "2017-12-12T00:00:00Z", "modified": "2017-12-12T00:00:00Z", "collection": ["diof", "pp", "stereo"], "creator": "Barker, George, 1844-1894", "call_number": "LOT 14082, no. 7 [P&P]", "medium_brief": "1 photograph :", "source_modified": "2017-12-07T00:00:00Z", "pk": "2017652692", "created_published_date": "1891.", "subjects": ["Coconuts--Florida--1880-1900.", "Coconut plantations--Florida--1880-1900.", "Trees--Florida--1880-1900.", "Albumen prints--1880-1900.", "Photographic prints--1890-1900.", "Stereographs--1890-1900."]}, {"source_created": "2017-12-06T00:00:00Z", "index": 20, "medium": "1 photograph : print on card mount ; mount 9 x 18 cm (stereograph format)", "reproduction_number": "LC-DIG-stereo-1s09779 (digital file from original)", "links": {"item": "https://www.loc.gov/pictures/item/2017652693/", "resource": "https://www.loc.gov/pictures/item/2017652693/resource/"}, "title": "Florida - Cocoanut grove", "image": {"alt": "digitized item thumbnail", "full": "https://tile.loc.gov/storage-services/service/pnp/stereo/1s00000/1s09000/1s09700/1s09779r.jpg", "square": "https://tile.loc.gov/storage-services/service/pnp/stereo/1s00000/1s09000/1s09700/1s09779_75x75px.jpg", "thumb": "https://tile.loc.gov/storage-services/service/pnp/stereo/1s00000/1s09000/1s09700/1s09779_150px.jpg"}, "created": "2017-12-12T00:00:00Z", "modified": "2017-12-12T00:00:00Z", "collection": ["diof", "pp", "stereo"], "creator": "Barker, George, 1844-1894", "call_number": "LOT 14082, no. 8 [P&P]", "medium_brief": "1 photograph :", "source_modified": "2017-12-07T00:00:00Z", "pk": "2017652693", "created_published_date": "1891.", "subjects": ["Coconuts--Florida--1880-1900.", "Coconut plantations--Florida--1880-1900.", "Trees--Florida--1880-1900.", "Albumen prints--1880-1900.", "Photographic prints--1890-1900.", "Stereographs--1890-1900."]}]}