{"search": {"field": "subject", "hits": 520, "sort_order": null, "do_facets": true, "focus_item": null, "query": "Air bases", "type": "search", "sort_by": null}, "focus": null, "views": {"current": "list", "grid": "https://www.loc.gov/pictures/search/?q=Air+bases&fi=subject&va=exact&st=grid&op=PHRASE", "list": "https://www.loc.gov/pictures/search/?q=Air+bases&fi=subject&op=PHRASE&va=exact", "gallery": "https://www.loc.gov/pictures/search/?q=Air+bases&fi=subject&va=exact&st=gallery&op=PHRASE", "slideshow": "https://www.loc.gov/pictures/search/?q=Air+bases&fi=subject&va=exact&st=slideshow&op=PHRASE"}, "facets": [{"type": "displayed", "filters": [{"count": 486, "on": "https://www.loc.gov/pictures/search/?va=exact&sp=1&q=Air+bases&fa=displayed%3Aanywhere&fi=subject&op=PHRASE&fo=json", "selected": false, "off": "https://www.loc.gov/pictures/search/?va=exact&sp=1&q=Air+bases&fi=subject&fo=json&op=PHRASE", "title": "Larger image available anywhere"}, {"count": 24, "on": "https://www.loc.gov/pictures/search/?va=exact&sp=1&q=Air+bases&fa=displayed%3Alc_only&fi=subject&op=PHRASE&fo=json", "selected": false, "off": "https://www.loc.gov/pictures/search/?va=exact&sp=1&q=Air+bases&fi=subject&fo=json&op=PHRASE", "title": "Larger image available only at the Library of Congress"}, {"count": 10, "on": "https://www.loc.gov/pictures/search/?va=exact&sp=1&q=Air+bases&fa=displayed%3Anot_digitized&fi=subject&op=PHRASE&fo=json", "selected": false, "off": "https://www.loc.gov/pictures/search/?va=exact&sp=1&q=Air+bases&fi=subject&fo=json&op=PHRASE", "title": "Not Digitized"}, {"count": 304, "on": "https://www.loc.gov/pictures/search/?va=exact&sp=1&q=Air+bases&fa=displayed%3Asurveys_only&fi=subject&op=PHRASE&fo=json", "selected": false, "off": "https://www.loc.gov/pictures/search/?va=exact&sp=1&q=Air+bases&fi=subject&fo=json&op=PHRASE", "title": "Surveys only"}], "title": "displayed"}], "links": {"json": "//www.loc.gov/pictures/search/?fi=subject&q=Air+bases&op=PHRASE&va=exact&fo=json", "html": "//www.loc.gov/pictures/search/?fi=subject&q=Air+bases&op=PHRASE&va=exact", "rss": "//www.loc.gov/pictures/search/?fi=subject&q=Air+bases&op=PHRASE&va=exact&fo=rss"}, "suggestions": {"possible": []}, "pages": {"current": 1, "next": "https://www.loc.gov/pictures/search/?q=Air+bases&fi=subject&sp=2&op=PHRASE&va=exact", "perpage": 20, "last": "https://www.loc.gov/pictures/search/?q=Air+bases&fi=subject&sp=26&op=PHRASE&va=exact", "page_list": [{"url": null, "number": 1}, {"url": "https://www.loc.gov/pictures/search/?q=Air+bases&fi=subject&sp=2&op=PHRASE&va=exact", "number": 2}, {"url": "https://www.loc.gov/pictures/search/?q=Air+bases&fi=subject&sp=3&op=PHRASE&va=exact", "number": 3}, {"url": "https://www.loc.gov/pictures/search/?q=Air+bases&fi=subject&sp=4&op=PHRASE&va=exact", "number": 4}, {"url": "https://www.loc.gov/pictures/search/?q=Air+bases&fi=subject&sp=5&op=PHRASE&va=exact", "number": 5}, {"url": "https://www.loc.gov/pictures/search/?q=Air+bases&fi=subject&sp=6&op=PHRASE&va=exact", "number": "..."}, {"url": "https://www.loc.gov/pictures/search/?q=Air+bases&fi=subject&sp=26&op=PHRASE&va=exact", "number": 26}], "previous": null, "total": 26, "results": "1 - 20", "first": null}, "collection": null, "results": [{"source_created": "2002-06-27T00:00:00Z", "index": 1, "medium": "1 photographic print.", "reproduction_number": "LC-USZ62-42345 (b&w film copy neg.)", "links": {"item": "https://www.loc.gov/pictures/item/2002715237/", "resource": "https://www.loc.gov/pictures/item/2002715237/resource/"}, "title": "[G\u00f6ring in the nose bubble of a Junkers 88 bomber, at Oldenburg airdrome]", "image": {"alt": "digitized item thumbnail", "full": "https://tile.loc.gov/storage-services/service/pnp/cph/3a40000/3a42000/3a42600/3a42666_150px.jpg", "square": "https://tile.loc.gov/storage-services/service/pnp/cph/3a40000/3a42000/3a42600/3a42666_75x75px.jpg", "thumb": "https://tile.loc.gov/storage-services/service/pnp/cph/3a40000/3a42000/3a42600/3a42666_150px.jpg"}, "created": "2016-04-20T00:00:00Z", "modified": "2016-04-20T00:00:00Z", "collection": ["cph", "pp", "reconref"], "creator": null, "call_number": "LOT 3128-35 p. 55, no. 37 [item] [P&P]", "medium_brief": "1 photographic print.", "source_modified": "2009-04-22T00:00:00Z", "pk": "2002715237", "created_published_date": "[1940 February 27]", "subjects": ["G\u00f6ring, Hermann,--1893-1946--Military service.", "Junkers airplanes--1940.", "Air bases--Germany--Oldenburg--1940.", "Photographic prints--1940.", "Portrait photographs--1940."]}, {"source_created": "2004-04-06T00:00:00Z", "index": 2, "medium": "1 photographic print.", "reproduction_number": "LC-USZ62-133850 (b&w film copy neg.)", "links": {"item": "https://www.loc.gov/pictures/item/2004670027/", "resource": "https://www.loc.gov/pictures/item/2004670027/resource/"}, "title": "Furstenfeldbruck, Germany", "image": {"alt": "digitized item thumbnail", "full": "https://tile.loc.gov/storage-services/service/pnp/cph/3c30000/3c33000/3c33800/3c33850_150px.jpg", "square": "https://tile.loc.gov/storage-services/service/pnp/cph/3c30000/3c33000/3c33800/3c33850_75x75px.jpg", "thumb": "https://tile.loc.gov/storage-services/service/pnp/cph/3c30000/3c33000/3c33800/3c33850_150px.jpg"}, "created": "2016-04-20T00:00:00Z", "modified": "2016-04-20T00:00:00Z", "collection": ["cph", "pp"], "creator": null, "call_number": "Unprocessed in PR 13 CN 1977:072 [item] [P&P]", "medium_brief": "1 photographic print.", "source_modified": "2005-05-20T00:00:00Z", "pk": "2004670027", "created_published_date": "[1948?]", "subjects": ["Fighter planes--American--Germany--F\u00fcrstenfeldbruck--1940-1950.", "Air bases--Germany--F\u00fcrstenfeldbruck--1940-1950.", "Photographic prints--1940-1950."]}, {"source_created": "2004-04-06T00:00:00Z", "index": 3, "medium": "1 photographic print.", "reproduction_number": "LC-USZ62-133852 (b&w film copy neg.)", "links": {"item": "https://www.loc.gov/pictures/item/2004670033/", "resource": "https://www.loc.gov/pictures/item/2004670033/resource/"}, "title": "Crew chief making minor adjustment to F-80 at BW-1", "image": {"alt": "digitized item thumbnail", "full": "https://tile.loc.gov/storage-services/service/pnp/cph/3c30000/3c33000/3c33800/3c33852_150px.jpg", "square": "https://tile.loc.gov/storage-services/service/pnp/cph/3c30000/3c33000/3c33800/3c33852_75x75px.jpg", "thumb": "https://tile.loc.gov/storage-services/service/pnp/cph/3c30000/3c33000/3c33800/3c33852_150px.jpg"}, "created": "2016-04-20T00:00:00Z", "modified": "2016-04-20T00:00:00Z", "collection": ["cph", "pp"], "creator": null, "call_number": "Unprocessed in PR 13 CN 1977:072 [item] [P&P]", "medium_brief": "1 photographic print.", "source_modified": "2005-05-20T00:00:00Z", "pk": "2004670033", "created_published_date": "[1948?]", "subjects": ["Mechanics (Persons)--Greenland--1940-1950.", "Maintenance & repair--Greenland--1940-1950.", "Fighter planes--American--Greenland--1940-1950.", "Air bases--Greenland--1940-1950.", "Photographic prints--1940-1950."]}, {"source_created": "2004-04-06T00:00:00Z", "index": 4, "medium": "1 photographic print.", "reproduction_number": "LC-USZ62-133844 (b&w film copy neg.)", "links": {"item": "https://www.loc.gov/pictures/item/2004670034/", "resource": "https://www.loc.gov/pictures/item/2004670034/resource/"}, "title": "The two tech supply and personnel carryers [sic], BW-1", "image": {"alt": "digitized item thumbnail", "full": "https://tile.loc.gov/storage-services/service/pnp/cph/3c30000/3c33000/3c33800/3c33844_150px.jpg", "square": "https://tile.loc.gov/storage-services/service/pnp/cph/3c30000/3c33000/3c33800/3c33844_75x75px.jpg", "thumb": "https://tile.loc.gov/storage-services/service/pnp/cph/3c30000/3c33000/3c33800/3c33844_150px.jpg"}, "created": "2016-04-20T00:00:00Z", "modified": "2016-04-20T00:00:00Z", "collection": ["cph", "pp"], "creator": null, "call_number": "Unprocessed in PR 13 CN 1977:072 [item] [P&P]", "medium_brief": "1 photographic print.", "source_modified": "2005-05-20T00:00:00Z", "pk": "2004670034", "created_published_date": "[1948?]", "subjects": ["Airplanes--American--Greenland--1940-1950.", "Air bases--Greenland--1940-1950.", "Photographic prints--1940-1950."]}, {"source_created": "1991-05-06T00:00:00Z", "index": 5, "medium": "1 photographic print : gelatin silver ; 9 x 54 in.", "reproduction_number": "LC-USZ62-134754 (b&w film copy neg.)", "links": {"item": "https://www.loc.gov/pictures/item/2007661949/", "resource": "https://www.loc.gov/pictures/item/2007661949/resource/"}, "title": "Airfield near San Antonio", "image": {"alt": "digitized item thumbnail", "full": "https://tile.loc.gov/storage-services/service/pnp/pan/6a35000/6a35700/6a35777r.jpg", "square": "https://tile.loc.gov/storage-services/service/pnp/pan/6a35000/6a35700/6a35777_75x75px.jpg", "thumb": "https://tile.loc.gov/storage-services/service/pnp/pan/6a35000/6a35700/6a35777_150px.jpg"}, "created": "2016-04-20T00:00:00Z", "modified": "2016-04-20T00:00:00Z", "collection": ["ammem", "diof", "minload", "pan", "pp"], "creator": "San Antonio Photo Service", "call_number": "LOT 8852 no. 3 (OSF) [P&P]", "medium_brief": "1 photographic print :", "source_modified": "2009-09-17T00:00:00Z", "pk": "2007661949", "created_published_date": "[192-?]", "subjects": ["Airplanes.", "Hangars.", "Military facilities.", "Air bases.", "Kelly Field (Tex.)", "United States--Texas.", "Gelatin silver prints.", "Panoramic photographs."]}, {"source_created": "1991-05-06T00:00:00Z", "index": 6, "medium": "1 photographic print : gelatin silver ; 9 x 57 in.", "reproduction_number": "LC-USZ62-134756 (b&w film copy neg.)", "links": {"item": "https://www.loc.gov/pictures/item/2007661950/", "resource": "https://www.loc.gov/pictures/item/2007661950/resource/"}, "title": "[Airfield near San Antonio]", "image": {"alt": "digitized item thumbnail", "full": "https://tile.loc.gov/storage-services/service/pnp/pan/6a35000/6a35700/6a35786r.jpg", "square": "https://tile.loc.gov/storage-services/service/pnp/pan/6a35000/6a35700/6a35786_75x75px.jpg", "thumb": "https://tile.loc.gov/storage-services/service/pnp/pan/6a35000/6a35700/6a35786_150px.jpg"}, "created": "2016-04-20T00:00:00Z", "modified": "2016-04-20T00:00:00Z", "collection": ["ammem", "diof", "minload", "pan", "pp"], "creator": "San Antonio Photo Service", "call_number": "LOT 8852 no. 4 (OSF) [P&P]", "medium_brief": "1 photographic print :", "source_modified": "2009-09-17T00:00:00Z", "pk": "2007661950", "created_published_date": "[192-?]", "subjects": ["Airplanes.", "Hangars.", "Military facilities.", "Air bases.", "Kelly Field (Tex.)", "United States--Texas.", "Gelatin silver prints.", "Panoramic photographs."]}, {"source_created": "1992-09-21T00:00:00Z", "index": 7, "medium": "1 photographic print : gelatin silver ; 7.5 x 37.5 in.", "reproduction_number": "", "links": {"item": "https://www.loc.gov/pictures/item/2007664166/", "resource": "https://www.loc.gov/pictures/item/2007664166/resource/"}, "title": "Rockwell Field Air Service Flying School, San Diego, Cal.", "image": {"alt": "digitized item thumbnail", "full": "https://tile.loc.gov/storage-services/service/pnp/pan/6a30000/6a30500/6a30540r.jpg", "square": "https://tile.loc.gov/storage-services/service/pnp/pan/6a30000/6a30500/6a30540_75x75px.jpg", "thumb": "https://tile.loc.gov/storage-services/service/pnp/pan/6a30000/6a30500/6a30540_150px.jpg"}, "created": "2016-04-20T00:00:00Z", "modified": "2016-04-20T00:00:00Z", "collection": ["ammem", "diof", "minload", "pan", "pp"], "creator": "Kearny Photo Service", "call_number": "PAN US MILITARY - Camps no. 79 (E size) [P&P]", "medium_brief": "1 photographic print :", "source_modified": "2012-12-20T00:00:00Z", "pk": "2007664166", "created_published_date": "c1918.", "subjects": ["Air bases.", "Tents.", "Airplanes.", "World War, 1914-1918--Military facilities.", "Flight training.", "United States--California--San Diego.", "Gelatin silver prints.", "Panoramic photographs."]}, {"source_created": "1990-02-20T00:00:00Z", "index": 8, "medium": "1 photoprint.", "reproduction_number": "LC-USZ62-98987 (b&w film copy neg.)", "links": {"item": "https://www.loc.gov/pictures/item/90706627/", "resource": "https://www.loc.gov/pictures/item/90706627/resource/"}, "title": "[Aerial view of a B-29 base on Guam, with the giant planes parked in their stands between raids]", "image": {"alt": "digitized item thumbnail", "full": "https://tile.loc.gov/storage-services/service/pnp/cph/3b40000/3b45000/3b45000/3b45063_150px.jpg", "square": "https://tile.loc.gov/storage-services/service/pnp/cph/3b40000/3b45000/3b45000/3b45063_75x75px.jpg", "thumb": "https://tile.loc.gov/storage-services/service/pnp/cph/3b40000/3b45000/3b45000/3b45063_150px.jpg"}, "created": "2016-04-20T00:00:00Z", "modified": "2016-04-20T00:00:00Z", "collection": ["cph", "pp"], "creator": null, "call_number": "SSF - World War, 1939-1945--Aerial operations, American--1945 (Guam) [item] [P&P]", "medium_brief": "1 photoprint.", "source_modified": "2005-05-21T00:00:00Z", "pk": "90706627", "created_published_date": "1945 June 22.", "subjects": ["World War, 1939-1945--Military facilities--American--Guam.", "Air bases--Guam--1940-1950.", "Aerial photographs--1940-1950.", "Photographic prints--1940-1950."]}, {"source_created": "1993-07-29T00:00:00Z", "index": 9, "medium": "1 photographic print.", "reproduction_number": "LC-USZ62-93678 (b&w film copy neg.)", "links": {"item": "https://www.loc.gov/pictures/item/93509984/", "resource": "https://www.loc.gov/pictures/item/93509984/resource/"}, "title": "[First Provisional Air Brigade, Langley Field, Hampton, Virginia, air service camp and landing field]", "image": {"alt": "digitized item thumbnail", "full": "https://tile.loc.gov/storage-services/service/pnp/cph/3b30000/3b39000/3b39800/3b39853_150px.jpg", "square": "https://tile.loc.gov/storage-services/service/pnp/cph/3b30000/3b39000/3b39800/3b39853_75x75px.jpg", "thumb": "https://tile.loc.gov/storage-services/service/pnp/cph/3b30000/3b39000/3b39800/3b39853_150px.jpg"}, "created": "2016-04-20T00:00:00Z", "modified": "2016-04-20T00:00:00Z", "collection": ["cph", "pp"], "creator": null, "call_number": "LOT 6095 [item] [P&P]", "medium_brief": "1 photographic print.", "source_modified": "2002-11-09T00:00:00Z", "pk": "93509984", "created_published_date": "[1921]", "subjects": ["Military camps--Virginia--Hampton--1920-1930.", "Air bases--Virginia--Hampton--1920-1930.", "Langley Field (Va.)--1920-1930.", "Photographic prints--1920-1930."]}, {"source_created": "1997-09-05T00:00:00Z", "index": 10, "medium": "1 drawing.", "reproduction_number": "", "links": {"item": "https://www.loc.gov/pictures/item/ade1997000012/", "resource": "https://www.loc.gov/pictures/item/ade1997000012/resource/"}, "title": "[Air Corps Training Facility, Randolph Field, Tex.]", "image": {"alt": "digitized item thumbnail", "full": "https://tile.loc.gov/storage-services/service/pnp/ade/2a02000/2a02500/2a02593_150px.jpg", "square": "https://tile.loc.gov/storage-services/service/pnp/ade/2a02000/2a02500/2a02593_75x75px.jpg", "thumb": "https://tile.loc.gov/storage-services/service/pnp/ade/2a02000/2a02500/2a02593_150px.jpg"}, "created": "2016-04-20T00:00:00Z", "modified": "2016-04-20T00:00:00Z", "collection": ["ade", "pp"], "creator": "Clark, Harold Lyman", "call_number": "ADE 11 - Clark (H.L.), no. 1 (A size)  <P&P> [P&P]", "medium_brief": "1 drawing.", "source_modified": "2005-08-26T00:00:00Z", "pk": "ade1997000012", "created_published_date": "1928 Jan. 17.", "subjects": ["United States.--Army.--Air Corps.", "Air bases.", "Randolph Air Force Base (Tex.)", "Architectural drawings.", "Drawings.", "Plans."]}, {"source_created": "1997-09-05T00:00:00Z", "index": 11, "medium": "1 drawing.", "reproduction_number": "", "links": {"item": "https://www.loc.gov/pictures/item/ade1997000013/", "resource": "https://www.loc.gov/pictures/item/ade1997000013/resource/"}, "title": "[Air Corps Training Facility, Randolph Field, Tex.  Administration Building]", "image": {"alt": "digitized item thumbnail", "full": "https://tile.loc.gov/storage-services/service/pnp/ade/2a02000/2a02500/2a02594_150px.jpg", "square": "https://tile.loc.gov/storage-services/service/pnp/ade/2a02000/2a02500/2a02594_75x75px.jpg", "thumb": "https://tile.loc.gov/storage-services/service/pnp/ade/2a02000/2a02500/2a02594_150px.jpg"}, "created": "2016-04-20T00:00:00Z", "modified": "2016-04-20T00:00:00Z", "collection": ["ade", "pp"], "creator": "Clark, Harold Lyman", "call_number": "ADE 11 - Clark (H.L.), no. 2 (A size)  <P&P> [P&P]", "medium_brief": "1 drawing.", "source_modified": "2005-08-26T00:00:00Z", "pk": "ade1997000013", "created_published_date": "1928 May 1.", "subjects": ["United States.--Army.--Air Corps.", "Air bases.", "Military facilities.", "Randolph Air Force Base (Tex.)", "Architectural drawings.", "Drawings.", "Elevations."]}, {"source_created": "1997-09-05T00:00:00Z", "index": 12, "medium": "1 drawing.", "reproduction_number": "", "links": {"item": "https://www.loc.gov/pictures/item/ade1997000014/", "resource": "https://www.loc.gov/pictures/item/ade1997000014/resource/"}, "title": "[Air Corps Training Facility, Randolph Field, Tex.  Administration Building]", "image": {"alt": "digitized item thumbnail", "full": "https://tile.loc.gov/storage-services/service/pnp/ade/2a02000/2a02500/2a02595_150px.jpg", "square": "https://tile.loc.gov/storage-services/service/pnp/ade/2a02000/2a02500/2a02595_75x75px.jpg", "thumb": "https://tile.loc.gov/storage-services/service/pnp/ade/2a02000/2a02500/2a02595_150px.jpg"}, "created": "2016-04-20T00:00:00Z", "modified": "2016-04-20T00:00:00Z", "collection": ["ade", "pp"], "creator": "Clark, Harold Lyman", "call_number": "ADE 11 - Clark (H.L.), no. 3 (A size)  <P&P> [P&P]", "medium_brief": "1 drawing.", "source_modified": "2005-08-26T00:00:00Z", "pk": "ade1997000014", "created_published_date": "1929 Feb. 5.", "subjects": ["United States.--Army.--Air Corps.", "Air bases.", "Military facilities.", "Randolph Air Force Base (Tex.)", "Architectural drawings.", "Drawings.", "Elevations."]}, {"source_created": "1997-09-05T00:00:00Z", "index": 13, "medium": "1 drawing.", "reproduction_number": "", "links": {"item": "https://www.loc.gov/pictures/item/ade1997000015/", "resource": "https://www.loc.gov/pictures/item/ade1997000015/resource/"}, "title": "[Air Corps Training Facility, Randolph Field, Tex.  Bachelor officer quarters]", "image": {"alt": "digitized item thumbnail", "full": "https://tile.loc.gov/storage-services/service/pnp/ade/2a02000/2a02500/2a02596_150px.jpg", "square": "https://tile.loc.gov/storage-services/service/pnp/ade/2a02000/2a02500/2a02596_75x75px.jpg", "thumb": "https://tile.loc.gov/storage-services/service/pnp/ade/2a02000/2a02500/2a02596_150px.jpg"}, "created": "2016-04-20T00:00:00Z", "modified": "2016-04-20T00:00:00Z", "collection": ["ade", "pp"], "creator": "Clark, Harold Lyman", "call_number": "ADE 11 - Clark (H.L.), no. 4 (A size)  <P&P> [P&P]", "medium_brief": "1 drawing.", "source_modified": "2005-08-26T00:00:00Z", "pk": "ade1997000015", "created_published_date": "1929 Aug. 7.", "subjects": ["United States.--Army.--Air Corps.", "Air bases.", "Officers' quarters.", "Mess halls.", "Randolph Air Force Base (Tex.)", "Architectural drawings.", "Drawings.", "Site plans."]}, {"source_created": "1997-09-05T00:00:00Z", "index": 14, "medium": "1 drawing.", "reproduction_number": "", "links": {"item": "https://www.loc.gov/pictures/item/ade1997000016/", "resource": "https://www.loc.gov/pictures/item/ade1997000016/resource/"}, "title": "[Air Corps Training Facility, Randolph Field, Tex.  Quarters]", "image": {"alt": "digitized item thumbnail", "full": "https://tile.loc.gov/storage-services/service/pnp/ade/2a02000/2a02500/2a02597_150px.jpg", "square": "https://tile.loc.gov/storage-services/service/pnp/ade/2a02000/2a02500/2a02597_75x75px.jpg", "thumb": "https://tile.loc.gov/storage-services/service/pnp/ade/2a02000/2a02500/2a02597_150px.jpg"}, "created": "2016-04-20T00:00:00Z", "modified": "2016-04-20T00:00:00Z", "collection": ["ade", "pp"], "creator": "Clark, Harold Lyman", "call_number": "ADE 11 - Clark (H.L.), no. 5 (A size)  <P&P> [P&P]", "medium_brief": "1 drawing.", "source_modified": "2005-08-26T00:00:00Z", "pk": "ade1997000016", "created_published_date": "[ca. 1928]", "subjects": ["United States.--Army.--Air Corps.", "Air bases.", "Officers' quarters.", "Randolph Air Force Base (Tex.)", "Architectural drawings.", "Drawings.", "Floor plans."]}, {"source_created": "1997-09-05T00:00:00Z", "index": 15, "medium": "1 drawing.", "reproduction_number": "", "links": {"item": "https://www.loc.gov/pictures/item/ade1997000017/", "resource": "https://www.loc.gov/pictures/item/ade1997000017/resource/"}, "title": "[Air Corps Training Facility, Randolph field, Tex.  Quarters with sun porch and maid's room]", "image": {"alt": "digitized item thumbnail", "full": "https://tile.loc.gov/storage-services/service/pnp/ade/2a02000/2a02500/2a02598_150px.jpg", "square": "https://tile.loc.gov/storage-services/service/pnp/ade/2a02000/2a02500/2a02598_75x75px.jpg", "thumb": "https://tile.loc.gov/storage-services/service/pnp/ade/2a02000/2a02500/2a02598_150px.jpg"}, "created": "2016-04-20T00:00:00Z", "modified": "2016-04-20T00:00:00Z", "collection": ["ade", "pp"], "creator": "Clark, Harold Lyman", "call_number": "ADE 11 - Clark (H.L.), no. 6 (A size)  <P&P> [P&P]", "medium_brief": "1 drawing.", "source_modified": "2005-08-26T00:00:00Z", "pk": "ade1997000017", "created_published_date": "[ca. 1928]", "subjects": ["United States.--Army.--Air Corps.", "Air bases.", "Officers' quarters.", "Randolph Air Force Base (Tex.)", "Architectural drawings.", "Drawings.", "Floor plans."]}, {"source_created": "1997-09-05T00:00:00Z", "index": 16, "medium": "1 drawing.", "reproduction_number": "", "links": {"item": "https://www.loc.gov/pictures/item/ade1997000018/", "resource": "https://www.loc.gov/pictures/item/ade1997000018/resource/"}, "title": "[Air Corps Training facility, Randolph Field, Tex.  Post exchange marketplace]", "image": {"alt": "digitized item thumbnail", "full": "https://tile.loc.gov/storage-services/service/pnp/ade/2a04000/2a04700/2a04706_150px.jpg", "square": "https://tile.loc.gov/storage-services/service/pnp/ade/2a04000/2a04700/2a04706_75x75px.jpg", "thumb": "https://tile.loc.gov/storage-services/service/pnp/ade/2a04000/2a04700/2a04706_150px.jpg"}, "created": "2016-04-20T00:00:00Z", "modified": "2016-04-20T00:00:00Z", "collection": ["ade", "pp"], "creator": "Clark, Harold Lyman", "call_number": "ADE 11 - Clark (H.L.), no. 8 (E size)  <P&P> [P&P]", "medium_brief": "1 drawing.", "source_modified": "2005-08-26T00:00:00Z", "pk": "ade1997000018", "created_published_date": "1928 June 18.", "subjects": ["United States.--Army.--Air Corps.", "Commercial facilities.", "Air bases.", "Randolph Air Force Base (Tex.)", "Architectural drawings.", "Drawings.", "Site plans."]}, {"source_created": "2004-04-06T00:00:00Z", "index": 17, "medium": "1 photographic print.", "reproduction_number": "LC-USZ62-133846 (b&w film copy neg.)", "links": {"item": "https://www.loc.gov/pictures/item/2004670025/", "resource": "https://www.loc.gov/pictures/item/2004670025/resource/"}, "title": "Refueling at Odiham, England", "image": {"alt": "digitized item thumbnail", "full": "https://tile.loc.gov/storage-services/service/pnp/cph/3c30000/3c33000/3c33800/3c33846_150px.jpg", "square": "https://tile.loc.gov/storage-services/service/pnp/cph/3c30000/3c33000/3c33800/3c33846_75x75px.jpg", "thumb": "https://tile.loc.gov/storage-services/service/pnp/cph/3c30000/3c33000/3c33800/3c33846_150px.jpg"}, "created": "2016-04-21T00:00:00Z", "modified": "2016-04-21T00:00:00Z", "collection": ["cph", "pp"], "creator": null, "call_number": "Unprocessed in PR 13 CN 1977:072 [item] [P&P]", "medium_brief": "1 photographic print.", "source_modified": "2005-05-20T00:00:00Z", "pk": "2004670025", "created_published_date": "[1948?]", "subjects": ["Fighter planes--American--England--Odiham--1940-1950.", "Trucks--England--Odiham--1940-1950.", "Air bases--England--Odiham--1940-1950.", "Photographic prints--1940-1950."]}, {"source_created": "2004-04-06T00:00:00Z", "index": 18, "medium": "1 photographic print.", "reproduction_number": "LC-USZ62-133847 (b&w film copy neg.)", "links": {"item": "https://www.loc.gov/pictures/item/2004670032/", "resource": "https://www.loc.gov/pictures/item/2004670032/resource/"}, "title": "Goose Bay, Labrador, prior to take off", "image": {"alt": "digitized item thumbnail", "full": "https://tile.loc.gov/storage-services/service/pnp/cph/3c30000/3c33000/3c33800/3c33847_150px.jpg", "square": "https://tile.loc.gov/storage-services/service/pnp/cph/3c30000/3c33000/3c33800/3c33847_75x75px.jpg", "thumb": "https://tile.loc.gov/storage-services/service/pnp/cph/3c30000/3c33000/3c33800/3c33847_150px.jpg"}, "created": "2016-04-21T00:00:00Z", "modified": "2016-04-21T00:00:00Z", "collection": ["cph", "pp"], "creator": null, "call_number": "Unprocessed in PR 13 CN 1977:072 [item] [P&P]", "medium_brief": "1 photographic print.", "source_modified": "2005-05-20T00:00:00Z", "pk": "2004670032", "created_published_date": "[1948?]", "subjects": ["Air bases--American--Newfoundland and Labrador--1940-1950.", "Fighter planes--American--Newfoundland and Labrador--1940-1950.", "Photographic prints--1940-1950."]}, {"source_created": "1991-05-06T00:00:00Z", "index": 19, "medium": "1 photographic print : gelatin silver ; 9 x 58.5 in.", "reproduction_number": "", "links": {"item": "https://www.loc.gov/pictures/item/2007661951/", "resource": "https://www.loc.gov/pictures/item/2007661951/resource/"}, "title": "[Airfield near San Antonio]", "image": {"alt": "digitized item thumbnail", "full": "https://tile.loc.gov/storage-services/service/pnp/pan/6a35000/6a35700/6a35796r.jpg", "square": "https://tile.loc.gov/storage-services/service/pnp/pan/6a35000/6a35700/6a35796_75x75px.jpg", "thumb": "https://tile.loc.gov/storage-services/service/pnp/pan/6a35000/6a35700/6a35796_150px.jpg"}, "created": "2016-04-21T00:00:00Z", "modified": "2016-04-21T00:00:00Z", "collection": ["ammem", "diof", "minload", "pan", "pp"], "creator": "San Antonio Photo Service", "call_number": "LOT 8852 no. 5 (OSF) [P&P]", "medium_brief": "1 photographic print :", "source_modified": "2009-09-17T00:00:00Z", "pk": "2007661951", "created_published_date": "[192-?]", "subjects": ["Airplanes.", "Hangars.", "Military facilities.", "Air bases.", "Kelly Field (Tex.)", "United States--Texas.", "Gelatin silver prints.", "Panoramic photographs."]}, {"source_created": "1992-09-16T00:00:00Z", "index": 20, "medium": "1 photographic print : gelatin silver ; 6.5 x 54 in.", "reproduction_number": "", "links": {"item": "https://www.loc.gov/pictures/item/2007664126/", "resource": "https://www.loc.gov/pictures/item/2007664126/resource/"}, "title": "Kelly Field, #2, Tex., Jan. 5, 1919", "image": {"alt": "digitized item thumbnail", "full": "https://tile.loc.gov/storage-services/service/pnp/pan/6a31000/6a31400/6a31474r.jpg", "square": "https://tile.loc.gov/storage-services/service/pnp/pan/6a31000/6a31400/6a31474_75x75px.jpg", "thumb": "https://tile.loc.gov/storage-services/service/pnp/pan/6a31000/6a31400/6a31474_150px.jpg"}, "created": "2016-04-21T00:00:00Z", "modified": "2016-04-21T00:00:00Z", "collection": ["ammem", "diof", "minload", "pan", "pp"], "creator": "Steele, Charles", "call_number": "PAN US MILITARY - Camps no. 38 (F size) [P&P]", "medium_brief": "1 photographic print :", "source_modified": "2009-10-02T00:00:00Z", "pk": "2007664126", "created_published_date": "1919 January 5.", "subjects": ["Hangars.", "Air bases.", "Kelly Field (Tex.)", "United States--Texas.", "Gelatin silver prints.", "Panoramic photographs."]}]}