{"search": {"field": "subject", "hits": 2, "sort_order": null, "do_facets": true, "focus_item": null, "query": "Rhubarb", "type": "search", "sort_by": null}, "focus": null, "views": {"current": "list", "grid": "https://www.loc.gov/pictures/search/?q=Rhubarb&fi=subject&va=exact&st=grid&op=PHRASE", "list": "https://www.loc.gov/pictures/search/?q=Rhubarb&fi=subject&op=PHRASE&va=exact", "gallery": "https://www.loc.gov/pictures/search/?q=Rhubarb&fi=subject&va=exact&st=gallery&op=PHRASE", "slideshow": "https://www.loc.gov/pictures/search/?q=Rhubarb&fi=subject&va=exact&st=slideshow&op=PHRASE"}, "facets": [{"type": "displayed", "filters": [{"count": 1, "on": "https://www.loc.gov/pictures/search/?va=exact&sp=1&q=Rhubarb&fa=displayed%3Aanywhere&fi=subject&op=PHRASE&fo=json", "selected": false, "off": "https://www.loc.gov/pictures/search/?va=exact&sp=1&q=Rhubarb&fi=subject&fo=json&op=PHRASE", "title": "Larger image available anywhere"}, {"count": 0, "on": "https://www.loc.gov/pictures/search/?va=exact&sp=1&q=Rhubarb&fa=displayed%3Alc_only&fi=subject&op=PHRASE&fo=json", "selected": false, "off": "https://www.loc.gov/pictures/search/?va=exact&sp=1&q=Rhubarb&fi=subject&fo=json&op=PHRASE", "title": "Larger image available only at the Library of Congress"}, {"count": 1, "on": "https://www.loc.gov/pictures/search/?va=exact&sp=1&q=Rhubarb&fa=displayed%3Anot_digitized&fi=subject&op=PHRASE&fo=json", "selected": false, "off": "https://www.loc.gov/pictures/search/?va=exact&sp=1&q=Rhubarb&fi=subject&fo=json&op=PHRASE", "title": "Not Digitized"}], "title": "displayed"}], "links": {"json": "//www.loc.gov/pictures/search/?fi=subject&q=Rhubarb&op=PHRASE&va=exact&fo=json", "html": "//www.loc.gov/pictures/search/?fi=subject&q=Rhubarb&op=PHRASE&va=exact", "rss": "//www.loc.gov/pictures/search/?fi=subject&q=Rhubarb&op=PHRASE&va=exact&fo=rss"}, "suggestions": {"possible": []}, "pages": {"current": 1, "next": null, "perpage": 20, "last": null, "page_list": [{"url": null, "number": 1}], "previous": null, "total": 1, "results": "1 - 2", "first": null}, "collection": null, "results": [{"source_created": "1999-09-02T00:00:00Z", "index": 1, "medium": "1 photographic print.", "reproduction_number": "LC-DIG-ppmsc-02086 (digital file from original)", "links": {"item": "https://www.loc.gov/pictures/item/99614811/", "resource": "https://www.loc.gov/pictures/item/99614811/resource/"}, "title": "Rhubarb stalk in southeastern Alaska", "image": {"alt": "digitized item thumbnail", "full": "https://tile.loc.gov/storage-services/service/pnp/ppmsc/02000/02086r.jpg", "square": "https://tile.loc.gov/storage-services/service/pnp/ppmsc/02000/02086_75x75px.jpg", "thumb": "https://tile.loc.gov/storage-services/service/pnp/ppmsc/02000/02086_150px.jpg"}, "created": "2016-04-20T00:00:00Z", "modified": "2016-04-20T00:00:00Z", "collection": ["diof", "ffcarp", "intldl", "mtfcap", "mtfront", "pp", "ppminload", "si"], "creator": null, "call_number": "LOT 11453-1, no. 531 [P&P]", "medium_brief": "1 photographic print.", "source_modified": "2009-06-22T00:00:00Z", "pk": "99614811", "created_published_date": "[between ca. 1900 and ca. 1930]", "subjects": ["Rhubarb--Alaska--1890-1940.", "Women--Alaska--1890-1940.", "United States--Alaska", "Photographic prints--1890-1940."]}, {"source_created": "1996-09-16T00:00:00Z", "index": 2, "medium": "published 2 transparencies : color.", "reproduction_number": "", "links": {"item": "https://www.loc.gov/pictures/item/2016715091/", "resource": null}, "title": "Rhubarb", "image": {"alt": "Look magazine thumbnail", "full": "https://www.loc.gov/pictures/static/images/item/500x500_look.png", "square": "https://www.loc.gov/pictures/static/images/item/lmc_square.png", "thumb": "https://www.loc.gov/pictures/static/images/item/lmc_thumb_large.jpg"}, "created": "2017-01-17T00:00:00Z", "modified": "2017-01-17T00:00:00Z", "collection": ["lmc", "pp"], "creator": "Young, Stan", "call_number": "LOOK - Job 60-8825 [P&P]", "medium_brief": "2 transparencies :\n5 transparencies :", "source_modified": "2017-01-12T00:00:00Z", "pk": "2016715091", "created_published_date": "1960 May (date added to Look's library)", "subjects": ["Rhubarb.", "Still life photographs.", "Transparencies--Color."]}]}