{"search": {"field": "subject", "hits": 380, "sort_order": null, "do_facets": true, "focus_item": null, "query": "Tunnels", "type": "search", "sort_by": null}, "focus": null, "views": {"current": "list", "grid": "https://www.loc.gov/pictures/search/?q=Tunnels&fi=subject&va=exact&st=grid&op=PHRASE", "list": "https://www.loc.gov/pictures/search/?q=Tunnels&fi=subject&op=PHRASE&va=exact", "gallery": "https://www.loc.gov/pictures/search/?q=Tunnels&fi=subject&va=exact&st=gallery&op=PHRASE", "slideshow": "https://www.loc.gov/pictures/search/?q=Tunnels&fi=subject&va=exact&st=slideshow&op=PHRASE"}, "facets": [{"type": "displayed", "filters": [{"count": 330, "on": "https://www.loc.gov/pictures/search/?va=exact&sp=1&q=Tunnels&fa=displayed%3Aanywhere&fi=subject&op=PHRASE&fo=json", "selected": false, "off": "https://www.loc.gov/pictures/search/?va=exact&sp=1&q=Tunnels&fi=subject&fo=json&op=PHRASE", "title": "Larger image available anywhere"}, {"count": 26, "on": "https://www.loc.gov/pictures/search/?va=exact&sp=1&q=Tunnels&fa=displayed%3Alc_only&fi=subject&op=PHRASE&fo=json", "selected": false, "off": "https://www.loc.gov/pictures/search/?va=exact&sp=1&q=Tunnels&fi=subject&fo=json&op=PHRASE", "title": "Larger image available only at the Library of Congress"}, {"count": 24, "on": "https://www.loc.gov/pictures/search/?va=exact&sp=1&q=Tunnels&fa=displayed%3Anot_digitized&fi=subject&op=PHRASE&fo=json", "selected": false, "off": "https://www.loc.gov/pictures/search/?va=exact&sp=1&q=Tunnels&fi=subject&fo=json&op=PHRASE", "title": "Not Digitized"}], "title": "displayed"}], "links": {"json": "//www.loc.gov/pictures/search/?fi=subject&q=Tunnels&op=PHRASE&va=exact&fo=json", "html": "//www.loc.gov/pictures/search/?fi=subject&q=Tunnels&op=PHRASE&va=exact", "rss": "//www.loc.gov/pictures/search/?fi=subject&q=Tunnels&op=PHRASE&va=exact&fo=rss"}, "suggestions": {"possible": []}, "pages": {"current": 1, "next": "https://www.loc.gov/pictures/search/?q=Tunnels&fi=subject&sp=2&op=PHRASE&va=exact", "perpage": 20, "last": "https://www.loc.gov/pictures/search/?q=Tunnels&fi=subject&sp=19&op=PHRASE&va=exact", "page_list": [{"url": null, "number": 1}, {"url": "https://www.loc.gov/pictures/search/?q=Tunnels&fi=subject&sp=2&op=PHRASE&va=exact", "number": 2}, {"url": "https://www.loc.gov/pictures/search/?q=Tunnels&fi=subject&sp=3&op=PHRASE&va=exact", "number": 3}, {"url": "https://www.loc.gov/pictures/search/?q=Tunnels&fi=subject&sp=4&op=PHRASE&va=exact", "number": 4}, {"url": "https://www.loc.gov/pictures/search/?q=Tunnels&fi=subject&sp=5&op=PHRASE&va=exact", "number": 5}, {"url": "https://www.loc.gov/pictures/search/?q=Tunnels&fi=subject&sp=6&op=PHRASE&va=exact", "number": "..."}, {"url": "https://www.loc.gov/pictures/search/?q=Tunnels&fi=subject&sp=19&op=PHRASE&va=exact", "number": 19}], "previous": null, "total": 19, "results": "1 - 20", "first": null}, "collection": null, "results": [{"source_created": "2008-02-27T00:00:00Z", "index": 1, "medium": "24 p., [10] leaves of plates (5 folded) : ill., maps, plans ; 11 x 14 cm.", "reproduction_number": "", "links": {"item": "https://www.loc.gov/pictures/item/2008570305/", "resource": null}, "title": "An explanation of the works of the tunnel under the Thames : from Rotherhithe to Wapping.", "image": {"alt": "item not digitized thumbnail", "full": "https://www.loc.gov/pictures/static/images/item/500x500_notdigitized.png", "square": "https://www.loc.gov/pictures/static/images/item/not_digitized_buttons75X75.png", "thumb": "https://www.loc.gov/pictures/static/images/item/notdigitized_buttons140X120.png"}, "created": "2016-04-20T00:00:00Z", "modified": "2016-04-20T00:00:00Z", "collection": ["eslbk", "pp"], "creator": "Thames Tunnel Company.", "call_number": "HE380 [P&P] ESL 451", "medium_brief": "24 p., [10] leaves of plates (5 folded) :", "source_modified": "2012-07-25T00:00:00Z", "pk": "2008570305", "created_published_date": "1836.", "subjects": ["Thames Tunnel (London, England)", "Tunnels--England--London.", "Tunnels--England--Thames River.", "Underwater tunnels--England--London.", "Underwater tunnels--England--Thames River."]}, {"source_created": "2008-02-27T00:00:00Z", "index": 2, "medium": "24 p., [10] leaves of plates (6 folded) : ill., maps, plans ; 11 x 14 cm.", "reproduction_number": "", "links": {"item": "https://www.loc.gov/pictures/item/2008570306/", "resource": null}, "title": "An explanation of the works of the tunnel under the Thames : from Rotherhithe to Wapping.", "image": {"alt": "item not digitized thumbnail", "full": "https://www.loc.gov/pictures/static/images/item/500x500_notdigitized.png", "square": "https://www.loc.gov/pictures/static/images/item/not_digitized_buttons75X75.png", "thumb": "https://www.loc.gov/pictures/static/images/item/notdigitized_buttons140X120.png"}, "created": "2016-04-21T00:00:00Z", "modified": "2016-04-21T00:00:00Z", "collection": ["eslbk", "pp"], "creator": "Thames Tunnel Company.", "call_number": "HE380 [P&P] ESL 451", "medium_brief": "24 p., [10] leaves of plates (6 folded) :", "source_modified": "2012-07-25T00:00:00Z", "pk": "2008570306", "created_published_date": "1842.", "subjects": ["Thames Tunnel (London, England)", "Tunnels--England--London.", "Tunnels--England--Thames River.", "Underwater tunnels--England--London.", "Underwater tunnels--England--Thames River."]}, {"source_created": "2008-02-27T00:00:00Z", "index": 3, "medium": "24 p., [10] leaves of plates (5 folded) : ill., maps, plans ; 11 x 14 cm.", "reproduction_number": "", "links": {"item": "https://www.loc.gov/pictures/item/2008570307/", "resource": null}, "title": "An explanation of the works of the tunnel under the Thames : from Rotherhithe to Wapping.", "image": {"alt": "item not digitized thumbnail", "full": "https://www.loc.gov/pictures/static/images/item/500x500_notdigitized.png", "square": "https://www.loc.gov/pictures/static/images/item/not_digitized_buttons75X75.png", "thumb": "https://www.loc.gov/pictures/static/images/item/notdigitized_buttons140X120.png"}, "created": "2016-04-21T00:00:00Z", "modified": "2016-04-21T00:00:00Z", "collection": ["eslbk", "pp"], "creator": "Thames Tunnel Company.", "call_number": "HE380 [P&P] ESL 452", "medium_brief": "24 p., [10] leaves of plates (5 folded) :", "source_modified": "2012-07-25T00:00:00Z", "pk": "2008570307", "created_published_date": "1843.", "subjects": ["Thames Tunnel (London, England)", "Tunnels--England--London.", "Tunnels--England--Thames River.", "Underwater tunnels--England--London.", "Underwater tunnels--England--Thames River."]}, {"source_created": "2008-12-31T00:00:00Z", "index": 4, "medium": "[2] leaves, [63] leaves of plates : ill., maps, plans ; 50 x 71 cm.", "reproduction_number": "", "links": {"item": "https://www.loc.gov/pictures/item/2008502214/", "resource": null}, "title": "Contract drawings, approved by the Board of Consulting Engineers ...", "image": {"alt": "item not digitized thumbnail", "full": "https://www.loc.gov/pictures/static/images/item/500x500_notdigitized.png", "square": "https://www.loc.gov/pictures/static/images/item/not_digitized_buttons75X75.png", "thumb": "https://www.loc.gov/pictures/static/images/item/notdigitized_buttons140X120.png"}, "created": "2016-04-20T00:00:00Z", "modified": "2016-04-20T00:00:00Z", "collection": ["eslbk", "pp"], "creator": "Pennsylvania, New Jersey, and New York Railroad Co. North River Division.", "call_number": "TF238.N7 P5 [P&P] ESL 301 Has 8 1/2 x 11 sheet tipped in on p. [2] of cover, \"To American Society of Mechanical Engineers. With compliments of the Pennsylvania Railroad Company. This volume illustrates a portion of the work required for the New York City ", "medium_brief": "[2] leaves, [63] leaves of plates :", "source_modified": "2012-08-22T00:00:00Z", "pk": "2008502214", "created_published_date": "1903.", "subjects": ["Tunnels--Hudson River (N.Y. and N.J.)", "Tunnels--New York (State)", "Tunnels--New Jersey.", "Pennsylvania, New Jersey, and New York Railroad Co.", "Pennsylvania Railroad."]}, {"source_created": "2008-12-23T00:00:00Z", "index": 5, "medium": "[3] leaves, 72 leaves of plates : ill., maps, plans ; 50 x 71 cm.", "reproduction_number": "", "links": {"item": "https://www.loc.gov/pictures/item/2008502213/", "resource": null}, "title": "Contract drawings, approved by the Board of Consulting Engineers ...", "image": {"alt": "item not digitized thumbnail", "full": "https://www.loc.gov/pictures/static/images/item/500x500_notdigitized.png", "square": "https://www.loc.gov/pictures/static/images/item/not_digitized_buttons75X75.png", "thumb": "https://www.loc.gov/pictures/static/images/item/notdigitized_buttons140X120.png"}, "created": "2016-04-20T00:00:00Z", "modified": "2016-04-20T00:00:00Z", "collection": ["eslbk", "pp"], "creator": "Pennsylvania, New York, and Long Island Railroad Co. East River Division.", "call_number": "TF238.N6 P7 [P&P] ESL 300 Has 8 1/2 x 11 sheet tipped in on p. [2] of cover, \"To American Society of Mechanical Engineers. With compliments of the Pennsylvania Railroad Company. This volume illustrates a portion of the work required for the New York City ", "medium_brief": "[3] leaves, 72 leaves of plates :", "source_modified": "2013-01-25T00:00:00Z", "pk": "2008502213", "created_published_date": "1903.", "subjects": ["Tunnels--East River (N.Y.)", "Tunnels--New York (State)", "Pennsylvania, New York, and Long Island Railroad Co.", "Pennsylvania Railroad.", "Long Island Rail Road."]}, {"source_created": "2009-01-05T00:00:00Z", "index": 6, "medium": "[2] leaves, [63] leaves of plates : ill., maps, plans ; 50 x 71 cm.", "reproduction_number": "", "links": {"item": "https://www.loc.gov/pictures/item/2008502216/", "resource": null}, "title": "Contract drawings, approved by the Board of Consulting Engineers ...", "image": {"alt": "item not digitized thumbnail", "full": "https://www.loc.gov/pictures/static/images/item/500x500_notdigitized.png", "square": "https://www.loc.gov/pictures/static/images/item/not_digitized_buttons75X75.png", "thumb": "https://www.loc.gov/pictures/static/images/item/notdigitized_buttons140X120.png"}, "created": "2016-04-21T00:00:00Z", "modified": "2016-04-21T00:00:00Z", "collection": ["eslbk", "pp"], "creator": "Pennsylvania, New York, and Long Island Railroad Co. North River Division.", "call_number": "TF238 [P&P] ESL 303", "medium_brief": "[2] leaves, [63] leaves of plates :", "source_modified": "2013-01-25T00:00:00Z", "pk": "2008502216", "created_published_date": "1903.", "subjects": ["Tunnels--Hudson River (N.Y. and N.J.)", "Tunnels--New York (State)", "Pennsylvania, New York, and Long Island Railroad Co.", "Pennsylvania Railroad.", "Long Island Rail Road."]}, {"source_created": "1970-01-01T00:00:00Z", "index": 7, "medium": "14", "reproduction_number": null, "links": {"item": "https://www.loc.gov/pictures/item/ak0595/", "resource": null}, "title": "Lanie Fleischer Chester Creek Trail, The Lanie Fleischer Chester Creek Trail follows the course of Chester Creek for four miles between Westchester Lagoon and Goose Lake Park. The area is generally bounded by 15th Avenue to the north, Bragaw Street to the east, Northern Lights Boulevard to the south, and the Alaska Railroad tracks to the west., Anchorage, Anchorage, AK", "image": {"alt": "habs/haer thumbnail", "full": "https://www.loc.gov/pictures/static/images/item/500x500_HABS.png", "square": "https://www.loc.gov/pictures/static/images/item/HABS_buttons75X75.png", "thumb": "https://www.loc.gov/pictures/static/images/item/habs_thumb_large.jpg"}, "created": "2018-05-17T00:00:00Z", "modified": "2018-05-17T00:00:00Z", "collection": ["diof", "hh", "survey"], "creator": "Historic American Landscapes Survey", "call_number": "HALS AK-8", "medium_brief": "Data Page(s): 14", "source_modified": "2018-05-17T00:00:00Z", "pk": "ak0595", "created_published_date": "Documentation compiled after 2000", "subjects": ["trails & paths", "foot trails", "bicycle paths", "bicycles & tricycles", "tunnels", "pedestrian tunnels", "creeks", "recreation", "sports & recreation facilities", "parks", "urban parks", "overpasses", "bridges", "asphalt"]}, {"source_created": "1970-01-01T00:00:00Z", "index": 8, "medium": "13", "reproduction_number": null, "links": {"item": "https://www.loc.gov/pictures/item/dc1183/", "resource": "https://www.loc.gov/pictures/item/dc1183/resource/"}, "title": "St. Elizabeths Hospital, Tunnels, 2700 Martin Luther King Jr. Avenue, Southeast, Washington, District of Columbia, DC", "image": {"alt": "digitized item thumbnail", "full": "https://www.loc.gov/pictures/static/images/item/500x500_notdigitized.png", "square": "https://www.loc.gov/pictures/static/data/media/dc1/dc1183/dc1183.ph/dc1183.photos.1/square.jpg", "thumb": "https://www.loc.gov/pictures/static/data/media/dc1/dc1183/dc1183.ph/dc1183.photos.1/gallery.jpg"}, "created": "2020-03-20T00:00:00Z", "modified": "2020-03-21T00:00:00Z", "collection": ["diof", "hh", "survey"], "creator": "Historic American Buildings Survey", "call_number": "HABS DC-349-BS", "medium_brief": "Photo(s): 13, Measured Drawing(s): 4, Photo Caption Page(s): 1", "source_modified": "2020-03-20T00:00:00Z", "pk": "dc1183", "created_published_date": "Documentation compiled after 1933", "subjects": ["hospitals", "health care", "institutional care", "tunnels", "pedestrian tunnels", "mental institutions", "medicine"]}, {"source_created": "2002-03-22T00:00:00Z", "index": 9, "medium": "1 photograph : gelatin silver print ; 26 x 34 cm.", "reproduction_number": "LC-DIG-ppmsca-40918 (digital file from original item)\nLC-USZ62-79122 (b&w film copy neg.)", "links": {"item": "https://www.loc.gov/pictures/item/2002706970/", "resource": "https://www.loc.gov/pictures/item/2002706970/resource/"}, "title": "Pacific Highway through a Washington red cedar stump, 20 feet in diameter", "image": {"alt": "digitized item thumbnail", "full": "https://tile.loc.gov/storage-services/service/pnp/ppmsca/40900/40918r.jpg", "square": "https://tile.loc.gov/storage-services/service/pnp/ppmsca/40900/40918_75x75px.jpg", "thumb": "https://tile.loc.gov/storage-services/service/pnp/ppmsca/40900/40918_150px.jpg"}, "created": "2016-04-20T00:00:00Z", "modified": "2016-04-20T00:00:00Z", "collection": ["cph", "diof", "pp"], "creator": "Kinsey, Darius, 1869-1945", "call_number": "LOT 4474 [item] [P&P]", "medium_brief": "1 photograph :", "source_modified": "2016-03-23T00:00:00Z", "pk": "2002706970", "created_published_date": "[1920]", "subjects": ["Curiosities & wonders--Washington (State)--1920.", "Cedar trees--Washington (State)--1920.", "Automobiles--Washington (State)--1920.", "Tunnels--Washington (State)--1920.", "Pacific Coast Highway--1920.", "Photographic prints--1920."]}, {"source_created": "2002-08-29T00:00:00Z", "index": 10, "medium": "1 photographic print on stereo card : stereograph, albumen.", "reproduction_number": "LC-DIG-stereo-1s00552 (digital file from original photo, front)\nLC-DIG-stereo-2s00552 (digital file from original photo, back)\nLC-USZ62-131959 (b&w film copy neg. of full stereo)", "links": {"item": "https://www.loc.gov/pictures/item/2002716866/", "resource": "https://www.loc.gov/pictures/item/2002716866/resource/"}, "title": "Donner Lake, Tunnels No. 7 and 8 from Summit Tunnel, eastern summit in distance", "image": {"alt": "digitized item thumbnail", "full": "https://tile.loc.gov/storage-services/service/pnp/stereo/1s00000/1s00000/1s00500/1s00552r.jpg", "square": "https://tile.loc.gov/storage-services/service/pnp/stereo/1s00000/1s00000/1s00500/1s00552_75x75px.jpg", "thumb": "https://tile.loc.gov/storage-services/service/pnp/stereo/1s00000/1s00000/1s00500/1s00552_150px.jpg"}, "created": "2016-04-20T00:00:00Z", "modified": "2016-04-20T00:00:00Z", "collection": ["diof", "pp", "stereo"], "creator": "Hart, Alfred A., 1816-1908", "call_number": "LOT 11477, no. 105 [item] [P&P]", "medium_brief": "1 photographic print on stereo card :", "source_modified": "2005-08-01T00:00:00Z", "pk": "2002716866", "created_published_date": "[between 1865 and 1869]", "subjects": ["Railroad construction & maintenance--California--1860-1880.", "Railroad tunnels--California--1860-1880.", "Lakes--California--1860-1880.", "Mountains--California--1860-1880.", "Donner Lake (Calif.)--1860-1880.", "Albumen prints--1860-1880.", "Stereographs--1860-1880."]}, {"source_created": "2004-03-26T00:00:00Z", "index": 11, "medium": "1 photographic print : albumen.", "reproduction_number": "LC-DIG-ppmsca-05404 (digital file from original photo)", "links": {"item": "https://www.loc.gov/pictures/item/2004669798/", "resource": "https://www.loc.gov/pictures/item/2004669798/resource/"}, "title": "East portal of great bend tunnel, 6880 feet long", "image": {"alt": "digitized item thumbnail", "full": "https://tile.loc.gov/storage-services/service/pnp/ppmsca/05400/05404r.jpg", "square": "https://tile.loc.gov/storage-services/service/pnp/ppmsca/05400/05404_75x75px.jpg", "thumb": "https://tile.loc.gov/storage-services/service/pnp/ppmsca/05400/05404_150px.jpg"}, "created": "2016-04-20T00:00:00Z", "modified": "2016-04-20T00:00:00Z", "collection": ["cph", "diof", "pp"], "creator": null, "call_number": "Unprocessed in PR 13 CN 1979:137 [item] [P&P]", "medium_brief": "1 photographic print :", "source_modified": "2010-04-12T00:00:00Z", "pk": "2004669798", "created_published_date": "[1872]", "subjects": ["Railroad tunnels--West Virginia--1870-1880.", "Railroad construction & maintenance--West Virginia--1870-1880.", "African Americans--Employment--Virginia--1870-1880.", "Albumen prints--1870-1880."]}, {"source_created": "2004-11-29T00:00:00Z", "index": 12, "medium": "1 photographic print.", "reproduction_number": "LC-USZ62-135049 (b&w film copy neg.)", "links": {"item": "https://www.loc.gov/pictures/item/2004681729/", "resource": "https://www.loc.gov/pictures/item/2004681729/resource/"}, "title": "Probe in tunnel", "image": {"alt": "digitized item thumbnail", "full": "https://tile.loc.gov/storage-services/service/pnp/cph/3c30000/3c35000/3c35000/3c35049_150px.jpg", "square": "https://tile.loc.gov/storage-services/service/pnp/cph/3c30000/3c35000/3c35000/3c35049_75x75px.jpg", "thumb": "https://tile.loc.gov/storage-services/service/pnp/cph/3c30000/3c35000/3c35000/3c35049_150px.jpg"}, "created": "2016-04-20T00:00:00Z", "modified": "2016-04-20T00:00:00Z", "collection": ["cph", "pp"], "creator": null, "call_number": "NYWTS - SUBJ/GEOG--Vietnam--South--Revolt--\"Booby Traps\"--Tunnel [item] [P&P]", "medium_brief": "1 photographic print.", "source_modified": "2006-04-14T00:00:00Z", "pk": "2004681729", "created_published_date": "1967.", "subjects": ["Cebula, Gary--Military service.", "United States.--Army.--Airborne Brigade, 173rd--People.", "Soldiers--American--Vietnam (Republic)--1960-1970.", "Tunnels--Vietnam (Republic)--1960-1970.", "Operation Cedar Falls, 1967.", "Vietnam War, 1961-1975.", "Photographic prints--1960-1970."]}, {"source_created": "1994-01-01T00:00:00Z", "index": 13, "medium": "1 photographic print : gelatin silver ; 8 x 10 in. or smaller.", "reproduction_number": "LC-D4271-217 (b&w film copy neg.)", "links": {"item": "https://www.loc.gov/pictures/item/2004707302/", "resource": "https://www.loc.gov/pictures/item/2004707302/resource/"}, "title": "Soda water bottle curve - railway tunnel entrance near Watgoddi", "image": {"alt": "digitized item thumbnail", "full": "https://tile.loc.gov/storage-services/service/pnp/wtc/4a00000/4a02000/4a02500/4a02565r.jpg", "square": "https://tile.loc.gov/storage-services/service/pnp/wtc/4a00000/4a02000/4a02500/4a02565_75x75px.jpg", "thumb": "https://tile.loc.gov/storage-services/service/pnp/wtc/4a00000/4a02000/4a02500/4a02565_150px.jpg"}, "created": "2016-04-20T00:00:00Z", "modified": "2016-04-20T00:00:00Z", "collection": ["ammem", "diof", "minload", "pp", "wtc"], "creator": "Jackson, William Henry, 1843-1942", "call_number": "LOT 11948, no. 217 [P&P]", "medium_brief": "1 photographic print :", "source_modified": "2013-06-14T00:00:00Z", "pk": "2004707302", "created_published_date": "[1895]", "subjects": ["Railroads.", "Tunnels.", "Sri Lanka.", "Photographic prints."]}, {"source_created": "1994-01-01T00:00:00Z", "index": 14, "medium": "1 photographic print : gelatin silver ; 8 x 10 in. or smaller.", "reproduction_number": "LC-D426-713 (b&w glass neg.)", "links": {"item": "https://www.loc.gov/pictures/item/2004707438/", "resource": "https://www.loc.gov/pictures/item/2004707438/resource/"}, "title": "Locomotive in mouth of tunnel - Manawatu Gorge", "image": {"alt": "digitized item thumbnail", "full": "https://tile.loc.gov/storage-services/service/pnp/wtc/4a00000/4a02000/4a02700/4a02705r.jpg", "square": "https://tile.loc.gov/storage-services/service/pnp/wtc/4a00000/4a02000/4a02700/4a02705_75x75px.jpg", "thumb": "https://tile.loc.gov/storage-services/service/pnp/wtc/4a00000/4a02000/4a02700/4a02705_150px.jpg"}, "created": "2016-04-20T00:00:00Z", "modified": "2016-04-20T00:00:00Z", "collection": ["ammem", "diof", "minload", "pp", "wtc"], "creator": "Jackson, William Henry, 1843-1942", "call_number": "LOT 11948, no. 713 [P&P]", "medium_brief": "1 photographic print :", "source_modified": "2013-06-19T00:00:00Z", "pk": "2004707438", "created_published_date": "[1895]", "subjects": ["Railroad locomotives.", "Rivers.", "Railroad tracks.", "Canyons.", "Tunnels.", "Manawatu River (N.Z.)", "New Zealand.", "Photographic prints."]}, {"source_created": "1994-01-01T00:00:00Z", "index": 15, "medium": "1 slide : lantern ; 3.25 x 4 in.", "reproduction_number": "", "links": {"item": "https://www.loc.gov/pictures/item/2004707615/", "resource": "https://www.loc.gov/pictures/item/2004707615/resource/"}, "title": "Railway section car approaching mountain tunnels", "image": {"alt": "digitized item thumbnail", "full": "https://tile.loc.gov/storage-services/service/pnp/wtc/4a00000/4a02000/4a02800/4a02899r.jpg", "square": "https://tile.loc.gov/storage-services/service/pnp/wtc/4a00000/4a02000/4a02800/4a02899_75x75px.jpg", "thumb": "https://tile.loc.gov/storage-services/service/pnp/wtc/4a00000/4a02000/4a02800/4a02899_150px.jpg"}, "created": "2016-04-20T00:00:00Z", "modified": "2016-04-20T00:00:00Z", "collection": ["ammem", "diof", "minload", "pp", "wtc"], "creator": "Jackson, William Henry, 1843-1942", "call_number": "LC-W7- 182 [P&P]", "medium_brief": "1 slide :", "source_modified": "2013-06-20T00:00:00Z", "pk": "2004707615", "created_published_date": "[1895]", "subjects": ["Railroad section cars.", "Tunnels.", "Sri Lanka.", "Lantern slides."]}, {"source_created": "1994-01-01T00:00:00Z", "index": 16, "medium": "1 slide : lantern, hand colored ; 3.25 x 4 in.", "reproduction_number": "", "links": {"item": "https://www.loc.gov/pictures/item/2004707655/", "resource": "https://www.loc.gov/pictures/item/2004707655/resource/"}, "title": "World Transp. Comm. inspecting railway tunnel", "image": {"alt": "digitized item thumbnail", "full": "https://tile.loc.gov/storage-services/service/pnp/wtc/4a00000/4a02000/4a02900/4a02940r.jpg", "square": "https://tile.loc.gov/storage-services/service/pnp/wtc/4a00000/4a02000/4a02900/4a02940_75x75px.jpg", "thumb": "https://tile.loc.gov/storage-services/service/pnp/wtc/4a00000/4a02000/4a02900/4a02940_150px.jpg"}, "created": "2016-04-20T00:00:00Z", "modified": "2016-04-20T00:00:00Z", "collection": ["ammem", "diof", "minload", "pp", "wtc"], "creator": "Jackson, William Henry, 1843-1942", "call_number": "LC-W7- 299 [P&P]", "medium_brief": "1 slide :", "source_modified": "2013-06-21T00:00:00Z", "pk": "2004707655", "created_published_date": "[1895]", "subjects": ["World's Transportation Commission.", "Railroad tracks.", "Tunnels.", "India.", "Lantern slides--Hand colored."]}, {"source_created": "1994-01-01T00:00:00Z", "index": 17, "medium": "1 slide : lantern, hand colored ; 3.25 x 4 in.", "reproduction_number": "LC-USZC2-6392 (color film copy slide)", "links": {"item": "https://www.loc.gov/pictures/item/2004707689/", "resource": "https://www.loc.gov/pictures/item/2004707689/resource/"}, "title": "Tunnel and bridge on the Northwestern Railway near Quetta", "image": {"alt": "digitized item thumbnail", "full": "https://tile.loc.gov/storage-services/service/pnp/cph/3f00000/3f06000/3f06300/3f06392r.jpg", "square": "https://tile.loc.gov/storage-services/service/pnp/cph/3f00000/3f06000/3f06300/3f06392_75x75px.jpg", "thumb": "https://tile.loc.gov/storage-services/service/pnp/cph/3f00000/3f06000/3f06300/3f06392_150px.jpg"}, "created": "2016-04-20T00:00:00Z", "modified": "2016-04-20T00:00:00Z", "collection": ["ammem", "diof", "minload", "pp", "wtc"], "creator": "Jackson, William Henry, 1843-1942", "call_number": "LC-W7- 400 [P&P]", "medium_brief": "1 slide :", "source_modified": "2007-03-05T00:00:00Z", "pk": "2004707689", "created_published_date": "[1895]", "subjects": ["North-Western Railroad Company.", "Railroad bridges.", "Tunnels.", "Pakistan--Quetta.", "Lantern slides--Hand colored."]}, {"source_created": "1991-05-07T00:00:00Z", "index": 18, "medium": "1 photographic print : gelatin silver ; 7.5 x 59 in.", "reproduction_number": "", "links": {"item": "https://www.loc.gov/pictures/item/2007661952/", "resource": "https://www.loc.gov/pictures/item/2007661952/resource/"}, "title": "Official opening of the Gunnison Tunnel by President Taft at the west portal, Montrose, Colo., Sept. 23, 1909", "image": {"alt": "digitized item thumbnail", "full": "https://tile.loc.gov/storage-services/service/pnp/pan/6a18000/6a18500/6a18517r.jpg", "square": "https://tile.loc.gov/storage-services/service/pnp/pan/6a18000/6a18500/6a18517_75x75px.jpg", "thumb": "https://tile.loc.gov/storage-services/service/pnp/pan/6a18000/6a18500/6a18517_150px.jpg"}, "created": "2016-04-20T00:00:00Z", "modified": "2016-04-20T00:00:00Z", "collection": ["ammem", "diof", "minload", "pan", "pp"], "creator": "Newman, Almeron", "call_number": "PAN US GEOG - Colorado no. 1 (F size) [P&P]", "medium_brief": "1 photographic print :", "source_modified": "2009-10-06T00:00:00Z", "pk": "2007661952", "created_published_date": "1909 September 23.", "subjects": ["Tunnels.", "Dedications.", "United States--Colorado--Montrose.", "Gelatin silver prints.", "Panoramic photographs."]}, {"source_created": "2008-01-31T00:00:00Z", "index": 19, "medium": "[14], 53 [i.e. 60] p., [12] leaves, [49] leaves of plates (13 folded) : ill., maps, plans ; 28 cm.", "reproduction_number": "", "links": {"item": "https://www.loc.gov/pictures/item/2008570283/", "resource": null}, "title": "Final report of the New York City Tunnel Authority on proposed Narrows vehicular tunnel between the boroughs of Brooklyn and Richmond, June first, 1945.", "image": {"alt": "item not digitized thumbnail", "full": "https://www.loc.gov/pictures/static/images/item/500x500_notdigitized.png", "square": "https://www.loc.gov/pictures/static/images/item/not_digitized_buttons75X75.png", "thumb": "https://www.loc.gov/pictures/static/images/item/notdigitized_buttons140X120.png"}, "created": "2016-04-20T00:00:00Z", "modified": "2016-04-20T00:00:00Z", "collection": ["eslbk", "pp"], "creator": "New York City Tunnel Authority.", "call_number": "TF238 [P&P] ESL 474", "medium_brief": "[14], 53 [i.e. 60] p., [12] leaves, [49] leaves of plates (13 folded) :", "source_modified": "2013-06-03T00:00:00Z", "pk": "2008570283", "created_published_date": "1945]", "subjects": ["Tunnels--New York (State)--New York."]}, {"source_created": "2008-02-06T00:00:00Z", "index": 20, "medium": "72 p. : ill. ; 31 cm.", "reproduction_number": "", "links": {"item": "https://www.loc.gov/pictures/item/2008570292/", "resource": null}, "title": "History of the great Chicago lake tunnel : the causes which led to its conception, the great undertaking, obstacles encountered, how the work was performed, launch of the crib, the new water works building, etc., together with sketches of the visits of several illustrious parties to the works, and a midnight train of cars beneath Lake Michigan, also the successful completion of the great enterprise.", "image": {"alt": "item not digitized thumbnail", "full": "https://www.loc.gov/pictures/static/images/item/500x500_notdigitized.png", "square": "https://www.loc.gov/pictures/static/images/item/not_digitized_buttons75X75.png", "thumb": "https://www.loc.gov/pictures/static/images/item/notdigitized_buttons140X120.png"}, "created": "2016-04-20T00:00:00Z", "modified": "2016-04-20T00:00:00Z", "collection": ["eslbk", "pp"], "creator": null, "call_number": "TD225 [P&P] ESL 466", "medium_brief": "72 p. :", "source_modified": "2012-07-25T00:00:00Z", "pk": "2008570292", "created_published_date": "1868.", "subjects": ["Water-supply--Illinois--Chicago.", "Tunnels--Illinois--Chicago."]}]}