{"search": {"field": "subject", "hits": 84, "sort_order": null, "do_facets": true, "focus_item": null, "query": "Hair ornaments", "type": "search", "sort_by": null}, "focus": null, "views": {"current": "list", "grid": "https://www.loc.gov/pictures/search/?q=Hair+ornaments&fi=subject&va=exact&st=grid&op=PHRASE", "list": "https://www.loc.gov/pictures/search/?q=Hair+ornaments&fi=subject&op=PHRASE&va=exact", "gallery": "https://www.loc.gov/pictures/search/?q=Hair+ornaments&fi=subject&va=exact&st=gallery&op=PHRASE", "slideshow": "https://www.loc.gov/pictures/search/?q=Hair+ornaments&fi=subject&va=exact&st=slideshow&op=PHRASE"}, "facets": [{"type": "displayed", "filters": [{"count": 81, "on": "https://www.loc.gov/pictures/search/?va=exact&sp=1&q=Hair+ornaments&fa=displayed%3Aanywhere&fi=subject&op=PHRASE&fo=json", "selected": false, "off": "https://www.loc.gov/pictures/search/?va=exact&sp=1&q=Hair+ornaments&fi=subject&fo=json&op=PHRASE", "title": "Larger image available anywhere"}, {"count": 2, "on": "https://www.loc.gov/pictures/search/?va=exact&sp=1&q=Hair+ornaments&fa=displayed%3Alc_only&fi=subject&op=PHRASE&fo=json", "selected": false, "off": "https://www.loc.gov/pictures/search/?va=exact&sp=1&q=Hair+ornaments&fi=subject&fo=json&op=PHRASE", "title": "Larger image available only at the Library of Congress"}, {"count": 1, "on": "https://www.loc.gov/pictures/search/?va=exact&sp=1&q=Hair+ornaments&fa=displayed%3Anot_digitized&fi=subject&op=PHRASE&fo=json", "selected": false, "off": "https://www.loc.gov/pictures/search/?va=exact&sp=1&q=Hair+ornaments&fi=subject&fo=json&op=PHRASE", "title": "Not Digitized"}, {"count": 0, "on": "https://www.loc.gov/pictures/search/?va=exact&sp=1&q=Hair+ornaments&fa=displayed%3Asurveys_only&fi=subject&op=PHRASE&fo=json", "selected": false, "off": "https://www.loc.gov/pictures/search/?va=exact&sp=1&q=Hair+ornaments&fi=subject&fo=json&op=PHRASE", "title": "Surveys only"}], "title": "displayed"}], "links": {"json": "//www.loc.gov/pictures/search/?fi=subject&q=Hair+ornaments&op=PHRASE&va=exact&fo=json", "html": "//www.loc.gov/pictures/search/?fi=subject&q=Hair+ornaments&op=PHRASE&va=exact", "rss": "//www.loc.gov/pictures/search/?fi=subject&q=Hair+ornaments&op=PHRASE&va=exact&fo=rss"}, "suggestions": {"possible": []}, "pages": {"current": 1, "next": "https://www.loc.gov/pictures/search/?q=Hair+ornaments&fi=subject&sp=2&op=PHRASE&va=exact", "perpage": 20, "last": "https://www.loc.gov/pictures/search/?q=Hair+ornaments&fi=subject&sp=4&op=PHRASE&va=exact", "page_list": [{"url": null, "number": 1}, {"url": "https://www.loc.gov/pictures/search/?q=Hair+ornaments&fi=subject&sp=2&op=PHRASE&va=exact", "number": 2}, {"url": "https://www.loc.gov/pictures/search/?q=Hair+ornaments&fi=subject&sp=3&op=PHRASE&va=exact", "number": 3}, {"url": "https://www.loc.gov/pictures/search/?q=Hair+ornaments&fi=subject&sp=4&op=PHRASE&va=exact", "number": 4}], "previous": null, "total": 4, "results": "1 - 20", "first": null}, "collection": null, "results": [{"source_created": "2002-07-12T00:00:00Z", "index": 1, "medium": "1 photographic print.", "reproduction_number": "LC-USZ62-74522 (b&w film copy neg.)", "links": {"item": "https://www.loc.gov/pictures/item/2002716258/", "resource": "https://www.loc.gov/pictures/item/2002716258/resource/"}, "title": "[G\u00f6ring in white suit and hair net talking with man at San Remo, Italy, tennis tournament]", "image": {"alt": "digitized item thumbnail", "full": "https://tile.loc.gov/storage-services/service/pnp/cph/3b20000/3b21000/3b21700/3b21782_150px.jpg", "square": "https://tile.loc.gov/storage-services/service/pnp/cph/3b20000/3b21000/3b21700/3b21782_75x75px.jpg", "thumb": "https://tile.loc.gov/storage-services/service/pnp/cph/3b20000/3b21000/3b21700/3b21782_150px.jpg"}, "created": "2016-04-20T00:00:00Z", "modified": "2016-04-20T00:00:00Z", "collection": ["cph", "pp", "reconref"], "creator": "Robert (Photographer)", "call_number": "LOT 3128-30 p. 87, no. 3 [item] [P&P]", "medium_brief": "1 photographic print.", "source_modified": "2013-05-28T00:00:00Z", "pk": "2002716258", "created_published_date": "[1939 March]", "subjects": ["G\u00f6ring, Hermann,--1893-1946.", "Tennis players--Italy--San Remo--1930-1940.", "Hair ornaments--1930-1940.", "Group portraits--1930-1940.", "Photographic prints--1930-1940.", "Portrait photographs--1930-1940."]}, {"source_created": "2005-02-03T00:00:00Z", "index": 2, "medium": "1 print : woodcut, color ; 37.2 x 25.6 cm.", "reproduction_number": "LC-DIG-jpd-00747 (digital file from original print)", "links": {"item": "https://www.loc.gov/pictures/item/2008660012/", "resource": "https://www.loc.gov/pictures/item/2008660012/resource/"}, "title": "Kukimanjiya uchi Takimoto", "image": {"alt": "digitized item thumbnail", "full": "https://tile.loc.gov/storage-services/service/pnp/jpd/00700/00747r.jpg", "square": "https://tile.loc.gov/storage-services/service/pnp/jpd/00700/00747_75x75px.jpg", "thumb": "https://tile.loc.gov/storage-services/service/pnp/jpd/00700/00747_150px.jpg"}, "created": "2016-04-20T00:00:00Z", "modified": "2016-04-20T00:00:00Z", "collection": ["diof", "jpd", "minload", "pp"], "creator": "Utagawa, Kunitomi, active 1830", "call_number": "FP 2 - JPD, no. 680 (A size) [P&P]", "medium_brief": "1 print :", "source_modified": "2013-06-03T00:00:00Z", "pk": "2008660012", "created_published_date": "[between 1818 and 1835]", "subjects": ["Women--Clothing & dress--Japan--1810-1840.", "Courtesans--Japan--1810-1840.", "Hair ornaments--1810-1840.", "Ukiyo-e--1810-1840.", "Woodcuts--Japanese--Color--1810-1840."]}, {"source_created": "2005-02-03T00:00:00Z", "index": 3, "medium": "1 print : woodcut, color ; 38.3 x 26.2 cm.", "reproduction_number": "LC-DIG-jpd-00774 (digital file from original print)", "links": {"item": "https://www.loc.gov/pictures/item/2008660037/", "resource": "https://www.loc.gov/pictures/item/2008660037/resource/"}, "title": "Hikeyotsu no yoru no ame", "image": {"alt": "digitized item thumbnail", "full": "https://tile.loc.gov/storage-services/service/pnp/jpd/00700/00774r.jpg", "square": "https://tile.loc.gov/storage-services/service/pnp/jpd/00700/00774_75x75px.jpg", "thumb": "https://tile.loc.gov/storage-services/service/pnp/jpd/00700/00774_150px.jpg"}, "created": "2016-04-20T00:00:00Z", "modified": "2016-04-20T00:00:00Z", "collection": ["diof", "jpd", "minload", "pp"], "creator": "Kikukawa, Eizan, 1787-1867", "call_number": "FP 2 - JPD, no. 704 (A size) [P&P]", "medium_brief": "1 print :", "source_modified": "2009-01-22T00:00:00Z", "pk": "2008660037", "created_published_date": "[between 1818 and 1820]", "subjects": ["Women--Clothing & dress--Japan--1810-1820.", "Courtesans--Japan--1810-1820.", "Hair ornaments--1810-1820.", "Rooms & spaces--Japan--1810-1820.", "Rain--Japan--1810-1820.", "Ukiyo-e--1810-1820.", "Woodcuts--Japanese--Color--1810-1820."]}, {"source_created": "2005-02-03T00:00:00Z", "index": 4, "medium": "1 print : woodcut, color ; 35.5 x 23.7 cm.", "reproduction_number": "LC-DIG-jpd-00783 (digital file from original print)", "links": {"item": "https://www.loc.gov/pictures/item/2008660044/", "resource": "https://www.loc.gov/pictures/item/2008660044/resource/"}, "title": "Nihonzutsumi no rakugan tamaya uchi Tamagushi", "image": {"alt": "digitized item thumbnail", "full": "https://tile.loc.gov/storage-services/service/pnp/jpd/00700/00783r.jpg", "square": "https://tile.loc.gov/storage-services/service/pnp/jpd/00700/00783_75x75px.jpg", "thumb": "https://tile.loc.gov/storage-services/service/pnp/jpd/00700/00783_150px.jpg"}, "created": "2016-04-20T00:00:00Z", "modified": "2016-04-20T00:00:00Z", "collection": ["diof", "jpd", "minload", "pp"], "creator": "Ikeda, Eisen, 1790-1848", "call_number": "FP 2 - JPD, no. 711 (A size) [P&P]", "medium_brief": "1 print :", "source_modified": "2008-06-27T00:00:00Z", "pk": "2008660044", "created_published_date": "[between 1818 and 1822]", "subjects": ["Women--Clothing & dress--Japan--1810-1830.", "Courtesans--Japan--1810-1830.", "Reading--Japan--1810-1830.", "Hair ornaments--1810-1830.", "Beauty--Japan--1810-1830.", "Ukiyo-e--1810-1830.", "Woodcuts--Japanese--Color--1810-1830."]}, {"source_created": "2005-02-03T00:00:00Z", "index": 5, "medium": "1 print : woodcut, color ; 37.4 x 25.4 cm.", "reproduction_number": "LC-DIG-jpd-00809 (digital file from original print)", "links": {"item": "https://www.loc.gov/pictures/item/2008660087/", "resource": "https://www.loc.gov/pictures/item/2008660087/resource/"}, "title": "Wakanaya uchi Shiratsuyu", "image": {"alt": "digitized item thumbnail", "full": "https://tile.loc.gov/storage-services/service/pnp/jpd/00800/00809r.jpg", "square": "https://tile.loc.gov/storage-services/service/pnp/jpd/00800/00809_75x75px.jpg", "thumb": "https://tile.loc.gov/storage-services/service/pnp/jpd/00800/00809_150px.jpg"}, "created": "2016-04-20T00:00:00Z", "modified": "2016-04-20T00:00:00Z", "collection": ["diof", "jpd", "minload", "pp"], "creator": "Hosoda, Eishi, 1756-1829", "call_number": "FP 2 - JPD, no. 732 (A size) [P&P]", "medium_brief": "1 print :", "source_modified": "2008-07-09T00:00:00Z", "pk": "2008660087", "created_published_date": "[between 1791 and 1795]", "subjects": ["Women--Clothing & dress--Japan--1790-1800.", "Courtesans--Japan--1790-1800.", "Hair ornaments--Japan--1790-1800.", "Opium pipes--1790-1800.", "Ukiyo-e--Japanese--Color--1790-1800.", "Woodcuts--Japanese--1790-1800."]}, {"source_created": "2005-02-03T00:00:00Z", "index": 6, "medium": "1 print : woodcut, color ; 35.6 x 23.2 cm.", "reproduction_number": "LC-DIG-jpd-00859 (digital file from original print)", "links": {"item": "https://www.loc.gov/pictures/item/2008660136/", "resource": "https://www.loc.gov/pictures/item/2008660136/resource/"}, "title": "Hana", "image": {"alt": "digitized item thumbnail", "full": "https://tile.loc.gov/storage-services/service/pnp/jpd/00800/00859r.jpg", "square": "https://tile.loc.gov/storage-services/service/pnp/jpd/00800/00859_75x75px.jpg", "thumb": "https://tile.loc.gov/storage-services/service/pnp/jpd/00800/00859_150px.jpg"}, "created": "2016-04-20T00:00:00Z", "modified": "2016-04-20T00:00:00Z", "collection": ["diof", "jpd", "minload", "pp"], "creator": "Utagawa, Toyokuni, 1769-1825", "call_number": "FP 2 - JPD, no. 781 (A size) [P&P]", "medium_brief": "1 print :", "source_modified": "2008-07-21T00:00:00Z", "pk": "2008660136", "created_published_date": "[between 1804 and 1810]", "subjects": ["Women--Clothing & dress--Japan--1800-1810.", "Courtesans--Japan--1800-1810.", "Beauty--Japan--1800-1810.", "Hair ornaments--1800-1810.", "Ukiyo-e--Japanese--Color--1800-1810.", "Woodcuts--Japanese--Color--1800-1810."]}, {"source_created": "2005-02-03T00:00:00Z", "index": 7, "medium": "1 print : woodcut, color ; 37.2 x 24.7 cm.", "reproduction_number": "LC-DIG-jpd-02269 (digital file from original print)", "links": {"item": "https://www.loc.gov/pictures/item/2008660658/", "resource": "https://www.loc.gov/pictures/item/2008660658/resource/"}, "title": "Miuraya takao", "image": {"alt": "digitized item thumbnail", "full": "https://tile.loc.gov/storage-services/service/pnp/jpd/02200/02269r.jpg", "square": "https://tile.loc.gov/storage-services/service/pnp/jpd/02200/02269_75x75px.jpg", "thumb": "https://tile.loc.gov/storage-services/service/pnp/jpd/02200/02269_150px.jpg"}, "created": "2016-04-20T00:00:00Z", "modified": "2016-04-20T00:00:00Z", "collection": ["diof", "jpd", "minload", "pp"], "creator": null, "call_number": "FP 2 - JPD, no. 1928 (B size) [P&P]", "medium_brief": "1 print :", "source_modified": "2008-10-17T00:00:00Z", "pk": "2008660658", "created_published_date": "[between 1818 and 1830]", "subjects": ["Women--Clothing & dress--Japan--1810-1830.", "Courtesans--Japan--1810-1830.", "Beauty--Japan--1810-1830.", "Hair ornaments--1810-1830.", "Birds--Japan--1810-1830.", "Pines--Japan--1810-1830.", "Ukiyo-e--Japanese--Color--1810-1830.", "Woodcuts--Japanese--Color--1810-1830."]}, {"source_created": "2005-02-03T00:00:00Z", "index": 8, "medium": "1 print : woodcut, color ; 38.4 x 24.5 cm.", "reproduction_number": "LC-DIG-jpd-02220 (digital file from original print)", "links": {"item": "https://www.loc.gov/pictures/item/2008660800/", "resource": "https://www.loc.gov/pictures/item/2008660800/resource/"}, "title": "Ch\u014djiya hinazuru hinamatsu", "image": {"alt": "digitized item thumbnail", "full": "https://tile.loc.gov/storage-services/service/pnp/jpd/02200/02220r.jpg", "square": "https://tile.loc.gov/storage-services/service/pnp/jpd/02200/02220_75x75px.jpg", "thumb": "https://tile.loc.gov/storage-services/service/pnp/jpd/02200/02220_150px.jpg"}, "created": "2016-04-20T00:00:00Z", "modified": "2016-04-20T00:00:00Z", "collection": ["diof", "jpd", "minload", "pp"], "creator": "Kitagawa, Utamaro, 1753?-1806", "call_number": "FP 2 - JPD, no. 1883 (B size) [P&P]", "medium_brief": "1 print :", "source_modified": "2008-10-15T00:00:00Z", "pk": "2008660800", "created_published_date": "[between 1798 and 1801]", "subjects": ["Women--Clothing & dress--Japan--1790-1810.", "Courtesans--Japan--1790-1810.", "Hair ornaments--1790-1810.", "Fans (Accessories)--Japan--1790-1810.", "Ukiyo-e--Japanese--Color--1790-1810.", "Woodcuts--Japanese--Color--1790-1810."]}, {"source_created": "2005-02-03T00:00:00Z", "index": 9, "medium": "1 print : woodcut, color ; 34.4 x 16 cm.", "reproduction_number": "LC-DIG-jpd-02221 (digital file from original print)", "links": {"item": "https://www.loc.gov/pictures/item/2008660801/", "resource": "https://www.loc.gov/pictures/item/2008660801/resource/"}, "title": "\u014cgiya uchi hana\u014dgi", "image": {"alt": "digitized item thumbnail", "full": "https://tile.loc.gov/storage-services/service/pnp/jpd/02200/02221r.jpg", "square": "https://tile.loc.gov/storage-services/service/pnp/jpd/02200/02221_75x75px.jpg", "thumb": "https://tile.loc.gov/storage-services/service/pnp/jpd/02200/02221_150px.jpg"}, "created": "2016-04-20T00:00:00Z", "modified": "2016-04-20T00:00:00Z", "collection": ["diof", "jpd", "minload", "pp"], "creator": null, "call_number": "FP 2 - JPD, no. 1884 (B size) [P&P]", "medium_brief": "1 print :", "source_modified": "2010-01-08T00:00:00Z", "pk": "2008660801", "created_published_date": "[between 1801 and 1818]", "subjects": ["Women--Clothing & dress--Japan--1800-1820.", "Courtesans--Japan--1800-1820.", "Hair ornaments--1800-1820.", "Ukiyo-e--Japanese--Color--1800-1820.", "Woodcuts--Japanese--Color--1800-1820."]}, {"source_created": "2005-02-03T00:00:00Z", "index": 10, "medium": "1 print : woodcut, color ; 37.5 x 23.6 cm.", "reproduction_number": "LC-DIG-jpd-02252 (digital file from original print)", "links": {"item": "https://www.loc.gov/pictures/item/2008660825/", "resource": "https://www.loc.gov/pictures/item/2008660825/resource/"}, "title": "Tsuruya uchi tsurunou", "image": {"alt": "digitized item thumbnail", "full": "https://tile.loc.gov/storage-services/service/pnp/jpd/02200/02252r.jpg", "square": "https://tile.loc.gov/storage-services/service/pnp/jpd/02200/02252_75x75px.jpg", "thumb": "https://tile.loc.gov/storage-services/service/pnp/jpd/02200/02252_150px.jpg"}, "created": "2016-04-20T00:00:00Z", "modified": "2016-04-20T00:00:00Z", "collection": ["diof", "jpd", "minload", "pp"], "creator": "Ch\u014dk\u014dsai Eish\u014d, active 1789-1817", "call_number": "FP 2 - JPD, no. 1911 (B size) [P&P]", "medium_brief": "1 print :", "source_modified": "2013-06-04T00:00:00Z", "pk": "2008660825", "created_published_date": "[between 1795 and 1798]", "subjects": ["Women--Clothing & dress--Japan--1790-1800.", "Courtesans--Japan--1790-1800.", "Hair ornaments--1790-1800.", "Beauty--Japan--1790-1800.", "Ukiyo-e--Japanese--Color--1790-1800.", "Woodcuts--Japanese--Color--1790-1800."]}, {"source_created": "2005-02-03T00:00:00Z", "index": 11, "medium": "1 print : woodcut, color ; 37.1 x 24.8 cm.", "reproduction_number": "LC-DIG-jpd-02253 (digital file from original print)", "links": {"item": "https://www.loc.gov/pictures/item/2008660826/", "resource": "https://www.loc.gov/pictures/item/2008660826/resource/"}, "title": "Tamaya uchi shizuka", "image": {"alt": "digitized item thumbnail", "full": "https://tile.loc.gov/storage-services/service/pnp/jpd/02200/02253r.jpg", "square": "https://tile.loc.gov/storage-services/service/pnp/jpd/02200/02253_75x75px.jpg", "thumb": "https://tile.loc.gov/storage-services/service/pnp/jpd/02200/02253_150px.jpg"}, "created": "2016-04-20T00:00:00Z", "modified": "2016-04-20T00:00:00Z", "collection": ["diof", "jpd", "minload", "pp"], "creator": "Ichirakutei, Eisui, active 1789-1823", "call_number": "FP 2 - JPD, no. 1912 (B size) [P&P]", "medium_brief": "1 print :", "source_modified": "2013-06-04T00:00:00Z", "pk": "2008660826", "created_published_date": "[between 1797 and 1799]", "subjects": ["Women--Clothing & dress--Japan--1790-1800.", "Courtesans--Japan--1790-1800.", "Beauty--Japan--1790-1800.", "Hair ornaments--Japan--1790-1800.", "Ukiyo-e--Japanese--Color--1790-1800.", "Woodcuts--Japanese--Color--1790-1800."]}, {"source_created": "2005-02-03T00:00:00Z", "index": 12, "medium": "1 print : woodcut, color ; 37.6 x 24.4 cm.", "reproduction_number": "LC-DIG-jpd-02261 (digital file from original print)", "links": {"item": "https://www.loc.gov/pictures/item/2008660834/", "resource": "https://www.loc.gov/pictures/item/2008660834/resource/"}, "title": "Tamaya uchi tagasode", "image": {"alt": "digitized item thumbnail", "full": "https://tile.loc.gov/storage-services/service/pnp/jpd/02200/02261r.jpg", "square": "https://tile.loc.gov/storage-services/service/pnp/jpd/02200/02261_75x75px.jpg", "thumb": "https://tile.loc.gov/storage-services/service/pnp/jpd/02200/02261_150px.jpg"}, "created": "2016-04-20T00:00:00Z", "modified": "2016-04-20T00:00:00Z", "collection": ["diof", "jpd", "minload", "pp"], "creator": null, "call_number": "FP 2 - JPD, no. 1920 (B size) [P&P]", "medium_brief": "1 print :", "source_modified": "2008-10-16T00:00:00Z", "pk": "2008660834", "created_published_date": "[between 1805 and 1808]", "subjects": ["Women--Clothing & dress--Japan--1800-1810.", "Courtesans--Japan--1800-1810.", "Beauty--Japan--1800-1810.", "Hair ornaments--Japan--1800-1810.", "Ukiyo-e--Japanese--Color--1800-1810.", "Woodcuts--Japanese--Color--1800-1810."]}, {"source_created": "2005-02-03T00:00:00Z", "index": 13, "medium": "1 print : woodcut, color ; 37.7 x 25.8 cm.", "reproduction_number": "LC-DIG-jpd-02265 (digital file from original print)", "links": {"item": "https://www.loc.gov/pictures/item/2008660838/", "resource": "https://www.loc.gov/pictures/item/2008660838/resource/"}, "title": "\u014ctawaraya uchi wakamastsu", "image": {"alt": "digitized item thumbnail", "full": "https://tile.loc.gov/storage-services/service/pnp/jpd/02200/02265r.jpg", "square": "https://tile.loc.gov/storage-services/service/pnp/jpd/02200/02265_75x75px.jpg", "thumb": "https://tile.loc.gov/storage-services/service/pnp/jpd/02200/02265_150px.jpg"}, "created": "2016-04-20T00:00:00Z", "modified": "2016-04-20T00:00:00Z", "collection": ["diof", "jpd", "minload", "pp"], "creator": "Isoda, Kory\u016bsai, active 1764-1788", "call_number": "FP 2 - JPD, no. 1924 (B size) [P&P]", "medium_brief": "1 print :", "source_modified": "2013-06-04T00:00:00Z", "pk": "2008660838", "created_published_date": "[between 1776 and 1778]", "subjects": ["Women--Clothing & dress--Japan--1770-1780.", "Courtesans--Japan--1770-1780.", "Beauty--Japan--1770-1780.", "Apprentices--Japan--1770-1780.", "Hair ornaments--1770-1780.", "Ukiyo-e--Japanese--Color--1770-1780.", "Woodcuts--Japanese--Color--1770-1780."]}, {"source_created": "2005-02-03T00:00:00Z", "index": 14, "medium": "1 print : woodcut, color ; 31.2 x 14 cm.", "reproduction_number": "LC-DIG-jpd-02321 (digital file from original print)", "links": {"item": "https://www.loc.gov/pictures/item/2008660886/", "resource": "https://www.loc.gov/pictures/item/2008660886/resource/"}, "title": "\u014cgiya takihashi", "image": {"alt": "digitized item thumbnail", "full": "https://tile.loc.gov/storage-services/service/pnp/jpd/02300/02321r.jpg", "square": "https://tile.loc.gov/storage-services/service/pnp/jpd/02300/02321_75x75px.jpg", "thumb": "https://tile.loc.gov/storage-services/service/pnp/jpd/02300/02321_150px.jpg"}, "created": "2016-04-20T00:00:00Z", "modified": "2016-04-20T00:00:00Z", "collection": ["diof", "jpd", "minload", "pp"], "creator": "Kitagawa, Utamaro, 1753?-1806", "call_number": "FP 2 - JPD, no. 1973 (B size) [P&P]", "medium_brief": "1 print :", "source_modified": "2008-10-21T00:00:00Z", "pk": "2008660886", "created_published_date": "[1800 or 1801]", "subjects": ["Women--Clothing & dress--Japan--1800-1810.", "Courtesans--Japan--1800-1810.", "Beauty--Japan--1800-1810.", "Hair ornaments--1800-1810.", "Ukiyo-e--Japanese--Color--1800-1810.", "Woodcuts--Japanese--Color--1800-1810."]}, {"source_created": "2005-02-03T00:00:00Z", "index": 15, "medium": "1 print : woodcut, color ; 38 x 25.1 cm.", "reproduction_number": "LC-DIG-jpd-02324 (digital file from original print)", "links": {"item": "https://www.loc.gov/pictures/item/2008660889/", "resource": "https://www.loc.gov/pictures/item/2008660889/resource/"}, "title": "Sanya karitaku no zu", "image": {"alt": "digitized item thumbnail", "full": "https://tile.loc.gov/storage-services/service/pnp/jpd/02300/02324r.jpg", "square": "https://tile.loc.gov/storage-services/service/pnp/jpd/02300/02324_75x75px.jpg", "thumb": "https://tile.loc.gov/storage-services/service/pnp/jpd/02300/02324_150px.jpg"}, "created": "2016-04-20T00:00:00Z", "modified": "2016-04-20T00:00:00Z", "collection": ["diof", "jpd", "minload", "pp"], "creator": "Utagawa, Toyokuni, 1769-1825", "call_number": "FP 2 - JPD, no. 1976 (B size) [P&P]", "medium_brief": "1 print :", "source_modified": "2008-10-21T00:00:00Z", "pk": "2008660889", "created_published_date": "1794.", "subjects": ["Women--Clothing & dress--Japan--1790-1800.", "Courtesans--Japan--1790-1800.", "Beauty--Japan--1790-1800.", "Hair ornaments--1790-1800.", "Ukiyo-e--Japanese--Color--1790-1800.", "Woodcuts--Japanese--Color--1790-1800."]}, {"source_created": "2005-02-03T00:00:00Z", "index": 16, "medium": "1 print : woodcut, color ; 38.5 x 25.4 cm.", "reproduction_number": "LC-DIG-jpd-02329 (digital file from original print)", "links": {"item": "https://www.loc.gov/pictures/item/2008660894/", "resource": "https://www.loc.gov/pictures/item/2008660894/resource/"}, "title": "Okamotoya uchi sayagata", "image": {"alt": "digitized item thumbnail", "full": "https://tile.loc.gov/storage-services/service/pnp/jpd/02300/02329r.jpg", "square": "https://tile.loc.gov/storage-services/service/pnp/jpd/02300/02329_75x75px.jpg", "thumb": "https://tile.loc.gov/storage-services/service/pnp/jpd/02300/02329_150px.jpg"}, "created": "2016-04-20T00:00:00Z", "modified": "2016-04-20T00:00:00Z", "collection": ["diof", "jpd", "minload", "pp"], "creator": "Hosoda, Eishi, 1756-1829", "call_number": "FP 2 - JPD, no. 1981 (B size) [P&P]", "medium_brief": "1 print :", "source_modified": "2008-10-21T00:00:00Z", "pk": "2008660894", "created_published_date": "[between 1795 and 1797]", "subjects": ["Women--Clothing & dress--Japan--1790-1800.", "Courtesans--Japan--1790-1800.", "Servants--Japan--1790-1800.", "Beauty--Japan--1790-1800.", "Hair ornaments--1790-1800.", "Ukiyo-e--Japanese--Color--1790-1800.", "Woodcuts--Japanese--Color--1790-1800."]}, {"source_created": "2005-02-03T00:00:00Z", "index": 17, "medium": "1 print : woodcut, color ; 38.2 x 26.1 cm.", "reproduction_number": "LC-DIG-jpd-02360 (digital file from original print)", "links": {"item": "https://www.loc.gov/pictures/item/2008660924/", "resource": "https://www.loc.gov/pictures/item/2008660924/resource/"}, "title": "Tamaya uchi koshikibu", "image": {"alt": "digitized item thumbnail", "full": "https://tile.loc.gov/storage-services/service/pnp/jpd/02300/02360r.jpg", "square": "https://tile.loc.gov/storage-services/service/pnp/jpd/02300/02360_75x75px.jpg", "thumb": "https://tile.loc.gov/storage-services/service/pnp/jpd/02300/02360_150px.jpg"}, "created": "2016-04-20T00:00:00Z", "modified": "2016-04-20T00:00:00Z", "collection": ["diof", "jpd", "minload", "pp"], "creator": "Utagawa, Kuniyasu, 1794-1832", "call_number": "FP 2 - JPD, no. 2013 (B size) [P&P]", "medium_brief": "1 print :", "source_modified": "2008-10-23T00:00:00Z", "pk": "2008660924", "created_published_date": "[between 1816 and 1830]", "subjects": ["Women--Clothing & dress--Japan--1810-1830.", "Courtesans--Japan--1810-1830.", "Hair ornaments--1810-1830.", "Ukiyo-e--Japanese--Color--1810-1830.", "Woodcuts--Japanese--Color--1810-1830."]}, {"source_created": "2005-02-03T00:00:00Z", "index": 18, "medium": "1 print : woodcut, color ; 36.9 x 23.6 cm.", "reproduction_number": "LC-DIG-jpd-02413 (digital file from original print)", "links": {"item": "https://www.loc.gov/pictures/item/2008660976/", "resource": "https://www.loc.gov/pictures/item/2008660976/resource/"}, "title": "Ch\u014djiya uchi karagoto", "image": {"alt": "digitized item thumbnail", "full": "https://tile.loc.gov/storage-services/service/pnp/jpd/02400/02413r.jpg", "square": "https://tile.loc.gov/storage-services/service/pnp/jpd/02400/02413_75x75px.jpg", "thumb": "https://tile.loc.gov/storage-services/service/pnp/jpd/02400/02413_150px.jpg"}, "created": "2016-04-20T00:00:00Z", "modified": "2016-04-20T00:00:00Z", "collection": ["diof", "jpd", "minload", "pp"], "creator": null, "call_number": "FP 2 - JPD, no. 2036 (B size) [P&P]", "medium_brief": "1 print :", "source_modified": "2008-10-24T00:00:00Z", "pk": "2008660976", "created_published_date": "[between 1794 and 1798]", "subjects": ["Women--Clothing & dress--Japan--1790-1800.", "Courtesans--Japan--1790-1800.", "Hair ornaments--1790-1800.", "Beauty--Japan--1790-1800.", "Ukiyo-e--Japanese--Color--1790-1800.", "Woodcuts--Japanese--Color--1790-1800."]}, {"source_created": "2005-02-03T00:00:00Z", "index": 19, "medium": "1 print : woodcut, color ; 38.3 x 26.4 cm.", "reproduction_number": "LC-DIG-jpd-02500 (digital file from original print)", "links": {"item": "https://www.loc.gov/pictures/item/2008661060/", "resource": "https://www.loc.gov/pictures/item/2008661060/resource/"}, "title": "\u014cmonguchi no rakugan, \u014dgiya uchi tsukasa", "image": {"alt": "digitized item thumbnail", "full": "https://tile.loc.gov/storage-services/service/pnp/jpd/02500/02500r.jpg", "square": "https://tile.loc.gov/storage-services/service/pnp/jpd/02500/02500_75x75px.jpg", "thumb": "https://tile.loc.gov/storage-services/service/pnp/jpd/02500/02500_150px.jpg"}, "created": "2016-04-20T00:00:00Z", "modified": "2016-04-20T00:00:00Z", "collection": ["diof", "jpd", "minload", "pp"], "creator": "Utagawa, Toyokuni, approximately 1777-1835", "call_number": "FP 2 - JPD, no. 2121 (B size) [P&P]", "medium_brief": "1 print :", "source_modified": "2013-06-04T00:00:00Z", "pk": "2008661060", "created_published_date": "[between 1828 and 1834]", "subjects": ["Women--Clothing & dress--Japan--1820-1840.", "Courtesans--Japan--1820-1840.", "Hair ornaments--1820-1840.", "Ukiyo-e--Japanese--Color--1820-1840.", "Woodcuts--Japanese--Color--1820-1840."]}, {"source_created": "2005-02-03T00:00:00Z", "index": 20, "medium": "1 print : woodcut, color ; 33.3 x 22.5 cm.", "reproduction_number": "LC-DIG-jpd-02579 (digital file from original print)\nLC-USZC4-6340 (color film copy transparency)", "links": {"item": "https://www.loc.gov/pictures/item/2008661131/", "resource": "https://www.loc.gov/pictures/item/2008661131/resource/"}, "title": "Matsubaya uchi mats\u016bmura yosoi", "image": {"alt": "digitized item thumbnail", "full": "https://tile.loc.gov/storage-services/service/pnp/jpd/02500/02579r.jpg", "square": "https://tile.loc.gov/storage-services/service/pnp/jpd/02500/02579_75x75px.jpg", "thumb": "https://tile.loc.gov/storage-services/service/pnp/jpd/02500/02579_150px.jpg"}, "created": "2016-04-20T00:00:00Z", "modified": "2016-04-20T00:00:00Z", "collection": ["diof", "jpd", "minload", "pp"], "creator": "Kitagawa, Tsukimaro, active 18th century-19th century", "call_number": "FP 2 - JPD, no. 2197 (C size) [P&P]", "medium_brief": "1 print :", "source_modified": "2013-06-04T00:00:00Z", "pk": "2008661131", "created_published_date": "[between 1799 and 1801]", "subjects": ["Women--Clothing & dress--Japan--1790-1810.", "Courtesans--Japan--1790-1810.", "Hair ornaments--1790-1810.", "Ukiyo-e--Japanese--Color--1790-1810.", "Woodcuts--Japanese--Color--1790-1810."]}]}