{"search": {"field": "subject", "hits": 16, "sort_order": null, "do_facets": true, "focus_item": null, "query": "Foxholes", "type": "search", "sort_by": null}, "focus": null, "views": {"current": "list", "grid": "https://www.loc.gov/pictures/search/?q=Foxholes&fi=subject&va=exact&st=grid&op=PHRASE", "list": "https://www.loc.gov/pictures/search/?q=Foxholes&fi=subject&op=PHRASE&va=exact", "gallery": "https://www.loc.gov/pictures/search/?q=Foxholes&fi=subject&va=exact&st=gallery&op=PHRASE", "slideshow": "https://www.loc.gov/pictures/search/?q=Foxholes&fi=subject&va=exact&st=slideshow&op=PHRASE"}, "facets": [{"type": "displayed", "filters": [{"count": 4, "on": "https://www.loc.gov/pictures/search/?va=exact&sp=1&q=Foxholes&fa=displayed%3Aanywhere&fi=subject&op=PHRASE&fo=json", "selected": false, "off": "https://www.loc.gov/pictures/search/?va=exact&sp=1&q=Foxholes&fi=subject&fo=json&op=PHRASE", "title": "Larger image available anywhere"}, {"count": 6, "on": "https://www.loc.gov/pictures/search/?va=exact&sp=1&q=Foxholes&fa=displayed%3Alc_only&fi=subject&op=PHRASE&fo=json", "selected": false, "off": "https://www.loc.gov/pictures/search/?va=exact&sp=1&q=Foxholes&fi=subject&fo=json&op=PHRASE", "title": "Larger image available only at the Library of Congress"}, {"count": 6, "on": "https://www.loc.gov/pictures/search/?va=exact&sp=1&q=Foxholes&fa=displayed%3Anot_digitized&fi=subject&op=PHRASE&fo=json", "selected": false, "off": "https://www.loc.gov/pictures/search/?va=exact&sp=1&q=Foxholes&fi=subject&fo=json&op=PHRASE", "title": "Not Digitized"}, {"count": 0, "on": "https://www.loc.gov/pictures/search/?va=exact&sp=1&q=Foxholes&fa=displayed%3Asurveys_only&fi=subject&op=PHRASE&fo=json", "selected": false, "off": "https://www.loc.gov/pictures/search/?va=exact&sp=1&q=Foxholes&fi=subject&fo=json&op=PHRASE", "title": "Surveys only"}], "title": "displayed"}], "links": {"json": "//www.loc.gov/pictures/search/?fi=subject&q=Foxholes&op=PHRASE&va=exact&fo=json", "html": "//www.loc.gov/pictures/search/?fi=subject&q=Foxholes&op=PHRASE&va=exact", "rss": "//www.loc.gov/pictures/search/?fi=subject&q=Foxholes&op=PHRASE&va=exact&fo=rss"}, "suggestions": {"possible": []}, "pages": {"current": 1, "next": null, "perpage": 20, "last": null, "page_list": [{"url": null, "number": 1}], "previous": null, "total": 1, "results": "1 - 16", "first": null}, "collection": null, "results": [{"source_created": "2003-06-03T00:00:00Z", "index": 1, "medium": "1 negative : film.", "reproduction_number": "LC-DIG-ppmsca-03116 (digital file from original)", "links": {"item": "https://www.loc.gov/pictures/item/2003654381/", "resource": "https://www.loc.gov/pictures/item/2003654381/resource/"}, "title": "[U.S. Marine sits in a foxhole and points a machine gun towards Beirut, Lebanon, in the distance]", "image": {"alt": "digitized item thumbnail", "full": "https://tile.loc.gov/storage-services/service/pnp/ppmsca/03100/03116r.jpg", "square": "https://tile.loc.gov/storage-services/service/pnp/ppmsca/03100/03116_75x75px.jpg", "thumb": "https://tile.loc.gov/storage-services/service/pnp/ppmsca/03100/03116_150px.jpg"}, "created": "2016-04-20T00:00:00Z", "modified": "2016-04-20T00:00:00Z", "collection": ["cph", "diof", "pp"], "creator": "O'Halloran, Thomas J.", "call_number": "LC-U9- 1472E-36 [P&P] USN&WR COLL - Job no. 1472E, frame 36 (corresponding contact sheet)", "medium_brief": "1 negative :", "source_modified": "2012-07-16T00:00:00Z", "pk": "2003654381", "created_published_date": "1958 July.", "subjects": ["Marines (Military personnel)--Lebanon--Beirut--1950-1960.", "Foxholes--Lebanon--Beirut--1950-1960.", "Film negatives--1950-1960."]}, {"source_created": "2001-11-26T00:00:00Z", "index": 2, "medium": "1 drawing : graphite and crayon.", "reproduction_number": "LC-DIG-ppmsca-22672 (digital file from original item)", "links": {"item": "https://www.loc.gov/pictures/item/2004661738/", "resource": "https://www.loc.gov/pictures/item/2004661738/resource/"}, "title": "Nightime on \"Bloody Knoll\" or \"Chi. Heights\" - 2 to a fox hole", "image": {"alt": "digitized item thumbnail", "full": "https://tile.loc.gov/storage-services/service/pnp/ppmsca/22600/22672r.jpg", "square": "https://tile.loc.gov/storage-services/service/pnp/ppmsca/22600/22672_75x75px.jpg", "thumb": "https://tile.loc.gov/storage-services/service/pnp/ppmsca/22600/22672_150px.jpg"}, "created": "2016-04-20T00:00:00Z", "modified": "2016-04-20T00:00:00Z", "collection": ["diof", "drwg", "minload", "pp"], "creator": "Brodie, Howard, 1915-2010", "call_number": "DRWG/US - Brodie, no. 17 (A size) [P&P]", "medium_brief": "1 drawing :", "source_modified": "2010-09-24T00:00:00Z", "pk": "2004661738", "created_published_date": "[between 1942 and 1943]", "subjects": ["Guadalcanal, Battle of, Solomon Islands, 1942-1943.", "World War, 1939-1945--Military personnel.", "Foxholes--1940-1950.", "Sleeping--1940-1950.", "Soldiers--American--Solomon Islands--Guadalcanal--1940-1950.", "Solomon Islands--Guadalcanal", "Drawings--American--1940-1950."]}, {"source_created": "2001-11-29T00:00:00Z", "index": 3, "medium": "1 drawing : crayon, graphite, and ink.", "reproduction_number": "LC-DIG-ppmsca-22721 (digital file from original item)", "links": {"item": "https://www.loc.gov/pictures/item/2004661761/", "resource": "https://www.loc.gov/pictures/item/2004661761/resource/"}, "title": "[Scene in a Guadalcanal foxhole near the front at midnight]", "image": {"alt": "digitized item thumbnail", "full": "https://tile.loc.gov/storage-services/service/pnp/ppmsca/22700/22721r.jpg", "square": "https://tile.loc.gov/storage-services/service/pnp/ppmsca/22700/22721_75x75px.jpg", "thumb": "https://tile.loc.gov/storage-services/service/pnp/ppmsca/22700/22721_150px.jpg"}, "created": "2016-04-20T00:00:00Z", "modified": "2016-04-20T00:00:00Z", "collection": ["diof", "drwg", "minload", "pp"], "creator": "Brodie, Howard, 1915-2010", "call_number": "DRWG/US - Brodie, no. 39 (A size) [P&P]", "medium_brief": "1 drawing :", "source_modified": "2010-09-24T00:00:00Z", "pk": "2004661761", "created_published_date": "[19]43.", "subjects": ["Guadalcanal, Battle of, Solomon Islands, 1942-1943.", "World War, 1939-1945--Military personnel.", "Foxholes--1940-1950.", "Night--1940-1950.", "Soldiers--American--Solomon Islands--Guadalcanal--1940-1950.", "Solomon Islands--Guadalcanal", "Drawings--American--1940-1950."]}, {"source_created": "2012-06-21T00:00:00Z", "index": 4, "medium": "1 drawing.", "reproduction_number": "LC-DIG-hlb-02832 (digital file from original drawing)", "links": {"item": "https://www.loc.gov/pictures/item/2012632095/", "resource": "https://www.loc.gov/pictures/item/2012632095/resource/"}, "title": "\"What would you charge to let me protect you?\"", "image": {"alt": "digitized item thumbnail", "full": "https://tile.loc.gov/storage-services/service/pnp/hlb/02800/02832_150px.jpg", "square": "https://tile.loc.gov/storage-services/service/pnp/hlb/02800/02832_75x75px.jpg", "thumb": "https://tile.loc.gov/storage-services/service/pnp/hlb/02800/02832_150px.jpg"}, "created": "2016-04-20T00:00:00Z", "modified": "2016-04-20T00:00:00Z", "collection": ["hlb", "minload", "pp"], "creator": "Block, Herbert, 1909-2001", "call_number": "BLOCK, no. 2832 (BB size) [P&P]", "medium_brief": "1 drawing.", "source_modified": "2013-03-22T00:00:00Z", "pk": "2012632095", "created_published_date": "7-19-[19]51.", "subjects": ["Franco, Francisco,--1892-1975.", "Uncle Sam (Symbolic character)", "International relations--Spain", "Giants", "Foxholes", "Drawings--American.", "Editorial cartoons--American."]}, {"source_created": "2012-06-21T00:00:00Z", "index": 5, "medium": "1 drawing.", "reproduction_number": "LC-DIG-hlb-04623 (digital file from original drawing)", "links": {"item": "https://www.loc.gov/pictures/item/2012633857/", "resource": "https://www.loc.gov/pictures/item/2012633857/resource/"}, "title": "\"When do we get out of this depression?\"", "image": {"alt": "digitized item thumbnail", "full": "https://tile.loc.gov/storage-services/service/pnp/hlb/04600/04623_150px.jpg", "square": "https://tile.loc.gov/storage-services/service/pnp/hlb/04600/04623_75x75px.jpg", "thumb": "https://tile.loc.gov/storage-services/service/pnp/hlb/04600/04623_150px.jpg"}, "created": "2016-04-20T00:00:00Z", "modified": "2016-04-20T00:00:00Z", "collection": ["hlb", "minload", "pp"], "creator": "Block, Herbert, 1909-2001", "call_number": "BLOCK, no. 4623 (BB size) [P&P]", "medium_brief": "1 drawing.", "source_modified": "2013-03-22T00:00:00Z", "pk": "2012633857", "created_published_date": "4-8-[19]58.", "subjects": ["Dulles, John Foster,--1888-1959.", "Eisenhower, Dwight D.--(Dwight David),--1890-1969.", "Foxholes", "economic & social conditions", "Uncle Sam (Symbolic character)", "Cobwebs", "Peace", "missiles", "Hammer & sickle", "Drawings--American.", "Editorial cartoons--American."]}, {"source_created": "2012-11-19T00:00:00Z", "index": 6, "medium": "1 drawing.", "reproduction_number": "", "links": {"item": "https://www.loc.gov/pictures/item/2012637049/", "resource": null}, "title": "\"If you know a better 'ole --\"", "image": {"alt": "item not digitized thumbnail", "full": "https://www.loc.gov/pictures/static/images/item/500x500_notdigitized.png", "square": "https://www.loc.gov/pictures/static/images/item/not_digitized_buttons75X75.png", "thumb": "https://www.loc.gov/pictures/static/images/item/notdigitized_buttons140X120.png"}, "created": "2016-04-20T00:00:00Z", "modified": "2016-04-20T00:00:00Z", "collection": ["hlb", "minload", "pp"], "creator": "Block, Herbert, 1909-2001", "call_number": "BLOCK, no. 6372 (BB size)", "medium_brief": "1 drawing.", "source_modified": "2014-01-14T00:00:00Z", "pk": "2012637049", "created_published_date": "7/29/1965.", "subjects": ["Johnson, Lyndon B.--(Lyndon Baines),--1908-1973.", "Vietnam.", "war", "Foxholes", "Drawings--American.", "Editorial cartoons--American."]}, {"source_created": "1998-10-16T00:00:00Z", "index": 7, "medium": "1 photographic print.", "reproduction_number": "LC-USZ62-121589 (b&w film copy neg.)", "links": {"item": "https://www.loc.gov/pictures/item/98517523/", "resource": "https://www.loc.gov/pictures/item/98517523/resource/"}, "title": "Chinese soldiers in fox holes", "image": {"alt": "digitized item thumbnail", "full": "https://tile.loc.gov/storage-services/service/pnp/cph/3c20000/3c21000/3c21500/3c21589_150px.jpg", "square": "https://tile.loc.gov/storage-services/service/pnp/cph/3c20000/3c21000/3c21500/3c21589_75x75px.jpg", "thumb": "https://tile.loc.gov/storage-services/service/pnp/cph/3c20000/3c21000/3c21500/3c21589_150px.jpg"}, "created": "2016-04-20T00:00:00Z", "modified": "2016-04-20T00:00:00Z", "collection": ["cph", "pp"], "creator": null, "call_number": "LOT 11614  <item> [P&P]", "medium_brief": "1 photographic print.", "source_modified": "2002-11-10T00:00:00Z", "pk": "98517523", "created_published_date": "[1942 or 1943(?)]", "subjects": ["Soldiers--Chinese--1940-1950.", "Foxholes--1940-1950.", "Photographic prints--1940-1950."]}, {"source_created": "2012-11-19T00:00:00Z", "index": 8, "medium": "1 drawing.", "reproduction_number": "LC-DIG-hlb-13480 (digital file from original drawing)", "links": {"item": "https://www.loc.gov/pictures/item/2012643879/", "resource": "https://www.loc.gov/pictures/item/2012643879/resource/"}, "title": "\"I hear that this time we might get help from Air Force One\"", "image": {"alt": "digitized item thumbnail", "full": "https://tile.loc.gov/storage-services/service/pnp/hlb/13400/13480_150px.jpg", "square": "https://tile.loc.gov/storage-services/service/pnp/hlb/13400/13480_75x75px.jpg", "thumb": "https://tile.loc.gov/storage-services/service/pnp/hlb/13400/13480_150px.jpg"}, "created": "2016-04-21T00:00:00Z", "modified": "2016-04-21T00:00:00Z", "collection": ["hlb", "minload", "pp"], "creator": "Block, Herbert, 1909-2001", "call_number": "BLOCK, no. 13480 (BB size)", "medium_brief": "1 drawing.", "source_modified": "2015-06-18T00:00:00Z", "pk": "2012643879", "created_published_date": "11/30/1997.", "subjects": ["Democratic Party (U.S.)", "Republican Party (U.S. : 1854- )", "Political campaign funds", "Democratic donkey (Symbolic character)", "Public debt", "Tanks (Military science)", "Foxholes", "war", "Drawings--American.", "Editorial cartoons--American."]}, {"source_created": "1997-06-25T00:00:00Z", "index": 9, "medium": "1 drawing.", "reproduction_number": "", "links": {"item": "https://www.loc.gov/pictures/item/2016678666/", "resource": "https://www.loc.gov/pictures/item/2016678666/resource/"}, "title": "Why don't you fellows come out into the open?", "image": {"alt": "digitized item thumbnail", "full": "https://tile.loc.gov/storage-services/service/pnp/acd/2a06000/2a06000/2a06074_150px.jpg", "square": "https://tile.loc.gov/storage-services/service/pnp/acd/2a06000/2a06000/2a06074_75x75px.jpg", "thumb": "https://tile.loc.gov/storage-services/service/pnp/acd/2a06000/2a06000/2a06074_150px.jpg"}, "created": "2016-08-16T00:00:00Z", "modified": "2016-08-16T00:00:00Z", "collection": ["2rights", "acd", "acr", "minload", "pp"], "creator": "Berryman, Clifford Kennedy, 1869-1949", "call_number": "CD 1 - Berryman (C.K.), no. 372 (A size)", "medium_brief": "1 drawing.", "source_modified": "2016-08-04T00:00:00Z", "pk": "2016678666", "created_published_date": "1944 May 30.", "subjects": ["Roosevelt, Franklin D.--(Franklin Delano),--1882-1945.", "Dewey, Thomas E.--(Thomas Edmund),--1902-1971.", "Bricker, John W.--(John William),--1893-1986.", "Republican Party (U.S. : 1854- )", "Democratic Party (U.S.)--1940-1950.", "Presidential elections--United States--1940-1950.", "Foxholes--1940-1950.", "Drawings.", "Editorial cartoons--American."]}, {"source_created": "1997-07-17T00:00:00Z", "index": 10, "medium": "1 drawing on paper : ink over pencil with scraping out.", "reproduction_number": "", "links": {"item": "https://www.loc.gov/pictures/item/2016685002/", "resource": null}, "title": "\"How long you think it'd take for Jesse Jackson to git a letter from here?\"", "image": {"alt": "item not digitized thumbnail", "full": "https://www.loc.gov/pictures/static/images/item/500x500_notdigitized.png", "square": "https://www.loc.gov/pictures/static/images/item/not_digitized_buttons75X75.png", "thumb": "https://www.loc.gov/pictures/static/images/item/notdigitized_buttons140X120.png"}, "created": "2016-08-16T00:00:00Z", "modified": "2016-08-16T00:00:00Z", "collection": ["4rights", "acd", "acr", "minload", "pp"], "creator": "Harrington, Oliver W. (Oliver Wendell), 1912-1995", "call_number": "CD 1 - Harrington, no. 43 (A size)", "medium_brief": "1 drawing on paper :", "source_modified": "2016-08-05T00:00:00Z", "pk": "2016685002", "created_published_date": "[between 1964 and 1986]", "subjects": ["Jackson, Jesse,--1941-", "Bombings--1960-1990.", "Soldiers--1960-1990.", "Foxholes--1960-1990.", "Cartoons (Commentary)--1960-1990.", "Drawings--1960-1990."]}, {"source_created": "1999-10-15T00:00:00Z", "index": 11, "medium": "1 drawing on paper : ink.", "reproduction_number": "", "links": {"item": "https://www.loc.gov/pictures/item/2016685533/", "resource": null}, "title": "[Two soldiers in a foxhole]", "image": {"alt": "item not digitized thumbnail", "full": "https://www.loc.gov/pictures/static/images/item/500x500_notdigitized.png", "square": "https://www.loc.gov/pictures/static/images/item/not_digitized_buttons75X75.png", "thumb": "https://www.loc.gov/pictures/static/images/item/notdigitized_buttons140X120.png"}, "created": "2016-08-16T00:00:00Z", "modified": "2016-08-16T00:00:00Z", "collection": ["acd", "minload", "pp"], "creator": "Mauldin, Bill, 1921-2003", "call_number": "CD 1 - Mauldin, no. 165 (A size)", "medium_brief": "1 drawing on paper :", "source_modified": "2016-08-05T00:00:00Z", "pk": "2016685533", "created_published_date": "[between 1941 and 1945]", "subjects": ["World War, 1939-1945--Military personnel.", "Foxholes--1940-1950.", "Drawings--1940-1950.", "Sketches--1940-1950."]}, {"source_created": "1999-10-15T00:00:00Z", "index": 12, "medium": "1 drawing on layered paper board : crayon, ink, blue pencil, and white out over pencil with scraping out.", "reproduction_number": "", "links": {"item": "https://www.loc.gov/pictures/item/2016686613/", "resource": null}, "title": "\"Alliance, anyone?\"", "image": {"alt": "item not digitized thumbnail", "full": "https://www.loc.gov/pictures/static/images/item/500x500_notdigitized.png", "square": "https://www.loc.gov/pictures/static/images/item/not_digitized_buttons75X75.png", "thumb": "https://www.loc.gov/pictures/static/images/item/notdigitized_buttons140X120.png"}, "created": "2016-08-16T00:00:00Z", "modified": "2016-08-16T00:00:00Z", "collection": ["acd", "minload", "pp"], "creator": "Mauldin, Bill, 1921-2003", "call_number": "CD 1 - Mauldin, no. 1104 (A size)", "medium_brief": "1 drawing on layered paper board :", "source_modified": "2016-08-05T00:00:00Z", "pk": "2016686613", "created_published_date": "1964 May 10 [publication date]", "subjects": ["McNamara, Robert S.,--1916-2009.", "Vietnam War, 1961-1975--Diplomacy.", "Foxholes--Vietnam--1960-1970.", "Rain--1960-1970.", "Drawings--1960-1970.", "Editorial cartoons--1960-1970."]}, {"source_created": "1999-10-15T00:00:00Z", "index": 13, "medium": "1 drawing on layered paper : crayon, ink, white out and blue pencil over pencil.", "reproduction_number": "", "links": {"item": "https://www.loc.gov/pictures/item/2016686806/", "resource": null}, "title": "Foxhole", "image": {"alt": "item not digitized thumbnail", "full": "https://www.loc.gov/pictures/static/images/item/500x500_notdigitized.png", "square": "https://www.loc.gov/pictures/static/images/item/not_digitized_buttons75X75.png", "thumb": "https://www.loc.gov/pictures/static/images/item/notdigitized_buttons140X120.png"}, "created": "2016-08-16T00:00:00Z", "modified": "2016-08-16T00:00:00Z", "collection": ["acd", "minload", "pp"], "creator": "Mauldin, Bill, 1921-2003", "call_number": "CD 1 - Mauldin, no. 1211 (A size)", "medium_brief": "1 drawing on layered paper :", "source_modified": "2016-08-05T00:00:00Z", "pk": "2016686806", "created_published_date": "1965 Feb. 24 [publication date]", "subjects": ["Vietnam War, 1961-1975", "Soldiers--South Vietnam--1960-1970.", "Foxholes--1960-1970.", "Politics & government--South Vietnam--1960-1970.", "Drawings--1960-1970.", "Editorial cartoons--1960-1970."]}, {"source_created": "1999-10-15T00:00:00Z", "index": 14, "medium": "1 drawing on layered paper : ink, crayon, and white out over pencil.", "reproduction_number": "LC-DIG-ppmsca-03253 (digital file from original)", "links": {"item": "https://www.loc.gov/pictures/item/2016687142/", "resource": "https://www.loc.gov/pictures/item/2016687142/resource/"}, "title": "[What to do till the Peace Corps comes]", "image": {"alt": "digitized item thumbnail", "full": "https://tile.loc.gov/storage-services/service/pnp/ppmsca/03200/03253_150px.jpg", "square": "https://tile.loc.gov/storage-services/service/pnp/ppmsca/03200/03253_75x75px.jpg", "thumb": "https://tile.loc.gov/storage-services/service/pnp/ppmsca/03200/03253_150px.jpg"}, "created": "2016-08-16T00:00:00Z", "modified": "2016-08-16T00:00:00Z", "collection": ["acd", "minload", "pp"], "creator": "Mauldin, Bill, 1921-2003", "call_number": "CD 1 - Mauldin, no. 747 (A size)", "medium_brief": "1 drawing on layered paper :", "source_modified": "2016-08-05T00:00:00Z", "pk": "2016687142", "created_published_date": "1961 July 13 [publication date]", "subjects": ["Peace Corps (U.S.).--1960-1970.", "Vietnam War, 1961-1975--Military personnel.", "Soldiers--1960-1970.", "Foxholes--1960-1970.", "Reading--1960-1970.", "Drawings--1960-1970.", "Editorial cartoons--1960-1970."]}, {"source_created": "1995-05-11T00:00:00Z", "index": 15, "medium": "1 photographic print.", "reproduction_number": "LC-USZ62-113919 (b&w film copy neg.)", "links": {"item": "https://www.loc.gov/pictures/item/95506944/", "resource": "https://www.loc.gov/pictures/item/95506944/resource/"}, "title": "Panorama of the southeast edge of Motoyama Airfield #1 covering beach area from Mt. Suribachi to east boat basin", "image": {"alt": "digitized item thumbnail", "full": "https://tile.loc.gov/storage-services/service/pnp/cph/3c10000/3c13000/3c13900/3c13919r.jpg", "square": "https://tile.loc.gov/storage-services/service/pnp/cph/3c10000/3c13000/3c13900/3c13919_75x75px.jpg", "thumb": "https://tile.loc.gov/storage-services/service/pnp/cph/3c10000/3c13000/3c13900/3c13919_150px.jpg"}, "created": "2017-05-02T00:00:00Z", "modified": "2017-05-02T00:00:00Z", "collection": ["cph", "diof", "pp"], "creator": "Scheer, P.", "call_number": "LOT 8754 <item> [P&P]", "medium_brief": "1 photographic print.", "source_modified": "2017-04-26T00:00:00Z", "pk": "95506944", "created_published_date": "1945.", "subjects": ["World War, 1939-1945--Trench warfare.", "Iwo Jima, Battle of, Japan, 1945.", "Foxholes--1940-1950.", "Photographic prints--1940-1950."]}, {"source_created": "1999-10-15T00:00:00Z", "index": 16, "medium": "1 drawing on paper : ink and blue pencil over pencil.", "reproduction_number": "", "links": {"item": "https://www.loc.gov/pictures/item/2016687186/", "resource": null}, "title": "\"That kid's smart enough to run for Congress someday\"", "image": {"alt": "item not digitized thumbnail", "full": "https://www.loc.gov/pictures/static/images/item/500x500_notdigitized.png", "square": "https://www.loc.gov/pictures/static/images/item/not_digitized_buttons75X75.png", "thumb": "https://www.loc.gov/pictures/static/images/item/notdigitized_buttons140X120.png"}, "created": "2021-04-13T08:07:25Z", "modified": "2021-04-13T08:07:25Z", "collection": ["acd", "minload", "pp"], "creator": "Yardley, Richard Quincy, 1903-1979", "call_number": "CD 1 - Yardley (R.Q.), no. 4 (B size)", "medium_brief": "1 drawing on paper :", "source_modified": "2021-04-07T13:14:21Z", "pk": "2016687186", "created_published_date": "[1956]", "subjects": ["Mauldin, Bill,--1921-2003.", "Fictitious characters--1950-1960.", "Soldiers--1950-1960.", "Foxholes--1950-1960.", "Cartoonists--1950-1960.", "Elections--1950-1960.", "Cartoons (Commentary)--1950-1960.", "Drawings--1950-1960."]}]}