{"search": {"field": "subject", "hits": 136, "sort_order": null, "do_facets": true, "focus_item": null, "query": "Veterans' benefits", "type": "search", "sort_by": null}, "focus": null, "views": {"current": "list", "grid": "https://www.loc.gov/pictures/search/?q=Veterans%27+benefits&fi=subject&va=exact&st=grid&op=PHRASE", "list": "https://www.loc.gov/pictures/search/?q=Veterans%27+benefits&fi=subject&op=PHRASE&va=exact", "gallery": "https://www.loc.gov/pictures/search/?q=Veterans%27+benefits&fi=subject&va=exact&st=gallery&op=PHRASE", "slideshow": "https://www.loc.gov/pictures/search/?q=Veterans%27+benefits&fi=subject&va=exact&st=slideshow&op=PHRASE"}, "facets": [{"type": "displayed", "filters": [{"count": 119, "on": "https://www.loc.gov/pictures/search/?va=exact&sp=1&q=Veterans%27+benefits&fa=displayed%3Aanywhere&fi=subject&op=PHRASE&fo=json", "selected": false, "off": "https://www.loc.gov/pictures/search/?va=exact&sp=1&q=Veterans%27+benefits&fi=subject&fo=json&op=PHRASE", "title": "Larger image available anywhere"}, {"count": 10, "on": "https://www.loc.gov/pictures/search/?va=exact&sp=1&q=Veterans%27+benefits&fa=displayed%3Alc_only&fi=subject&op=PHRASE&fo=json", "selected": false, "off": "https://www.loc.gov/pictures/search/?va=exact&sp=1&q=Veterans%27+benefits&fi=subject&fo=json&op=PHRASE", "title": "Larger image available only at the Library of Congress"}, {"count": 7, "on": "https://www.loc.gov/pictures/search/?va=exact&sp=1&q=Veterans%27+benefits&fa=displayed%3Anot_digitized&fi=subject&op=PHRASE&fo=json", "selected": false, "off": "https://www.loc.gov/pictures/search/?va=exact&sp=1&q=Veterans%27+benefits&fi=subject&fo=json&op=PHRASE", "title": "Not Digitized"}], "title": "displayed"}], "links": {"json": "//www.loc.gov/pictures/search/?fi=subject&q=Veterans%27+benefits&op=PHRASE&va=exact&fo=json", "html": "//www.loc.gov/pictures/search/?fi=subject&q=Veterans%27+benefits&op=PHRASE&va=exact", "rss": "//www.loc.gov/pictures/search/?fi=subject&q=Veterans%27+benefits&op=PHRASE&va=exact&fo=rss"}, "suggestions": {"possible": []}, "pages": {"current": 1, "next": "https://www.loc.gov/pictures/search/?q=Veterans%27+benefits&fi=subject&sp=2&op=PHRASE&va=exact", "perpage": 20, "last": "https://www.loc.gov/pictures/search/?q=Veterans%27+benefits&fi=subject&sp=7&op=PHRASE&va=exact", "page_list": [{"url": null, "number": 1}, {"url": "https://www.loc.gov/pictures/search/?q=Veterans%27+benefits&fi=subject&sp=2&op=PHRASE&va=exact", "number": 2}, {"url": "https://www.loc.gov/pictures/search/?q=Veterans%27+benefits&fi=subject&sp=3&op=PHRASE&va=exact", "number": 3}, {"url": "https://www.loc.gov/pictures/search/?q=Veterans%27+benefits&fi=subject&sp=4&op=PHRASE&va=exact", "number": 4}, {"url": "https://www.loc.gov/pictures/search/?q=Veterans%27+benefits&fi=subject&sp=5&op=PHRASE&va=exact", "number": 5}, {"url": "https://www.loc.gov/pictures/search/?q=Veterans%27+benefits&fi=subject&sp=6&op=PHRASE&va=exact", "number": "..."}, {"url": "https://www.loc.gov/pictures/search/?q=Veterans%27+benefits&fi=subject&sp=7&op=PHRASE&va=exact", "number": 7}], "previous": null, "total": 7, "results": "1 - 20", "first": null}, "collection": null, "results": [{"source_created": "2007-02-20T00:00:00Z", "index": 1, "medium": "1 drawing : ink brush and crayon, with opaque white over graphite underdrawing ; 36.3 x 28.8 cm (sheet)", "reproduction_number": "LC-DIG-ppmsca-13577 (digital file from original drawing)", "links": {"item": "https://www.loc.gov/pictures/item/2007675311/", "resource": "https://www.loc.gov/pictures/item/2007675311/resource/"}, "title": "Saved!", "image": {"alt": "digitized item thumbnail", "full": "https://tile.loc.gov/storage-services/service/pnp/ppmsca/13500/13577_150px.jpg", "square": "https://tile.loc.gov/storage-services/service/pnp/ppmsca/13500/13577_75x75px.jpg", "thumb": "https://tile.loc.gov/storage-services/service/pnp/ppmsca/13500/13577_150px.jpg"}, "created": "2016-04-20T00:00:00Z", "modified": "2016-04-20T00:00:00Z", "collection": ["cph", "pp"], "creator": "Pease, Lute, 1869-1963", "call_number": "Unprocessed in PR 13 CN 2001:055-4 [item] [P&P]", "medium_brief": "1 drawing :", "source_modified": "2007-04-11T00:00:00Z", "pk": "2007675311", "created_published_date": "[1936 Jan.]", "subjects": ["United States.--Congress.--Senate--1930-1940.", "Legislation--United States--1930-1940.", "Veterans' benefits--United States--1930-1940.", "Stampedes--United States--1930-1940.", "Vetoes--United States--1930-1940.", "Drawings--American--1930-1940.", "Editorial cartoons--American--1930-1940."]}, {"source_created": "2009-12-02T00:00:00Z", "index": 2, "medium": "1 drawing.", "reproduction_number": "LC-DIG-hlb-01111 (digital file from original drawing)", "links": {"item": "https://www.loc.gov/pictures/item/2010636597/", "resource": "https://www.loc.gov/pictures/item/2010636597/resource/"}, "title": "The big parade", "image": {"alt": "digitized item thumbnail", "full": "https://tile.loc.gov/storage-services/service/pnp/hlb/01100/01111_150px.jpg", "square": "https://tile.loc.gov/storage-services/service/pnp/hlb/01100/01111_75x75px.jpg", "thumb": "https://tile.loc.gov/storage-services/service/pnp/hlb/01100/01111_150px.jpg"}, "created": "2016-04-20T00:00:00Z", "modified": "2016-04-20T00:00:00Z", "collection": ["hlb", "minload", "pp"], "creator": "Block, Herbert, 1909-2001", "call_number": "BLOCK, no. 1111 (BB size) [P&P]", "medium_brief": "1 drawing.", "source_modified": "2012-07-05T00:00:00Z", "pk": "2010636597", "created_published_date": "[1940 Mar.]", "subjects": ["United States.--Congress--(76th :--1939-1941)", "United States Capitol (Washington, D.C.)", "World War, 1939-1945--Economic & industrial aspects--United States.", "World War, 1939-1945--Social aspects--United States.", "Legislation--United States.", "Parades & processions.", "Pensions--United States.", "Veterans' benefits--United States.", "Drawings--American.", "Editorial cartoons--American."]}, {"source_created": "2009-12-02T00:00:00Z", "index": 3, "medium": "1 drawing.", "reproduction_number": "LC-DIG-hlb-01336 (digital file from original drawing)", "links": {"item": "https://www.loc.gov/pictures/item/2010636820/", "resource": "https://www.loc.gov/pictures/item/2010636820/resource/"}, "title": "This year's big game", "image": {"alt": "digitized item thumbnail", "full": "https://tile.loc.gov/storage-services/service/pnp/hlb/01300/01336_150px.jpg", "square": "https://tile.loc.gov/storage-services/service/pnp/hlb/01300/01336_75x75px.jpg", "thumb": "https://tile.loc.gov/storage-services/service/pnp/hlb/01300/01336_150px.jpg"}, "created": "2016-04-20T00:00:00Z", "modified": "2016-04-20T00:00:00Z", "collection": ["hlb", "minload", "pp"], "creator": "Block, Herbert, 1909-2001", "call_number": "BLOCK, no. 1336 (BB size) [P&P]", "medium_brief": "1 drawing.", "source_modified": "2012-07-19T00:00:00Z", "pk": "2010636820", "created_published_date": "[1946 Jan.] c1946.", "subjects": ["Football.", "Universities & colleges--United States.", "Veterans--American.", "Veterans' benefits--United States.", "Drawings--American.", "Editorial cartoons--American."]}, {"source_created": "2012-11-19T00:00:00Z", "index": 4, "medium": "1 drawing.", "reproduction_number": "", "links": {"item": "https://www.loc.gov/pictures/item/2012639531/", "resource": null}, "title": "\"You ain't gonna close your pocketbooks to us veterans, are you?\"", "image": {"alt": "item not digitized thumbnail", "full": "https://www.loc.gov/pictures/static/images/item/500x500_notdigitized.png", "square": "https://www.loc.gov/pictures/static/images/item/not_digitized_buttons75X75.png", "thumb": "https://www.loc.gov/pictures/static/images/item/notdigitized_buttons140X120.png"}, "created": "2016-04-20T00:00:00Z", "modified": "2016-04-20T00:00:00Z", "collection": ["hlb", "minload", "pp"], "creator": "Block, Herbert, 1909-2001", "call_number": "BLOCK, no. 9484 (BB size) [P&P]", "medium_brief": "1 drawing.", "source_modified": "2014-02-06T00:00:00Z", "pk": "2012639531", "created_published_date": "8/16/1978.", "subjects": ["American Legion.", "Disabled veterans", "Military policy", "veterans' benefits", "Drawings--American.", "Editorial cartoons--American."]}, {"source_created": "2000-11-01T00:00:00Z", "index": 5, "medium": "1 print : wood engraving.", "reproduction_number": "LC-USZ62-127391 (b&w film copy neg.)", "links": {"item": "https://www.loc.gov/pictures/item/00652763/", "resource": "https://www.loc.gov/pictures/item/00652763/resource/"}, "title": "Paying United States pensioners at the Pension Office in the New York Custom-House", "image": {"alt": "digitized item thumbnail", "full": "https://tile.loc.gov/storage-services/service/pnp/cph/3c20000/3c27000/3c27300/3c27391r.jpg", "square": "https://tile.loc.gov/storage-services/service/pnp/cph/3c20000/3c27000/3c27300/3c27391_75x75px.jpg", "thumb": "https://tile.loc.gov/storage-services/service/pnp/cph/3c20000/3c27000/3c27300/3c27391_150px.jpg"}, "created": "2016-04-21T00:00:00Z", "modified": "2016-04-21T00:00:00Z", "collection": ["cph", "diof", "pp"], "creator": "Waud, Alfred R. (Alfred Rudolph), 1828-1891", "call_number": "Illus. in AP2.H32 1866 (Case Y) [P&P]", "medium_brief": "1 print :", "source_modified": "2004-06-14T00:00:00Z", "pk": "00652763", "created_published_date": "1866.", "subjects": ["Pensions--1860-1870.", "Veterans' benefits--1860-1870.", "Periodical illustrations--1860-1870.", "Wood engravings--1860-1870."]}, {"source_created": "2005-07-18T00:00:00Z", "index": 6, "medium": "1 drawing : ink brush with scraping out over graphite underdrawing ; 72.8 x 56 cm (sheet)", "reproduction_number": "LC-DIG-ppmsca-09493 (digital file from original drawing)", "links": {"item": "https://www.loc.gov/pictures/item/2005685936/", "resource": "https://www.loc.gov/pictures/item/2005685936/resource/"}, "title": "Anybody ought to be able to hit an elephant, but it's getting it home afterwards that counts", "image": {"alt": "digitized item thumbnail", "full": "https://tile.loc.gov/storage-services/service/pnp/ppmsca/09400/09493_150px.jpg", "square": "https://tile.loc.gov/storage-services/service/pnp/ppmsca/09400/09493_75x75px.jpg", "thumb": "https://tile.loc.gov/storage-services/service/pnp/ppmsca/09400/09493_150px.jpg"}, "created": "2016-04-21T00:00:00Z", "modified": "2016-04-21T00:00:00Z", "collection": ["cph", "pp"], "creator": "Darling, Jay N. (Jay Norwood), 1876-1962", "call_number": "Unprocessed in PR 13 CN 2003:133 [item] [P&P]", "medium_brief": "1 drawing :", "source_modified": "2010-02-17T00:00:00Z", "pk": "2005685936", "created_published_date": "[1922]", "subjects": ["Harding, Warren G.--(Warren Gamaliel),--1865-1923.", "United States.--Congress--1920-1930.", "Legislation--United States--1920-1930.", "Veterans' benefits--United States--1920-1930.", "Elephant hunting--1920-1930.", "Editorial cartoons--American--1920-1930.", "Ink drawings--American--1920-1930."]}, {"source_created": "1999-09-22T00:00:00Z", "index": 7, "medium": "1 print (poster) : lithograph, color with some red lettering ; 81 x 120 cm.", "reproduction_number": "LC-USZC2-4009 (color film copy slide)", "links": {"item": "https://www.loc.gov/pictures/item/99613562/", "resource": "https://www.loc.gov/pictures/item/99613562/resource/"}, "title": "Protection du r\u00e9form\u00e9, no. 2. Assistance aux malades et bless\u00e9s de la guerre, r\u00e9form\u00e9s sans pension. Cr\u00e9dit Foncier de France", "image": {"alt": "digitized item thumbnail", "full": "https://tile.loc.gov/storage-services/service/pnp/cph/3f00000/3f04000/3f04000/3f04009r.jpg", "square": "https://tile.loc.gov/storage-services/service/pnp/cph/3f00000/3f04000/3f04000/3f04009_75x75px.jpg", "thumb": "https://tile.loc.gov/storage-services/service/pnp/cph/3f00000/3f04000/3f04000/3f04009_150px.jpg"}, "created": "2016-04-21T00:00:00Z", "modified": "2016-04-21T00:00:00Z", "collection": ["diof", "fww", "pos", "pp", "ppminload", "wwipos"], "creator": "Marchand, Andr\u00e9, 1877-", "call_number": "POS - Fr .M37, no. 1 (C size) [P&P]", "medium_brief": "1 print (poster) :", "source_modified": "2013-05-24T00:00:00Z", "pk": "99613562", "created_published_date": "[1915]", "subjects": ["World War, 1914-1918--Veterans--French.", "World War, 1914-1918--Casualties--French.", "Veterans' benefits--France--1910-1920.", "Mothers & children--1910-1920.", "Lithographs--Color--1910-1920.", "War posters--French--1910-1920."]}, {"source_created": "2009-10-22T00:00:00Z", "index": 8, "medium": "1 photographic print.", "reproduction_number": "LC-USZ62-138633 (b&w film copy neg.)", "links": {"item": "https://www.loc.gov/pictures/item/2009633541/", "resource": "https://www.loc.gov/pictures/item/2009633541/resource/"}, "title": "A better way of life is what the G.I. Bill of Rights means", "image": {"alt": "digitized item thumbnail", "full": "https://tile.loc.gov/storage-services/service/pnp/cph/3c30000/3c38000/3c38600/3c38633_150px.jpg", "square": "https://tile.loc.gov/storage-services/service/pnp/cph/3c30000/3c38000/3c38600/3c38633_75x75px.jpg", "thumb": "https://tile.loc.gov/storage-services/service/pnp/cph/3c30000/3c38000/3c38600/3c38633_150px.jpg"}, "created": "2016-05-03T00:00:00Z", "modified": "2016-05-03T00:00:00Z", "collection": ["cph", "pp"], "creator": null, "call_number": "LOT 13105, no. 46 [P&P]", "medium_brief": "1 photographic print.", "source_modified": "2016-04-28T00:00:00Z", "pk": "2009633541", "created_published_date": "[between 1944 and 1945]", "subjects": ["United States.--Army Air Forces.--Air Force, 15th--People.", "African Americans--Military service--1940-1950.", "World War, 1939-1945--Military personnel--American--Italy.", "Veterans benefits--1940-1950.", "Photographic prints--1940-1950."]}, {"source_created": "1997-06-25T00:00:00Z", "index": 9, "medium": "1 drawing.", "reproduction_number": "", "links": {"item": "https://www.loc.gov/pictures/item/2016678769/", "resource": "https://www.loc.gov/pictures/item/2016678769/resource/"}, "title": "News note: two brothers were rescued from floating ice in Niagara River as it neared the falls", "image": {"alt": "digitized item thumbnail", "full": "https://tile.loc.gov/storage-services/service/pnp/acd/2a06000/2a06100/2a06176_150px.jpg", "square": "https://tile.loc.gov/storage-services/service/pnp/acd/2a06000/2a06100/2a06176_75x75px.jpg", "thumb": "https://tile.loc.gov/storage-services/service/pnp/acd/2a06000/2a06100/2a06176_150px.jpg"}, "created": "2016-08-16T00:00:00Z", "modified": "2016-08-16T00:00:00Z", "collection": ["2rights", "acd", "acr", "minload", "pp"], "creator": "Berryman, Clifford Kennedy, 1869-1949", "call_number": "CD 1 - Berryman (C.K.), no. 476 (A size)", "medium_brief": "1 drawing.", "source_modified": "2016-08-04T00:00:00Z", "pk": "2016678769", "created_published_date": "1922 [Mar. 14]", "subjects": ["Harding, Warren G.--(Warren Gamaliel),--1865-1923.", "Mellon, Andrew W.--(Andrew William),--1855-1937.", "United States.--Congress.--House--1920-1930.", "Veterans benefits--United States--1920-1930.", "Ice--1920-1930.", "Taxes--United States--1920-1930.", "Lifesaving--1920-1930.", "Drawings.", "Editorial cartoons--American."]}, {"source_created": "1997-06-25T00:00:00Z", "index": 10, "medium": "1 drawing.", "reproduction_number": "", "links": {"item": "https://www.loc.gov/pictures/item/2016679618/", "resource": "https://www.loc.gov/pictures/item/2016679618/resource/"}, "title": "What, more boarders?", "image": {"alt": "digitized item thumbnail", "full": "https://tile.loc.gov/storage-services/service/pnp/acd/2a07000/2a07000/2a07047_150px.jpg", "square": "https://tile.loc.gov/storage-services/service/pnp/acd/2a07000/2a07000/2a07047_75x75px.jpg", "thumb": "https://tile.loc.gov/storage-services/service/pnp/acd/2a07000/2a07000/2a07047_150px.jpg"}, "created": "2016-08-16T00:00:00Z", "modified": "2016-08-16T00:00:00Z", "collection": ["acd", "minload", "pp"], "creator": "Carmack, Paul R., 1895-1977", "call_number": "CD 1 - Carmack, no. 6 (A size)", "medium_brief": "1 drawing.", "source_modified": "2016-08-04T00:00:00Z", "pk": "2016679618", "created_published_date": "1934.", "subjects": ["Veterans' benefits--United States--1930-1940.", "Domestic economic assistance--United States--1930-1940.", "New Deal, 1933-1939.", "Old Woman Who Lived in a Shoe (Fictitious character)--1930-1940.", "Shoes--1930-1940.", "Drawings.", "Editorial cartoons--American."]}, {"source_created": "1997-06-25T00:00:00Z", "index": 11, "medium": "1 drawing.", "reproduction_number": "", "links": {"item": "https://www.loc.gov/pictures/item/2016682909/", "resource": null}, "title": "Why not?", "image": {"alt": "item not digitized thumbnail", "full": "https://www.loc.gov/pictures/static/images/item/500x500_notdigitized.png", "square": "https://www.loc.gov/pictures/static/images/item/not_digitized_buttons75X75.png", "thumb": "https://www.loc.gov/pictures/static/images/item/notdigitized_buttons140X120.png"}, "created": "2016-08-16T00:00:00Z", "modified": "2016-08-16T00:00:00Z", "collection": ["acd", "minload", "pp"], "creator": "Kirby, Rollin, 1875-1952", "call_number": "CD 1 - Kirby, no. 281 (B size)", "medium_brief": "1 drawing.", "source_modified": "2016-08-04T00:00:00Z", "pk": "2016682909", "created_published_date": "1940 Apr. 23.", "subjects": ["Rankin, John Elliott,--1882-1960.", "Pensions--United States--1940-1950.", "Veterans' benefits--United States--1940-1950.", "Drawings.", "Editorial cartoons--American."]}, {"source_created": "1997-06-25T00:00:00Z", "index": 12, "medium": "1 drawing.", "reproduction_number": "", "links": {"item": "https://www.loc.gov/pictures/item/2016683399/", "resource": null}, "title": "Wuj Sam p\u0142aci", "image": {"alt": "item not digitized thumbnail", "full": "https://www.loc.gov/pictures/static/images/item/500x500_notdigitized.png", "square": "https://www.loc.gov/pictures/static/images/item/not_digitized_buttons75X75.png", "thumb": "https://www.loc.gov/pictures/static/images/item/notdigitized_buttons140X120.png"}, "created": "2016-08-16T00:00:00Z", "modified": "2016-08-16T00:00:00Z", "collection": ["2rights", "acd", "acr", "minload", "pp"], "creator": "Majewski, Kazimierz J.", "call_number": "CD 1 - Majewski, no. 79 (A size)", "medium_brief": "1 drawing.", "source_modified": "2016-08-04T00:00:00Z", "pk": "2016683399", "created_published_date": "1950 Jan. 16.", "subjects": ["Uncle Sam", "United States", "veterans' benefits", "Cartoons (Commentary)--American.", "Drawings."]}, {"source_created": "1970-01-01T00:00:00Z", "index": 13, "medium": "0", "reproduction_number": null, "links": {"item": "https://www.loc.gov/pictures/item/tx0904/", "resource": null}, "title": "Veterans Affairs Medical Center, Continued Treatment Building No. 11, 4800 Memorial Drive, Waco, McLennan County, TX", "image": {"alt": "habs/haer thumbnail", "full": "https://www.loc.gov/pictures/static/images/item/500x500_HABS.png", "square": "https://www.loc.gov/pictures/static/images/item/HABS_buttons75X75.png", "thumb": "https://www.loc.gov/pictures/static/images/item/habs_thumb_large.jpg"}, "created": "2016-04-16T00:00:00Z", "modified": "2016-04-16T00:00:00Z", "collection": ["diof", "hh", "survey"], "creator": "Historic American Buildings Survey", "call_number": "HABS TX-3488-A", "medium_brief": "Photo(s): 0, Data Page(s): 9, Photo Caption Page(s): 0", "source_modified": "2016-04-16T00:00:00Z", "pk": "tx0904", "created_published_date": "Documentation compiled after 1933", "subjects": ["veterans' benefits", "hospitals", "mental institutions", "Mediterranean Revival architectural elements"]}, {"source_created": "1970-01-01T00:00:00Z", "index": 14, "medium": "10", "reproduction_number": null, "links": {"item": "https://www.loc.gov/pictures/item/nj1232/", "resource": null}, "title": "New Jersey Memorial Home, 524 Northwest Boulevard, Vineland, Cumberland County, NJ", "image": {"alt": "habs/haer thumbnail", "full": "https://www.loc.gov/pictures/static/images/item/500x500_HABS.png", "square": "https://www.loc.gov/pictures/static/images/item/HABS_buttons75X75.png", "thumb": "https://www.loc.gov/pictures/static/images/item/habs_thumb_large.jpg"}, "created": "2016-04-17T00:00:00Z", "modified": "2016-04-17T00:00:00Z", "collection": ["diof", "hh", "survey"], "creator": "Historic American Buildings Survey", "call_number": "HABS NJ,6-VINLA,1-", "medium_brief": "Data Page(s): 10", "source_modified": "2016-04-17T00:00:00Z", "pk": "nj1232", "created_published_date": "Documentation compiled after 1933", "subjects": ["rest homes", "theological seminaries", "veterans' benefits"]}, {"source_created": "1970-01-01T00:00:00Z", "index": 15, "medium": "22", "reproduction_number": null, "links": {"item": "https://www.loc.gov/pictures/item/mo2045/", "resource": null}, "title": "Veterans Administration Hospital, Building No. 5, 701 St. Louis Avenue, Excelsior Springs, Clay County, MO", "image": {"alt": "habs/haer thumbnail", "full": "https://www.loc.gov/pictures/static/images/item/500x500_HABS.png", "square": "https://www.loc.gov/pictures/static/images/item/HABS_buttons75X75.png", "thumb": "https://www.loc.gov/pictures/static/images/item/habs_thumb_large.jpg"}, "created": "2016-04-18T00:00:00Z", "modified": "2016-04-18T00:00:00Z", "collection": ["diof", "hh", "survey"], "creator": "Historic American Buildings Survey", "call_number": "HABS MO-1931-C", "medium_brief": "Data Page(s): 22", "source_modified": "2016-04-18T00:00:00Z", "pk": "mo2045", "created_published_date": "Documentation compiled after 1933", "subjects": ["hospitals", "veterans' benefits"]}, {"source_created": "2015-08-12T00:00:00Z", "index": 16, "medium": "1 print ; (poster format)", "reproduction_number": "", "links": {"item": "https://www.loc.gov/pictures/item/2015649168/", "resource": "https://www.loc.gov/pictures/item/2015649168/resource/"}, "title": "Join the march on Washington for veterans' rights, Saturday, May 19", "image": {"alt": "digitized item thumbnail", "full": "https://tile.loc.gov/storage-services/service/pnp/yan/1a38000/1a38000/1a38036r.jpg", "square": "https://tile.loc.gov/storage-services/service/pnp/yan/1a38000/1a38000/1a38036_75x75px.jpg", "thumb": "https://tile.loc.gov/storage-services/service/pnp/yan/1a38000/1a38000/1a38036_150px.jpg"}, "created": "2018-01-02T00:00:00Z", "modified": "2018-01-02T00:00:00Z", "collection": ["diof", "pp", "yan"], "creator": "American Servicemen's Union", "call_number": "POS 6 - US, no. 282 (C size) [P&P]", "medium_brief": "1 print ;", "source_modified": "2017-12-29T00:00:00Z", "pk": "2015649168", "created_published_date": "[between 1973 and 1979]", "subjects": ["Vietnam War, 1961-1975.", "Demonstrations--1970-1980.", "Veterans' benefits--1970-1980.", "Veterans' rights--1970-1980.", "United States--District of Columbia--Washington (D.C.)", "Posters--American--1970-1980.", "Prints--1970-1980."]}, {"source_created": "1997-06-25T00:00:00Z", "index": 17, "medium": "1 drawing.", "reproduction_number": "LC-USZ62-70728 (b&w film copy neg.)", "links": {"item": "https://www.loc.gov/pictures/item/2016679066/", "resource": "https://www.loc.gov/pictures/item/2016679066/resource/"}, "title": "Marathoners!", "image": {"alt": "digitized item thumbnail", "full": "https://tile.loc.gov/storage-services/service/pnp/acd/2a06000/2a06400/2a06474_150px.jpg", "square": "https://tile.loc.gov/storage-services/service/pnp/acd/2a06000/2a06400/2a06474_75x75px.jpg", "thumb": "https://tile.loc.gov/storage-services/service/pnp/acd/2a06000/2a06400/2a06474_150px.jpg"}, "created": "2018-08-14T00:00:00Z", "modified": "2018-08-14T00:00:00Z", "collection": ["2rights", "acd", "acr", "minload", "pp"], "creator": "Berryman, Clifford Kennedy, 1869-1949", "call_number": "CD 1 - Berryman (C.K.), no. 785 (A size)", "medium_brief": "1 drawing.", "source_modified": "2018-08-09T00:00:00Z", "pk": "2016679066", "created_published_date": "1933 June 17.", "subjects": ["Roosevelt, Franklin D.--(Franklin Delano),--1882-1945.", "Track athletics", "Rainey", "Robinson, Joe", "Sweating", "veterans' benefits", "New Deal, 1933-1939", "Cartoons (Commentary)--American.", "Drawings."]}, {"source_created": "2009-02-13T00:00:00Z", "index": 18, "medium": "1 drawing : crayon over blue pencil underdrawing ; 44.9 x 31.4 cm (sheet)", "reproduction_number": "", "links": {"item": "https://www.loc.gov/pictures/item/2009630354/", "resource": null}, "title": "A reluctant paying teller", "image": {"alt": "item not digitized thumbnail", "full": "https://www.loc.gov/pictures/static/images/item/500x500_notdigitized.png", "square": "https://www.loc.gov/pictures/static/images/item/not_digitized_buttons75X75.png", "thumb": "https://www.loc.gov/pictures/static/images/item/notdigitized_buttons140X120.png"}, "created": "2019-05-06T00:00:00Z", "modified": "2019-05-06T00:00:00Z", "collection": ["cph", "pp"], "creator": "Kirby, Rollin, 1875-1952", "call_number": "Unprocessed in PR 13 CN 2001:055-4 [item] [P&P]", "medium_brief": "1 drawing :", "source_modified": "2009-12-02T00:00:00Z", "pk": "2009630354", "created_published_date": "1931.", "subjects": ["Mellon, Andrew W.--(Andrew William),--1855-1937.", "Veterans' benefits--United States--1930-1940.", "Crayon drawings--1930-1940.", "Editorial cartoons--American--1930-1940."]}, {"source_created": "2009-02-17T00:00:00Z", "index": 19, "medium": "1 drawing : crayon and ink with opaque white over blue pencil underdrawing ; 45.5 x 29.9 cm (sheet)", "reproduction_number": "LC-DIG-ppmsca-39551 (digital file from original drawing)", "links": {"item": "https://www.loc.gov/pictures/item/2009630403/", "resource": "https://www.loc.gov/pictures/item/2009630403/resource/"}, "title": "You pays your money and you takes your choice", "image": {"alt": "digitized item thumbnail", "full": "https://tile.loc.gov/storage-services/service/pnp/ppmsca/39500/39551_150px.jpg", "square": "https://tile.loc.gov/storage-services/service/pnp/ppmsca/39500/39551_75x75px.jpg", "thumb": "https://tile.loc.gov/storage-services/service/pnp/ppmsca/39500/39551_150px.jpg"}, "created": "2019-05-06T00:00:00Z", "modified": "2019-05-06T00:00:00Z", "collection": ["cph", "pp"], "creator": "Kirby, Rollin, 1875-1952", "call_number": "Unprocessed in PR 13 CN 2001:055-4 [item] [P&P]", "medium_brief": "1 drawing :", "source_modified": "2015-06-19T00:00:00Z", "pk": "2009630403", "created_published_date": "1936.", "subjects": ["Uncle Sam (Symbolic character)--1930-1940.", "Taxes--United States--1930-1940.", "Farm relief--United States--1930-1940.", "Veterans' benefits--United States--1930-1940.", "Crayon drawings--1930-1940.", "Editorial cartoons--American--1930-1940."]}, {"source_created": "2009-02-17T00:00:00Z", "index": 20, "medium": "1 drawing : crayon with opaque white over blue pencil underdrawing ; 41.7 x 29.9 cm (sheet)", "reproduction_number": "", "links": {"item": "https://www.loc.gov/pictures/item/2009630409/", "resource": null}, "title": "The boy who wielded the club before", "image": {"alt": "item not digitized thumbnail", "full": "https://www.loc.gov/pictures/static/images/item/500x500_notdigitized.png", "square": "https://www.loc.gov/pictures/static/images/item/not_digitized_buttons75X75.png", "thumb": "https://www.loc.gov/pictures/static/images/item/notdigitized_buttons140X120.png"}, "created": "2019-05-06T00:00:00Z", "modified": "2019-05-06T00:00:00Z", "collection": ["cph", "pp"], "creator": "Kirby, Rollin, 1875-1952", "call_number": "Unprocessed in PR 13 CN 2004:052 [item] [P&P]", "medium_brief": "1 drawing :", "source_modified": "2011-10-05T00:00:00Z", "pk": "2009630409", "created_published_date": "1933.", "subjects": ["Prohibition--United States--1930-1940.", "Veterans' benefits--United States--1930-1940.", "Veterans' organizations--United States--1930-1940.", "Mr. Dry (Symbolic character)--1930-1940.", "Crayon drawings--1930-1940.", "Editorial cartoons--American--1930-1940."]}]}