{"search": {"field": "subject", "hits": 1, "sort_order": null, "do_facets": true, "focus_item": null, "query": "Guinea pigs", "type": "search", "sort_by": null}, "focus": null, "views": {"current": "list", "grid": "https://www.loc.gov/pictures/search/?q=Guinea+pigs&fi=subject&va=exact&st=grid&op=PHRASE", "list": "https://www.loc.gov/pictures/search/?q=Guinea+pigs&fi=subject&op=PHRASE&va=exact", "gallery": "https://www.loc.gov/pictures/search/?q=Guinea+pigs&fi=subject&va=exact&st=gallery&op=PHRASE", "slideshow": "https://www.loc.gov/pictures/search/?q=Guinea+pigs&fi=subject&va=exact&st=slideshow&op=PHRASE"}, "facets": [{"type": "displayed", "filters": [{"count": 0, "on": "https://www.loc.gov/pictures/search/?va=exact&sp=1&q=Guinea+pigs&fa=displayed%3Aanywhere&fi=subject&op=PHRASE&fo=json", "selected": false, "off": "https://www.loc.gov/pictures/search/?va=exact&sp=1&q=Guinea+pigs&fi=subject&fo=json&op=PHRASE", "title": "Larger image available anywhere"}, {"count": 1, "on": "https://www.loc.gov/pictures/search/?va=exact&sp=1&q=Guinea+pigs&fa=displayed%3Alc_only&fi=subject&op=PHRASE&fo=json", "selected": false, "off": "https://www.loc.gov/pictures/search/?va=exact&sp=1&q=Guinea+pigs&fi=subject&fo=json&op=PHRASE", "title": "Larger image available only at the Library of Congress"}, {"count": 0, "on": "https://www.loc.gov/pictures/search/?va=exact&sp=1&q=Guinea+pigs&fa=displayed%3Anot_digitized&fi=subject&op=PHRASE&fo=json", "selected": false, "off": "https://www.loc.gov/pictures/search/?va=exact&sp=1&q=Guinea+pigs&fi=subject&fo=json&op=PHRASE", "title": "Not Digitized"}], "title": "displayed"}], "links": {"json": "//www.loc.gov/pictures/search/?fi=subject&q=Guinea+pigs&op=PHRASE&va=exact&fo=json", "html": "//www.loc.gov/pictures/search/?fi=subject&q=Guinea+pigs&op=PHRASE&va=exact", "rss": "//www.loc.gov/pictures/search/?fi=subject&q=Guinea+pigs&op=PHRASE&va=exact&fo=rss"}, "suggestions": {"possible": []}, "pages": {"current": 1, "next": null, "perpage": 20, "last": null, "page_list": [{"url": null, "number": 1}], "previous": null, "total": 1, "results": "1 - 1", "first": null}, "collection": null, "results": [{"source_created": "2019-05-20T00:00:00Z", "index": 1, "medium": "1 drawing : pen and ink, watercolor ; sheet 28.3 x 40.8 cm.", "reproduction_number": "LC-DIG-ppmsca-59747 (digital file from original item)", "links": {"item": "https://www.loc.gov/pictures/item/2019630534/", "resource": "https://www.loc.gov/pictures/item/2019630534/resource/"}, "title": "[Cul de Sac]. Man, hunting's easy today!", "image": {"alt": "digitized item thumbnail", "full": "https://tile.loc.gov/storage-services/service/pnp/ppmsca/59700/59747_150px.jpg", "square": "https://tile.loc.gov/storage-services/service/pnp/ppmsca/59700/59747_75x75px.jpg", "thumb": "https://tile.loc.gov/storage-services/service/pnp/ppmsca/59700/59747_150px.jpg"}, "created": "2019-09-17T00:00:00Z", "modified": "2019-09-17T00:00:00Z", "collection": ["00", "022", "1", "cph", "exh", "l5200", "pp"], "creator": "Thompson, Richard, 1957-2016", "call_number": "Unprocessed in PR 13 CN 2016:074.32 [P&P]", "medium_brief": "1 drawing :", "source_modified": "2019-07-18T00:00:00Z", "pk": "2019630534", "created_published_date": "2005 Apr. 17 [publication date]", "subjects": ["Guinea pigs--2000-2010.", "Birds of prey--2000-2010.", "Hunting--2000-2010.", "Comics--2000-2010.", "Watercolors--2000-2010."]}]}