{"search": {"field": "subject", "hits": 75, "sort_order": null, "do_facets": true, "focus_item": null, "query": "Bandstands", "type": "search", "sort_by": null}, "focus": null, "views": {"current": "list", "grid": "https://www.loc.gov/pictures/search/?q=Bandstands&fi=subject&va=exact&st=grid&op=PHRASE", "list": "https://www.loc.gov/pictures/search/?q=Bandstands&fi=subject&op=PHRASE&va=exact", "gallery": "https://www.loc.gov/pictures/search/?q=Bandstands&fi=subject&va=exact&st=gallery&op=PHRASE", "slideshow": "https://www.loc.gov/pictures/search/?q=Bandstands&fi=subject&va=exact&st=slideshow&op=PHRASE"}, "facets": [{"type": "displayed", "filters": [{"count": 73, "on": "https://www.loc.gov/pictures/search/?va=exact&sp=1&q=Bandstands&fa=displayed%3Aanywhere&fi=subject&op=PHRASE&fo=json", "selected": false, "off": "https://www.loc.gov/pictures/search/?va=exact&sp=1&q=Bandstands&fi=subject&fo=json&op=PHRASE", "title": "Larger image available anywhere"}, {"count": 2, "on": "https://www.loc.gov/pictures/search/?va=exact&sp=1&q=Bandstands&fa=displayed%3Alc_only&fi=subject&op=PHRASE&fo=json", "selected": false, "off": "https://www.loc.gov/pictures/search/?va=exact&sp=1&q=Bandstands&fi=subject&fo=json&op=PHRASE", "title": "Larger image available only at the Library of Congress"}, {"count": 0, "on": "https://www.loc.gov/pictures/search/?va=exact&sp=1&q=Bandstands&fa=displayed%3Anot_digitized&fi=subject&op=PHRASE&fo=json", "selected": false, "off": "https://www.loc.gov/pictures/search/?va=exact&sp=1&q=Bandstands&fi=subject&fo=json&op=PHRASE", "title": "Not Digitized"}], "title": "displayed"}], "links": {"json": "//www.loc.gov/pictures/search/?fi=subject&q=Bandstands&op=PHRASE&va=exact&fo=json", "html": "//www.loc.gov/pictures/search/?fi=subject&q=Bandstands&op=PHRASE&va=exact", "rss": "//www.loc.gov/pictures/search/?fi=subject&q=Bandstands&op=PHRASE&va=exact&fo=rss"}, "suggestions": {"possible": []}, "pages": {"current": 1, "next": "https://www.loc.gov/pictures/search/?q=Bandstands&fi=subject&sp=2&op=PHRASE&va=exact", "perpage": 20, "last": "https://www.loc.gov/pictures/search/?q=Bandstands&fi=subject&sp=4&op=PHRASE&va=exact", "page_list": [{"url": null, "number": 1}, {"url": "https://www.loc.gov/pictures/search/?q=Bandstands&fi=subject&sp=2&op=PHRASE&va=exact", "number": 2}, {"url": "https://www.loc.gov/pictures/search/?q=Bandstands&fi=subject&sp=3&op=PHRASE&va=exact", "number": 3}, {"url": "https://www.loc.gov/pictures/search/?q=Bandstands&fi=subject&sp=4&op=PHRASE&va=exact", "number": 4}], "previous": null, "total": 4, "results": "1 - 20", "first": null}, "collection": null, "results": [{"source_created": "2010-08-31T00:00:00Z", "index": 1, "medium": "1 print : lithograph, color ; 10.3 x 6.2 cm.", "reproduction_number": "LC-DIG-ppmsca-24838 (digital file from original print)", "links": {"item": "https://www.loc.gov/pictures/item/2010651214/", "resource": "https://www.loc.gov/pictures/item/2010651214/resource/"}, "title": "Band house", "image": {"alt": "digitized item thumbnail", "full": "https://tile.loc.gov/storage-services/service/pnp/ppmsca/24800/24838r.jpg", "square": "https://tile.loc.gov/storage-services/service/pnp/ppmsca/24800/24838_75x75px.jpg", "thumb": "https://tile.loc.gov/storage-services/service/pnp/ppmsca/24800/24838_150px.jpg"}, "created": "2016-04-20T00:00:00Z", "modified": "2016-04-20T00:00:00Z", "collection": ["cph", "diof", "pp"], "creator": "Sinclair, John C., approximately 1842-", "call_number": "LOT 11050, no. 13 [P&P]", "medium_brief": "1 print :", "source_modified": "2013-06-06T00:00:00Z", "pk": "2010651214", "created_published_date": "c1870]", "subjects": ["Fairmount Park (Philadelphia, Pa.)", "Bandstands--Pennsylvania--Philadelphia--1870.", "Trees--Pennsylvania--Philadelphia--1870.", "Lithographs--Color--1870.", "Views--1870."]}, {"source_created": "2013-08-22T00:00:00Z", "index": 2, "medium": "1 photographic print on stereo card : stereograph.", "reproduction_number": "LC-DIG-stereo-1s03457 (digital file from original stereograph)", "links": {"item": "https://www.loc.gov/pictures/item/2013649170/", "resource": "https://www.loc.gov/pictures/item/2013649170/resource/"}, "title": "The United States Government Building, Louisiana Purchase Exposition", "image": {"alt": "digitized item thumbnail", "full": "https://tile.loc.gov/storage-services/service/pnp/stereo/1s00000/1s03000/1s03400/1s03457r.jpg", "square": "https://tile.loc.gov/storage-services/service/pnp/stereo/1s00000/1s03000/1s03400/1s03457_75x75px.jpg", "thumb": "https://tile.loc.gov/storage-services/service/pnp/stereo/1s00000/1s03000/1s03400/1s03457_150px.jpg"}, "created": "2016-04-20T00:00:00Z", "modified": "2016-04-20T00:00:00Z", "collection": ["diof", "pp", "stereo"], "creator": "Graves, C. H. (Carleton H.), -1943", "call_number": "LOT 11041-1-Y, no. 5 [P&P]", "medium_brief": "1 photographic print on stereo card :", "source_modified": "2013-08-22T00:00:00Z", "pk": "2013649170", "created_published_date": "c1904.", "subjects": ["Louisiana Purchase Exposition--(1904 :--Saint Louis, Mo.)", "Bandstands--Missouri--Saint Louis--1900-1910.", "Exhibition buildings--Missouri--Saint Louis--1900-1910.", "Photographic prints--1900-1910.", "Stereographs--1900-1910."]}, {"source_created": "1993-07-13T00:00:00Z", "index": 3, "medium": "1 photographic print.", "reproduction_number": "LC-DIG-ppmsca-31555 (digital file from original item)\nLC-USZ62-93704 (b&w film copy neg.)", "links": {"item": "https://www.loc.gov/pictures/item/93508777/", "resource": "https://www.loc.gov/pictures/item/93508777/resource/"}, "title": "[Old state capitol, Olympia, Washington]", "image": {"alt": "digitized item thumbnail", "full": "https://tile.loc.gov/storage-services/service/pnp/ppmsca/31500/31555_150px.jpg", "square": "https://tile.loc.gov/storage-services/service/pnp/ppmsca/31500/31555_75x75px.jpg", "thumb": "https://tile.loc.gov/storage-services/service/pnp/ppmsca/31500/31555_150px.jpg"}, "created": "2016-04-20T00:00:00Z", "modified": "2016-04-20T00:00:00Z", "collection": ["cph", "pp"], "creator": null, "call_number": "U.S. GEOG FILE - Washington (State)--Olympia <item> [P&P]", "medium_brief": "1 photographic print.", "source_modified": "2011-06-01T00:00:00Z", "pk": "93508777", "created_published_date": "[between 1910 and 1920]", "subjects": ["Capitols--Washington (State)--Olympia--1910-1920.", "Bandstands--Washington (State)--Olympia--1910-1920.", "Photographic prints--1910-1920."]}, {"source_created": "2012-09-04T00:00:00Z", "index": 4, "medium": "1 photographic print.", "reproduction_number": "LC-USZ62-24147 (b&w film copy neg.)", "links": {"item": "https://www.loc.gov/pictures/item/2012648346/", "resource": "https://www.loc.gov/pictures/item/2012648346/resource/"}, "title": "[Band concert with boating below in a Detroit, Mich., park, 1903]", "image": {"alt": "digitized item thumbnail", "full": "https://tile.loc.gov/storage-services/service/pnp/cph/3a20000/3a25000/3a25000/3a25097r.jpg", "square": "https://tile.loc.gov/storage-services/service/pnp/cph/3a20000/3a25000/3a25000/3a25097_75x75px.jpg", "thumb": "https://tile.loc.gov/storage-services/service/pnp/cph/3a20000/3a25000/3a25000/3a25097_150px.jpg"}, "created": "2016-04-21T00:00:00Z", "modified": "2016-04-21T00:00:00Z", "collection": ["cph", "diof", "pp"], "creator": "Johnston, Frances Benjamin, 1864-1952", "call_number": "SSF - Music -- Bandstands [item] [P&P]", "medium_brief": "1 photographic print.", "source_modified": "2012-09-04T00:00:00Z", "pk": "2012648346", "created_published_date": "1903.", "subjects": ["Bandstands--Michigan--Detroit--1900-1910.", "Concerts--Michigan--Detroit--1900-1910.", "Parks--Michigan--Detroit--1900-1910.", "Canals--Michigan--Detroit--1900-1910.", "Photographic prints--1900-1910."]}, {"source_created": "2012-09-05T00:00:00Z", "index": 5, "medium": "1 photographic print.", "reproduction_number": "LC-USZ62-34575 (b&w film copy neg.)", "links": {"item": "https://www.loc.gov/pictures/item/2012648348/", "resource": "https://www.loc.gov/pictures/item/2012648348/resource/"}, "title": "[New York City bandstand]", "image": {"alt": "digitized item thumbnail", "full": "https://tile.loc.gov/storage-services/service/pnp/cph/3a30000/3a35000/3a35000/3a35063r.jpg", "square": "https://tile.loc.gov/storage-services/service/pnp/cph/3a30000/3a35000/3a35000/3a35063_75x75px.jpg", "thumb": "https://tile.loc.gov/storage-services/service/pnp/cph/3a30000/3a35000/3a35000/3a35063_150px.jpg"}, "created": "2016-04-21T00:00:00Z", "modified": "2016-04-21T00:00:00Z", "collection": ["cph", "diof", "pp"], "creator": "Bain News Service", "call_number": "SSF - Music -- Bandstands [item] [P&P]", "medium_brief": "1 photographic print.", "source_modified": "2012-09-21T00:00:00Z", "pk": "2012648348", "created_published_date": "[between ca. 1900 and ca. 1920]", "subjects": ["Bandstands--New York (State)--New York--1900-1920.", "Photographic prints--1900-1920."]}, {"source_created": "2013-08-13T00:00:00Z", "index": 6, "medium": "1 photographic print on stereo card : stereograph.", "reproduction_number": "LC-DIG-stereo-1s03210 (digital file from original stereograph)", "links": {"item": "https://www.loc.gov/pictures/item/2013649752/", "resource": "https://www.loc.gov/pictures/item/2013649752/resource/"}, "title": "Where heavenly music and murmuring waters lull the weary to rest, Louisiana Purchase Exposition, St. Louis, Mo., U. S. A.", "image": {"alt": "digitized item thumbnail", "full": "https://tile.loc.gov/storage-services/service/pnp/stereo/1s00000/1s03000/1s03200/1s03210r.jpg", "square": "https://tile.loc.gov/storage-services/service/pnp/stereo/1s00000/1s03000/1s03200/1s03210_75x75px.jpg", "thumb": "https://tile.loc.gov/storage-services/service/pnp/stereo/1s00000/1s03000/1s03200/1s03210_150px.jpg"}, "created": "2016-04-21T00:00:00Z", "modified": "2016-04-21T00:00:00Z", "collection": ["diof", "pp", "stereo"], "creator": "Keystone View Company", "call_number": "LOT 11041-1-J, no. 2 [P&P]", "medium_brief": "1 photographic print on stereo card :", "source_modified": "2013-08-21T00:00:00Z", "pk": "2013649752", "created_published_date": "c1904.", "subjects": ["Louisiana Purchase Exposition--(1904 :--Saint Louis, Mo.)", "Bandstands--Missouri--Saint Louis--1900-1910.", "Exhibition buildings--Missouri--Saint Louis--1900-1910.", "Fountains--Missouri--Saint Louis--1900-1910.", "Photographic prints--1900-1910.", "Stereographs--1900-1910."]}, {"source_created": "1991-06-18T00:00:00Z", "index": 7, "medium": "1 photographic print.", "reproduction_number": "LC-USZ62-103389 (b&w film copy neg.)", "links": {"item": "https://www.loc.gov/pictures/item/91730552/", "resource": "https://www.loc.gov/pictures/item/91730552/resource/"}, "title": "Music Park, Long Beach, N.Y.", "image": {"alt": "digitized item thumbnail", "full": "https://tile.loc.gov/storage-services/service/pnp/cph/3c00000/3c03000/3c03300/3c03389r.jpg", "square": "https://tile.loc.gov/storage-services/service/pnp/cph/3c00000/3c03000/3c03300/3c03389_75x75px.jpg", "thumb": "https://tile.loc.gov/storage-services/service/pnp/cph/3c00000/3c03000/3c03300/3c03389_150px.jpg"}, "created": "2016-04-21T00:00:00Z", "modified": "2016-04-21T00:00:00Z", "collection": ["cph", "diof", "pp"], "creator": null, "call_number": "U.S. GEOG FILE - New York--Long Beach <item> [P&P]", "medium_brief": "1 photographic print.", "source_modified": "2005-01-24T00:00:00Z", "pk": "91730552", "created_published_date": "c1911.", "subjects": ["Parks--New York (State)--Long Island--1910-1920.", "Concerts--New York (State)--Long Island--1910-1920.", "Bandstands--New York (State)--Long Island--1910-1920.", "Photographic prints--1910-1920."]}, {"source_created": "1992-01-17T00:00:00Z", "index": 8, "medium": "1 photographic print on stereo card : stereograph.", "reproduction_number": "LC-DIG-stereo-1s03744 (digital file from original stereograph)\nLC-USZ62-104909 (b&w film copy neg.)", "links": {"item": "https://www.loc.gov/pictures/item/92501289/", "resource": "https://www.loc.gov/pictures/item/92501289/resource/"}, "title": "Listening to the band in Terrace Garden, Louisiana Purchase Exposition", "image": {"alt": "digitized item thumbnail", "full": "https://tile.loc.gov/storage-services/service/pnp/stereo/1s00000/1s03000/1s03700/1s03744r.jpg", "square": "https://tile.loc.gov/storage-services/service/pnp/stereo/1s00000/1s03000/1s03700/1s03744_75x75px.jpg", "thumb": "https://tile.loc.gov/storage-services/service/pnp/stereo/1s00000/1s03000/1s03700/1s03744_150px.jpg"}, "created": "2016-04-21T00:00:00Z", "modified": "2016-04-21T00:00:00Z", "collection": ["diof", "pp", "stereo"], "creator": "Graves, C. H. (Carleton H.), -1943.", "call_number": "LOT 11045-2, no. 16 [P&P]", "medium_brief": "1 photographic print on stereo card :", "source_modified": "2013-08-20T00:00:00Z", "pk": "92501289", "created_published_date": "c1904.", "subjects": ["Louisiana Purchase Exposition--(1904 :--Saint Louis, Mo.)", "Bandstands--Missouri--Saint Louis--1900-1910.", "Exhibitions--Missouri--Saint Louis--1900-1910.", "Gardens--Missouri--Saint Louis--1900-1910.", "Photographic prints--1900-1910.", "Stereographs--1900-1910."]}, {"source_created": "1993-04-08T00:00:00Z", "index": 9, "medium": "1 photographic print on stereo card : stereograph.", "reproduction_number": "LC-USZ62-105470 (b&w film copy neg.)", "links": {"item": "https://www.loc.gov/pictures/item/93504908/", "resource": "https://www.loc.gov/pictures/item/93504908/resource/"}, "title": "Paris Exposition 1900. Sousa & his band, Esplanade de Invalides", "image": {"alt": "digitized item thumbnail", "full": "https://tile.loc.gov/storage-services/service/pnp/cph/3c00000/3c05000/3c05400/3c05470r.jpg", "square": "https://tile.loc.gov/storage-services/service/pnp/cph/3c00000/3c05000/3c05400/3c05470_75x75px.jpg", "thumb": "https://tile.loc.gov/storage-services/service/pnp/cph/3c00000/3c05000/3c05400/3c05470_150px.jpg"}, "created": "2016-09-13T00:00:00Z", "modified": "2016-09-13T00:00:00Z", "collection": ["diof", "pp", "stereo"], "creator": null, "call_number": "LOT 11956-8 <item> [P&P]", "medium_brief": "1 photographic print on stereo card :", "source_modified": "2016-09-12T00:00:00Z", "pk": "93504908", "created_published_date": "c1900.", "subjects": ["Exposition universelle--(1900 :--Paris, France)", "Sousa, John Philip,--1854-1932--Performances.", "Bandstands--France--Paris--1900.", "Photographic prints--1900.", "Stereographs--1900."]}, {"source_created": "1998-08-11T00:00:00Z", "index": 10, "medium": "1 photographic print on stereo card : stereograph.", "reproduction_number": "LC-USZ62-121418 (b&w film copy neg.)", "links": {"item": "https://www.loc.gov/pictures/item/98513331/", "resource": "https://www.loc.gov/pictures/item/98513331/resource/"}, "title": "Paris Exposition 1900 Sousa Band \"Stars & Stripes forever\"", "image": {"alt": "digitized item thumbnail", "full": "https://tile.loc.gov/storage-services/service/pnp/cph/3c20000/3c21000/3c21400/3c21418r.jpg", "square": "https://tile.loc.gov/storage-services/service/pnp/cph/3c20000/3c21000/3c21400/3c21418_75x75px.jpg", "thumb": "https://tile.loc.gov/storage-services/service/pnp/cph/3c20000/3c21000/3c21400/3c21418_150px.jpg"}, "created": "2016-09-13T00:00:00Z", "modified": "2016-09-13T00:00:00Z", "collection": ["diof", "pp", "stereo"], "creator": "Rau, William Herman, 1855-1920.", "call_number": "LOT 11956-8 <item> [P&P]", "medium_brief": "1 photographic print on stereo card :", "source_modified": "2016-09-12T00:00:00Z", "pk": "98513331", "created_published_date": "c1900.", "subjects": ["Sousa Band--France--Paris--1900.", "Sousa, John Philip,--1854-1932.", "Sousa Band.", "Exposition universelle--(1900 :--Paris, France)", "Bandstands--France--Paris--1900.", "Bands--1900.", "Photographic prints--1900.", "Stereographs--1900."]}, {"source_created": "2017-01-04T00:00:00Z", "index": 11, "medium": "1 photograph : albumen print on card mount  ; mount 8 x 17 cm (stereograph format)", "reproduction_number": "LC-DIG-stereo-1s05092 (digital file from front of original item)", "links": {"item": "https://www.loc.gov/pictures/item/2017645032/", "resource": "https://www.loc.gov/pictures/item/2017645032/resource/"}, "title": "[Crowd and bandstand, Congress Park, Saratoga Springs resort, New York]", "image": {"alt": "digitized item thumbnail", "full": "https://tile.loc.gov/storage-services/service/pnp/stereo/1s00000/1s05000/1s05000/1s05092r.jpg", "square": "https://tile.loc.gov/storage-services/service/pnp/stereo/1s00000/1s05000/1s05000/1s05092_75x75px.jpg", "thumb": "https://tile.loc.gov/storage-services/service/pnp/stereo/1s00000/1s05000/1s05000/1s05092_150px.jpg"}, "created": "2017-03-14T00:00:00Z", "modified": "2017-03-14T00:00:00Z", "collection": ["diof", "pp", "stereo"], "creator": "Stacy, George", "call_number": "LOT 14161, no. 33 [P&P]", "medium_brief": "1 photograph :", "source_modified": "2017-03-10T00:00:00Z", "pk": "2017645032", "created_published_date": "[ca. 1865]", "subjects": ["Sightseers--New York (State)--Saratoga Springs--1860-1870.", "Bandstands--New York (State)--Saratoga Springs--1860-1870.", "Health resorts--New York (State)--Saratoga Springs--1860-1870.", "Saratoga Springs (N.Y.)--1860-1870.", "Albumen prints--1860-1870.", "Stereographs--1860-1870."]}, {"source_created": "2017-06-22T00:00:00Z", "index": 12, "medium": "1 photograph : albumen print on card mount  ; mount 8 x 17 cm (stereograph format)", "reproduction_number": "LC-DIG-stereo-1s05523 (digital file from front of original item)\nLC-DIG-stereo-2s05523 (digital file from back of original item)", "links": {"item": "https://www.loc.gov/pictures/item/2017659253/", "resource": "https://www.loc.gov/pictures/item/2017659253/resource/"}, "title": "The mall, Central Park", "image": {"alt": "digitized item thumbnail", "full": "https://tile.loc.gov/storage-services/service/pnp/stereo/1s00000/1s05000/1s05500/1s05523r.jpg", "square": "https://tile.loc.gov/storage-services/service/pnp/stereo/1s00000/1s05000/1s05500/1s05523_75x75px.jpg", "thumb": "https://tile.loc.gov/storage-services/service/pnp/stereo/1s00000/1s05000/1s05500/1s05523_150px.jpg"}, "created": "2017-06-27T00:00:00Z", "modified": "2017-06-27T00:00:00Z", "collection": ["diof", "pp", "stereo"], "creator": "Stacy, George", "call_number": "LOT 14164, no. 143 [P&P]", "medium_brief": "1 photograph :", "source_modified": "2017-06-26T00:00:00Z", "pk": "2017659253", "created_published_date": "[ca. 1865]", "subjects": ["Parks--New York (State)--New York--1860-1870.", "Bandstands--New York (State)--New York--1860-1870.", "Walkways--New York (State)--New York--1860-1870.", "Central Park (New York, N.Y.)--1860-1870.", "Albumen prints--1860-1870.", "Stereographs--1860-1870."]}, {"source_created": "2017-06-22T00:00:00Z", "index": 13, "medium": "1 photograph : hand-colored albumen print on card mount  ; mount 8 x 17 cm (stereograph format)", "reproduction_number": "LC-DIG-stereo-1s05524 (digital file from front of original item)", "links": {"item": "https://www.loc.gov/pictures/item/2017659254/", "resource": "https://www.loc.gov/pictures/item/2017659254/resource/"}, "title": "The mall [Central Park]", "image": {"alt": "digitized item thumbnail", "full": "https://tile.loc.gov/storage-services/service/pnp/stereo/1s00000/1s05000/1s05500/1s05524r.jpg", "square": "https://tile.loc.gov/storage-services/service/pnp/stereo/1s00000/1s05000/1s05500/1s05524_75x75px.jpg", "thumb": "https://tile.loc.gov/storage-services/service/pnp/stereo/1s00000/1s05000/1s05500/1s05524_150px.jpg"}, "created": "2017-06-27T00:00:00Z", "modified": "2017-06-27T00:00:00Z", "collection": ["diof", "pp", "stereo"], "creator": "Stacy, George", "call_number": "LOT 14164, no. 144 [P&P]", "medium_brief": "1 photograph :", "source_modified": "2017-06-26T00:00:00Z", "pk": "2017659254", "created_published_date": "[ca. 1865]", "subjects": ["Parks--New York (State)--New York--1860-1870.", "Bandstands--New York (State)--New York--1860-1870.", "Walkways--New York (State)--New York--1860-1870.", "Central Park (New York, N.Y.)--1860-1870.", "Albumen prints--Hand colored--1860-1870.", "Stereographs--1860-1870."]}, {"source_created": "2017-06-22T00:00:00Z", "index": 14, "medium": "1 photograph : albumen print on card mount  ; mount 8 x 17 cm (stereograph format)", "reproduction_number": "LC-DIG-stereo-1s05525 (digital file from front of original item)\nLC-DIG-stereo-2s05525 (digital file from back of original item)", "links": {"item": "https://www.loc.gov/pictures/item/2017659255/", "resource": "https://www.loc.gov/pictures/item/2017659255/resource/"}, "title": "Part of the stone work of the Terrace, Central Park", "image": {"alt": "digitized item thumbnail", "full": "https://tile.loc.gov/storage-services/service/pnp/stereo/1s00000/1s05000/1s05500/1s05525r.jpg", "square": "https://tile.loc.gov/storage-services/service/pnp/stereo/1s00000/1s05000/1s05500/1s05525_75x75px.jpg", "thumb": "https://tile.loc.gov/storage-services/service/pnp/stereo/1s00000/1s05000/1s05500/1s05525_150px.jpg"}, "created": "2017-06-27T00:00:00Z", "modified": "2017-06-27T00:00:00Z", "collection": ["diof", "pp", "stereo"], "creator": "Stacy, George", "call_number": "LOT 14164, no. 145 [P&P]", "medium_brief": "1 photograph :", "source_modified": "2017-06-26T00:00:00Z", "pk": "2017659255", "created_published_date": "[ca. 1865]", "subjects": ["Parks--New York (State)--New York--1860-1870.", "Terraces--New York (State)--New York--1860-1870.", "Walkways--New York (State)--New York--1860-1870.", "Bandstands--New York (State)--New York--1860-1870.", "Central Park (New York, N.Y.)--1860-1870.", "Albumen prints--1860-1870.", "Stereographs--1860-1870.", "Tax stamps--1860-1870."]}, {"source_created": "2017-06-22T00:00:00Z", "index": 15, "medium": "1 photograph : albumen print on card mount  ; mount 8 x 17 cm (stereograph format)", "reproduction_number": "LC-DIG-stereo-1s05526 (digital file from front of original item)\nLC-DIG-stereo-2s05526 (digital file from back of original item)", "links": {"item": "https://www.loc.gov/pictures/item/2017659256/", "resource": "https://www.loc.gov/pictures/item/2017659256/resource/"}, "title": "The stonework, Central Park", "image": {"alt": "digitized item thumbnail", "full": "https://tile.loc.gov/storage-services/service/pnp/stereo/1s00000/1s05000/1s05500/1s05526r.jpg", "square": "https://tile.loc.gov/storage-services/service/pnp/stereo/1s00000/1s05000/1s05500/1s05526_75x75px.jpg", "thumb": "https://tile.loc.gov/storage-services/service/pnp/stereo/1s00000/1s05000/1s05500/1s05526_150px.jpg"}, "created": "2017-06-27T00:00:00Z", "modified": "2017-06-27T00:00:00Z", "collection": ["diof", "pp", "stereo"], "creator": "Stacy, George", "call_number": "LOT 14164, no. 146 [P&P]", "medium_brief": "1 photograph :", "source_modified": "2017-06-26T00:00:00Z", "pk": "2017659256", "created_published_date": "[ca. 1865]", "subjects": ["Parks--New York (State)--New York--1860-1870.", "Terraces--New York (State)--New York--1860-1870.", "Walkways--New York (State)--New York--1860-1870.", "Bandstands--New York (State)--New York--1860-1870.", "Central Park (New York, N.Y.)--1860-1870.", "Albumen prints--1860-1870.", "Stereographs--1860-1870."]}, {"source_created": "2017-06-27T00:00:00Z", "index": 16, "medium": "1 photograph : albumen print on card mount  ; mount 8 x 17 cm (stereograph format)", "reproduction_number": "LC-DIG-stereo-1s05570 (digital file from front of original item)\nLC-DIG-stereo-2s05570 (digital file from back of original item)", "links": {"item": "https://www.loc.gov/pictures/item/2017659301/", "resource": "https://www.loc.gov/pictures/item/2017659301/resource/"}, "title": "The musician's pagoda, Central Park", "image": {"alt": "digitized item thumbnail", "full": "https://tile.loc.gov/storage-services/service/pnp/stereo/1s00000/1s05000/1s05500/1s05570r.jpg", "square": "https://tile.loc.gov/storage-services/service/pnp/stereo/1s00000/1s05000/1s05500/1s05570_75x75px.jpg", "thumb": "https://tile.loc.gov/storage-services/service/pnp/stereo/1s00000/1s05000/1s05500/1s05570_150px.jpg"}, "created": "2017-07-04T00:00:00Z", "modified": "2017-07-04T00:00:00Z", "collection": ["diof", "pp", "stereo"], "creator": "Stacy, George", "call_number": "LOT 14164, no. 190 [P&P]", "medium_brief": "1 photograph :", "source_modified": "2017-06-27T00:00:00Z", "pk": "2017659301", "created_published_date": "[ca. 1865]", "subjects": ["Parks--New York (State)--New York--1860-1870.", "Bandstands--New York (State)--New York--1860-1870.", "Central Park (New York, N.Y.)--1860-1870.", "Albumen prints--1860-1870.", "Stereographs--1860-1870.", "Tax stamps--1860-1870."]}, {"source_created": "2017-06-27T00:00:00Z", "index": 17, "medium": "1 photograph : albumen print on card mount  ; mount 8 x 17 cm (stereograph format)", "reproduction_number": "LC-DIG-stereo-1s05571 (digital file from front of original item)", "links": {"item": "https://www.loc.gov/pictures/item/2017659302/", "resource": "https://www.loc.gov/pictures/item/2017659302/resource/"}, "title": "The musicians' pagoda, Central Park", "image": {"alt": "digitized item thumbnail", "full": "https://tile.loc.gov/storage-services/service/pnp/stereo/1s00000/1s05000/1s05500/1s05571r.jpg", "square": "https://tile.loc.gov/storage-services/service/pnp/stereo/1s00000/1s05000/1s05500/1s05571_75x75px.jpg", "thumb": "https://tile.loc.gov/storage-services/service/pnp/stereo/1s00000/1s05000/1s05500/1s05571_150px.jpg"}, "created": "2017-07-04T00:00:00Z", "modified": "2017-07-04T00:00:00Z", "collection": ["diof", "pp", "stereo"], "creator": "Stacy, George", "call_number": "LOT 14164, no. 191 [P&P]", "medium_brief": "1 photograph :", "source_modified": "2017-06-27T00:00:00Z", "pk": "2017659302", "created_published_date": "[ca. 1865]", "subjects": ["Parks--New York (State)--New York--1860-1870.", "Bandstands--New York (State)--New York--1860-1870.", "Central Park (New York, N.Y.)--1860-1870.", "Albumen prints--1860-1870.", "Blind stamps--1860-1870.", "Stereographs--1860-1870."]}, {"source_created": "2017-06-27T00:00:00Z", "index": 18, "medium": "1 photograph : albumen print on card mount  ; mount 8 x 17 cm (stereograph format)", "reproduction_number": "LC-DIG-stereo-1s05572 (digital file from front of original item)\nLC-DIG-stereo-2s05572 (digital file from back of original item)", "links": {"item": "https://www.loc.gov/pictures/item/2017659303/", "resource": "https://www.loc.gov/pictures/item/2017659303/resource/"}, "title": "The musician's pagoda, Central Park", "image": {"alt": "digitized item thumbnail", "full": "https://tile.loc.gov/storage-services/service/pnp/stereo/1s00000/1s05000/1s05500/1s05572r.jpg", "square": "https://tile.loc.gov/storage-services/service/pnp/stereo/1s00000/1s05000/1s05500/1s05572_75x75px.jpg", "thumb": "https://tile.loc.gov/storage-services/service/pnp/stereo/1s00000/1s05000/1s05500/1s05572_150px.jpg"}, "created": "2017-07-04T00:00:00Z", "modified": "2017-07-04T00:00:00Z", "collection": ["diof", "pp", "stereo"], "creator": "Stacy, George", "call_number": "LOT 14164, no. 192 [P&P]", "medium_brief": "1 photograph :", "source_modified": "2017-06-27T00:00:00Z", "pk": "2017659303", "created_published_date": "[ca. 1865]", "subjects": ["Parks--New York (State)--New York--1860-1870.", "Bandstands--New York (State)--New York--1860-1870.", "Central Park (New York, N.Y.)--1860-1870.", "Albumen prints--1860-1870.", "Stereographs--1860-1870.", "Tax stamps--1860-1870."]}, {"source_created": "2011-07-01T00:00:00Z", "index": 19, "medium": "1 drawing : ink and watercolor on paper ; 41.2 x 32 cm.", "reproduction_number": "LC-USZC4-15020 (color film copy transparency)", "links": {"item": "https://www.loc.gov/pictures/item/2011648071/", "resource": "https://www.loc.gov/pictures/item/2011648071/resource/"}, "title": "[Bandstand. Elevation rendering in color, with plan and side elevation]", "image": {"alt": "digitized item thumbnail", "full": "https://tile.loc.gov/storage-services/service/pnp/cph/3g10000/3g15000/3g15000/3g15020r.jpg", "square": "https://tile.loc.gov/storage-services/service/pnp/cph/3g10000/3g15000/3g15000/3g15020_75x75px.jpg", "thumb": "https://tile.loc.gov/storage-services/service/pnp/cph/3g10000/3g15000/3g15000/3g15020_150px.jpg"}, "created": "2017-08-11T00:00:00Z", "modified": "2017-08-11T00:00:00Z", "collection": ["cph", "diof", "pp"], "creator": "Hunt, Richard Morris, 1827-1895", "call_number": "Unprocessed in PR 13 CN 2010:100, 79.2427 [P&P]", "medium_brief": "1 drawing :", "source_modified": "2017-07-19T00:00:00Z", "pk": "2011648071", "created_published_date": "1849 March 7.", "subjects": ["Bandstands--1840-1850.", "Architectural drawings--1840-1850.", "Student works--1840-1850."]}, {"source_created": "1994-01-01T00:00:00Z", "index": 20, "medium": "1 negative : glass ; 8 x 10 in.", "reproduction_number": "LC-DIG-det-4a15072 (digital file from original)", "links": {"item": "https://www.loc.gov/pictures/item/2016795187/", "resource": "https://www.loc.gov/pictures/item/2016795187/resource/"}, "title": "Class of '94, U.S. Naval Academy", "image": {"alt": "digitized item thumbnail", "full": "https://tile.loc.gov/storage-services/service/pnp/det/4a10000/4a15000/4a15000/4a15072r.jpg", "square": "https://tile.loc.gov/storage-services/service/pnp/det/4a10000/4a15000/4a15000/4a15072_75x75px.jpg", "thumb": "https://tile.loc.gov/storage-services/service/pnp/det/4a10000/4a15000/4a15000/4a15072_150px.jpg"}, "created": "2017-11-21T00:00:00Z", "modified": "2017-11-21T00:00:00Z", "collection": ["ammem", "det", "diof", "pp"], "creator": "Detroit Publishing Co.", "call_number": "LC-D4-21396 [P&P]", "medium_brief": "1 negative :", "source_modified": "2017-10-24T00:00:00Z", "pk": "2016795187", "created_published_date": "[1894]", "subjects": ["United States Naval Academy.", "Universities & colleges.", "Military education.", "Bandstands.", "United States--Maryland--Annapolis.", "Dry plate negatives.", "Group portraits.", "Portrait photographs."]}]}