{"search": {"field": "subject", "hits": 27, "sort_order": null, "do_facets": true, "focus_item": null, "query": "Labor laws & legislation", "type": "search", "sort_by": null}, "focus": null, "views": {"current": "list", "grid": "https://www.loc.gov/pictures/search/?q=Labor+laws+%26+legislation&fi=subject&va=exact&st=grid&op=PHRASE", "list": "https://www.loc.gov/pictures/search/?q=Labor+laws+%26+legislation&fi=subject&op=PHRASE&va=exact", "gallery": "https://www.loc.gov/pictures/search/?q=Labor+laws+%26+legislation&fi=subject&va=exact&st=gallery&op=PHRASE", "slideshow": "https://www.loc.gov/pictures/search/?q=Labor+laws+%26+legislation&fi=subject&va=exact&st=slideshow&op=PHRASE"}, "facets": [{"type": "displayed", "filters": [{"count": 15, "on": "https://www.loc.gov/pictures/search/?va=exact&sp=1&q=Labor+laws+%26+legislation&fa=displayed%3Aanywhere&fi=subject&op=PHRASE&fo=json", "selected": false, "off": "https://www.loc.gov/pictures/search/?va=exact&sp=1&q=Labor+laws+%26+legislation&fi=subject&fo=json&op=PHRASE", "title": "Larger image available anywhere"}, {"count": 1, "on": "https://www.loc.gov/pictures/search/?va=exact&sp=1&q=Labor+laws+%26+legislation&fa=displayed%3Alc_only&fi=subject&op=PHRASE&fo=json", "selected": false, "off": "https://www.loc.gov/pictures/search/?va=exact&sp=1&q=Labor+laws+%26+legislation&fi=subject&fo=json&op=PHRASE", "title": "Larger image available only at the Library of Congress"}, {"count": 11, "on": "https://www.loc.gov/pictures/search/?va=exact&sp=1&q=Labor+laws+%26+legislation&fa=displayed%3Anot_digitized&fi=subject&op=PHRASE&fo=json", "selected": false, "off": "https://www.loc.gov/pictures/search/?va=exact&sp=1&q=Labor+laws+%26+legislation&fi=subject&fo=json&op=PHRASE", "title": "Not Digitized"}], "title": "displayed"}], "links": {"json": "//www.loc.gov/pictures/search/?fi=subject&q=Labor+laws+%26+legislation&op=PHRASE&va=exact&fo=json", "html": "//www.loc.gov/pictures/search/?fi=subject&q=Labor+laws+%26+legislation&op=PHRASE&va=exact", "rss": "//www.loc.gov/pictures/search/?fi=subject&q=Labor+laws+%26+legislation&op=PHRASE&va=exact&fo=rss"}, "suggestions": {"possible": []}, "pages": {"current": 1, "next": "https://www.loc.gov/pictures/search/?q=Labor+laws+%26+legislation&fi=subject&sp=2&op=PHRASE&va=exact", "perpage": 20, "last": "https://www.loc.gov/pictures/search/?q=Labor+laws+%26+legislation&fi=subject&sp=2&op=PHRASE&va=exact", "page_list": [{"url": null, "number": 1}, {"url": "https://www.loc.gov/pictures/search/?q=Labor+laws+%26+legislation&fi=subject&sp=2&op=PHRASE&va=exact", "number": 2}], "previous": null, "total": 2, "results": "1 - 20", "first": null}, "collection": null, "results": [{"source_created": "1998-05-01T00:00:00Z", "index": 1, "medium": "1 drawing : crayon, ink brush and opaque white ; 35.2 x 42.7 cm. (sheet)", "reproduction_number": "", "links": {"item": "https://www.loc.gov/pictures/item/2010643663/", "resource": null}, "title": "Veto Taft-Hartley bill", "image": {"alt": "item not digitized thumbnail", "full": "https://www.loc.gov/pictures/static/images/item/500x500_notdigitized.png", "square": "https://www.loc.gov/pictures/static/images/item/not_digitized_buttons75X75.png", "thumb": "https://www.loc.gov/pictures/static/images/item/notdigitized_buttons140X120.png"}, "created": "2016-04-20T00:00:00Z", "modified": "2016-04-20T00:00:00Z", "collection": ["bbgfc", "minload", "pp"], "creator": "Ellis, Fred, 1885-1965", "call_number": "Goldstein, no. 1526 (B size) [P&P]", "medium_brief": "1 drawing :", "source_modified": "2011-07-20T00:00:00Z", "pk": "2010643663", "created_published_date": "[1947]", "subjects": ["Truman, Harry S.,--1884-1972.", "United States.--Labor Management Relations Act, 1947.", "Employee-employer relations--United States--1940-1950.", "Labor laws & legislation--United States--1940-1950.", "Vetoes--1940-1950.", "Cartoons (Commentary)--1940-1950.", "Crayon drawings--1940-1950."]}, {"source_created": "2013-12-23T00:00:00Z", "index": 2, "medium": "1 print (postcard).", "reproduction_number": "LC-DIG-ppmsca-37694 (digital file from original item)", "links": {"item": "https://www.loc.gov/pictures/item/2013651825/", "resource": "https://www.loc.gov/pictures/item/2013651825/resource/"}, "title": "Cuban relief, U.S. labor laws ...", "image": {"alt": "digitized item thumbnail", "full": "https://tile.loc.gov/storage-services/service/pnp/ppmsca/37600/37694r.jpg", "square": "https://tile.loc.gov/storage-services/service/pnp/ppmsca/37600/37694_75x75px.jpg", "thumb": "https://tile.loc.gov/storage-services/service/pnp/ppmsca/37600/37694_150px.jpg"}, "created": "2016-04-20T00:00:00Z", "modified": "2016-04-20T00:00:00Z", "collection": ["cph", "diof", "pp"], "creator": null, "call_number": "LOT 7767, no. 54 [item] [P&P]", "medium_brief": "1 print (postcard).", "source_modified": "2014-01-03T00:00:00Z", "pk": "2013651825", "created_published_date": "[1902]", "subjects": ["Payne, Sereno Elisha,--1843-1914.", "Immigration--1900-1910.", "International relations--Cuba--1900-1910.", "International relations--United States--1900-1910.", "Labor laws & legislation--1900-1910.", "Reciprocity--1900-1910.", "Sugar industry--1900-1910.", "Tariffs--1900-1910.", "Taxes--Cuba--1900-1910.", "Political cartoons--1900-1910.", "Postcards--1900-1910.", "Prints--1900-1910."]}, {"source_created": "1998-05-01T00:00:00Z", "index": 3, "medium": "1 drawing : ink and drybrush ; 35 x 43 cm. (sheet)", "reproduction_number": "", "links": {"item": "https://www.loc.gov/pictures/item/2010642333/", "resource": null}, "title": "Taft-Hartley bill", "image": {"alt": "item not digitized thumbnail", "full": "https://www.loc.gov/pictures/static/images/item/500x500_notdigitized.png", "square": "https://www.loc.gov/pictures/static/images/item/not_digitized_buttons75X75.png", "thumb": "https://www.loc.gov/pictures/static/images/item/notdigitized_buttons140X120.png"}, "created": "2016-04-21T00:00:00Z", "modified": "2016-04-21T00:00:00Z", "collection": ["bbgfc", "minload", "pp"], "creator": "Ellis, Fred, 1885-1965", "call_number": "Goldstein, no. 1517 (B size) [P&P]", "medium_brief": "1 drawing :", "source_modified": "2015-10-22T00:00:00Z", "pk": "2010642333", "created_published_date": "[1947]", "subjects": ["Taft, Robert,--Jr.,--1917-1993.", "United States.--Labor Management Relations Act, 1947.", "Employee-employer relations--United States--1940-1950.", "Labor laws & legislation--United States--1940-1950.", "Monsters--1940-1950.", "Cartoons (Commentary)--1940-1950.", "Drawings--1940-1950."]}, {"source_created": "1997-06-25T00:00:00Z", "index": 4, "medium": "1 drawing.", "reproduction_number": "", "links": {"item": "https://www.loc.gov/pictures/item/2016678379/", "resource": "https://www.loc.gov/pictures/item/2016678379/resource/"}, "title": "If you boys keep that up, I'm not going to be responsible for Ferdinand any longer", "image": {"alt": "digitized item thumbnail", "full": "https://tile.loc.gov/storage-services/service/pnp/acd/2a05000/2a05700/2a05792_150px.jpg", "square": "https://tile.loc.gov/storage-services/service/pnp/acd/2a05000/2a05700/2a05792_75x75px.jpg", "thumb": "https://tile.loc.gov/storage-services/service/pnp/acd/2a05000/2a05700/2a05792_150px.jpg"}, "created": "2016-08-16T00:00:00Z", "modified": "2016-08-16T00:00:00Z", "collection": ["2rights", "acd", "acr", "minload", "pp"], "creator": "Berryman, Clifford Kennedy, 1869-1949", "call_number": "CD 1 - Berryman (C.K.), no. 86 (A size)", "medium_brief": "1 drawing.", "source_modified": "2016-08-03T00:00:00Z", "pk": "2016678379", "created_published_date": "1941 Nov. 13.", "subjects": ["Roosevelt, Franklin D.--(Franklin Delano),--1882-1945.", "Lewis, John Llewellyn,--1880-1969.", "Murray, Philip,--1886-1952.", "Kennedy, Thomas,--1872-", "Leaf, Munro,--1905---Story of Ferdinand.", "Bullfighting--1940-50.", "Labor leaders--United States--1940-1950.", "Labor laws & legislation--United States--1940-1950.", "Drawings.", "Editorial cartoons--American."]}, {"source_created": "2004-01-08T00:00:00Z", "index": 5, "medium": "1 photographic print.", "reproduction_number": "LC-DIG-nclc-04900 (color digital file from b&w original print)", "links": {"item": "https://www.loc.gov/pictures/item/2018673944/", "resource": "https://www.loc.gov/pictures/item/2018673944/resource/"}, "title": "Cotton Mill letter.", "image": {"alt": "digitized item thumbnail", "full": "https://tile.loc.gov/storage-services/service/pnp/nclc/04900/04900r.jpg", "square": "https://tile.loc.gov/storage-services/service/pnp/nclc/04900/04900_75x75px.jpg", "thumb": "https://tile.loc.gov/storage-services/service/pnp/nclc/04900/04900_150px.jpg"}, "created": "2018-11-09T00:00:00Z", "modified": "2018-11-09T00:00:00Z", "collection": ["diof", "minload", "nclc", "pp"], "creator": "Hine, Lewis Wickes, 1874-1940", "call_number": "LOT 7483, v. 2, no. 3571 [P&P]", "medium_brief": "1 photographic print.", "source_modified": "2018-11-02T00:00:00Z", "pk": "2018673944", "created_published_date": "[1913?]", "subjects": ["Correspondence.", "Labor laws & legislation.", "Child labor.", "United States.", "Photographic prints."]}, {"source_created": "2004-01-08T00:00:00Z", "index": 6, "medium": "1 photographic print.", "reproduction_number": "LC-DIG-nclc-04610 (color digital file from b&w original print)\nLC-USZ62-46387 (b&w film copy negative)", "links": {"item": "https://www.loc.gov/pictures/item/2018674169/", "resource": "https://www.loc.gov/pictures/item/2018674169/resource/"}, "title": "Newspaper comments on new child labor law in Penn.  Location: Pennsylvania.", "image": {"alt": "digitized item thumbnail", "full": "https://tile.loc.gov/storage-services/service/pnp/nclc/04600/04610r.jpg", "square": "https://tile.loc.gov/storage-services/service/pnp/nclc/04600/04610_75x75px.jpg", "thumb": "https://tile.loc.gov/storage-services/service/pnp/nclc/04600/04610_150px.jpg"}, "created": "2018-11-09T00:00:00Z", "modified": "2018-11-09T00:00:00Z", "collection": ["diof", "minload", "nclc", "pp"], "creator": "Hine, Lewis Wickes, 1874-1940", "call_number": "LOT 7483, v. 1, no. 1199 [P&P]", "medium_brief": "1 photographic print.", "source_modified": "2018-11-02T00:00:00Z", "pk": "2018674169", "created_published_date": "1910 January.", "subjects": ["Clippings.", "Child labor.", "Labor laws & legislation.", "School attendance.", "United States--Pennsylvania.", "Photographic prints."]}, {"source_created": "2004-01-08T00:00:00Z", "index": 7, "medium": "1 photographic print.", "reproduction_number": "LC-DIG-nclc-04876 (color digital file from b&w original print)", "links": {"item": "https://www.loc.gov/pictures/item/2018677140/", "resource": "https://www.loc.gov/pictures/item/2018677140/resource/"}, "title": "Exhibit panel", "image": {"alt": "digitized item thumbnail", "full": "https://tile.loc.gov/storage-services/service/pnp/nclc/04800/04876r.jpg", "square": "https://tile.loc.gov/storage-services/service/pnp/nclc/04800/04876_75x75px.jpg", "thumb": "https://tile.loc.gov/storage-services/service/pnp/nclc/04800/04876_150px.jpg"}, "created": "2018-11-09T00:00:00Z", "modified": "2018-11-09T00:00:00Z", "collection": ["diof", "minload", "nclc", "pp"], "creator": "Hine, Lewis Wickes, 1874-1940", "call_number": "LOT 7483, v. 2, no. 3519 [P&P]", "medium_brief": "1 photographic print.", "source_modified": "2018-11-02T00:00:00Z", "pk": "2018677140", "created_published_date": "[1913?]", "subjects": ["Exhibitions.", "Child labor.", "Labor laws & legislation.", "United States.", "Photographic prints."]}, {"source_created": "2004-01-08T00:00:00Z", "index": 8, "medium": "1 photographic print.", "reproduction_number": "LC-DIG-nclc-04880 (color digital file from b&w original print)", "links": {"item": "https://www.loc.gov/pictures/item/2018677144/", "resource": "https://www.loc.gov/pictures/item/2018677144/resource/"}, "title": "Exhibit panel", "image": {"alt": "digitized item thumbnail", "full": "https://tile.loc.gov/storage-services/service/pnp/nclc/04800/04880r.jpg", "square": "https://tile.loc.gov/storage-services/service/pnp/nclc/04800/04880_75x75px.jpg", "thumb": "https://tile.loc.gov/storage-services/service/pnp/nclc/04800/04880_150px.jpg"}, "created": "2018-11-09T00:00:00Z", "modified": "2018-11-09T00:00:00Z", "collection": ["diof", "minload", "nclc", "pp"], "creator": "Hine, Lewis Wickes, 1874-1940", "call_number": "LOT 7483, v. 2, no. 3523 [P&P]", "medium_brief": "1 photographic print.", "source_modified": "2018-11-02T00:00:00Z", "pk": "2018677144", "created_published_date": "[1913?]", "subjects": ["Exhibitions.", "Child labor.", "Labor laws & legislation.", "United States.", "Photographic prints."]}, {"source_created": "2004-01-08T00:00:00Z", "index": 9, "medium": "1 photographic print.", "reproduction_number": "LC-DIG-nclc-04901 (color digital file from b&w original print)", "links": {"item": "https://www.loc.gov/pictures/item/2018677165/", "resource": "https://www.loc.gov/pictures/item/2018677165/resource/"}, "title": "Postal Telegraph Co.", "image": {"alt": "digitized item thumbnail", "full": "https://tile.loc.gov/storage-services/service/pnp/nclc/04900/04901r.jpg", "square": "https://tile.loc.gov/storage-services/service/pnp/nclc/04900/04901_75x75px.jpg", "thumb": "https://tile.loc.gov/storage-services/service/pnp/nclc/04900/04901_150px.jpg"}, "created": "2018-11-09T00:00:00Z", "modified": "2018-11-09T00:00:00Z", "collection": ["diof", "minload", "nclc", "pp"], "creator": "Hine, Lewis Wickes, 1874-1940", "call_number": "LOT 7483, v. 2, no. 3572 [P&P]", "medium_brief": "1 photographic print.", "source_modified": "2018-11-02T00:00:00Z", "pk": "2018677165", "created_published_date": "[1913?]", "subjects": ["Correspondence.", "Labor laws & legislation.", "Child labor.", "United States.", "Photographic prints."]}, {"source_created": "2004-01-08T00:00:00Z", "index": 10, "medium": "1 photographic print.", "reproduction_number": "LC-DIG-nclc-04902 (color digital file from b&w original print)\nLC-USZ62-46390 (b&w film copy negative)", "links": {"item": "https://www.loc.gov/pictures/item/2018677166/", "resource": "https://www.loc.gov/pictures/item/2018677166/resource/"}, "title": "Letter from manager of a department store in New Orleans.  Location: New Orleans, [Louisiana]", "image": {"alt": "digitized item thumbnail", "full": "https://tile.loc.gov/storage-services/service/pnp/nclc/04900/04902r.jpg", "square": "https://tile.loc.gov/storage-services/service/pnp/nclc/04900/04902_75x75px.jpg", "thumb": "https://tile.loc.gov/storage-services/service/pnp/nclc/04900/04902_150px.jpg"}, "created": "2018-11-09T00:00:00Z", "modified": "2018-11-09T00:00:00Z", "collection": ["diof", "minload", "nclc", "pp"], "creator": "Hine, Lewis Wickes, 1874-1940", "call_number": "LOT 7483, v. 2, no. 3573 [P&P]", "medium_brief": "1 photographic print.", "source_modified": "2018-11-02T00:00:00Z", "pk": "2018677166", "created_published_date": "[1913?]", "subjects": ["Correspondence.", "Labor laws & legislation.", "Child labor.", "United States--Louisiana--New Orleans.", "Photographic prints."]}, {"source_created": "2004-01-08T00:00:00Z", "index": 11, "medium": "1 photographic print.", "reproduction_number": "LC-DIG-nclc-04967 (color digital file from b&w original print)\nLC-USZ62-62735 (b&w film copy negative)", "links": {"item": "https://www.loc.gov/pictures/item/2018677702/", "resource": "https://www.loc.gov/pictures/item/2018677702/resource/"}, "title": "Exhibit panel", "image": {"alt": "digitized item thumbnail", "full": "https://tile.loc.gov/storage-services/service/pnp/nclc/04900/04967r.jpg", "square": "https://tile.loc.gov/storage-services/service/pnp/nclc/04900/04967_75x75px.jpg", "thumb": "https://tile.loc.gov/storage-services/service/pnp/nclc/04900/04967_150px.jpg"}, "created": "2018-11-09T00:00:00Z", "modified": "2018-11-09T00:00:00Z", "collection": ["diof", "minload", "nclc", "pp"], "creator": "Hine, Lewis Wickes, 1874-1940", "call_number": "LOT 7483, v. 2, no. 3790 [P&P]", "medium_brief": "1 photographic print.", "source_modified": "2018-11-02T00:00:00Z", "pk": "2018677702", "created_published_date": "[1914?]", "subjects": ["Exhibitions.", "Child labor.", "Labor laws & legislation.", "United States.", "Photographic prints."]}, {"source_created": "2004-01-08T00:00:00Z", "index": 12, "medium": "1 photographic print.", "reproduction_number": "LC-DIG-nclc-04995 (color digital file from b&w original print)\nLC-DIG-nclc-05589 (b&w digital file from original glass negative)", "links": {"item": "https://www.loc.gov/pictures/item/2018678048/", "resource": "https://www.loc.gov/pictures/item/2018678048/resource/"}, "title": "Exhib[it] Panel", "image": {"alt": "digitized item thumbnail", "full": "https://tile.loc.gov/storage-services/service/pnp/nclc/04900/04995r.jpg", "square": "https://tile.loc.gov/storage-services/service/pnp/nclc/04900/04995_75x75px.jpg", "thumb": "https://tile.loc.gov/storage-services/service/pnp/nclc/04900/04995_150px.jpg"}, "created": "2018-11-09T00:00:00Z", "modified": "2018-11-09T00:00:00Z", "collection": ["diof", "minload", "nclc", "pp"], "creator": "Hine, Lewis Wickes, 1874-1940", "call_number": "LOT 7483, v. 2, no. 4077 [P&P] LC-H5- 4077", "medium_brief": "1 photographic print.\n1 negative :", "source_modified": "2018-11-02T00:00:00Z", "pk": "2018678048", "created_published_date": "[1916?]", "subjects": ["Exhibitions.", "Child labor.", "Labor laws & legislation.", "United States.", "Glass negatives.", "Photographic prints."]}, {"source_created": "2009-02-13T00:00:00Z", "index": 13, "medium": "1 drawing : crayon with opaque white over blue pencil underdrawing ; 45.3 x 29.9 cm (sheet)", "reproduction_number": "", "links": {"item": "https://www.loc.gov/pictures/item/2009630369/", "resource": null}, "title": "Where it leaves Henry", "image": {"alt": "item not digitized thumbnail", "full": "https://www.loc.gov/pictures/static/images/item/500x500_notdigitized.png", "square": "https://www.loc.gov/pictures/static/images/item/not_digitized_buttons75X75.png", "thumb": "https://www.loc.gov/pictures/static/images/item/notdigitized_buttons140X120.png"}, "created": "2019-05-06T00:00:00Z", "modified": "2019-05-06T00:00:00Z", "collection": ["cph", "pp"], "creator": "Kirby, Rollin, 1875-1952", "call_number": "Unprocessed in PR 13 CN 2001:055-4 [item] [P&P]", "medium_brief": "1 drawing :", "source_modified": "2009-08-27T00:00:00Z", "pk": "2009630369", "created_published_date": "1937.", "subjects": ["Ford, Henry,--1863-1947.", "United States--Supreme Court--1930-1940.", "Labor laws & legislation--United States--1930-1940.", "Tree trunks--1930-1940.", "Crayon drawings--1930-1940.", "Editorial cartoons--American--1930-1940."]}, {"source_created": "2009-02-13T00:00:00Z", "index": 14, "medium": "1 drawing : crayon and ink with opaque white over blue pencil underdrawing ; 36.2 x 46 cm (sheet)", "reproduction_number": "", "links": {"item": "https://www.loc.gov/pictures/item/2009630378/", "resource": null}, "title": "The fight at the barrier", "image": {"alt": "item not digitized thumbnail", "full": "https://www.loc.gov/pictures/static/images/item/500x500_notdigitized.png", "square": "https://www.loc.gov/pictures/static/images/item/not_digitized_buttons75X75.png", "thumb": "https://www.loc.gov/pictures/static/images/item/notdigitized_buttons140X120.png"}, "created": "2019-05-06T00:00:00Z", "modified": "2019-05-06T00:00:00Z", "collection": ["cph", "pp"], "creator": "Kirby, Rollin, 1875-1952", "call_number": "Unprocessed in PR 13 CN 2001:055-4 [item] [P&P]", "medium_brief": "1 drawing :", "source_modified": "2009-08-13T00:00:00Z", "pk": "2009630378", "created_published_date": "1937.", "subjects": ["Wage-price policy--United States--1930-1940.", "Labor laws & legislation--United States--1930-1940.", "Fighting--1930-1940.", "Crayon drawings--1930-1940.", "Editorial cartoons--American--1930-1940."]}, {"source_created": "2010-06-17T00:00:00Z", "index": 15, "medium": "1 drawing : ink brush and graphite, with opaque white ; on sheet 31.7 x 48.3 cm.", "reproduction_number": "", "links": {"item": "https://www.loc.gov/pictures/item/2010646192/", "resource": null}, "title": "\"Rats!\"", "image": {"alt": "item not digitized thumbnail", "full": "https://www.loc.gov/pictures/static/images/item/500x500_notdigitized.png", "square": "https://www.loc.gov/pictures/static/images/item/not_digitized_buttons75X75.png", "thumb": "https://www.loc.gov/pictures/static/images/item/notdigitized_buttons140X120.png"}, "created": "2019-05-06T00:00:00Z", "modified": "2019-05-06T00:00:00Z", "collection": ["cph", "pp"], "creator": "Brooks, Charles, 1920-", "call_number": "WOOD - PI, no. 1246 [P&P]", "medium_brief": "1 drawing :", "source_modified": "2014-12-01T00:00:00Z", "pk": "2010646192", "created_published_date": "1978 March 12.", "subjects": ["Meany, George,--1894-1980.", "Miners' strikes--United States--1970-1980.", "Labor laws & legislation--United States--1970-1980.", "Tanks (Military science)--United States--1970-1980.", "Editorial cartoons--American--1970-1980.", "Ink drawings--1970-1980."]}, {"source_created": "1999-10-15T00:00:00Z", "index": 16, "medium": "1 drawing on paper : ink, crayon, blue pencil and white out over pencil.", "reproduction_number": "", "links": {"item": "https://www.loc.gov/pictures/item/2016686892/", "resource": null}, "title": "The fly in the soup", "image": {"alt": "item not digitized thumbnail", "full": "https://www.loc.gov/pictures/static/images/item/500x500_notdigitized.png", "square": "https://www.loc.gov/pictures/static/images/item/not_digitized_buttons75X75.png", "thumb": "https://www.loc.gov/pictures/static/images/item/notdigitized_buttons140X120.png"}, "created": "2019-05-06T00:00:00Z", "modified": "2019-05-06T00:00:00Z", "collection": ["acd", "minload", "pp"], "creator": "Mauldin, Bill, 1921-2003", "call_number": "CD 1 - Mauldin, no. 1510 (B size)", "medium_brief": "1 drawing on paper :", "source_modified": "2016-08-05T00:00:00Z", "pk": "2016686892", "created_published_date": "1959 Feb. 5 [publication date]", "subjects": ["Boycotts--1950-1960.", "Flies--1950-1960.", "Labor laws & legislation--1950-1960.", "Soups--1950-1960.", "Drawings--1950-1960.", "Editorial cartoons--1950-1960."]}, {"source_created": "2019-08-09T00:00:00Z", "index": 17, "medium": "4 photographs : color film negatives ; film width 35mm (roll format)", "reproduction_number": "", "links": {"item": "https://www.loc.gov/pictures/item/2019641642/", "resource": "https://www.loc.gov/pictures/item/2019641642/resource/"}, "title": "NRLB Chairman", "image": {"alt": "digitized item thumbnail", "full": "https://tile.loc.gov/storage-services/service/pnp/ppmsca/62400/62431r.jpg", "square": "https://tile.loc.gov/storage-services/service/pnp/ppmsca/62400/62431_75x75px.jpg", "thumb": "https://tile.loc.gov/storage-services/service/pnp/ppmsca/62400/62431_150px.jpg"}, "created": "2019-09-17T00:00:00Z", "modified": "2019-09-17T00:00:00Z", "collection": ["cqrc", "diof", "pp"], "creator": "Ferrell, Scott J.", "call_number": "LC-CQ06-WR98032608 [P&P]", "medium_brief": "4 photographs :", "source_modified": "2019-08-22T00:00:00Z", "pk": "2019641642", "created_published_date": "[26 Mar. 1998]", "subjects": ["Gould, William", "National Labor Relations Board", "offices", "Labor laws & legislation", "government officials", "Film negatives--Color--1990-2000."]}, {"source_created": "2019-08-09T00:00:00Z", "index": 18, "medium": "4 photographs : color film negatives ; film width 35mm (roll format)", "reproduction_number": "", "links": {"item": "https://www.loc.gov/pictures/item/2019641643/", "resource": "https://www.loc.gov/pictures/item/2019641643/resource/"}, "title": "NRLB Chairman", "image": {"alt": "digitized item thumbnail", "full": "https://tile.loc.gov/storage-services/service/pnp/ppmsca/62400/62432r.jpg", "square": "https://tile.loc.gov/storage-services/service/pnp/ppmsca/62400/62432_75x75px.jpg", "thumb": "https://tile.loc.gov/storage-services/service/pnp/ppmsca/62400/62432_150px.jpg"}, "created": "2019-09-17T00:00:00Z", "modified": "2019-09-17T00:00:00Z", "collection": ["cqrc", "diof", "pp"], "creator": "Ferrell, Scott J.", "call_number": "LC-CQ06-WR98032609 [P&P]", "medium_brief": "4 photographs :", "source_modified": "2019-08-22T00:00:00Z", "pk": "2019641643", "created_published_date": "[26 Mar. 1998]", "subjects": ["Gould, William", "National Labor Relations Board", "offices", "Labor laws & legislation", "government officials", "Film negatives--Color--1990-2000."]}, {"source_created": "2019-08-09T00:00:00Z", "index": 19, "medium": "4 photographs : color film negatives ; film width 35mm (roll format)", "reproduction_number": "", "links": {"item": "https://www.loc.gov/pictures/item/2019641644/", "resource": "https://www.loc.gov/pictures/item/2019641644/resource/"}, "title": "NRLB Chairman", "image": {"alt": "digitized item thumbnail", "full": "https://tile.loc.gov/storage-services/service/pnp/ppmsca/62400/62433r.jpg", "square": "https://tile.loc.gov/storage-services/service/pnp/ppmsca/62400/62433_75x75px.jpg", "thumb": "https://tile.loc.gov/storage-services/service/pnp/ppmsca/62400/62433_150px.jpg"}, "created": "2019-09-17T00:00:00Z", "modified": "2019-09-17T00:00:00Z", "collection": ["cqrc", "diof", "pp"], "creator": "Ferrell, Scott J.", "call_number": "LC-CQ06-WR98032610 [P&P]", "medium_brief": "4 photographs :", "source_modified": "2019-08-22T00:00:00Z", "pk": "2019641644", "created_published_date": "[26 Mar. 1998]", "subjects": ["Gould, William", "National Labor Relations Board", "offices", "Labor laws & legislation", "government officials", "Film negatives--Color--1990-2000."]}, {"source_created": "2019-08-09T00:00:00Z", "index": 20, "medium": "4 photographs : color film negatives ; film width 35mm (roll format)", "reproduction_number": "", "links": {"item": "https://www.loc.gov/pictures/item/2019641645/", "resource": "https://www.loc.gov/pictures/item/2019641645/resource/"}, "title": "NRLB Chairman", "image": {"alt": "digitized item thumbnail", "full": "https://tile.loc.gov/storage-services/service/pnp/ppmsca/62400/62434r.jpg", "square": "https://tile.loc.gov/storage-services/service/pnp/ppmsca/62400/62434_75x75px.jpg", "thumb": "https://tile.loc.gov/storage-services/service/pnp/ppmsca/62400/62434_150px.jpg"}, "created": "2019-09-17T00:00:00Z", "modified": "2019-09-17T00:00:00Z", "collection": ["cqrc", "diof", "pp"], "creator": "Ferrell, Scott J.", "call_number": "LC-CQ06-WR98032611 [P&P]", "medium_brief": "4 photographs :", "source_modified": "2019-08-22T00:00:00Z", "pk": "2019641645", "created_published_date": "[26 Mar. 1998]", "subjects": ["Gould, William", "National Labor Relations Board", "offices", "Labor laws & legislation", "government officials", "Film negatives--Color--1990-2000."]}]}