{"search": {"field": "subject", "hits": 4, "sort_order": null, "do_facets": true, "focus_item": null, "query": "Luminescent works", "type": "search", "sort_by": null}, "focus": null, "views": {"current": "list", "grid": "https://www.loc.gov/pictures/search/?q=Luminescent+works&fi=subject&va=exact&st=grid&op=PHRASE", "list": "https://www.loc.gov/pictures/search/?q=Luminescent+works&fi=subject&op=PHRASE&va=exact", "gallery": "https://www.loc.gov/pictures/search/?q=Luminescent+works&fi=subject&va=exact&st=gallery&op=PHRASE", "slideshow": "https://www.loc.gov/pictures/search/?q=Luminescent+works&fi=subject&va=exact&st=slideshow&op=PHRASE"}, "facets": [{"type": "displayed", "filters": [{"count": 0, "on": "https://www.loc.gov/pictures/search/?va=exact&sp=1&q=Luminescent+works&fa=displayed%3Aanywhere&fi=subject&op=PHRASE&fo=json", "selected": false, "off": "https://www.loc.gov/pictures/search/?va=exact&sp=1&q=Luminescent+works&fi=subject&fo=json&op=PHRASE", "title": "Larger image available anywhere"}, {"count": 4, "on": "https://www.loc.gov/pictures/search/?va=exact&sp=1&q=Luminescent+works&fa=displayed%3Alc_only&fi=subject&op=PHRASE&fo=json", "selected": false, "off": "https://www.loc.gov/pictures/search/?va=exact&sp=1&q=Luminescent+works&fi=subject&fo=json&op=PHRASE", "title": "Larger image available only at the Library of Congress"}, {"count": 0, "on": "https://www.loc.gov/pictures/search/?va=exact&sp=1&q=Luminescent+works&fa=displayed%3Anot_digitized&fi=subject&op=PHRASE&fo=json", "selected": false, "off": "https://www.loc.gov/pictures/search/?va=exact&sp=1&q=Luminescent+works&fi=subject&fo=json&op=PHRASE", "title": "Not Digitized"}], "title": "displayed"}], "links": {"json": "//www.loc.gov/pictures/search/?fi=subject&q=Luminescent+works&op=PHRASE&va=exact&fo=json", "html": "//www.loc.gov/pictures/search/?fi=subject&q=Luminescent+works&op=PHRASE&va=exact", "rss": "//www.loc.gov/pictures/search/?fi=subject&q=Luminescent+works&op=PHRASE&va=exact&fo=rss"}, "suggestions": {"possible": []}, "pages": {"current": 1, "next": null, "perpage": 20, "last": null, "page_list": [{"url": null, "number": 1}], "previous": null, "total": 1, "results": "1 - 4", "first": null}, "collection": null, "results": [{"source_created": "2016-05-10T00:00:00Z", "index": 1, "medium": "1 print ; (poster format)", "reproduction_number": "", "links": {"item": "https://www.loc.gov/pictures/item/2016648844/", "resource": "https://www.loc.gov/pictures/item/2016648844/resource/"}, "title": "Rege rising", "image": {"alt": "digitized item thumbnail", "full": "https://tile.loc.gov/storage-services/service/pnp/yan/1a38000/1a38800/1a38834_150px.jpg", "square": "https://tile.loc.gov/storage-services/service/pnp/yan/1a38000/1a38800/1a38834_75x75px.jpg", "thumb": "https://tile.loc.gov/storage-services/service/pnp/yan/1a38000/1a38800/1a38834_150px.jpg"}, "created": "2017-06-06T00:00:00Z", "modified": "2017-06-06T00:00:00Z", "collection": ["pp", "yan"], "creator": "Pro Arts, Inc.", "call_number": "POS 6 - US, no. 1093 (C size) [P&P]", "medium_brief": "1 print ;", "source_modified": "2017-06-01T00:00:00Z", "pk": "2016648844", "created_published_date": "c1970.", "subjects": ["Demons--1970.", "Luminescent works--1970.", "Posters--American--1970.", "Prints--Color--1970."]}, {"source_created": "2017-01-05T00:00:00Z", "index": 2, "medium": "1 print : color ; (poster format)", "reproduction_number": "", "links": {"item": "https://www.loc.gov/pictures/item/2017645770/", "resource": "https://www.loc.gov/pictures/item/2017645770/resource/"}, "title": "The Last blast", "image": {"alt": "digitized item thumbnail", "full": "https://tile.loc.gov/storage-services/service/pnp/yan/1a38000/1a38900/1a38924_150px.jpg", "square": "https://tile.loc.gov/storage-services/service/pnp/yan/1a38000/1a38900/1a38924_75x75px.jpg", "thumb": "https://tile.loc.gov/storage-services/service/pnp/yan/1a38000/1a38900/1a38924_150px.jpg"}, "created": "2017-06-06T00:00:00Z", "modified": "2017-06-06T00:00:00Z", "collection": ["pp", "yan"], "creator": "Pro Arts, Inc", "call_number": "POS 6 - US, no. 1175 (C size) [P&P]", "medium_brief": "1 print :", "source_modified": "2017-06-01T00:00:00Z", "pk": "2017645770", "created_published_date": "[c1974?]", "subjects": ["Leonardo,--da Vinci,--1452-1519.", "Nixon, Richard M.--(Richard Milhous),--1913-1994.", "Statue of Liberty (New York, N.Y.)", "Uncle Sam (Symbolic character)", "Watergate Affair, 1972-1974.", "Luminescent works--1970-1980.", "Posters--American--1970-1980.", "Prints--Color--1970-1980.", "Satire (Visual works)--American--1970-1980."]}, {"source_created": "2017-01-05T00:00:00Z", "index": 3, "medium": "1 print : color ; (poster format)", "reproduction_number": "", "links": {"item": "https://www.loc.gov/pictures/item/2017645778/", "resource": "https://www.loc.gov/pictures/item/2017645778/resource/"}, "title": "Your tax dollars at work", "image": {"alt": "digitized item thumbnail", "full": "https://tile.loc.gov/storage-services/service/pnp/yan/1a38000/1a38900/1a38932_150px.jpg", "square": "https://tile.loc.gov/storage-services/service/pnp/yan/1a38000/1a38900/1a38932_75x75px.jpg", "thumb": "https://tile.loc.gov/storage-services/service/pnp/yan/1a38000/1a38900/1a38932_150px.jpg"}, "created": "2017-06-06T00:00:00Z", "modified": "2017-06-06T00:00:00Z", "collection": ["pp", "yan"], "creator": "Pro Arts, Inc.", "call_number": "POS 6 - US, no. 1190 (C size) [P&P]", "medium_brief": "1 print :", "source_modified": "2017-06-01T00:00:00Z", "pk": "2017645778", "created_published_date": "c1969.", "subjects": ["Vietnam War, 1961-1975.", "Protest movements--1960-1970.", "Taxes--1960-1970.", "Luminescent works--1960-1970.", "Posters--American--1960-1970.", "Prints--Color--1960-1970."]}, {"source_created": "2017-02-02T00:00:00Z", "index": 4, "medium": "1 print : color ; (poster format)", "reproduction_number": "", "links": {"item": "https://www.loc.gov/pictures/item/2017646845/", "resource": "https://www.loc.gov/pictures/item/2017646845/resource/"}, "title": "Crop rotation pays", "image": {"alt": "digitized item thumbnail", "full": "https://tile.loc.gov/storage-services/service/pnp/yan/1a39000/1a39000/1a39077_150px.jpg", "square": "https://tile.loc.gov/storage-services/service/pnp/yan/1a39000/1a39000/1a39077_75x75px.jpg", "thumb": "https://tile.loc.gov/storage-services/service/pnp/yan/1a39000/1a39000/1a39077_150px.jpg"}, "created": "2017-06-20T00:00:00Z", "modified": "2017-06-20T00:00:00Z", "collection": ["pp", "yan"], "creator": "Specialty Imports, Inc.", "call_number": "POS 6 - US, no. 1333 (C size) [P&P]", "medium_brief": "1 print :", "source_modified": "2017-06-01T00:00:00Z", "pk": "2017646845", "created_published_date": "[between 1965 and 1980]", "subjects": ["Wood, Grant,--1891-1942.--American Gothic.", "Narcotics--1960-1980.", "Plants--1960-1980.", "Farming--1960-1980.", "Allusions--1960-1980.", "Luminescent works--1960-1980.", "Posters--American--1960-1980.", "Satires (Visual works)--1960-1980.", "Screen prints--Color--1960-1980."]}]}