{"search": {"field": "subject", "hits": 24, "sort_order": null, "do_facets": true, "focus_item": null, "query": "Shelving", "type": "search", "sort_by": null}, "focus": null, "views": {"current": "list", "grid": "https://www.loc.gov/pictures/search/?q=Shelving&fi=subject&va=exact&st=grid&op=PHRASE", "list": "https://www.loc.gov/pictures/search/?q=Shelving&fi=subject&op=PHRASE&va=exact", "gallery": "https://www.loc.gov/pictures/search/?q=Shelving&fi=subject&va=exact&st=gallery&op=PHRASE", "slideshow": "https://www.loc.gov/pictures/search/?q=Shelving&fi=subject&va=exact&st=slideshow&op=PHRASE"}, "facets": [{"type": "displayed", "filters": [{"count": 13, "on": "https://www.loc.gov/pictures/search/?va=exact&sp=1&q=Shelving&fa=displayed%3Aanywhere&fi=subject&op=PHRASE&fo=json", "selected": false, "off": "https://www.loc.gov/pictures/search/?va=exact&sp=1&q=Shelving&fi=subject&fo=json&op=PHRASE", "title": "Larger image available anywhere"}, {"count": 5, "on": "https://www.loc.gov/pictures/search/?va=exact&sp=1&q=Shelving&fa=displayed%3Alc_only&fi=subject&op=PHRASE&fo=json", "selected": false, "off": "https://www.loc.gov/pictures/search/?va=exact&sp=1&q=Shelving&fi=subject&fo=json&op=PHRASE", "title": "Larger image available only at the Library of Congress"}, {"count": 6, "on": "https://www.loc.gov/pictures/search/?va=exact&sp=1&q=Shelving&fa=displayed%3Anot_digitized&fi=subject&op=PHRASE&fo=json", "selected": false, "off": "https://www.loc.gov/pictures/search/?va=exact&sp=1&q=Shelving&fi=subject&fo=json&op=PHRASE", "title": "Not Digitized"}, {"count": 3, "on": "https://www.loc.gov/pictures/search/?va=exact&sp=1&q=Shelving&fa=displayed%3Asurveys_only&fi=subject&op=PHRASE&fo=json", "selected": false, "off": "https://www.loc.gov/pictures/search/?va=exact&sp=1&q=Shelving&fi=subject&fo=json&op=PHRASE", "title": "Surveys only"}], "title": "displayed"}], "links": {"json": "//www.loc.gov/pictures/search/?fi=subject&q=Shelving&op=PHRASE&va=exact&fo=json", "html": "//www.loc.gov/pictures/search/?fi=subject&q=Shelving&op=PHRASE&va=exact", "rss": "//www.loc.gov/pictures/search/?fi=subject&q=Shelving&op=PHRASE&va=exact&fo=rss"}, "suggestions": {"possible": []}, "pages": {"current": 1, "next": null, "perpage": 20, "last": null, "page_list": [{"url": null, "number": 1}], "previous": null, "total": 1, "results": "1 - 24", "first": null}, "collection": null, "results": [{"source_created": "2007-07-16T00:00:00Z", "index": 1, "medium": "1 photomechanical print.", "reproduction_number": "LC-DIG-ppmsca-15581 (digital file from original item)", "links": {"item": "https://www.loc.gov/pictures/item/2007682661/", "resource": "https://www.loc.gov/pictures/item/2007682661/resource/"}, "title": "Extension of library of Harvard College, Iron details. Ware and Van Brunt architects", "image": {"alt": "digitized item thumbnail", "full": "https://tile.loc.gov/storage-services/service/pnp/ppmsca/15500/15581r.jpg", "square": "https://tile.loc.gov/storage-services/service/pnp/ppmsca/15500/15581_75x75px.jpg", "thumb": "https://tile.loc.gov/storage-services/service/pnp/ppmsca/15500/15581_150px.jpg"}, "created": "2016-04-20T00:00:00Z", "modified": "2016-04-20T00:00:00Z", "collection": ["cph", "diof", "pp"], "creator": null, "call_number": "Illus. in NA1 .A3 [General Collections]", "medium_brief": "1 photomechanical print.", "source_modified": "2007-08-08T00:00:00Z", "pk": "2007682661", "created_published_date": "1878.", "subjects": ["Harvard University.--Library--1870-1880.", "Libraries--Massachusetts--Cambridge--1870-1880.", "Shelving--Massachusetts--Cambridge--1870-1880.", "Periodical illustrations--1870-1880.", "Photomechanical prints--1870-1880.", "Renderings--1870-1880.", "Sections--1870-1880."]}, {"source_created": "2005-02-03T00:00:00Z", "index": 2, "medium": "1 print : woodcut, color ; 18.4 x 22.2 cm.", "reproduction_number": "LC-DIG-jpd-00113 (digital file from original print)", "links": {"item": "https://www.loc.gov/pictures/item/2009615105/", "resource": "https://www.loc.gov/pictures/item/2009615105/resource/"}, "title": "Shodana to fuzukue to ume", "image": {"alt": "digitized item thumbnail", "full": "https://tile.loc.gov/storage-services/service/pnp/jpd/00100/00113r.jpg", "square": "https://tile.loc.gov/storage-services/service/pnp/jpd/00100/00113_75x75px.jpg", "thumb": "https://tile.loc.gov/storage-services/service/pnp/jpd/00100/00113_150px.jpg"}, "created": "2016-04-20T00:00:00Z", "modified": "2016-04-20T00:00:00Z", "collection": ["diof", "jpd", "pp"], "creator": "Yajima, Gogaku, active 19th century", "call_number": "FP 2 - JPD, no. 110 (AA size) [P&P]", "medium_brief": "1 print :", "source_modified": "2015-11-23T00:00:00Z", "pk": "2009615105", "created_published_date": "[between 1815 and 1820]", "subjects": ["Writing materials--1810-1820.", "Shelving--Japan--1810-1820.", "Books--1810-1820.", "Ukiyo-e--Japanese--1810-1820.", "Woodcuts--Japanese--Color--1810-1820."]}, {"source_created": "2007-08-23T00:00:00Z", "index": 3, "medium": "1 photomechanical print.", "reproduction_number": "LC-DIG-ppmsca-15816 (digital file from original item)", "links": {"item": "https://www.loc.gov/pictures/item/2007683592/", "resource": "https://www.loc.gov/pictures/item/2007683592/resource/"}, "title": "Free-standing bracket shelving", "image": {"alt": "digitized item thumbnail", "full": "https://tile.loc.gov/storage-services/service/pnp/ppmsca/15800/15816_150px.jpg", "square": "https://tile.loc.gov/storage-services/service/pnp/ppmsca/15800/15816_75x75px.jpg", "thumb": "https://tile.loc.gov/storage-services/service/pnp/ppmsca/15800/15816_150px.jpg"}, "created": "2016-04-21T00:00:00Z", "modified": "2016-04-21T00:00:00Z", "collection": ["cph", "pp"], "creator": null, "call_number": "Illus. in Z679 .M38 [General Collections]", "medium_brief": "1 photomechanical print.", "source_modified": "2007-08-27T00:00:00Z", "pk": "2007683592", "created_published_date": "1965.", "subjects": ["Shelving--1960-1970.", "Libraries--1960-1970.", "Book illustrations--1960-1970.", "Photomechanical prints--1960-1970."]}, {"source_created": "2007-08-23T00:00:00Z", "index": 4, "medium": "1 photomechanical print.", "reproduction_number": "LC-DIG-ppmsca-15817 (digital file from original item)", "links": {"item": "https://www.loc.gov/pictures/item/2007683593/", "resource": "https://www.loc.gov/pictures/item/2007683593/resource/"}, "title": "Short reader using 7 ft. 6 in. stacks...", "image": {"alt": "digitized item thumbnail", "full": "https://tile.loc.gov/storage-services/service/pnp/ppmsca/15800/15817_150px.jpg", "square": "https://tile.loc.gov/storage-services/service/pnp/ppmsca/15800/15817_75x75px.jpg", "thumb": "https://tile.loc.gov/storage-services/service/pnp/ppmsca/15800/15817_150px.jpg"}, "created": "2016-04-21T00:00:00Z", "modified": "2016-04-21T00:00:00Z", "collection": ["cph", "pp"], "creator": null, "call_number": "Illus. in Z679 .M38 [General Collections]", "medium_brief": "1 photomechanical print.", "source_modified": "2007-08-27T00:00:00Z", "pk": "2007683593", "created_published_date": "1965.", "subjects": ["Shelving--1960-1970.", "Libraries--1960-1970.", "Book illustrations--1960-1970.", "Design drawings--1960-1970.", "Photomechanical prints--1960-1970."]}, {"source_created": "2017-10-03T00:00:00Z", "index": 5, "medium": "1 drawing : blueline print ; sheet 77 x 107 cm.", "reproduction_number": "LC-DIG-ds-11000 (digital file from original drawing)", "links": {"item": "https://www.loc.gov/pictures/item/2017658790/", "resource": "https://www.loc.gov/pictures/item/2017658790/resource/"}, "title": "[Residence for Mr. and Mrs. Victor Lundy, 701 Mulberry Lane, Bellaire, Texas.] [Bookshelves and counters]", "image": {"alt": "digitized item thumbnail", "full": "https://tile.loc.gov/storage-services/service/pnp/ds/11000/11000r.jpg", "square": "https://tile.loc.gov/storage-services/service/pnp/ds/11000/11000_75x75px.jpg", "thumb": "https://tile.loc.gov/storage-services/service/pnp/ds/11000/11000_150px.jpg"}, "created": "2017-10-10T00:00:00Z", "modified": "2017-10-10T00:00:00Z", "collection": ["cph", "diof", "pp"], "creator": "Lundy, Victor Alfred, 1923-", "call_number": "Unprocessed in PR 13 CN 2008:090 [item] [P&P]", "medium_brief": "1 drawing :", "source_modified": "2017-10-03T00:00:00Z", "pk": "2017658790", "created_published_date": "6/21/87 [21 June 1987]", "subjects": ["Lundy, Victor Alfred,--1923---Homes & haunts--Texas--Bellaire.", "Lundy, Anstis Burwell,--1924-2009--Homes & haunts--Texas--Bellaire.", "Houses--Texas--Bellaire--1980-1990.", "Shelving--Texas--Bellaire--1980-1990.", "Counters--Texas--Bellaire--1980-1990.", "Architectural drawings--Reproductions--1980-1990.", "Diazotypes--1980-1990."]}, {"source_created": "2017-10-03T00:00:00Z", "index": 6, "medium": "1 drawing : blueline print ; sheet 77 x 107 cm.", "reproduction_number": "LC-DIG-ds-10999 (digital file from original drawing)", "links": {"item": "https://www.loc.gov/pictures/item/2017658791/", "resource": "https://www.loc.gov/pictures/item/2017658791/resource/"}, "title": "[Residence for Mr. and Mrs. Victor Lundy, 701 Mulberry Lane, Bellaire, Texas.] [Bedroom.] [Shelves]", "image": {"alt": "digitized item thumbnail", "full": "https://tile.loc.gov/storage-services/service/pnp/ds/10900/10999r.jpg", "square": "https://tile.loc.gov/storage-services/service/pnp/ds/10900/10999_75x75px.jpg", "thumb": "https://tile.loc.gov/storage-services/service/pnp/ds/10900/10999_150px.jpg"}, "created": "2017-10-10T00:00:00Z", "modified": "2017-10-10T00:00:00Z", "collection": ["cph", "diof", "pp"], "creator": "Lundy, Victor Alfred, 1923-", "call_number": "Unprocessed in PR 13 CN 2008:090 [item] [P&P]", "medium_brief": "1 drawing :", "source_modified": "2017-10-03T00:00:00Z", "pk": "2017658791", "created_published_date": "[1987]", "subjects": ["Lundy, Victor Alfred,--1923---Homes & haunts--Texas--Bellaire.", "Lundy, Anstis Burwell,--1924-2009--Homes & haunts--Texas--Bellaire.", "Houses--Texas--Bellaire--1980-1990.", "Shelving--Texas--Bellaire--1980-1990.", "Bedrooms--Texas--Bellaire--1980-1990.", "Architectural drawings--Reproductions--1980-1990.", "Diazotypes--1980-1990."]}, {"source_created": "2008-11-04T00:00:00Z", "index": 7, "medium": "1 negative : safety film ; 8 x 10 in.", "reproduction_number": "LC-DIG-csas-01895 (digital file from original negative)", "links": {"item": "https://www.loc.gov/pictures/item/2017887611/", "resource": "https://www.loc.gov/pictures/item/2017887611/resource/"}, "title": "Bachelor's Hope, Chaptico vic., St. Mary's County, Maryland", "image": {"alt": "digitized item thumbnail", "full": "https://tile.loc.gov/storage-services/service/pnp/csas/01800/01895r.jpg", "square": "https://tile.loc.gov/storage-services/service/pnp/csas/01800/01895_75x75px.jpg", "thumb": "https://tile.loc.gov/storage-services/service/pnp/csas/01800/01895_150px.jpg"}, "created": "2018-03-13T00:00:00Z", "modified": "2018-03-13T00:00:00Z", "collection": ["csas", "diof", "minload", "pp"], "creator": "Johnston, Frances Benjamin, 1864-1952", "call_number": "LC-J7-MD- 1264 [P&P]", "medium_brief": "1 negative :", "source_modified": "2018-03-12T00:00:00Z", "pk": "2017887611", "created_published_date": "1936-1937.", "subjects": ["United States--Maryland--St. Mary's County--Chaptico vic.", "Fireplaces.", "Keystones.", "Rooms & spaces.", "Shelving.", "Safety film negatives."]}, {"source_created": "2008-11-04T00:00:00Z", "index": 8, "medium": "1 negative : safety film ; 8 x 10 in.", "reproduction_number": "LC-DIG-csas-02796 (digital file from original negative)", "links": {"item": "https://www.loc.gov/pictures/item/2017888528/", "resource": "https://www.loc.gov/pictures/item/2017888528/resource/"}, "title": "Burton House, Beattie's Ford Plantation, Lincoln County, North Carolina", "image": {"alt": "digitized item thumbnail", "full": "https://tile.loc.gov/storage-services/service/pnp/csas/02700/02796r.jpg", "square": "https://tile.loc.gov/storage-services/service/pnp/csas/02700/02796_75x75px.jpg", "thumb": "https://tile.loc.gov/storage-services/service/pnp/csas/02700/02796_150px.jpg"}, "created": "2018-03-13T00:00:00Z", "modified": "2018-03-13T00:00:00Z", "collection": ["csas", "diof", "minload", "pp"], "creator": "Johnston, Frances Benjamin, 1864-1952", "call_number": "LC-J7-NC- 2591 [P&P]", "medium_brief": "1 negative :", "source_modified": "2018-03-12T00:00:00Z", "pk": "2017888528", "created_published_date": "1938.", "subjects": ["United States--North Carolina--Lincoln County--Beattie's Ford Plantation.", "Alcoves.", "Built-in furniture.", "Fire.", "Rooms & spaces.", "Shelving.", "Safety film negatives."]}, {"source_created": "2009-01-28T00:00:00Z", "index": 9, "medium": "1 negative : safety film ; 8 x 10 in.", "reproduction_number": "LC-DIG-csas-06023 (digital file from original negative)", "links": {"item": "https://www.loc.gov/pictures/item/2017891761/", "resource": "https://www.loc.gov/pictures/item/2017891761/resource/"}, "title": "Hugh Mercer Apothecary Shop, Fredericksburg, Virginia", "image": {"alt": "digitized item thumbnail", "full": "https://tile.loc.gov/storage-services/service/pnp/csas/06000/06023r.jpg", "square": "https://tile.loc.gov/storage-services/service/pnp/csas/06000/06023_75x75px.jpg", "thumb": "https://tile.loc.gov/storage-services/service/pnp/csas/06000/06023_150px.jpg"}, "created": "2018-03-13T00:00:00Z", "modified": "2018-03-13T00:00:00Z", "collection": ["csas", "diof", "minload", "pp"], "creator": "Johnston, Frances Benjamin, 1864-1952", "call_number": "LC-J7-VA- 2957 [P&P]", "medium_brief": "1 negative :", "source_modified": "2018-03-12T00:00:00Z", "pk": "2017891761", "created_published_date": "[between 1927 and 1929]", "subjects": ["United States--Virginia--Fredericksburg.", "Counters.", "Shelving.", "Interiors.", "Safety film negatives."]}, {"source_created": "2016-06-10T00:00:00Z", "index": 10, "medium": "1 photograph : Kodachrome color transparency ; film width 35mm (slide format)", "reproduction_number": "LC-DIG-ds-09545 (digital file from original item)", "links": {"item": "https://www.loc.gov/pictures/item/2016649457/", "resource": "https://www.loc.gov/pictures/item/2016649457/resource/"}, "title": "[Room with built-in shelves and drawers in the Max De Pree House, Zeeland, Michigan]", "image": {"alt": "digitized item thumbnail", "full": "https://tile.loc.gov/storage-services/service/pnp/ds/09500/09545_150px.jpg", "square": "https://tile.loc.gov/storage-services/service/pnp/ds/09500/09545_75x75px.jpg", "thumb": "https://tile.loc.gov/storage-services/service/pnp/ds/09500/09545_150px.jpg"}, "created": "2019-09-17T00:00:00Z", "modified": "2019-09-17T00:00:00Z", "collection": ["cph", "eam", "pp"], "creator": "Work of Charles and Ray Eames (Library of Congress)", "call_number": "LC-E14-ARCO18- 042 [P&P]", "medium_brief": "1 photograph :", "source_modified": "2019-08-13T00:00:00Z", "pk": "2016649457", "created_published_date": "'75 [1975]", "subjects": ["De Pree, Max--Homes & haunts--Michigan--Zeeland.", "Shelving--Michigan--Zeeland--1970-1980.", "Storage furniture--Michigan--Zeeland--1970-1980.", "Interiors--Michigan--Zeeland--1970-1980.", "Slides--Color--1970-1980."]}, {"source_created": "2019-02-14T00:00:00Z", "index": 11, "medium": "1 print : lithograph ; sheet 92 x 122 cm. or less.", "reproduction_number": "LC-DIG-ppmsca-45461 (digital file from original item)", "links": {"item": "https://www.loc.gov/pictures/item/2018696088/", "resource": "https://www.loc.gov/pictures/item/2018696088/resource/"}, "title": "Parr's hanging book shelves", "image": {"alt": "digitized item thumbnail", "full": "https://tile.loc.gov/storage-services/service/pnp/ppmsca/45400/45461r.jpg", "square": "https://tile.loc.gov/storage-services/service/pnp/ppmsca/45400/45461_75x75px.jpg", "thumb": "https://tile.loc.gov/storage-services/service/pnp/ppmsca/45400/45461_150px.jpg"}, "created": "2019-09-17T00:00:00Z", "modified": "2019-09-17T00:00:00Z", "collection": ["diof", "pga", "pp"], "creator": null, "call_number": "PAGA 7, no. 2061 (E size) [P&P]", "medium_brief": "1 print :", "source_modified": "2019-06-15T00:00:00Z", "pk": "2018696088", "created_published_date": "c1872.", "subjects": ["Shelving", "Prints."]}, {"source_created": "2017-06-07T00:00:00Z", "index": 12, "medium": "1 drawing : graphite on paper ; sheet 76 x 102 cm.", "reproduction_number": "LC-DIG-ds-10711 (digital file from original drawing)", "links": {"item": "https://www.loc.gov/pictures/item/2017658354/", "resource": "https://www.loc.gov/pictures/item/2017658354/resource/"}, "title": "[Fullam residence, Newtown, Bucks County, Pennsylvania. Shelves as plans, sections, and elevations. Barn details]", "image": {"alt": "digitized item thumbnail", "full": "https://tile.loc.gov/storage-services/service/pnp/ds/10700/10711r.jpg", "square": "https://tile.loc.gov/storage-services/service/pnp/ds/10700/10711_75x75px.jpg", "thumb": "https://tile.loc.gov/storage-services/service/pnp/ds/10700/10711_150px.jpg"}, "created": "2019-11-19T00:00:00Z", "modified": "2019-11-19T00:00:00Z", "collection": ["cph", "diof", "pp"], "creator": "Rudolph, Paul, 1918-1997", "call_number": "Unprocessed in PMR-1020, no. 4 (P size) [P&P]", "medium_brief": "1 drawing :", "source_modified": "2019-11-05T00:00:00Z", "pk": "2017658354", "created_published_date": "1962.", "subjects": ["Shelving--Pennsylvania--Newtown--1960-1970.", "Barns--Pennsylvania--Newtown--1960-1970.", "Architectural drawings--1960-1970."]}, {"source_created": "1970-01-01T00:00:00Z", "index": 13, "medium": "8", "reproduction_number": null, "links": {"item": "https://www.loc.gov/pictures/item/fl0003/", "resource": "https://www.loc.gov/pictures/item/fl0003/resource/"}, "title": "Bethel Gulf Company Service Station, 203 Southeast First Avenue, Gainesville, Alachua County, FL", "image": {"alt": "digitized item thumbnail", "full": "https://tile.loc.gov/storage-services/service/pnp/habshaer/fl/fl0000/fl0003/photos/204646pr.jpg", "square": "https://tile.loc.gov/storage-services/service/pnp/habshaer/fl/fl0000/fl0003/photos/204646p_75x75px.jpg", "thumb": "https://tile.loc.gov/storage-services/service/pnp/habshaer/fl/fl0000/fl0003/photos/204646p_150px.jpg"}, "created": "2020-03-20T00:00:00Z", "modified": "2020-03-21T00:00:00Z", "collection": ["diof", "hh", "survey"], "creator": "Historic American Buildings Survey", "call_number": "HABS FLA,1-GAINV,3-", "medium_brief": "Photo(s): 8, Measured Drawing(s): 5, Data Page(s): 3, Photo Caption Page(s): 1", "source_modified": "2020-03-20T00:00:00Z", "pk": "fl0003", "created_published_date": "Documentation compiled after 1933", "subjects": ["automobile service stations", "transportation industry", "brick buildings", "concrete block foundations", "brick columns", "offices", "metal cornices", "shelving\n\n", "building deterioration"]}, {"source_created": "1970-01-01T00:00:00Z", "index": 14, "medium": "26", "reproduction_number": null, "links": {"item": "https://www.loc.gov/pictures/item/fl0802/", "resource": "https://www.loc.gov/pictures/item/fl0802/resource/"}, "title": "Cape Canaveral Air Force Station, Engineering & Operations Building, Northwest of Hangar Road, between NASA Parkway and Industrial By-Pass Road, Cape Canaveral, Brevard County, FL", "image": {"alt": "digitized item thumbnail", "full": "https://www.loc.gov/pictures/static/images/item/500x500_notdigitized.png", "square": "https://www.loc.gov/pictures/static/data/media/fl0/fl0802/fl0802.ph/fl0802.photos.1/square.jpg", "thumb": "https://www.loc.gov/pictures/static/data/media/fl0/fl0802/fl0802.ph/fl0802.photos.1/gallery.jpg"}, "created": "2020-03-20T00:00:00Z", "modified": "2020-03-21T00:00:00Z", "collection": ["diof", "hh", "survey"], "creator": "Historic American Buildings Survey", "call_number": "HABS FL-583-C", "medium_brief": "Photo(s): 26, Data Page(s): 45, Photo Caption Page(s): 2", "source_modified": "2020-03-20T00:00:00Z", "pk": "fl0802", "created_published_date": "Documentation compiled after 1933", "subjects": ["reinforced concrete construction", "pilasters", "steel structural frames", "concrete block construction", "porches", "flat roofs", "national space program", "space exploration", "Mercury Program", "space flight", "conference rooms", "computers", "offices", "palms", "shelving\n\n"]}, {"source_created": "1970-01-01T00:00:00Z", "index": 15, "medium": "1", "reproduction_number": null, "links": {"item": "https://www.loc.gov/pictures/item/va1453/", "resource": "https://www.loc.gov/pictures/item/va1453/resource/"}, "title": "Shirley, Pigeon House, 501 Shirley Plantation Road, Shirley, Charles City County, VA", "image": {"alt": "digitized item thumbnail", "full": "https://tile.loc.gov/storage-services/service/pnp/habshaer/va/va1400/va1453/photos/160457pr.jpg", "square": "https://tile.loc.gov/storage-services/service/pnp/habshaer/va/va1400/va1453/photos/160457p_75x75px.jpg", "thumb": "https://tile.loc.gov/storage-services/service/pnp/habshaer/va/va1400/va1453/photos/160457p_150px.jpg"}, "created": "2020-03-20T00:00:00Z", "modified": "2020-03-21T00:00:00Z", "collection": ["diof", "hh", "survey"], "creator": "Historic American Buildings Survey", "call_number": "HABS VA,19-SHIR,1G-", "medium_brief": "Photo(s): 1", "source_modified": "2020-03-20T00:00:00Z", "pk": "va1453", "created_published_date": "Documentation compiled after 1933", "subjects": ["dovecotes", "brick buildings", "farming", "country life", "agriculture", "animal housing", "shelving\n\n", "domestic life", "circular buildings"]}, {"source_created": "2017-11-01T00:00:00Z", "index": 16, "medium": "1 photograph : print on card mount ; mount 9 x 18 cm (stereograph format)", "reproduction_number": "LC-DIG-stereo-1s08724 (digital file from original, front)\nLC-DIG-stereo-2s08724 (digital file from original, back)", "links": {"item": "https://www.loc.gov/pictures/item/2017651465/", "resource": "https://www.loc.gov/pictures/item/2017651465/resource/"}, "title": "Just a few talking machine records", "image": {"alt": "digitized item thumbnail", "full": "https://tile.loc.gov/storage-services/service/pnp/stereo/1s00000/1s08000/1s08700/1s08724r.jpg", "square": "https://tile.loc.gov/storage-services/service/pnp/stereo/1s00000/1s08000/1s08700/1s08724_75x75px.jpg", "thumb": "https://tile.loc.gov/storage-services/service/pnp/stereo/1s00000/1s08000/1s08700/1s08724_150px.jpg"}, "created": "2020-06-24T00:00:00Z", "modified": "2020-06-24T00:00:00Z", "collection": ["diof", "pp", "stereo"], "creator": "Sears, Roebuck and Company", "call_number": "LOT 13694, no. 3 [P&P]", "medium_brief": "1 photograph :", "source_modified": "2020-06-01T00:00:00Z", "pk": "2017651465", "created_published_date": "[between 1900 and 1910]", "subjects": ["Sound recordings--1900-1910.", "Shelving--Illinois--Chicago--1900-1910.", "Chicago (Ill.)--1900-1910.", "Photographic prints--1900-1910.", "Stereographs--190-1910."]}, {"source_created": "1995-08-22T00:00:00Z", "index": 17, "medium": "1 item : graphite and colored pencil ; in folder(s) 89 x 123 cm.", "reproduction_number": "", "links": {"item": "https://www.loc.gov/pictures/item/95859154/", "resource": null}, "title": "Architectural drawing for alterations to a house (\"residence\") for W.E. Springer, 18 West Lenox Street, Chevy Chase, Maryland", "image": {"alt": "item not digitized thumbnail", "full": "https://www.loc.gov/pictures/static/images/item/500x500_notdigitized.png", "square": "https://www.loc.gov/pictures/static/images/item/not_digitized_buttons75X75.png", "thumb": "https://www.loc.gov/pictures/static/images/item/notdigitized_buttons140X120.png"}, "created": "2016-04-20T22:42:58Z", "modified": "2021-04-13T12:07:05Z", "collection": ["ade", "pp", "wii"], "creator": "Heaton, Arthur B., 1875-1951", "call_number": "ADE - UNIT 895 [P&P]", "medium_brief": "1 item :", "source_modified": "2003-08-04T18:22:24Z", "pk": "95859154", "created_published_date": "1930.", "subjects": ["Houses--Maryland--Chevy Chase--1930.", "Porches--Maryland--Chevy Chase--1930.", "Shelving--Maryland--Chevy Chase--1930.", "Architectural drawings--1930."]}, {"source_created": "1995-08-23T00:00:00Z", "index": 18, "medium": "1 item : graphite ; in folder(s) 35 x 46 cm.", "reproduction_number": "", "links": {"item": "https://www.loc.gov/pictures/item/95859488/", "resource": null}, "title": "Architectural drawing for furniture (\"bartop and shelving\") for Walker Stone, 2030 Hillyer Place, N.W., Washington, D.C.", "image": {"alt": "item not digitized thumbnail", "full": "https://www.loc.gov/pictures/static/images/item/500x500_notdigitized.png", "square": "https://www.loc.gov/pictures/static/images/item/not_digitized_buttons75X75.png", "thumb": "https://www.loc.gov/pictures/static/images/item/notdigitized_buttons140X120.png"}, "created": "2016-04-20T04:05:24Z", "modified": "2021-04-13T12:06:38Z", "collection": ["ade", "pp", "wii"], "creator": "Drayer, Donald H. (Donald Hudson), 1909-1973", "call_number": "ADE - UNIT 1229 [P&P]", "medium_brief": "1 item :", "source_modified": "2003-08-04T18:29:48Z", "pk": "95859488", "created_published_date": "1969.", "subjects": ["Built-in furniture--Washington (D.C.)--1960-1970.", "Shelving--Washington (D.C.)--1960-1970.", "Architectural drawings--1960-1970."]}, {"source_created": "1995-09-11T00:00:00Z", "index": 19, "medium": "2 items : graphite ; in folder(s) 71 x 102 cm.", "reproduction_number": "", "links": {"item": "https://www.loc.gov/pictures/item/95860927/", "resource": null}, "title": "Architectural drawings for a store (\"music store\"), 1827 North Charles Street, Baltimore, Maryland", "image": {"alt": "item not digitized thumbnail", "full": "https://www.loc.gov/pictures/static/images/item/500x500_notdigitized.png", "square": "https://www.loc.gov/pictures/static/images/item/not_digitized_buttons75X75.png", "thumb": "https://www.loc.gov/pictures/static/images/item/notdigitized_buttons140X120.png"}, "created": "2016-04-20T04:06:00Z", "modified": "2021-04-13T12:06:41Z", "collection": ["ade", "pp", "wii"], "creator": "Ray, Luther R. (Luther Reason), 1892-1978", "call_number": "ADE - UNIT 2677 [P&P]", "medium_brief": "2 items :", "source_modified": "2003-08-04T19:02:37Z", "pk": "95860927", "created_published_date": "1960.", "subjects": ["Music stores--Maryland--Baltimore--1960.", "Showcases--Maryland--Baltimore--1960.", "Shelving--Maryland--Baltimore--1960.", "Architectural drawings--1960."]}, {"source_created": "1995-09-11T00:00:00Z", "index": 20, "medium": "1 item : graphite ; in folder(s) 71 x 102 cm.", "reproduction_number": "LC-USZ62-116881 (b&w film copy neg.)", "links": {"item": "https://www.loc.gov/pictures/item/95860944/", "resource": "https://www.loc.gov/pictures/item/95860944/resource/"}, "title": "Architectural drawing for a market (\"Alexandria Open Air Market\"), Alexandria, Virginia", "image": {"alt": "digitized item thumbnail", "full": "https://tile.loc.gov/storage-services/service/pnp/cph/3c10000/3c16000/3c16800/3c16881_150px.jpg", "square": "https://tile.loc.gov/storage-services/service/pnp/cph/3c10000/3c16000/3c16800/3c16881_75x75px.jpg", "thumb": "https://tile.loc.gov/storage-services/service/pnp/cph/3c10000/3c16000/3c16800/3c16881_150px.jpg"}, "created": "2016-04-21T02:19:28Z", "modified": "2021-04-13T12:07:13Z", "collection": ["ade", "pp", "wii"], "creator": "Ray, Luther R. (Luther Reason), 1892-1978", "call_number": "ADE - UNIT 2694, no. 1 (D size) [P&P]", "medium_brief": "1 item :", "source_modified": "2003-08-04T19:02:58Z", "pk": "95860944", "created_published_date": "1942.", "subjects": ["Markets--Virginia--Alexandria--1940-1950.", "Showcases--Virginia--Alexandria--1940-1950.", "Shelving--Virginia--Alexandria--1940-1950.", "Architectural drawings--1940-1950.", "Renderings--1940-1950."]}, {"source_created": "1995-09-11T00:00:00Z", "index": 21, "medium": "8 items : graphite, blueprint, and colored pencil ; in folder(s) 71 x 102 cm. or smaller.", "reproduction_number": "", "links": {"item": "https://www.loc.gov/pictures/item/95860988/", "resource": null}, "title": "Architectural drawings for a restaurant kitchen (\"back bar\") for Snow White Grill Co.", "image": {"alt": "item not digitized thumbnail", "full": "https://www.loc.gov/pictures/static/images/item/500x500_notdigitized.png", "square": "https://www.loc.gov/pictures/static/images/item/not_digitized_buttons75X75.png", "thumb": "https://www.loc.gov/pictures/static/images/item/notdigitized_buttons140X120.png"}, "created": "2016-04-20T22:43:42Z", "modified": "2021-04-13T12:07:08Z", "collection": ["ade", "pp", "wii"], "creator": "Ray, Luther R. (Luther Reason), 1892-1978", "call_number": "ADE - UNIT 2739 [P&P]", "medium_brief": "8 items :", "source_modified": "2003-08-05T07:03:30Z", "pk": "95860988", "created_published_date": "1948-1951.", "subjects": ["Snow White Grills, Inc.--Buildings--1940-1960.", "Restaurants--1940-1960.", "Kitchens--1940-1960.", "Shelving--1940-1960.", "Architectural drawings--1940-1960.", "Mechanical systems drawings--1940-1960.", "Sketches--1940-1960."]}, {"source_created": "1995-09-12T00:00:00Z", "index": 22, "medium": "11 items : graphite ; in folder(s) 89 x 123 cm. or smaller.", "reproduction_number": "", "links": {"item": "https://www.loc.gov/pictures/item/95861029/", "resource": null}, "title": "Architectural drawings for shelving (\"streamline shelving\")", "image": {"alt": "item not digitized thumbnail", "full": "https://www.loc.gov/pictures/static/images/item/500x500_notdigitized.png", "square": "https://www.loc.gov/pictures/static/images/item/not_digitized_buttons75X75.png", "thumb": "https://www.loc.gov/pictures/static/images/item/notdigitized_buttons140X120.png"}, "created": "2016-04-21T09:32:22Z", "modified": "2021-04-13T12:07:23Z", "collection": ["ade", "pp", "wii"], "creator": "Structural Porcelain Enamel Co.", "call_number": "ADE - UNIT 2780 [P&P]", "medium_brief": "11 items :", "source_modified": "2003-08-05T07:04:34Z", "pk": "95861029", "created_published_date": "1938.", "subjects": ["Shelving--1930-1940.", "Porcelain enamel--1930-1940.", "Architectural drawings--1930-1940."]}, {"source_created": "1995-09-12T00:00:00Z", "index": 23, "medium": "9 items : blueprint ; in folder(s) 56 x 71 cm.", "reproduction_number": "", "links": {"item": "https://www.loc.gov/pictures/item/95861069/", "resource": null}, "title": "Architectural drawings for porcelain enamel cladded bathroom walls, roof cladding and commercial display fixtures", "image": {"alt": "item not digitized thumbnail", "full": "https://www.loc.gov/pictures/static/images/item/500x500_notdigitized.png", "square": "https://www.loc.gov/pictures/static/images/item/not_digitized_buttons75X75.png", "thumb": "https://www.loc.gov/pictures/static/images/item/notdigitized_buttons140X120.png"}, "created": "2016-04-21T02:19:30Z", "modified": "2021-04-13T12:07:13Z", "collection": ["ade", "pp", "wii"], "creator": "Toledo Porcelain Enamel Products Company", "call_number": "ADE - UNIT 2822 [P&P]", "medium_brief": "9 items :", "source_modified": "2003-08-05T07:05:29Z", "pk": "95861069", "created_published_date": "1936-1939.", "subjects": ["Paneling--1930-1940.", "Porcelain enamel--1930-1940.", "Shelving--1930-1940.", "Roofs--1930-1940.", "Architectural drawings--1930-1940."]}, {"source_created": "1995-09-11T00:00:00Z", "index": 24, "medium": "13 items : graphite and colored pencil ; in folder(s) 35 x 46 cm.", "reproduction_number": "", "links": {"item": "https://www.loc.gov/pictures/item/95860929/", "resource": "https://www.loc.gov/pictures/item/95860929/resource/"}, "title": "Architectural drawings for shelving", "image": {"alt": "digitized item thumbnail", "full": "https://tile.loc.gov/storage-services/service/pnp/cph/3g00000/3g03000/3g03700/3g03747_150px.jpg", "square": "https://tile.loc.gov/storage-services/service/pnp/cph/3g00000/3g03000/3g03700/3g03747_75x75px.jpg", "thumb": "https://tile.loc.gov/storage-services/service/pnp/cph/3g00000/3g03000/3g03700/3g03747_150px.jpg"}, "created": "2016-04-20T09:44:15Z", "modified": "2021-04-20T10:55:11Z", "collection": ["ade", "pp", "wii"], "creator": "Ray, Luther R. (Luther Reason), 1892-1978", "call_number": "ADE - UNIT 2679 [P&P]", "medium_brief": "13 items :", "source_modified": "2003-08-04T19:02:39Z", "pk": "95860929", "created_published_date": "1937.", "subjects": ["Shelving--1930-1940.", "Architectural drawings--1930-1940.", "Renderings--1930-1940."]}]}