{"search": {"field": "subject", "hits": 8, "sort_order": null, "do_facets": true, "focus_item": null, "query": "Cheetahs", "type": "search", "sort_by": null}, "focus": null, "views": {"current": "list", "grid": "https://www.loc.gov/pictures/search/?q=Cheetahs&fi=subject&va=exact&st=grid&op=PHRASE", "list": "https://www.loc.gov/pictures/search/?q=Cheetahs&fi=subject&op=PHRASE&va=exact", "gallery": "https://www.loc.gov/pictures/search/?q=Cheetahs&fi=subject&va=exact&st=gallery&op=PHRASE", "slideshow": "https://www.loc.gov/pictures/search/?q=Cheetahs&fi=subject&va=exact&st=slideshow&op=PHRASE"}, "facets": [{"type": "displayed", "filters": [{"count": 7, "on": "https://www.loc.gov/pictures/search/?va=exact&sp=1&q=Cheetahs&fa=displayed%3Aanywhere&fi=subject&op=PHRASE&fo=json", "selected": false, "off": "https://www.loc.gov/pictures/search/?va=exact&sp=1&q=Cheetahs&fi=subject&fo=json&op=PHRASE", "title": "Larger image available anywhere"}, {"count": 1, "on": "https://www.loc.gov/pictures/search/?va=exact&sp=1&q=Cheetahs&fa=displayed%3Alc_only&fi=subject&op=PHRASE&fo=json", "selected": false, "off": "https://www.loc.gov/pictures/search/?va=exact&sp=1&q=Cheetahs&fi=subject&fo=json&op=PHRASE", "title": "Larger image available only at the Library of Congress"}, {"count": 0, "on": "https://www.loc.gov/pictures/search/?va=exact&sp=1&q=Cheetahs&fa=displayed%3Anot_digitized&fi=subject&op=PHRASE&fo=json", "selected": false, "off": "https://www.loc.gov/pictures/search/?va=exact&sp=1&q=Cheetahs&fi=subject&fo=json&op=PHRASE", "title": "Not Digitized"}, {"count": 0, "on": "https://www.loc.gov/pictures/search/?va=exact&sp=1&q=Cheetahs&fa=displayed%3Asurveys_only&fi=subject&op=PHRASE&fo=json", "selected": false, "off": "https://www.loc.gov/pictures/search/?va=exact&sp=1&q=Cheetahs&fi=subject&fo=json&op=PHRASE", "title": "Surveys only"}], "title": "displayed"}], "links": {"json": "//www.loc.gov/pictures/search/?fi=subject&q=Cheetahs&op=PHRASE&va=exact&fo=json", "html": "//www.loc.gov/pictures/search/?fi=subject&q=Cheetahs&op=PHRASE&va=exact", "rss": "//www.loc.gov/pictures/search/?fi=subject&q=Cheetahs&op=PHRASE&va=exact&fo=rss"}, "suggestions": {"possible": []}, "pages": {"current": 1, "next": null, "perpage": 20, "last": null, "page_list": [{"url": null, "number": 1}], "previous": null, "total": 1, "results": "1 - 8", "first": null}, "collection": null, "results": [{"source_created": "2006-01-23T00:00:00Z", "index": 1, "medium": "1 drawing : pen and ink.", "reproduction_number": "", "links": {"item": "https://www.loc.gov/pictures/item/2010717711/", "resource": "https://www.loc.gov/pictures/item/2010717711/resource/"}, "title": "Still in the enchanted forest", "image": {"alt": "digitized item thumbnail", "full": "https://tile.loc.gov/storage-services/service/pnp/cai/2a14000/2a14400/2a14465r.jpg", "square": "https://tile.loc.gov/storage-services/service/pnp/cai/2a14000/2a14400/2a14465_75x75px.jpg", "thumb": "https://tile.loc.gov/storage-services/service/pnp/cai/2a14000/2a14400/2a14465_150px.jpg"}, "created": "2016-04-20T00:00:00Z", "modified": "2016-04-20T00:00:00Z", "collection": ["cai", "diof", "minload", "pp"], "creator": "Rogers, W. A. (William Allen), 1854-1931", "call_number": "CAI - Rogers, no. 151 (B size) [P&P]", "medium_brief": "1 drawing :", "source_modified": "2010-12-03T00:00:00Z", "pk": "2010717711", "created_published_date": "[1912?]", "subjects": ["Waldo, Rhinelander,--1877-1927.", "Cheetahs.", "Corruption.", "Gambling.", "Police.", "Sheep.", "United States--New York (State)--New York.", "Drawings.", "Editorial cartoons."]}, {"source_created": "2006-01-23T00:00:00Z", "index": 2, "medium": "1 drawing : pen and ink.", "reproduction_number": "", "links": {"item": "https://www.loc.gov/pictures/item/2010717713/", "resource": "https://www.loc.gov/pictures/item/2010717713/resource/"}, "title": "But all he saw was his own reflection", "image": {"alt": "digitized item thumbnail", "full": "https://tile.loc.gov/storage-services/service/pnp/cai/2a14000/2a14400/2a14467r.jpg", "square": "https://tile.loc.gov/storage-services/service/pnp/cai/2a14000/2a14400/2a14467_75x75px.jpg", "thumb": "https://tile.loc.gov/storage-services/service/pnp/cai/2a14000/2a14400/2a14467_150px.jpg"}, "created": "2016-04-20T00:00:00Z", "modified": "2016-04-20T00:00:00Z", "collection": ["cai", "diof", "minload", "pp"], "creator": "Rogers, W. A. (William Allen), 1854-1931", "call_number": "CAI - Rogers, no. 153 (B size) [P&P]", "medium_brief": "1 drawing :", "source_modified": "2010-12-03T00:00:00Z", "pk": "2010717713", "created_published_date": "[1912?]", "subjects": ["Waldo, Rhinelander,--1877-1927.", "Cheetahs.", "Corruption.", "Gambling.", "Police.", "Reflections.", "Sheep.", "Wolves.", "United States--New York (State)--New York.", "Drawings.", "Editorial cartoons."]}, {"source_created": "2006-01-23T00:00:00Z", "index": 3, "medium": "1 drawing : pen and ink.", "reproduction_number": "", "links": {"item": "https://www.loc.gov/pictures/item/2010717714/", "resource": "https://www.loc.gov/pictures/item/2010717714/resource/"}, "title": "Come on in, the whitewash is fine!", "image": {"alt": "digitized item thumbnail", "full": "https://tile.loc.gov/storage-services/service/pnp/cai/2a14000/2a14400/2a14468r.jpg", "square": "https://tile.loc.gov/storage-services/service/pnp/cai/2a14000/2a14400/2a14468_75x75px.jpg", "thumb": "https://tile.loc.gov/storage-services/service/pnp/cai/2a14000/2a14400/2a14468_150px.jpg"}, "created": "2016-04-20T00:00:00Z", "modified": "2016-04-20T00:00:00Z", "collection": ["cai", "diof", "minload", "pp"], "creator": "Rogers, W. A. (William Allen), 1854-1931", "call_number": "CAI - Rogers, no. 154 (B size) [P&P]", "medium_brief": "1 drawing :", "source_modified": "2010-12-03T00:00:00Z", "pk": "2010717714", "created_published_date": "[1912?]", "subjects": ["Cheetahs.", "Corruption.", "Fountains.", "Gambling.", "Police.", "Sheep.", "Drawings.", "Editorial cartoons."]}, {"source_created": "2006-01-23T00:00:00Z", "index": 4, "medium": "1 drawing : pen and ink.", "reproduction_number": "", "links": {"item": "https://www.loc.gov/pictures/item/2010717712/", "resource": "https://www.loc.gov/pictures/item/2010717712/resource/"}, "title": "His wounded mate", "image": {"alt": "digitized item thumbnail", "full": "https://tile.loc.gov/storage-services/service/pnp/cai/2a14000/2a14400/2a14466r.jpg", "square": "https://tile.loc.gov/storage-services/service/pnp/cai/2a14000/2a14400/2a14466_75x75px.jpg", "thumb": "https://tile.loc.gov/storage-services/service/pnp/cai/2a14000/2a14400/2a14466_150px.jpg"}, "created": "2016-04-21T00:00:00Z", "modified": "2016-04-21T00:00:00Z", "collection": ["cai", "diof", "minload", "pp"], "creator": "Rogers, W. A. (William Allen), 1854-1931", "call_number": "CAI - Rogers, no. 152 (B size) [P&P]", "medium_brief": "1 drawing :", "source_modified": "2010-12-03T00:00:00Z", "pk": "2010717712", "created_published_date": "[1912?]", "subjects": ["Cheetahs.", "Gambling.", "Law enforcement.", "Police.", "United States--New York (State)--New York.", "Drawings.", "Editorial cartoons."]}, {"source_created": "2006-01-23T00:00:00Z", "index": 5, "medium": "1 drawing : pen and ink.", "reproduction_number": "", "links": {"item": "https://www.loc.gov/pictures/item/2010717715/", "resource": "https://www.loc.gov/pictures/item/2010717715/resource/"}, "title": "They'll never get us, said the black cheatah [sic] to his spotted mate", "image": {"alt": "digitized item thumbnail", "full": "https://tile.loc.gov/storage-services/service/pnp/cai/2a14000/2a14400/2a14469r.jpg", "square": "https://tile.loc.gov/storage-services/service/pnp/cai/2a14000/2a14400/2a14469_75x75px.jpg", "thumb": "https://tile.loc.gov/storage-services/service/pnp/cai/2a14000/2a14400/2a14469_150px.jpg"}, "created": "2016-04-21T00:00:00Z", "modified": "2016-04-21T00:00:00Z", "collection": ["cai", "diof", "minload", "pp"], "creator": "Rogers, W. A. (William Allen), 1854-1931", "call_number": "CAI - Rogers, no. 155 (B size) [P&P]", "medium_brief": "1 drawing :", "source_modified": "2010-12-03T00:00:00Z", "pk": "2010717715", "created_published_date": "[1912?]", "subjects": ["Cheetahs.", "Corruption.", "Gambling.", "Police.", "United States--New York (State)--New York.", "Drawings.", "Editorial cartoons."]}, {"source_created": "1997-06-25T00:00:00Z", "index": 6, "medium": "1 drawing : ink and white out over pencil with paste-ons.", "reproduction_number": "LC-USZ62-113899 (b&w film copy neg.)", "links": {"item": "https://www.loc.gov/pictures/item/2016684748/", "resource": "https://www.loc.gov/pictures/item/2016684748/resource/"}, "title": "Steve Canyon. Permitame presentar a la Senorita--Cheetah", "image": {"alt": "digitized item thumbnail", "full": "https://tile.loc.gov/storage-services/service/pnp/cph/3c10000/3c13000/3c13800/3c13899_150px.jpg", "square": "https://tile.loc.gov/storage-services/service/pnp/cph/3c10000/3c13000/3c13800/3c13899_75x75px.jpg", "thumb": "https://tile.loc.gov/storage-services/service/pnp/cph/3c10000/3c13000/3c13800/3c13899_150px.jpg"}, "created": "2016-08-16T00:00:00Z", "modified": "2016-08-16T00:00:00Z", "collection": ["3rights", "acd", "acr", "minload", "pp"], "creator": "Caniff, Milton Arthur, 1907-1988", "call_number": "CD 1 - Caniff, no. 5 (C size)", "medium_brief": "1 drawing :", "source_modified": "2016-08-05T00:00:00Z", "pk": "2016684748", "created_published_date": "1963 Oct. 3 [publication date]", "subjects": ["Burlesque shows--1960-1970.", "Cheetahs--1960-1970.", "Seduction--1960-1970.", "Relations between the sexes--1960-1970.", "Adventure comics--American--1960-1970."]}, {"source_created": "2018-01-31T00:00:00Z", "index": 7, "medium": "1 photograph : digital, tiff file, color.", "reproduction_number": "LC-DIG-highsm-44287 (original digital file)", "links": {"item": "https://www.loc.gov/pictures/item/2017881169/", "resource": "https://www.loc.gov/pictures/item/2017881169/resource/"}, "title": "A cheetah strolls for visitors as part of the Myrtle Beach Safari program, produced by T.I.G.E.R.S., the Institute for Greatly Endangered and Rare Species", "image": {"alt": "digitized item thumbnail", "full": "https://tile.loc.gov/storage-services/service/pnp/highsm/44200/44287r.jpg", "square": "https://tile.loc.gov/storage-services/service/pnp/highsm/44200/44287_75x75px.jpg", "thumb": "https://tile.loc.gov/storage-services/service/pnp/highsm/44200/44287_150px.jpg"}, "created": "2018-02-27T00:00:00Z", "modified": "2018-02-27T00:00:00Z", "collection": ["diof", "highsm", "minload", "pp"], "creator": "Highsmith, Carol M., 1946-", "call_number": "LC-DIG-highsm- 44287 (ONLINE) [P&P]", "medium_brief": "1 photograph :", "source_modified": "2018-02-23T00:00:00Z", "pk": "2017881169", "created_published_date": "2017-06-27.", "subjects": ["United States--South Carolina--Myrtle Beach.", "America", "Myrtle Beach Safari", "T.I.G.E.R.S.", "Institute for Greatly Endangered and Rare Species", "Bhagavan Antle", "Doc Antle", "Cheetahs", "Digital photographs--Color--2010-2020."]}, {"source_created": "2018-01-31T00:00:00Z", "index": 8, "medium": "1 photograph : digital, tiff file, color.", "reproduction_number": "LC-DIG-highsm-44288 (original digital file)", "links": {"item": "https://www.loc.gov/pictures/item/2017881170/", "resource": "https://www.loc.gov/pictures/item/2017881170/resource/"}, "title": "A cheetah strolls for visitors as part of the Myrtle Beach Safari program, produced by T.I.G.E.R.S., the Institute for Greatly Endangered and Rare Species", "image": {"alt": "digitized item thumbnail", "full": "https://tile.loc.gov/storage-services/service/pnp/highsm/44200/44288r.jpg", "square": "https://tile.loc.gov/storage-services/service/pnp/highsm/44200/44288_75x75px.jpg", "thumb": "https://tile.loc.gov/storage-services/service/pnp/highsm/44200/44288_150px.jpg"}, "created": "2018-02-27T00:00:00Z", "modified": "2018-02-27T00:00:00Z", "collection": ["diof", "highsm", "minload", "pp"], "creator": "Highsmith, Carol M., 1946-", "call_number": "LC-DIG-highsm- 44288 (ONLINE) [P&P]", "medium_brief": "1 photograph :", "source_modified": "2018-02-23T00:00:00Z", "pk": "2017881170", "created_published_date": "2017-06-27.", "subjects": ["United States--South Carolina--Myrtle Beach.", "America", "Myrtle Beach Safari", "T.I.G.E.R.S.", "Institute for Greatly Endangered and Rare Species", "Bhagavan Antle", "Doc Antle", "Cheetahs", "Digital photographs--Color--2010-2020."]}]}