{"search": {"field": "subject", "hits": 15, "sort_order": null, "do_facets": true, "focus_item": null, "query": "Maple sugar industry", "type": "search", "sort_by": null}, "focus": null, "views": {"current": "list", "grid": "https://www.loc.gov/pictures/search/?q=Maple+sugar+industry&fi=subject&va=exact&st=grid&op=PHRASE", "list": "https://www.loc.gov/pictures/search/?q=Maple+sugar+industry&fi=subject&op=PHRASE&va=exact", "gallery": "https://www.loc.gov/pictures/search/?q=Maple+sugar+industry&fi=subject&va=exact&st=gallery&op=PHRASE", "slideshow": "https://www.loc.gov/pictures/search/?q=Maple+sugar+industry&fi=subject&va=exact&st=slideshow&op=PHRASE"}, "facets": [{"type": "displayed", "filters": [{"count": 12, "on": "https://www.loc.gov/pictures/search/?va=exact&sp=1&q=Maple+sugar+industry&fa=displayed%3Aanywhere&fi=subject&op=PHRASE&fo=json", "selected": false, "off": "https://www.loc.gov/pictures/search/?va=exact&sp=1&q=Maple+sugar+industry&fi=subject&fo=json&op=PHRASE", "title": "Larger image available anywhere"}, {"count": 0, "on": "https://www.loc.gov/pictures/search/?va=exact&sp=1&q=Maple+sugar+industry&fa=displayed%3Alc_only&fi=subject&op=PHRASE&fo=json", "selected": false, "off": "https://www.loc.gov/pictures/search/?va=exact&sp=1&q=Maple+sugar+industry&fi=subject&fo=json&op=PHRASE", "title": "Larger image available only at the Library of Congress"}, {"count": 3, "on": "https://www.loc.gov/pictures/search/?va=exact&sp=1&q=Maple+sugar+industry&fa=displayed%3Anot_digitized&fi=subject&op=PHRASE&fo=json", "selected": false, "off": "https://www.loc.gov/pictures/search/?va=exact&sp=1&q=Maple+sugar+industry&fi=subject&fo=json&op=PHRASE", "title": "Not Digitized"}], "title": "displayed"}], "links": {"json": "//www.loc.gov/pictures/search/?fi=subject&q=Maple+sugar+industry&op=PHRASE&va=exact&fo=json", "html": "//www.loc.gov/pictures/search/?fi=subject&q=Maple+sugar+industry&op=PHRASE&va=exact", "rss": "//www.loc.gov/pictures/search/?fi=subject&q=Maple+sugar+industry&op=PHRASE&va=exact&fo=rss"}, "suggestions": {"possible": []}, "pages": {"current": 1, "next": null, "perpage": 20, "last": null, "page_list": [{"url": null, "number": 1}], "previous": null, "total": 1, "results": "1 - 15", "first": null}, "collection": null, "results": [{"source_created": "2012-07-26T00:00:00Z", "index": 1, "medium": "1 photographic print.", "reproduction_number": "LC-USZ62-38846 (b&w film copy neg.)", "links": {"item": "https://www.loc.gov/pictures/item/2012647942/", "resource": "https://www.loc.gov/pictures/item/2012647942/resource/"}, "title": "[Gathering and processing maple syrup, ca. 1900]", "image": {"alt": "digitized item thumbnail", "full": "https://tile.loc.gov/storage-services/service/pnp/cph/3a30000/3a39000/3a39100/3a39192r.jpg", "square": "https://tile.loc.gov/storage-services/service/pnp/cph/3a30000/3a39000/3a39100/3a39192_75x75px.jpg", "thumb": "https://tile.loc.gov/storage-services/service/pnp/cph/3a30000/3a39000/3a39100/3a39192_150px.jpg"}, "created": "2016-04-20T00:00:00Z", "modified": "2016-04-20T00:00:00Z", "collection": ["cph", "diof", "pp"], "creator": null, "call_number": "SSF - Maple Sugar [item] [P&P]", "medium_brief": "1 photographic print.", "source_modified": "2012-08-01T00:00:00Z", "pk": "2012647942", "created_published_date": "ca. 1900.", "subjects": ["Sugar maple tapping--1900.", "Maple sugar industry--1900.", "Outdoor cookery--1900.", "Photographic prints--1900."]}, {"source_created": "1996-04-30T00:00:00Z", "index": 2, "medium": "published 5 transparencies : color.", "reproduction_number": "", "links": {"item": "https://www.loc.gov/pictures/item/2016714556/", "resource": null}, "title": "Maple syrup", "image": {"alt": "Look magazine thumbnail", "full": "https://www.loc.gov/pictures/static/images/item/500x500_look.png", "square": "https://www.loc.gov/pictures/static/images/item/lmc_square.png", "thumb": "https://www.loc.gov/pictures/static/images/item/lmc_thumb_large.jpg"}, "created": "2017-01-17T00:00:00Z", "modified": "2017-01-17T00:00:00Z", "collection": ["lmc", "pp"], "creator": "Vaccaro, Michael A.", "call_number": "LOOK - Job 58-7774 [P&P]", "medium_brief": "5 transparencies :\n69 transparencies :\n22 slides :", "source_modified": "2017-01-12T00:00:00Z", "pk": "2016714556", "created_published_date": "1958 Mar. 28 (date added to Look's library)", "subjects": ["Sugar maple tapping.", "Maple sugar industry.", "Food.", "Slides--Color.", "Transparencies--Color."]}, {"source_created": "1998-09-10T00:00:00Z", "index": 3, "medium": "1 photographic print (contact sheet).", "reproduction_number": "", "links": {"item": "https://www.loc.gov/pictures/item/2016718789/", "resource": null}, "title": "Canada food & fashion", "image": {"alt": "Look magazine thumbnail", "full": "https://www.loc.gov/pictures/static/images/item/500x500_look.png", "square": "https://www.loc.gov/pictures/static/images/item/lmc_square.png", "thumb": "https://www.loc.gov/pictures/static/images/item/lmc_thumb_large.jpg"}, "created": "2017-01-17T00:00:00Z", "modified": "2017-01-17T00:00:00Z", "collection": ["lmc", "pp"], "creator": "Baldwin, Joel", "call_number": "LOOK - Job 68-3707 [P&P]", "medium_brief": "1 photographic print (contact sheet).\n12 slides :\nca. 220 slides :\n5 transparencies :", "source_modified": "2017-01-12T00:00:00Z", "pk": "2016718789", "created_published_date": "1968 Apr. 19 (date added to Look's library)", "subjects": ["Confections.", "Children playing in snow.", "Clothing & dress.", "Maple sugar industry.", "Canada--Quebec.", "Contact sheets.", "Slides--Color.", "Transparencies--Color."]}, {"source_created": "1994-01-01T00:00:00Z", "index": 4, "medium": "1 negative : glass ; 8 x 10 in.", "reproduction_number": "LC-DIG-det-4a13230 (digital file from original)", "links": {"item": "https://www.loc.gov/pictures/item/2016794997/", "resource": "https://www.loc.gov/pictures/item/2016794997/resource/"}, "title": "Bringing in the sap in a maple sugar camp", "image": {"alt": "digitized item thumbnail", "full": "https://tile.loc.gov/storage-services/service/pnp/det/4a10000/4a13000/4a13200/4a13230r.jpg", "square": "https://tile.loc.gov/storage-services/service/pnp/det/4a10000/4a13000/4a13200/4a13230_75x75px.jpg", "thumb": "https://tile.loc.gov/storage-services/service/pnp/det/4a10000/4a13000/4a13200/4a13230_150px.jpg"}, "created": "2017-11-21T00:00:00Z", "modified": "2017-11-21T00:00:00Z", "collection": ["ammem", "det", "diof", "pp"], "creator": "Detroit Publishing Co.", "call_number": "LC-D4-19211 [P&P]", "medium_brief": "1 negative :", "source_modified": "2017-10-24T00:00:00Z", "pk": "2016794997", "created_published_date": "[between 1900 and 1906]", "subjects": ["Sleds & sleighs.", "Maple sugar industry.", "Ox teams.", "United States--Vermont.", "Dry plate negatives."]}, {"source_created": "1994-01-01T00:00:00Z", "index": 5, "medium": "1 negative : glass ; 8 x 10 in.", "reproduction_number": "LC-DIG-det-4a13232 (digital file from original)", "links": {"item": "https://www.loc.gov/pictures/item/2016805918/", "resource": "https://www.loc.gov/pictures/item/2016805918/resource/"}, "title": "Making maple syrup in the good old fashioned way", "image": {"alt": "digitized item thumbnail", "full": "https://tile.loc.gov/storage-services/service/pnp/det/4a10000/4a13000/4a13200/4a13232r.jpg", "square": "https://tile.loc.gov/storage-services/service/pnp/det/4a10000/4a13000/4a13200/4a13232_75x75px.jpg", "thumb": "https://tile.loc.gov/storage-services/service/pnp/det/4a10000/4a13000/4a13200/4a13232_150px.jpg"}, "created": "2017-11-21T00:00:00Z", "modified": "2017-11-21T00:00:00Z", "collection": ["ammem", "det", "diof", "pp"], "creator": "Detroit Publishing Co.", "call_number": "LC-D4-19213 [P&P]", "medium_brief": "1 negative :", "source_modified": "2017-10-30T00:00:00Z", "pk": "2016805918", "created_published_date": "c[1906]", "subjects": ["Maple sugar industry.", "Outdoor cookery.", "United States--Vermont.", "Dry plate negatives."]}, {"source_created": "1994-01-01T00:00:00Z", "index": 6, "medium": "1 negative : glass ; 8 x 10 in.", "reproduction_number": "LC-DIG-det-4a22699 (digital file from original)", "links": {"item": "https://www.loc.gov/pictures/item/2016814418/", "resource": "https://www.loc.gov/pictures/item/2016814418/resource/"}, "title": "An Old sugar camp", "image": {"alt": "digitized item thumbnail", "full": "https://tile.loc.gov/storage-services/service/pnp/det/4a20000/4a22000/4a22600/4a22699r.jpg", "square": "https://tile.loc.gov/storage-services/service/pnp/det/4a20000/4a22000/4a22600/4a22699_75x75px.jpg", "thumb": "https://tile.loc.gov/storage-services/service/pnp/det/4a20000/4a22000/4a22600/4a22699_150px.jpg"}, "created": "2017-11-21T00:00:00Z", "modified": "2017-11-21T00:00:00Z", "collection": ["ammem", "det", "diof", "pp"], "creator": "Detroit Publishing Co.", "call_number": "LC-D4-70491 [P&P]", "medium_brief": "1 negative :", "source_modified": "2017-11-03T00:00:00Z", "pk": "2016814418", "created_published_date": "c1908.", "subjects": ["Maple sugar industry.", "Agricultural facilities.", "United States--New Hampshire.", "Dry plate negatives."]}, {"source_created": "1994-01-01T00:00:00Z", "index": 7, "medium": "1 negative : glass ; 5 x 7 in.", "reproduction_number": "LC-D419-151 (b&w glass neg.)", "links": {"item": "https://www.loc.gov/pictures/item/2016818268/", "resource": "https://www.loc.gov/pictures/item/2016818268/resource/"}, "title": "Shop-no gun Indian sugar camp", "image": {"alt": "digitized item thumbnail", "full": "https://tile.loc.gov/storage-services/service/pnp/det/4a20000/4a27000/4a27800/4a27800r.jpg", "square": "https://tile.loc.gov/storage-services/service/pnp/det/4a20000/4a27000/4a27800/4a27800_75x75px.jpg", "thumb": "https://tile.loc.gov/storage-services/service/pnp/det/4a20000/4a27000/4a27800/4a27800_150px.jpg"}, "created": "2017-11-21T00:00:00Z", "modified": "2017-11-21T00:00:00Z", "collection": ["ammem", "det", "diof", "pp"], "creator": "Detroit Publishing Co.", "call_number": "LC-D419-151 [P&P]", "medium_brief": "1 negative :", "source_modified": "2017-11-03T00:00:00Z", "pk": "2016818268", "created_published_date": "1908 June 26.", "subjects": ["Indians of North America--Subsistence activities.", "Maple sugar industry.", "Dry plate negatives.", "Reproductions."]}, {"source_created": "2020-07-07T00:00:00Z", "index": 8, "medium": "1 photograph : gelatin silver print ; sheet 23 x 18 cm.", "reproduction_number": "LC-DIG-ds-14067 (digital file from original)", "links": {"item": "https://www.loc.gov/pictures/item/2020632559/", "resource": "https://www.loc.gov/pictures/item/2020632559/resource/"}, "title": "[Boy pouring sap into funnel on sap pipe line to produce maple sugar for the Horse Shoe Forestry Company, St. Lawrence, N.Y.]", "image": {"alt": "digitized item thumbnail", "full": "https://tile.loc.gov/storage-services/service/pnp/ds/14000/14067r.jpg", "square": "https://tile.loc.gov/storage-services/service/pnp/ds/14000/14067_75x75px.jpg", "thumb": "https://tile.loc.gov/storage-services/service/pnp/ds/14000/14067_150px.jpg"}, "created": "2020-12-15T06:26:03Z", "modified": "2020-12-15T06:26:05Z", "collection": ["cph", "diof", "pp"], "creator": "Baldwin, G. W. (George W.), 1849-1930", "call_number": "LOT 4660, no. 22 [P&P]", "medium_brief": "1 photograph :", "source_modified": "2020-12-11T12:12:59Z", "pk": "2020632559", "created_published_date": "[1901]", "subjects": ["Sugar maple tapping--New York (State)--1900-1910.", "Maple sugar industry--New York (State)--1900-1910.", "Photographic prints--1900-1910."]}, {"source_created": "2020-12-11T00:00:00Z", "index": 9, "medium": "1 photograph : gelatin silver print ; sheet 18 x 23 cm, mount 32 x 38 cm.", "reproduction_number": "LC-DIG-ds-14170 (digital file from original)", "links": {"item": "https://www.loc.gov/pictures/item/2020639501/", "resource": "https://www.loc.gov/pictures/item/2020639501/resource/"}, "title": "No. 21, Syrup House Horse Shoe", "image": {"alt": "digitized item thumbnail", "full": "https://tile.loc.gov/storage-services/service/pnp/ds/14100/14170r.jpg", "square": "https://tile.loc.gov/storage-services/service/pnp/ds/14100/14170_75x75px.jpg", "thumb": "https://tile.loc.gov/storage-services/service/pnp/ds/14100/14170_150px.jpg"}, "created": "2021-02-09T08:51:39Z", "modified": "2021-02-09T08:51:41Z", "collection": ["cph", "diof", "pp"], "creator": "Baldwin, G. W. (George W.), 1849-1930", "call_number": "LOT 4660 [item] [P&P]", "medium_brief": "1 photograph :", "source_modified": "2021-02-04T17:32:19Z", "pk": "2020639501", "created_published_date": "[1901]", "subjects": ["Buildings--New York (State)--Saint Lawrence County--1900-1910.", "Snow--New York (State)--Saint Lawrence County--1900-1910.", "Barrels--New York (State)--Saint Lawrence County--1900-1910.", "Maple sugar industry--New York (State)--Saint Lawrence County--1900-1910.", "Photographic prints--1900-1910."]}, {"source_created": "2021-02-04T00:00:00Z", "index": 10, "medium": "1 photograph : gelatin silver print ; sheet 18 x 23 cm, mount 32 x 38 cm.", "reproduction_number": "LC-DIG-ds-14171 (digital file from original)", "links": {"item": "https://www.loc.gov/pictures/item/2021636198/", "resource": "https://www.loc.gov/pictures/item/2021636198/resource/"}, "title": "No. 16, Wake Robin Sugar House", "image": {"alt": "digitized item thumbnail", "full": "https://tile.loc.gov/storage-services/service/pnp/ds/14100/14171r.jpg", "square": "https://tile.loc.gov/storage-services/service/pnp/ds/14100/14171_75x75px.jpg", "thumb": "https://tile.loc.gov/storage-services/service/pnp/ds/14100/14171_150px.jpg"}, "created": "2021-02-09T05:55:32Z", "modified": "2021-02-09T05:55:35Z", "collection": ["cph", "diof", "pp"], "creator": "Baldwin, G. W. (George W.), 1849-1930", "call_number": "LOT 4660 [item] [P&P]", "medium_brief": "1 photograph :", "source_modified": "2021-02-04T17:33:42Z", "pk": "2021636198", "created_published_date": "[1901]", "subjects": ["Buildings--New York (State)--Saint Lawrence County--1900-1910.", "Snow--New York (State)--Saint Lawrence County--1900-1910.", "Maple sugar industry--New York (State)--Saint Lawrence County--1900-1910.", "Photographic prints--1900-1910."]}, {"source_created": "2021-02-04T00:00:00Z", "index": 11, "medium": "1 photograph : gelatin silver print ; sheet 18 x 23 cm, mount 32 x 38 cm.", "reproduction_number": "LC-DIG-ds-14172 (digital file from original)", "links": {"item": "https://www.loc.gov/pictures/item/2021636199/", "resource": "https://www.loc.gov/pictures/item/2021636199/resource/"}, "title": "No. 19, Evaporating room Maple Valley", "image": {"alt": "digitized item thumbnail", "full": "https://tile.loc.gov/storage-services/service/pnp/ds/14100/14172r.jpg", "square": "https://tile.loc.gov/storage-services/service/pnp/ds/14100/14172_75x75px.jpg", "thumb": "https://tile.loc.gov/storage-services/service/pnp/ds/14100/14172_150px.jpg"}, "created": "2021-02-09T05:33:37Z", "modified": "2021-02-09T05:33:40Z", "collection": ["cph", "diof", "pp"], "creator": "Baldwin, G. W. (George W.), 1849-1930", "call_number": "LOT 4660 [item] [P&P]", "medium_brief": "1 photograph :", "source_modified": "2021-02-04T17:33:29Z", "pk": "2021636199", "created_published_date": "[1901]", "subjects": ["Buildings--New York (State)--Saint Lawrence County--1900-1910.", "Maple sugar industry--New York (State)--Saint Lawrence County--1900-1910.", "Photographic prints--1900-1910."]}, {"source_created": "2021-02-04T00:00:00Z", "index": 12, "medium": "1 photograph : gelatin silver print ; sheet 18 x 23 cm, mount 32 x 38 cm.", "reproduction_number": "LC-DIG-ds-14173 (digital file from original)", "links": {"item": "https://www.loc.gov/pictures/item/2021636200/", "resource": "https://www.loc.gov/pictures/item/2021636200/resource/"}, "title": "No. 17, The Washington Hauling Sap", "image": {"alt": "digitized item thumbnail", "full": "https://tile.loc.gov/storage-services/service/pnp/ds/14100/14173r.jpg", "square": "https://tile.loc.gov/storage-services/service/pnp/ds/14100/14173_75x75px.jpg", "thumb": "https://tile.loc.gov/storage-services/service/pnp/ds/14100/14173_150px.jpg"}, "created": "2021-02-09T06:52:45Z", "modified": "2021-02-09T06:52:48Z", "collection": ["cph", "diof", "pp"], "creator": "Baldwin, G. W. (George W.), 1849-1930", "call_number": "LOT 4660 [item] [P&P]", "medium_brief": "1 photograph :", "source_modified": "2021-02-04T17:33:13Z", "pk": "2021636200", "created_published_date": "[1901]", "subjects": ["Forests--New York (State)--Saint Lawrence County--1900-1910.", "Railroad locomotives--New York (State)--Saint Lawrence County--1900-1910.", "Maple sugar industry--New York (State)--Saint Lawrence County--1900-1910.", "Photographic prints--1900-1910."]}, {"source_created": "2021-02-04T00:00:00Z", "index": 13, "medium": "1 photograph : gelatin silver print ; sheet 18 x 23 cm, mount 32 x 38 cm.", "reproduction_number": "LC-DIG-ds-14174 (digital file from original)", "links": {"item": "https://www.loc.gov/pictures/item/2021636751/", "resource": "https://www.loc.gov/pictures/item/2021636751/resource/"}, "title": "No. 24, Maple Valley Sugar House", "image": {"alt": "digitized item thumbnail", "full": "https://tile.loc.gov/storage-services/service/pnp/ds/14100/14174r.jpg", "square": "https://tile.loc.gov/storage-services/service/pnp/ds/14100/14174_75x75px.jpg", "thumb": "https://tile.loc.gov/storage-services/service/pnp/ds/14100/14174_150px.jpg"}, "created": "2021-02-09T07:58:31Z", "modified": "2021-02-09T07:58:33Z", "collection": ["cph", "diof", "pp"], "creator": "Baldwin, G. W. (George W.), 1849-1930", "call_number": "LOT 4660 [item] [P&P]", "medium_brief": "1 photograph :", "source_modified": "2021-02-04T17:32:59Z", "pk": "2021636751", "created_published_date": "[1901]", "subjects": ["Forests--New York (State)--Saint Lawrence County--1900-1910.", "Buildings--New York (State)--Saint Lawrence County--1900-1910.", "Maple sugar industry--New York (State)--Saint Lawrence County--1900-1910.", "Photographic prints--1900-1910."]}, {"source_created": "2021-02-04T00:00:00Z", "index": 14, "medium": "1 photograph : gelatin silver print ; sheet 18 x 23 cm, mount 32 x 38 cm.", "reproduction_number": "LC-DIG-ds-14175 (digital file from original)", "links": {"item": "https://www.loc.gov/pictures/item/2021636752/", "resource": "https://www.loc.gov/pictures/item/2021636752/resource/"}, "title": "No. 12, Maple Valley Sugar House", "image": {"alt": "digitized item thumbnail", "full": "https://tile.loc.gov/storage-services/service/pnp/ds/14100/14175r.jpg", "square": "https://tile.loc.gov/storage-services/service/pnp/ds/14100/14175_75x75px.jpg", "thumb": "https://tile.loc.gov/storage-services/service/pnp/ds/14100/14175_150px.jpg"}, "created": "2021-02-09T10:28:07Z", "modified": "2021-02-09T10:28:09Z", "collection": ["cph", "diof", "pp"], "creator": "Baldwin, G. W. (George W.), 1849-1930", "call_number": "LOT 4660 [item] [P&P]", "medium_brief": "1 photograph :", "source_modified": "2021-02-04T17:32:40Z", "pk": "2021636752", "created_published_date": "[1901]", "subjects": ["Forests--New York (State)--Saint Lawrence County--1900-1910.", "Buildings--New York (State)--Saint Lawrence County--1900-1910.", "Maple sugar industry--New York (State)--Saint Lawrence County--1900-1910.", "Photographic prints--1900-1910."]}, {"source_created": "2006-07-14T00:00:00Z", "index": 15, "medium": "3 photographic prints on stereo cards : stereograph, silver gelatin ; 9 x 18 cm.", "reproduction_number": "", "links": {"item": "https://www.loc.gov/pictures/item/2006678575/", "resource": null}, "title": "The process of making maple sugar", "image": {"alt": "group item thumbnail", "full": "https://www.loc.gov/pictures/static/images/item/500x500_grouprecord.png", "square": "https://www.loc.gov/pictures/static/images/item/grouprecord_square.png", "thumb": "https://www.loc.gov/pictures/static/images/item/grouprecord_thumb_large.jpg"}, "created": "2016-04-20T05:41:48Z", "modified": "2021-04-13T12:08:40Z", "collection": ["coll", "pp"], "creator": null, "call_number": "LOT 13774 (S) [P&P]", "medium_brief": "3 photographic prints on stereo cards :", "source_modified": "2014-06-06T09:25:27Z", "pk": "2006678575", "created_published_date": "c1906.", "subjects": ["Maple sugar industry--1900-1910.", "Gelatin silver prints--1900-1910.", "Stereographs--1900-1910."]}]}