{"search": {"field": "subject", "hits": 4, "sort_order": null, "do_facets": true, "focus_item": null, "query": "Mists", "type": "search", "sort_by": null}, "focus": null, "views": {"current": "list", "grid": "https://www.loc.gov/pictures/search/?q=Mists&fi=subject&va=exact&st=grid&op=PHRASE", "list": "https://www.loc.gov/pictures/search/?q=Mists&fi=subject&op=PHRASE&va=exact", "gallery": "https://www.loc.gov/pictures/search/?q=Mists&fi=subject&va=exact&st=gallery&op=PHRASE", "slideshow": "https://www.loc.gov/pictures/search/?q=Mists&fi=subject&va=exact&st=slideshow&op=PHRASE"}, "facets": [{"type": "displayed", "filters": [{"count": 4, "on": "https://www.loc.gov/pictures/search/?va=exact&sp=1&q=Mists&fa=displayed%3Aanywhere&fi=subject&op=PHRASE&fo=json", "selected": false, "off": "https://www.loc.gov/pictures/search/?va=exact&sp=1&q=Mists&fi=subject&fo=json&op=PHRASE", "title": "Larger image available anywhere"}, {"count": 0, "on": "https://www.loc.gov/pictures/search/?va=exact&sp=1&q=Mists&fa=displayed%3Alc_only&fi=subject&op=PHRASE&fo=json", "selected": false, "off": "https://www.loc.gov/pictures/search/?va=exact&sp=1&q=Mists&fi=subject&fo=json&op=PHRASE", "title": "Larger image available only at the Library of Congress"}, {"count": 0, "on": "https://www.loc.gov/pictures/search/?va=exact&sp=1&q=Mists&fa=displayed%3Anot_digitized&fi=subject&op=PHRASE&fo=json", "selected": false, "off": "https://www.loc.gov/pictures/search/?va=exact&sp=1&q=Mists&fi=subject&fo=json&op=PHRASE", "title": "Not Digitized"}], "title": "displayed"}], "links": {"json": "//www.loc.gov/pictures/search/?fi=subject&q=Mists&op=PHRASE&va=exact&fo=json", "html": "//www.loc.gov/pictures/search/?fi=subject&q=Mists&op=PHRASE&va=exact", "rss": "//www.loc.gov/pictures/search/?fi=subject&q=Mists&op=PHRASE&va=exact&fo=rss"}, "suggestions": {"possible": []}, "pages": {"current": 1, "next": null, "perpage": 20, "last": null, "page_list": [{"url": null, "number": 1}], "previous": null, "total": 1, "results": "1 - 4", "first": null}, "collection": null, "results": [{"source_created": "1999-09-02T00:00:00Z", "index": 1, "medium": "1 photographic print.", "reproduction_number": "LC-DIG-ppmsc-02239 (digital file from original)", "links": {"item": "https://www.loc.gov/pictures/item/99614964/", "resource": "https://www.loc.gov/pictures/item/99614964/resource/"}, "title": "Clouds descending into the main street", "image": {"alt": "digitized item thumbnail", "full": "https://tile.loc.gov/storage-services/service/pnp/ppmsc/02200/02239r.jpg", "square": "https://tile.loc.gov/storage-services/service/pnp/ppmsc/02200/02239_75x75px.jpg", "thumb": "https://tile.loc.gov/storage-services/service/pnp/ppmsc/02200/02239_150px.jpg"}, "created": "2016-04-20T00:00:00Z", "modified": "2016-04-20T00:00:00Z", "collection": ["diof", "ffcarp", "intldl", "mtfcap", "mtfront", "pp", "ppminload", "si"], "creator": null, "call_number": "LOT 11453-1, no. 684 [P&P]", "medium_brief": "1 photographic print.", "source_modified": "2009-06-04T00:00:00Z", "pk": "99614964", "created_published_date": "[between ca. 1900 and 1923]", "subjects": ["Commercial streets--Alaska--Juneau--1890-1930.", "Mists--Alaska--Juneau--1890-1930.", "United States--Alaska--Juneau", "Photographic prints--1890-1930."]}, {"source_created": "1999-09-02T00:00:00Z", "index": 2, "medium": "1 photographic print.", "reproduction_number": "LC-DIG-ppmsc-02473 (digital file from original)", "links": {"item": "https://www.loc.gov/pictures/item/99615013/", "resource": "https://www.loc.gov/pictures/item/99615013/resource/"}, "title": "Steamship McArthur - transportation", "image": {"alt": "digitized item thumbnail", "full": "https://tile.loc.gov/storage-services/service/pnp/ppmsc/02400/02473r.jpg", "square": "https://tile.loc.gov/storage-services/service/pnp/ppmsc/02400/02473_75x75px.jpg", "thumb": "https://tile.loc.gov/storage-services/service/pnp/ppmsc/02400/02473_150px.jpg"}, "created": "2016-04-20T00:00:00Z", "modified": "2016-04-20T00:00:00Z", "collection": ["diof", "ffcarp", "intldl", "mtfcap", "mtfront", "pp", "ppminload", "si"], "creator": null, "call_number": "LOT 11453-1, no. 733 [P&P]", "medium_brief": "1 photographic print.", "source_modified": "2009-06-23T00:00:00Z", "pk": "99615013", "created_published_date": "[between ca. 1900 and ca. 1930]", "subjects": ["Steamboats--Alaska--1890-1940.", "Lakes & ponds--Alaska--1890-1940.", "Mists--Alaska--1890-1940.", "United States--Alaska", "Photographic prints--1890-1940."]}, {"source_created": "1999-07-20T00:00:00Z", "index": 3, "medium": "1 photographic print.", "reproduction_number": "LC-DIG-ppmsc-02654 (digital file from original print)\nLC-USZ62-78525 (b&w film copy neg.)", "links": {"item": "https://www.loc.gov/pictures/item/99613936/", "resource": "https://www.loc.gov/pictures/item/99613936/resource/"}, "title": "\"Harney's Peak.\" Just after a storm. Part of Peak cut off by vaper [sic] but the statuary man in plain view. Photo from west side", "image": {"alt": "digitized item thumbnail", "full": "https://tile.loc.gov/storage-services/service/pnp/ppmsc/02600/02654r.jpg", "square": "https://tile.loc.gov/storage-services/service/pnp/ppmsc/02600/02654_75x75px.jpg", "thumb": "https://tile.loc.gov/storage-services/service/pnp/ppmsc/02600/02654_150px.jpg"}, "created": "2016-04-21T00:00:00Z", "modified": "2016-04-21T00:00:00Z", "collection": ["ammem", "diof", "grabill", "mtfgrp", "mtfront", "pp", "ppminload", "si"], "creator": "Grabill, John C. H.", "call_number": "LOT 3076-15, no. 2719 [P&P]", "medium_brief": "1 photographic print.", "source_modified": "2007-09-17T00:00:00Z", "pk": "99613936", "created_published_date": "1890.", "subjects": ["Mountains--South Dakota--1890.", "Mists--South Dakota--1890.", "Rock formations--South Dakota--1890.", "Harney Peak (S.D.)--1890.", "Landscape photographs--1890.", "Photographic prints--1890."]}, {"source_created": "2017-05-19T00:00:00Z", "index": 4, "medium": "1 print : color photochrom ; sheet 17 x 23 cm.", "reproduction_number": "LC-DIG-ppmsca-41290 (digital file from original item)", "links": {"item": "https://www.loc.gov/pictures/item/2017657837/", "resource": "https://www.loc.gov/pictures/item/2017657837/resource/"}, "title": "Mount Kosciusko (height 7,328 feet), N.S.W.", "image": {"alt": "digitized item thumbnail", "full": "https://tile.loc.gov/storage-services/service/pnp/ppmsca/41200/41290r.jpg", "square": "https://tile.loc.gov/storage-services/service/pnp/ppmsca/41200/41290_75x75px.jpg", "thumb": "https://tile.loc.gov/storage-services/service/pnp/ppmsca/41200/41290_150px.jpg"}, "created": "2017-11-21T00:00:00Z", "modified": "2017-11-21T00:00:00Z", "collection": ["cph", "diof", "pgz", "pp"], "creator": "Photoglob Co.", "call_number": "LOT 14192, no. 146 [item] [P&P]", "medium_brief": "1 print :", "source_modified": "2017-11-13T00:00:00Z", "pk": "2017657837", "created_published_date": "[ca. 1890-1910]", "subjects": ["Mountains.", "Mists.", "Clouds.", "Australia--New South Wales--Mount Kosciusko (height 7,328 feet).", "Photochrom prints--Color."]}]}