{"search": {"field": "subject", "hits": 8, "sort_order": null, "do_facets": true, "focus_item": null, "query": "Ski lodges", "type": "search", "sort_by": null}, "focus": null, "views": {"current": "list", "grid": "https://www.loc.gov/pictures/search/?q=Ski+lodges&fi=subject&va=exact&st=grid&op=PHRASE", "list": "https://www.loc.gov/pictures/search/?q=Ski+lodges&fi=subject&op=PHRASE&va=exact", "gallery": "https://www.loc.gov/pictures/search/?q=Ski+lodges&fi=subject&va=exact&st=gallery&op=PHRASE", "slideshow": "https://www.loc.gov/pictures/search/?q=Ski+lodges&fi=subject&va=exact&st=slideshow&op=PHRASE"}, "facets": [{"type": "displayed", "filters": [{"count": 5, "on": "https://www.loc.gov/pictures/search/?va=exact&sp=1&q=Ski+lodges&fa=displayed%3Aanywhere&fi=subject&op=PHRASE&fo=json", "selected": false, "off": "https://www.loc.gov/pictures/search/?va=exact&sp=1&q=Ski+lodges&fi=subject&fo=json&op=PHRASE", "title": "Larger image available anywhere"}, {"count": 0, "on": "https://www.loc.gov/pictures/search/?va=exact&sp=1&q=Ski+lodges&fa=displayed%3Alc_only&fi=subject&op=PHRASE&fo=json", "selected": false, "off": "https://www.loc.gov/pictures/search/?va=exact&sp=1&q=Ski+lodges&fi=subject&fo=json&op=PHRASE", "title": "Larger image available only at the Library of Congress"}, {"count": 3, "on": "https://www.loc.gov/pictures/search/?va=exact&sp=1&q=Ski+lodges&fa=displayed%3Anot_digitized&fi=subject&op=PHRASE&fo=json", "selected": false, "off": "https://www.loc.gov/pictures/search/?va=exact&sp=1&q=Ski+lodges&fi=subject&fo=json&op=PHRASE", "title": "Not Digitized"}], "title": "displayed"}], "links": {"json": "//www.loc.gov/pictures/search/?fi=subject&q=Ski+lodges&op=PHRASE&va=exact&fo=json", "html": "//www.loc.gov/pictures/search/?fi=subject&q=Ski+lodges&op=PHRASE&va=exact", "rss": "//www.loc.gov/pictures/search/?fi=subject&q=Ski+lodges&op=PHRASE&va=exact&fo=rss"}, "suggestions": {"possible": []}, "pages": {"current": 1, "next": null, "perpage": 20, "last": null, "page_list": [{"url": null, "number": 1}], "previous": null, "total": 1, "results": "1 - 8", "first": null}, "collection": null, "results": [{"source_created": "1998-05-01T00:00:00Z", "index": 1, "medium": "1 print : lithograph ; 27.7 x 40.3 cm. (sheet)", "reproduction_number": "", "links": {"item": "https://www.loc.gov/pictures/item/2010642468/", "resource": null}, "title": "[Ski jumping contest or event]", "image": {"alt": "item not digitized thumbnail", "full": "https://www.loc.gov/pictures/static/images/item/500x500_notdigitized.png", "square": "https://www.loc.gov/pictures/static/images/item/not_digitized_buttons75X75.png", "thumb": "https://www.loc.gov/pictures/static/images/item/notdigitized_buttons140X120.png"}, "created": "2016-04-20T00:00:00Z", "modified": "2016-04-20T00:00:00Z", "collection": ["bbgfc", "minload", "pp"], "creator": "Landeck, Armin, 1905-1984", "call_number": "Goldstein, no. 288 (A size) [P&P]", "medium_brief": "1 print :", "source_modified": "2011-07-11T00:00:00Z", "pk": "2010642468", "created_published_date": "[between 1930 and 1950]", "subjects": ["Contests--1930-1950.", "Ski jumping--1930-1950.", "Ski lodges--1930-1950.", "Lithographs--American--1930-1950."]}, {"source_created": "2009-02-10T00:00:00Z", "index": 2, "medium": "1 photomechanical print.", "reproduction_number": "LC-USZ62-135930 (b&w film copy neg.)", "links": {"item": "https://www.loc.gov/pictures/item/2009631172/", "resource": null}, "title": "Baldy Mt. Round House - Sun Valley", "image": {"alt": "item not digitized thumbnail", "full": "https://www.loc.gov/pictures/static/images/item/500x500_notdigitized.png", "square": "https://www.loc.gov/pictures/static/images/item/not_digitized_buttons75X75.png", "thumb": "https://www.loc.gov/pictures/static/images/item/notdigitized_buttons140X120.png"}, "created": "2016-04-21T00:00:00Z", "modified": "2016-04-21T00:00:00Z", "collection": ["cph", "pp"], "creator": "Frissell, Toni, 1907-1988", "call_number": "Unprocessed in PR 13 CN 1971:R04 [item] [P&P]", "medium_brief": "1 photomechanical print.", "source_modified": "2009-02-11T00:00:00Z", "pk": "2009631172", "created_published_date": "[1940]", "subjects": ["Ski lodges--Idaho--Sun Valley--1940.", "Tourism--Idaho--Sun Valley--1940.", "Photomechanical prints--1940.", "Promotional materials--1940."]}, {"source_created": "2017-10-10T00:00:00Z", "index": 3, "medium": "1 drawing : marker ; sheet 27 x 21 cm.", "reproduction_number": "LC-DIG-ppmsca-53487 (digital file from original drawing)", "links": {"item": "https://www.loc.gov/pictures/item/2017658830/", "resource": "https://www.loc.gov/pictures/item/2017658830/resource/"}, "title": "[Ski lodge, Sierra Blanca Ski Resort, Ruidoso, New Mexico, for Robert O. Anderson.] [Sketch with notes]", "image": {"alt": "digitized item thumbnail", "full": "https://tile.loc.gov/storage-services/service/pnp/ppmsca/53400/53487r.jpg", "square": "https://tile.loc.gov/storage-services/service/pnp/ppmsca/53400/53487_75x75px.jpg", "thumb": "https://tile.loc.gov/storage-services/service/pnp/ppmsca/53400/53487_150px.jpg"}, "created": "2017-10-17T00:00:00Z", "modified": "2017-10-17T00:00:00Z", "collection": ["cph", "diof", "pp"], "creator": "Lundy, Victor Alfred, 1923-", "call_number": "Unprocessed in PR 13 CN 2008:090 [item] [P&P]", "medium_brief": "1 drawing :", "source_modified": "2017-10-11T00:00:00Z", "pk": "2017658830", "created_published_date": "[1959]", "subjects": ["Ski lodges--New Mexico--Ruidoso--1950-1960.", "Architectural drawings--1950-1960.", "Sketches--1950-1960."]}, {"source_created": "2018-01-31T00:00:00Z", "index": 4, "medium": "1 photograph : digital, tiff file, color.", "reproduction_number": "LC-DIG-highsm-48933 (original digital file)", "links": {"item": "https://www.loc.gov/pictures/item/2017885563/", "resource": "https://www.loc.gov/pictures/item/2017885563/resource/"}, "title": "Lodge at the ski-resort town of Vail, Colorado. Unlike most other Colorado ski towns such as Aspen and Telluride that began as mining towns high in the Rockies, Vail did not exist until the resort opened in 1962", "image": {"alt": "digitized item thumbnail", "full": "https://tile.loc.gov/storage-services/service/pnp/highsm/48900/48933r.jpg", "square": "https://tile.loc.gov/storage-services/service/pnp/highsm/48900/48933_75x75px.jpg", "thumb": "https://tile.loc.gov/storage-services/service/pnp/highsm/48900/48933_150px.jpg"}, "created": "2018-02-27T00:00:00Z", "modified": "2018-02-27T00:00:00Z", "collection": ["diof", "highsm", "minload", "pp"], "creator": "Highsmith, Carol M., 1946-", "call_number": "LC-DIG-highsm- 48933 (ONLINE) [P&P]", "medium_brief": "1 photograph :", "source_modified": "2018-02-23T00:00:00Z", "pk": "2017885563", "created_published_date": "2016-07-21.", "subjects": ["United States--Colorado--Vail.", "America", "Vail Ski Resort", "Ski lodges", "Digital photographs--Color--2010-2020."]}, {"source_created": "2017-02-14T00:00:00Z", "index": 5, "medium": "1 photograph : digital, tiff file, color.", "reproduction_number": "LC-DIG-highsm-36335 (original digital file)", "links": {"item": "https://www.loc.gov/pictures/item/2017686818/", "resource": "https://www.loc.gov/pictures/item/2017686818/resource/"}, "title": "Activity at the lodge of the Steamboat Ski Resort, just outside Steamboat Springs, Colorado. Most skiers and snowboarders, and many residents, refer to the town by its first name alone", "image": {"alt": "digitized item thumbnail", "full": "https://tile.loc.gov/storage-services/service/pnp/highsm/36300/36335r.jpg", "square": "https://tile.loc.gov/storage-services/service/pnp/highsm/36300/36335_75x75px.jpg", "thumb": "https://tile.loc.gov/storage-services/service/pnp/highsm/36300/36335_150px.jpg"}, "created": "2019-09-17T00:00:00Z", "modified": "2019-09-17T00:00:00Z", "collection": ["diof", "highsm", "minload", "pp"], "creator": "Highsmith, Carol M., 1946-", "call_number": "LC-DIG-highsm- 36335 (ONLINE) [P&P]", "medium_brief": "1 photograph :", "source_modified": "2019-07-01T00:00:00Z", "pk": "2017686818", "created_published_date": "2016-02-05.", "subjects": ["United States--Colorado--Routt County--Steamboat Springs.", "America", "Winter scenes", "Ski lodges", "Ski resorts", "Digital photographs--Color--2010-2020."]}, {"source_created": "2017-02-14T00:00:00Z", "index": 6, "medium": "1 photograph : digital, tiff file, color.", "reproduction_number": "LC-DIG-highsm-37020 (original digital file)", "links": {"item": "https://www.loc.gov/pictures/item/2017687178/", "resource": "https://www.loc.gov/pictures/item/2017687178/resource/"}, "title": "Lodge below the ski slope at the annual Winter Carnival in Steamboat Springs, Colorado. As of 2015, the five-day event, first staged in 1913, stood as the oldest winter carnival west of the Mississippi River", "image": {"alt": "digitized item thumbnail", "full": "https://tile.loc.gov/storage-services/service/pnp/highsm/37000/37020r.jpg", "square": "https://tile.loc.gov/storage-services/service/pnp/highsm/37000/37020_75x75px.jpg", "thumb": "https://tile.loc.gov/storage-services/service/pnp/highsm/37000/37020_150px.jpg"}, "created": "2019-09-17T00:00:00Z", "modified": "2019-09-17T00:00:00Z", "collection": ["diof", "highsm", "minload", "pp"], "creator": "Highsmith, Carol M., 1946-", "call_number": "LC-DIG-highsm- 37020 (ONLINE) [P&P]", "medium_brief": "1 photograph :", "source_modified": "2019-07-01T00:00:00Z", "pk": "2017687178", "created_published_date": "2016-02-05.", "subjects": ["United States--Colorado--Pitkin County--Snowmass.", "America", "Steamboat Springs Winter Carnival", "Ski lodges", "Digital photographs--Color--2010-2020."]}, {"source_created": "2017-02-14T00:00:00Z", "index": 7, "medium": "1 photograph : digital, tiff file, color.", "reproduction_number": "LC-DIG-highsm-37030 (original digital file)", "links": {"item": "https://www.loc.gov/pictures/item/2017687188/", "resource": "https://www.loc.gov/pictures/item/2017687188/resource/"}, "title": "Lodge below the ski slope at the annual Winter Carnival in Steamboat Springs, Colorado. As of 2015, the five-day event, first staged in 1913, stood as the oldest winter carnival west of the Mississippi River", "image": {"alt": "digitized item thumbnail", "full": "https://tile.loc.gov/storage-services/service/pnp/highsm/37000/37030r.jpg", "square": "https://tile.loc.gov/storage-services/service/pnp/highsm/37000/37030_75x75px.jpg", "thumb": "https://tile.loc.gov/storage-services/service/pnp/highsm/37000/37030_150px.jpg"}, "created": "2019-09-17T00:00:00Z", "modified": "2019-09-17T00:00:00Z", "collection": ["diof", "highsm", "minload", "pp"], "creator": "Highsmith, Carol M., 1946-", "call_number": "LC-DIG-highsm- 37030 (ONLINE) [P&P]", "medium_brief": "1 photograph :", "source_modified": "2019-07-01T00:00:00Z", "pk": "2017687188", "created_published_date": "2016-02-05.", "subjects": ["United States--Colorado--Pitkin County--Snowmass.", "America", "Steamboat Springs Winter Carnival", "Ski lodges", "Digital photographs--Color--2010-2020."]}, {"source_created": "2020-04-22T00:00:00Z", "index": 8, "medium": "1 print : color lithograph ; sheet 86 x 63 cm (poster format)", "reproduction_number": "", "links": {"item": "https://www.loc.gov/pictures/item/2020631073/", "resource": null}, "title": "Thrilling Sun Valley, Idaho, owned and operated by the Pacific Union Railroad", "image": {"alt": "item not digitized thumbnail", "full": "https://www.loc.gov/pictures/static/images/item/500x500_notdigitized.png", "square": "https://www.loc.gov/pictures/static/images/item/not_digitized_buttons75X75.png", "thumb": "https://www.loc.gov/pictures/static/images/item/notdigitized_buttons140X120.png"}, "created": "2020-09-24T13:33:26Z", "modified": "2020-09-24T13:33:26Z", "collection": ["iuc", "pp"], "creator": "Union Pacific Railroad Company", "call_number": "Unprocessed in PR 13 CN 2020:114 (MCD size) [P&P]", "medium_brief": "1 print :", "source_modified": "2020-09-16T08:30:50Z", "pk": "2020631073", "created_published_date": "[between 1950 and 1960]", "subjects": ["Union Pacific Railroad Company--Public relations--1950-1960.", "Ice skating--Idaho--Sun Valley--1950-1960.", "Polar bears--1950-1960.", "Ski lodges--Idaho--Sun Valley--1950-1960.", "Advertisements--1950-1960.", "Lithographs--1950-1960.", "Posters--1950-1960."]}]}