{"search": {"field": "subject", "hits": 808, "sort_order": null, "do_facets": true, "focus_item": null, "query": "Bodies of water", "type": "search", "sort_by": null}, "focus": null, "views": {"current": "list", "grid": "https://www.loc.gov/pictures/search/?q=Bodies+of+water&fi=subject&va=exact&st=grid&op=PHRASE", "list": "https://www.loc.gov/pictures/search/?q=Bodies+of+water&fi=subject&op=PHRASE&va=exact", "gallery": "https://www.loc.gov/pictures/search/?q=Bodies+of+water&fi=subject&va=exact&st=gallery&op=PHRASE", "slideshow": "https://www.loc.gov/pictures/search/?q=Bodies+of+water&fi=subject&va=exact&st=slideshow&op=PHRASE"}, "facets": [{"type": "displayed", "filters": [{"count": 767, "on": "https://www.loc.gov/pictures/search/?va=exact&sp=1&q=Bodies+of+water&fa=displayed%3Aanywhere&fi=subject&op=PHRASE&fo=json", "selected": false, "off": "https://www.loc.gov/pictures/search/?va=exact&sp=1&q=Bodies+of+water&fi=subject&fo=json&op=PHRASE", "title": "Larger image available anywhere"}, {"count": 26, "on": "https://www.loc.gov/pictures/search/?va=exact&sp=1&q=Bodies+of+water&fa=displayed%3Alc_only&fi=subject&op=PHRASE&fo=json", "selected": false, "off": "https://www.loc.gov/pictures/search/?va=exact&sp=1&q=Bodies+of+water&fi=subject&fo=json&op=PHRASE", "title": "Larger image available only at the Library of Congress"}, {"count": 15, "on": "https://www.loc.gov/pictures/search/?va=exact&sp=1&q=Bodies+of+water&fa=displayed%3Anot_digitized&fi=subject&op=PHRASE&fo=json", "selected": false, "off": "https://www.loc.gov/pictures/search/?va=exact&sp=1&q=Bodies+of+water&fi=subject&fo=json&op=PHRASE", "title": "Not Digitized"}, {"count": 14, "on": "https://www.loc.gov/pictures/search/?va=exact&sp=1&q=Bodies+of+water&fa=displayed%3Asurveys_only&fi=subject&op=PHRASE&fo=json", "selected": false, "off": "https://www.loc.gov/pictures/search/?va=exact&sp=1&q=Bodies+of+water&fi=subject&fo=json&op=PHRASE", "title": "Surveys only"}], "title": "displayed"}], "links": {"json": "//www.loc.gov/pictures/search/?fi=subject&q=Bodies+of+water&op=PHRASE&va=exact&fo=json", "html": "//www.loc.gov/pictures/search/?fi=subject&q=Bodies+of+water&op=PHRASE&va=exact", "rss": "//www.loc.gov/pictures/search/?fi=subject&q=Bodies+of+water&op=PHRASE&va=exact&fo=rss"}, "suggestions": {"possible": []}, "pages": {"current": 1, "next": "https://www.loc.gov/pictures/search/?q=Bodies+of+water&fi=subject&sp=2&op=PHRASE&va=exact", "perpage": 20, "last": "https://www.loc.gov/pictures/search/?q=Bodies+of+water&fi=subject&sp=41&op=PHRASE&va=exact", "page_list": [{"url": null, "number": 1}, {"url": "https://www.loc.gov/pictures/search/?q=Bodies+of+water&fi=subject&sp=2&op=PHRASE&va=exact", "number": 2}, {"url": "https://www.loc.gov/pictures/search/?q=Bodies+of+water&fi=subject&sp=3&op=PHRASE&va=exact", "number": 3}, {"url": "https://www.loc.gov/pictures/search/?q=Bodies+of+water&fi=subject&sp=4&op=PHRASE&va=exact", "number": 4}, {"url": "https://www.loc.gov/pictures/search/?q=Bodies+of+water&fi=subject&sp=5&op=PHRASE&va=exact", "number": 5}, {"url": "https://www.loc.gov/pictures/search/?q=Bodies+of+water&fi=subject&sp=6&op=PHRASE&va=exact", "number": "..."}, {"url": "https://www.loc.gov/pictures/search/?q=Bodies+of+water&fi=subject&sp=41&op=PHRASE&va=exact", "number": 41}], "previous": null, "total": 41, "results": "1 - 20", "first": null}, "collection": null, "results": [{"source_created": "2004-05-14T00:00:00Z", "index": 1, "medium": "6 prints (2 pages) : aquatint and etching.", "reproduction_number": "LC-USZ62-46032 (b&w film copy neg. in P&P)", "links": {"item": "https://www.loc.gov/pictures/item/2004671477/", "resource": "https://www.loc.gov/pictures/item/2004671477/resource/"}, "title": "[Views from offshore of islands, cliffs, and capes in the Bay of Fundy]", "image": {"alt": "digitized item thumbnail", "full": "https://tile.loc.gov/storage-services/service/pnp/cph/3a40000/3a46000/3a46200/3a46210r.jpg", "square": "https://tile.loc.gov/storage-services/service/pnp/cph/3a40000/3a46000/3a46200/3a46210_75x75px.jpg", "thumb": "https://tile.loc.gov/storage-services/service/pnp/cph/3a40000/3a46000/3a46200/3a46210_150px.jpg"}, "created": "2016-04-20T00:00:00Z", "modified": "2016-04-20T00:00:00Z", "collection": ["cph", "diof", "pp"], "creator": "Des Barres, Joseph F. W. (Joseph Frederick Wallet), 1722-1824", "call_number": "Atlantic Neptune Collection - Views [item] [Geography & Map RR]", "medium_brief": "6 prints (2 pages) :", "source_modified": "2005-06-01T00:00:00Z", "pk": "2004671477", "created_published_date": "178-]", "subjects": ["Bays (Bodies of water)--Nova Scotia--1780-1790.", "Bays (Bodies of water)--New Brunswick--1780-1790.", "Capes (Coasts)--Nova Scotia--1780-1790.", "Cliffs--Nova Scotia--1780-1790.", "Islands--Nova Scotia--1780-1790.", "Minas Basin (N.S.)--1780-1790.", "Chignecto Isthmus (N.B. and N.S.)--1780-1790.", "Fundy, Bay of--1780-1790.", "United States--History--Revolution, 1775-1783.", "Intaglio prints--1780-1790.", "Marine prints--1780-1790."]}, {"source_created": "2004-05-14T00:00:00Z", "index": 2, "medium": "4 prints (2 pages) : aquatint and etching.", "reproduction_number": "LC-USZ62-46033 (b&w film copy neg. in P&P)", "links": {"item": "https://www.loc.gov/pictures/item/2004671478/", "resource": "https://www.loc.gov/pictures/item/2004671478/resource/"}, "title": "[Views from offshore of islands, cliffs, and capes in the Bay of Fundy]", "image": {"alt": "digitized item thumbnail", "full": "https://tile.loc.gov/storage-services/service/pnp/cph/3a40000/3a46000/3a46200/3a46211r.jpg", "square": "https://tile.loc.gov/storage-services/service/pnp/cph/3a40000/3a46000/3a46200/3a46211_75x75px.jpg", "thumb": "https://tile.loc.gov/storage-services/service/pnp/cph/3a40000/3a46000/3a46200/3a46211_150px.jpg"}, "created": "2016-04-20T00:00:00Z", "modified": "2016-04-20T00:00:00Z", "collection": ["cph", "diof", "pp"], "creator": "Des Barres, Joseph F. W. (Joseph Frederick Wallet), 1722-1824", "call_number": "Atlantic Neptune Collection - Views [item] [Geography & Map RR]", "medium_brief": "4 prints (2 pages) :", "source_modified": "2005-06-01T00:00:00Z", "pk": "2004671478", "created_published_date": "1779 Jany 1st.", "subjects": ["Bays (Bodies of water)--Nova Scotia--1770-1780.", "Bays (Bodies of water)--New Brunswick--1770-1780.", "Capes (Coasts)--Nova Scotia--1770-1780.", "Cliffs--Nova Scotia--1770-1780.", "Islands--Nova Scotia--1770-1780.", "Minas Basin (N.S.)--1770-1780.", "Chignecto Isthmus (N.B. and N.S.)--1770-1780.", "Fundy, Bay of--1770-1780.", "United States--History--Revolution, 1775-1783.", "Intaglio prints--1770-1780.", "Marine prints--1770-1780."]}, {"source_created": "2004-05-14T00:00:00Z", "index": 3, "medium": "1 print (2 pages) : aquatint with etching.", "reproduction_number": "LC-USZ62-31951 (b&w film copy neg. in P&P)", "links": {"item": "https://www.loc.gov/pictures/item/2004671479/", "resource": "https://www.loc.gov/pictures/item/2004671479/resource/"}, "title": "A view of Campo Bello at the entrance of Passamaquady Bay", "image": {"alt": "digitized item thumbnail", "full": "https://tile.loc.gov/storage-services/service/pnp/cph/3a30000/3a32000/3a32400/3a32487r.jpg", "square": "https://tile.loc.gov/storage-services/service/pnp/cph/3a30000/3a32000/3a32400/3a32487_75x75px.jpg", "thumb": "https://tile.loc.gov/storage-services/service/pnp/cph/3a30000/3a32000/3a32400/3a32487_150px.jpg"}, "created": "2016-04-21T00:00:00Z", "modified": "2016-04-21T00:00:00Z", "collection": ["cph", "diof", "pp"], "creator": "Des Barres, Joseph F. W. (Joseph Frederick Wallet), 1722-1824", "call_number": "Atlantic Neptune Collection - Views [item] [Geography & Map RR]", "medium_brief": "1 print (2 pages) :", "source_modified": "2005-06-01T00:00:00Z", "pk": "2004671479", "created_published_date": "1780]", "subjects": ["Bays (Bodies of water)--Maine--1780.", "Bays (Bodies of water)--New Brunswick--1780.", "Cities & towns--New Brunswick--Campobello Island--1780.", "Campobello Island (N.B.)--1780.", "Passamaquoddy Bay (N.B. and Me.)--1780.", "United States--History--Revolution, 1775-1783.", "Intaglio prints--1780.", "Marine prints--1780."]}, {"source_created": "2017-05-15T00:00:00Z", "index": 4, "medium": "1 print : color photochrom ; sheet 17 x 23 cm.", "reproduction_number": "LC-DIG-ppmsca-41263 (digital file from original item)", "links": {"item": "https://www.loc.gov/pictures/item/2017657810/", "resource": "https://www.loc.gov/pictures/item/2017657810/resource/"}, "title": "Waiwera, Near Auckland", "image": {"alt": "digitized item thumbnail", "full": "https://tile.loc.gov/storage-services/service/pnp/ppmsca/41200/41263r.jpg", "square": "https://tile.loc.gov/storage-services/service/pnp/ppmsca/41200/41263_75x75px.jpg", "thumb": "https://tile.loc.gov/storage-services/service/pnp/ppmsca/41200/41263_150px.jpg"}, "created": "2017-11-21T00:00:00Z", "modified": "2017-11-21T00:00:00Z", "collection": ["cph", "diof", "pgz", "pp"], "creator": "Photoglob Co.", "call_number": "LOT 14192, no. 119  [item] [P&P]", "medium_brief": "1 print :", "source_modified": "2017-11-13T00:00:00Z", "pk": "2017657810", "created_published_date": "[ca. 1890-1910]", "subjects": ["Bodies of water.", "Bays (Bodies of water).", "Beaches.", "Mountains.", "Buildings.", "New Zealand.", "Photochrom prints--Color."]}, {"source_created": "1990-01-17T00:00:00Z", "index": 5, "medium": "1 photographic print.", "reproduction_number": "LC-USZ62-98684 (b&w film copy neg.)", "links": {"item": "https://www.loc.gov/pictures/item/90705638/", "resource": "https://www.loc.gov/pictures/item/90705638/resource/"}, "title": "The Grand Basin", "image": {"alt": "digitized item thumbnail", "full": "https://tile.loc.gov/storage-services/service/pnp/cph/3b40000/3b44000/3b44700/3b44762r.jpg", "square": "https://tile.loc.gov/storage-services/service/pnp/cph/3b40000/3b44000/3b44700/3b44762_75x75px.jpg", "thumb": "https://tile.loc.gov/storage-services/service/pnp/cph/3b40000/3b44000/3b44700/3b44762_150px.jpg"}, "created": "2018-02-27T00:00:00Z", "modified": "2018-02-27T00:00:00Z", "collection": ["cph", "diof", "pp"], "creator": null, "call_number": "LOT 3310 <item> [P&P]", "medium_brief": "1 photographic print.", "source_modified": "2018-02-23T00:00:00Z", "pk": "90705638", "created_published_date": "c1893.", "subjects": ["World's Columbian Exposition--(1893 :--Chicago, Ill.)", "Basins (Bodies of water)--Illinois--Chicago--1890-1900.", "Exhibitions--Illinois--Chicago--1890-1900.", "Bodies of water--Illinois--Chicago--1890-1900.", "Photographic prints--1890-1900."]}, {"source_created": "2000-09-11T00:00:00Z", "index": 6, "medium": "1 negative (3 frames) : glass, b&w, three-color separation ; 24 x 9 cm.", "reproduction_number": "LC-DIG-prokc-20114 (digital color composite from digital file from glass neg.)\nLC-DIG-prok-10114 (detail of digital file showing single frame from glass neg.)\nLC-DIG-prok-00114 (digital file from glass neg.)", "links": {"item": "https://www.loc.gov/pictures/item/2018681280/", "resource": "https://www.loc.gov/pictures/item/2018681280/resource/"}, "title": "[By the Gundukush Dam, Iolotan]", "image": {"alt": "digitized item thumbnail", "full": "https://tile.loc.gov/storage-services/service/pnp/prokc/20100/20114r.jpg", "square": "https://tile.loc.gov/storage-services/service/pnp/prokc/20100/20114_75x75px.jpg", "thumb": "https://tile.loc.gov/storage-services/service/pnp/prokc/20100/20114_150px.jpg"}, "created": "2018-12-11T00:00:00Z", "modified": "2018-12-11T00:00:00Z", "collection": ["diof", "intldl", "minload", "mtfpgp", "mtfront", "pp", "prok", "si"], "creator": "Prokudin-Gorski\u012d, Serge\u012d Mikha\u012dlovich, 1863-1944", "call_number": "LC-P87- 134x [P&P]", "medium_brief": "1 negative (3 frames) :", "source_modified": "2018-12-07T00:00:00Z", "pk": "2018681280", "created_published_date": "[between 1905 and 1915]", "subjects": ["Bodies of water.", "Trees.", "Bodies of water.", "Turkmenistan.", "Color separation negatives.", "Glass negatives."]}, {"source_created": "2001-03-20T00:00:00Z", "index": 7, "medium": "1 negative : glass, dry plate ; 4 x 5 in.", "reproduction_number": "LC-DIG-ppprs-00509 (digital file from original)\nLC-W851-50 (b&w film copy neg.)", "links": {"item": "https://www.loc.gov/pictures/item/2001696404/", "resource": "https://www.loc.gov/pictures/item/2001696404/resource/"}, "title": "[The Narrows]", "image": {"alt": "digitized item thumbnail", "full": "https://tile.loc.gov/storage-services/service/pnp/ppprs/00500/00509r.jpg", "square": "https://tile.loc.gov/storage-services/service/pnp/ppprs/00500/00509_75x75px.jpg", "thumb": "https://tile.loc.gov/storage-services/service/pnp/ppprs/00500/00509_150px.jpg"}, "created": "2016-04-20T00:00:00Z", "modified": "2016-04-20T00:00:00Z", "collection": ["ammem", "diof", "pp", "wri"], "creator": "Wright, Wilbur, 1867-1912", "call_number": "LC-W85- 50 [P&P]", "medium_brief": "1 negative :", "source_modified": "2014-04-11T00:00:00Z", "pk": "2001696404", "created_published_date": "[1898]", "subjects": ["Wright, Wilbur,--1867-1912--Homes & haunts.", "Wright, Orville,--1871-1948--Homes & haunts.", "Bodies of water--1890-1900.", "Dry plate negatives--1890-1900."]}, {"source_created": "2002-03-25T00:00:00Z", "index": 8, "medium": "1 photographic print on stereo card : stereograph.", "reproduction_number": "LC-DIG-stereo-1s03442 (digital file from original stereograph)\nLC-USZ62-79376 (b&w film copy neg.)", "links": {"item": "https://www.loc.gov/pictures/item/2002707097/", "resource": "https://www.loc.gov/pictures/item/2002707097/resource/"}, "title": "Palace of Transportation (east end) and novel pleasure launches, World's Fair, St. Louis, U. S. A.", "image": {"alt": "digitized item thumbnail", "full": "https://tile.loc.gov/storage-services/service/pnp/stereo/1s00000/1s03000/1s03400/1s03442r.jpg", "square": "https://tile.loc.gov/storage-services/service/pnp/stereo/1s00000/1s03000/1s03400/1s03442_75x75px.jpg", "thumb": "https://tile.loc.gov/storage-services/service/pnp/stereo/1s00000/1s03000/1s03400/1s03442_150px.jpg"}, "created": "2016-04-20T00:00:00Z", "modified": "2016-04-20T00:00:00Z", "collection": ["diof", "pp", "reconref", "stereo"], "creator": "Underwood & Underwood", "call_number": "LOT 11041-1-X, no. 4 [P&P]", "medium_brief": "1 photographic print on stereo card :", "source_modified": "2013-08-22T00:00:00Z", "pk": "2002707097", "created_published_date": "c1904.", "subjects": ["Louisiana Purchase Exposition--(1904 :--Saint Louis, Mo.)", "Basins (Bodies of water)--Missouri--Saint Louis--1900-1910.", "Boats--Missouri--Saint Louis--1900-1910.", "Exhibition buildings--Missouri--Saint Louis--1900-1910.", "Photographic prints--1900-1910.", "Stereographs--1900-1910."]}, {"source_created": "2003-09-25T00:00:00Z", "index": 9, "medium": "1 photographic print on stereo card : stereograph.", "reproduction_number": "LC-USZ62-133178 (b&w film copy neg.)", "links": {"item": "https://www.loc.gov/pictures/item/2003653087/", "resource": "https://www.loc.gov/pictures/item/2003653087/resource/"}, "title": "Central Pacific Railroad. Looking up Alameda Ca\u00f1on, from the bridge", "image": {"alt": "digitized item thumbnail", "full": "https://tile.loc.gov/storage-services/service/pnp/cph/3c30000/3c33000/3c33100/3c33178r.jpg", "square": "https://tile.loc.gov/storage-services/service/pnp/cph/3c30000/3c33000/3c33100/3c33178_75x75px.jpg", "thumb": "https://tile.loc.gov/storage-services/service/pnp/cph/3c30000/3c33000/3c33100/3c33178_150px.jpg"}, "created": "2016-04-20T00:00:00Z", "modified": "2016-04-20T00:00:00Z", "collection": ["cph", "diof", "pp"], "creator": "Thomas Houseworth & Co.", "call_number": "LOT 13235, no. 8 [item] [P&P]", "medium_brief": "1 photographic print on stereo card :", "source_modified": "2004-02-19T00:00:00Z", "pk": "2003653087", "created_published_date": "[ca. 1870]", "subjects": ["Bodies of water--California, Northern--1870-1880.", "Landscape photographs--1870-1880.", "Photographic prints--1870-1880.", "Stereographs--1870-1880."]}, {"source_created": "2003-05-06T00:00:00Z", "index": 10, "medium": "1 photographic print.", "reproduction_number": "LC-USZ62-132843 (b&w film copy neg.)", "links": {"item": "https://www.loc.gov/pictures/item/2003668188/", "resource": "https://www.loc.gov/pictures/item/2003668188/resource/"}, "title": "Silver Spring[s], Florida, moonlight", "image": {"alt": "digitized item thumbnail", "full": "https://tile.loc.gov/storage-services/service/pnp/cph/3c30000/3c32000/3c32800/3c32843r.jpg", "square": "https://tile.loc.gov/storage-services/service/pnp/cph/3c30000/3c32000/3c32800/3c32843_75x75px.jpg", "thumb": "https://tile.loc.gov/storage-services/service/pnp/cph/3c30000/3c32000/3c32800/3c32843_150px.jpg"}, "created": "2016-04-20T00:00:00Z", "modified": "2016-04-20T00:00:00Z", "collection": ["cph", "diof", "pp"], "creator": "Barker, George, 1844-1894", "call_number": "LOT 3282-3 [item] [P&P]", "medium_brief": "1 photographic print.", "source_modified": "2004-01-13T00:00:00Z", "pk": "2003668188", "created_published_date": "c1887 Mar. 31.]", "subjects": ["Moonlight--Silver Springs--Florida--1880-1890.", "Bodies of water--Silver Springs--Florida--1880-1890.", "Reflections--1880-1890.", "Night photographs--1880-1890.", "Photographic prints--1880-1890."]}, {"source_created": "2003-05-19T00:00:00Z", "index": 11, "medium": "1 photographic print : albumen.", "reproduction_number": "LC-USZ62-82042 (b&w film copy neg.)", "links": {"item": "https://www.loc.gov/pictures/item/2003670596/", "resource": "https://www.loc.gov/pictures/item/2003670596/resource/"}, "title": "[A gray German horse name Bahad\u0131r]", "image": {"alt": "digitized item thumbnail", "full": "https://tile.loc.gov/storage-services/service/pnp/cph/3b40000/3b46000/3b46500/3b46541r.jpg", "square": "https://tile.loc.gov/storage-services/service/pnp/cph/3b40000/3b46000/3b46500/3b46541_75x75px.jpg", "thumb": "https://tile.loc.gov/storage-services/service/pnp/cph/3b40000/3b46000/3b46500/3b46541_150px.jpg"}, "created": "2016-04-20T00:00:00Z", "modified": "2016-04-20T00:00:00Z", "collection": ["ahii", "diof", "pp"], "creator": "Abdullah Fr\u00e9res", "call_number": "LOT 9546, no. 6 [item] [P&P]", "medium_brief": "1 photographic print :", "source_modified": "2009-04-15T00:00:00Z", "pk": "2003670596", "created_published_date": "[between 1880 and 1893]", "subjects": ["Horses--Turkey--\u0130stanbul \u0130li--1880-1900.", "Horseback riding--Turkey--\u0130stanbul \u0130li--1880-1900.", "Bodies of water--Turkey--\u0130stanbul \u0130li--1880-1900.", "Albumen prints--1880-1900."]}, {"source_created": "2004-05-05T00:00:00Z", "index": 12, "medium": "1 print : aquatint and etching.", "reproduction_number": "LC-USZ62-46048 (b&w film copy neg. in P&P)", "links": {"item": "https://www.loc.gov/pictures/item/2004671435/", "resource": "https://www.loc.gov/pictures/item/2004671435/resource/"}, "title": "A view of Louisbourg from the north east", "image": {"alt": "digitized item thumbnail", "full": "https://tile.loc.gov/storage-services/service/pnp/cph/3a40000/3a46000/3a46200/3a46226r.jpg", "square": "https://tile.loc.gov/storage-services/service/pnp/cph/3a40000/3a46000/3a46200/3a46226_75x75px.jpg", "thumb": "https://tile.loc.gov/storage-services/service/pnp/cph/3a40000/3a46000/3a46200/3a46226_150px.jpg"}, "created": "2016-04-20T00:00:00Z", "modified": "2016-04-20T00:00:00Z", "collection": ["cph", "diof", "pp"], "creator": "Des Barres, Joseph F. W. (Joseph Frederick Wallet), 1722-1824", "call_number": "Atlantic Neptune Collection - Views [item] [Geography & Map RR]", "medium_brief": "1 print :", "source_modified": "2005-06-01T00:00:00Z", "pk": "2004671435", "created_published_date": "[1777 July 26]", "subjects": ["Cities & towns--Nova Scotia--1770-1780.", "Bays (Bodies of water)--1770-1780.", "Louisbourg (N.S.)--1770-1780.", "United States--History--Revolution, 1775-1783.", "Intaglio prints--1770-1780.", "Marine prints--1770-1780."]}, {"source_created": "2004-05-05T00:00:00Z", "index": 13, "medium": "1 print : aquatint and etching.", "reproduction_number": "LC-USZ62-46043 (b&w film copy neg. in P&P of cropped image)", "links": {"item": "https://www.loc.gov/pictures/item/2004671437/", "resource": "https://www.loc.gov/pictures/item/2004671437/resource/"}, "title": "[Milford Haven - the head of the Bay of Chedabucto]", "image": {"alt": "digitized item thumbnail", "full": "https://tile.loc.gov/storage-services/service/pnp/cph/3a40000/3a46000/3a46200/3a46221r.jpg", "square": "https://tile.loc.gov/storage-services/service/pnp/cph/3a40000/3a46000/3a46200/3a46221_75x75px.jpg", "thumb": "https://tile.loc.gov/storage-services/service/pnp/cph/3a40000/3a46000/3a46200/3a46221_150px.jpg"}, "created": "2016-04-20T00:00:00Z", "modified": "2016-04-20T00:00:00Z", "collection": ["cph", "diof", "pp"], "creator": "Des Barres, Joseph F. W. (Joseph Frederick Wallet), 1722-1824", "call_number": "Atlantic Neptune Collection - Views [item] [Geography & Map RR]", "medium_brief": "1 print :", "source_modified": "2005-06-01T00:00:00Z", "pk": "2004671437", "created_published_date": "1781 May 1t.", "subjects": ["Bays (Bodies of water)--1780-1790.", "Capes (Coasts)--1780-1790.", "Chedabucto Bay (N.S.)--1780-1790.", "United States--History--Revolution, 1775-1783.", "Intaglio prints--1780-1790.", "Marine prints--1780-1790."]}, {"source_created": "2004-05-05T00:00:00Z", "index": 14, "medium": "1 print (2 pages) : etching.", "reproduction_number": "LC-USZ62-46040 (b&w film copy neg. in P&P of cropped image)", "links": {"item": "https://www.loc.gov/pictures/item/2004671438/", "resource": "https://www.loc.gov/pictures/item/2004671438/resource/"}, "title": "[View of the entrance to White Haven]", "image": {"alt": "digitized item thumbnail", "full": "https://tile.loc.gov/storage-services/service/pnp/cph/3a40000/3a46000/3a46200/3a46218r.jpg", "square": "https://tile.loc.gov/storage-services/service/pnp/cph/3a40000/3a46000/3a46200/3a46218_75x75px.jpg", "thumb": "https://tile.loc.gov/storage-services/service/pnp/cph/3a40000/3a46000/3a46200/3a46218_150px.jpg"}, "created": "2016-04-20T00:00:00Z", "modified": "2016-04-20T00:00:00Z", "collection": ["cph", "diof", "pp"], "creator": "Des Barres, Joseph F. W. (Joseph Frederick Wallet), 1722-1824", "call_number": "Atlantic Neptune Collection - Views [item] [Geography & Map RR]", "medium_brief": "1 print (2 pages) :", "source_modified": "2009-07-09T00:00:00Z", "pk": "2004671438", "created_published_date": "1774 March 20th.", "subjects": ["Bays (Bodies of water)--1770-1780.", "Islands--1770-1780.", "United States--History--Revolution, 1775-1783.", "Etchings--1770-1780.", "Marine prints--1770-1780."]}, {"source_created": "2004-05-05T00:00:00Z", "index": 15, "medium": "1 print : etching.", "reproduction_number": "LC-USZ62-2771 (b&w film copy neg.)", "links": {"item": "https://www.loc.gov/pictures/item/2004671439/", "resource": "https://www.loc.gov/pictures/item/2004671439/resource/"}, "title": "A view of Louisburg in North America, taken near the light house when that city was besieged in 1758 Vue de Louisburg, dans l'Amerique Septentrionale, prise du fanal durant le dernier siege en 1758 /", "image": {"alt": "digitized item thumbnail", "full": "https://tile.loc.gov/storage-services/service/pnp/cph/3a00000/3a06000/3a06300/3a06391r.jpg", "square": "https://tile.loc.gov/storage-services/service/pnp/cph/3a00000/3a06000/3a06300/3a06391_75x75px.jpg", "thumb": "https://tile.loc.gov/storage-services/service/pnp/cph/3a00000/3a06000/3a06300/3a06391_150px.jpg"}, "created": "2016-04-20T00:00:00Z", "modified": "2016-04-20T00:00:00Z", "collection": ["cph", "diof", "pp"], "creator": "Canot, Pierre Charles, 1710-1777", "call_number": "Illus. in NE1714 .S4 (folio) [General Collections]", "medium_brief": "1 print :", "source_modified": "2005-06-01T00:00:00Z", "pk": "2004671439", "created_published_date": "1768]", "subjects": ["Harbors--Nova Scotia--Louisbourg--1760-1770.", "Lighthouses--Nova Scotia--Louisbourg--1760-1770.", "Bays (Bodies of water)--1760-1770.", "Louisbourg (N.S.)--History--Siege, 1758.", "United States--History--Revolution, 1775-1783.", "Book illustrations--1760-1770.", "Etchings--1760-1770.", "Marine prints--1760-1770."]}, {"source_created": "2004-05-14T00:00:00Z", "index": 16, "medium": "4 prints (2 pages) : aquatint and etching.", "reproduction_number": "LC-USZ62-46056 (b&w film copy neg. in P&P)", "links": {"item": "https://www.loc.gov/pictures/item/2004671485/", "resource": "https://www.loc.gov/pictures/item/2004671485/resource/"}, "title": "[Views from offshore of the New England coastline and islands at the entrance to Boston Harbor]", "image": {"alt": "digitized item thumbnail", "full": "https://tile.loc.gov/storage-services/service/pnp/cph/3a40000/3a46000/3a46200/3a46234r.jpg", "square": "https://tile.loc.gov/storage-services/service/pnp/cph/3a40000/3a46000/3a46200/3a46234_75x75px.jpg", "thumb": "https://tile.loc.gov/storage-services/service/pnp/cph/3a40000/3a46000/3a46200/3a46234_150px.jpg"}, "created": "2016-04-20T00:00:00Z", "modified": "2016-04-20T00:00:00Z", "collection": ["cph", "diof", "pp"], "creator": "Des Barres, Joseph F. W. (Joseph Frederick Wallet), 1722-1824", "call_number": "Atlantic Neptune Collection - Views [item] [Geography & Map RR]", "medium_brief": "4 prints (2 pages) :", "source_modified": "2005-06-01T00:00:00Z", "pk": "2004671485", "created_published_date": "1777 Oct 7.", "subjects": ["Capes (Coasts)--New England--1770-1780.", "Bays (Bodies of water)--Massachusetts--1770-1780.", "Islands--Massachusetts--1770-1780.", "Boston Harbor Islands (Mass.)--1770-1780.", "Boston Harbor (Mass.)--1770-1780.", "United States--History--Revolution, 1775-1783.", "Intaglio prints--1770-1780.", "Marine prints--1770-1780."]}, {"source_created": "1994-01-01T00:00:00Z", "index": 17, "medium": "1 photographic print : gelatin silver ; 8 x 10 in. or smaller.", "reproduction_number": "LC-D4271-384 (b&w film copy neg.)", "links": {"item": "https://www.loc.gov/pictures/item/2004707352/", "resource": "https://www.loc.gov/pictures/item/2004707352/resource/"}, "title": "Native sail boats between Bombay and Karachi on Gulf of Kutch", "image": {"alt": "digitized item thumbnail", "full": "https://tile.loc.gov/storage-services/service/pnp/wtc/4a00000/4a02000/4a02600/4a02616r.jpg", "square": "https://tile.loc.gov/storage-services/service/pnp/wtc/4a00000/4a02000/4a02600/4a02616_75x75px.jpg", "thumb": "https://tile.loc.gov/storage-services/service/pnp/wtc/4a00000/4a02000/4a02600/4a02616_150px.jpg"}, "created": "2016-04-20T00:00:00Z", "modified": "2016-04-20T00:00:00Z", "collection": ["ammem", "diof", "minload", "pp", "wtc"], "creator": "Jackson, William Henry, 1843-1942", "call_number": "LOT 11948, no. 384 [P&P]", "medium_brief": "1 photographic print :", "source_modified": "2013-06-14T00:00:00Z", "pk": "2004707352", "created_published_date": "[1895]", "subjects": ["Sailboats.", "Bays (Bodies of water)", "India.", "Photographic prints."]}, {"source_created": "1994-01-01T00:00:00Z", "index": 18, "medium": "1 photographic print : gelatin silver ; 8 x 10 in. or smaller.", "reproduction_number": "LC-D426-792 (b&w glass neg.)", "links": {"item": "https://www.loc.gov/pictures/item/2004707474/", "resource": "https://www.loc.gov/pictures/item/2004707474/resource/"}, "title": "Birds-eye view of coastal inlet", "image": {"alt": "digitized item thumbnail", "full": "https://tile.loc.gov/storage-services/service/pnp/wtc/4a00000/4a02000/4a02700/4a02741r.jpg", "square": "https://tile.loc.gov/storage-services/service/pnp/wtc/4a00000/4a02000/4a02700/4a02741_75x75px.jpg", "thumb": "https://tile.loc.gov/storage-services/service/pnp/wtc/4a00000/4a02000/4a02700/4a02741_150px.jpg"}, "created": "2016-04-20T00:00:00Z", "modified": "2016-04-20T00:00:00Z", "collection": ["ammem", "diof", "minload", "pp", "wtc"], "creator": "Jackson, William Henry, 1843-1942", "call_number": "LOT 11948, no. 792 [P&P]", "medium_brief": "1 photographic print :", "source_modified": "2013-06-13T00:00:00Z", "pk": "2004707474", "created_published_date": "1895 Summer.", "subjects": ["Bays (Bodies of water)", "New Zealand.", "Photographic prints."]}, {"source_created": "1994-01-01T00:00:00Z", "index": 19, "medium": "1 slide : lantern ; 3.25 x 4 in.", "reproduction_number": "", "links": {"item": "https://www.loc.gov/pictures/item/2004707555/", "resource": "https://www.loc.gov/pictures/item/2004707555/resource/"}, "title": "Tunis - view of Golita and Bay of Tunis", "image": {"alt": "digitized item thumbnail", "full": "https://tile.loc.gov/storage-services/service/pnp/wtc/4a00000/4a02000/4a02800/4a02834r.jpg", "square": "https://tile.loc.gov/storage-services/service/pnp/wtc/4a00000/4a02000/4a02800/4a02834_75x75px.jpg", "thumb": "https://tile.loc.gov/storage-services/service/pnp/wtc/4a00000/4a02000/4a02800/4a02834_150px.jpg"}, "created": "2016-04-20T00:00:00Z", "modified": "2016-04-20T00:00:00Z", "collection": ["ammem", "diof", "minload", "pp", "wtc"], "creator": "Jackson, William Henry, 1843-1942", "call_number": "LC-W7- 53 [P&P]", "medium_brief": "1 slide :", "source_modified": "2013-06-20T00:00:00Z", "pk": "2004707555", "created_published_date": "[1894 Nov.]", "subjects": ["Bays (Bodies of water)", "Tunisia--Tunis.", "Lantern slides."]}, {"source_created": "2006-01-26T00:00:00Z", "index": 20, "medium": "1 print (poster) : lithograph, color ; 100 x 62 cm.", "reproduction_number": "LC-USZC4-13182 (color film copy transparency)", "links": {"item": "https://www.loc.gov/pictures/item/2006675156/", "resource": "https://www.loc.gov/pictures/item/2006675156/resource/"}, "title": "C\u00f4te d'Azur", "image": {"alt": "digitized item thumbnail", "full": "https://tile.loc.gov/storage-services/service/pnp/cph/3g10000/3g13000/3g13100/3g13182_150px.jpg", "square": "https://tile.loc.gov/storage-services/service/pnp/cph/3g10000/3g13000/3g13100/3g13182_75x75px.jpg", "thumb": "https://tile.loc.gov/storage-services/service/pnp/cph/3g10000/3g13000/3g13100/3g13182_150px.jpg"}, "created": "2016-04-20T00:00:00Z", "modified": "2016-04-20T00:00:00Z", "collection": ["pos", "pp"], "creator": "Hugen, Roland", "call_number": "POS - Fr .H82, no. 1 (C size) [P&P]", "medium_brief": "1 print (poster) :", "source_modified": "2006-01-27T00:00:00Z", "pk": "2006675156", "created_published_date": "1947.", "subjects": ["Sailboats--France--Riviera--1940-1950.", "Bays (Bodies of water)--France--Riviera--1940-1950.", "Lithographs--Color--1940-1950.", "Travel posters--French--1940-1950."]}]}