{"search": {"field": "subject", "hits": 4, "sort_order": null, "do_facets": true, "focus_item": null, "query": "A-frame buildings", "type": "search", "sort_by": null}, "focus": null, "views": {"current": "list", "grid": "https://www.loc.gov/pictures/search/?q=A-frame+buildings&fi=subject&va=exact&st=grid&op=PHRASE", "list": "https://www.loc.gov/pictures/search/?q=A-frame+buildings&fi=subject&op=PHRASE&va=exact", "gallery": "https://www.loc.gov/pictures/search/?q=A-frame+buildings&fi=subject&va=exact&st=gallery&op=PHRASE", "slideshow": "https://www.loc.gov/pictures/search/?q=A-frame+buildings&fi=subject&va=exact&st=slideshow&op=PHRASE"}, "facets": [{"type": "displayed", "filters": [{"count": 4, "on": "https://www.loc.gov/pictures/search/?va=exact&sp=1&q=A-frame+buildings&fa=displayed%3Aanywhere&fi=subject&op=PHRASE&fo=json", "selected": false, "off": "https://www.loc.gov/pictures/search/?va=exact&sp=1&q=A-frame+buildings&fi=subject&fo=json&op=PHRASE", "title": "Larger image available anywhere"}, {"count": 0, "on": "https://www.loc.gov/pictures/search/?va=exact&sp=1&q=A-frame+buildings&fa=displayed%3Alc_only&fi=subject&op=PHRASE&fo=json", "selected": false, "off": "https://www.loc.gov/pictures/search/?va=exact&sp=1&q=A-frame+buildings&fi=subject&fo=json&op=PHRASE", "title": "Larger image available only at the Library of Congress"}, {"count": 0, "on": "https://www.loc.gov/pictures/search/?va=exact&sp=1&q=A-frame+buildings&fa=displayed%3Anot_digitized&fi=subject&op=PHRASE&fo=json", "selected": false, "off": "https://www.loc.gov/pictures/search/?va=exact&sp=1&q=A-frame+buildings&fi=subject&fo=json&op=PHRASE", "title": "Not Digitized"}], "title": "displayed"}], "links": {"json": "//www.loc.gov/pictures/search/?fi=subject&q=A-frame+buildings&op=PHRASE&va=exact&fo=json", "html": "//www.loc.gov/pictures/search/?fi=subject&q=A-frame+buildings&op=PHRASE&va=exact", "rss": "//www.loc.gov/pictures/search/?fi=subject&q=A-frame+buildings&op=PHRASE&va=exact&fo=rss"}, "suggestions": {"possible": []}, "pages": {"current": 1, "next": null, "perpage": 20, "last": null, "page_list": [{"url": null, "number": 1}], "previous": null, "total": 1, "results": "1 - 4", "first": null}, "collection": null, "results": [{"source_created": "2000-06-28T00:00:00Z", "index": 1, "medium": "1 negative (3 frames) : glass, b&w, three-color separation ; 24 x 9 cm.", "reproduction_number": "LC-DIG-prokc-21438 (digital color composite from digital file from glass neg.)\nLC-DIG-prok-11438 (detail of digital file showing single frame from glass neg.)\nLC-DIG-prok-01438 (digital file from glass neg.)", "links": {"item": "https://www.loc.gov/pictures/item/2018681113/", "resource": "https://www.loc.gov/pictures/item/2018681113/resource/"}, "title": "Baraki podri\ufe20a\ufe21dchika. [Ri\ufe20e\ufe21ka Oki\ufe20e\ufe21]", "image": {"alt": "digitized item thumbnail", "full": "https://tile.loc.gov/storage-services/service/pnp/prokc/21400/21438r.jpg", "square": "https://tile.loc.gov/storage-services/service/pnp/prokc/21400/21438_75x75px.jpg", "thumb": "https://tile.loc.gov/storage-services/service/pnp/prokc/21400/21438_150px.jpg"}, "created": "2018-12-11T00:00:00Z", "modified": "2018-12-11T00:00:00Z", "collection": ["diof", "intldl", "minload", "mtfpgp", "mtfront", "pp", "prok", "si"], "creator": "Prokudin-Gorski\u012d, Serge\u012d Mikha\u012dlovich, 1863-1944", "call_number": "LC-P87- 6741 [P&P] LOT 10343,", "medium_brief": "1 negative (3 frames) :", "source_modified": "2018-12-07T00:00:00Z", "pk": "2018681113", "created_published_date": "1912.", "subjects": ["A-frame buildings.", "Barracks.", "Men.", "Russia (Federation)--Oka River Region (Kurskai\ufe20a\ufe21 oblast\u02b9-Nizhegorodskai\ufe20a\ufe21 oblast{s", "Color separation negatives.", "Glass negatives."]}, {"source_created": "2018-01-31T00:00:00Z", "index": 2, "medium": "1 photograph : digital, tiff file, color.", "reproduction_number": "LC-DIG-highsm-49900 (original digital file)", "links": {"item": "https://www.loc.gov/pictures/item/2018698102/", "resource": "https://www.loc.gov/pictures/item/2018698102/resource/"}, "title": "A-frame tourist cabins at a small resort in Fort Klamath, Oregon", "image": {"alt": "digitized item thumbnail", "full": "https://tile.loc.gov/storage-services/service/pnp/highsm/49900/49900r.jpg", "square": "https://tile.loc.gov/storage-services/service/pnp/highsm/49900/49900_75x75px.jpg", "thumb": "https://tile.loc.gov/storage-services/service/pnp/highsm/49900/49900_150px.jpg"}, "created": "2019-09-17T00:00:00Z", "modified": "2019-09-17T00:00:00Z", "collection": ["diof", "highsm", "pp"], "creator": "Highsmith, Carol M., 1946-", "call_number": "LC-DIG-highsm- 49900 (ONLINE) [P&P]", "medium_brief": "1 photograph :", "source_modified": "2019-06-26T00:00:00Z", "pk": "2018698102", "created_published_date": "2018-05-02.", "subjects": ["United States--Oregon--Fort Klamath.", "America", "A-frame buildings", "Tourist cabins", "Digital photographs--Color--2010-2020."]}, {"source_created": "2000-06-28T00:00:00Z", "index": 3, "medium": "1 negative (3 frames) : glass, b&w, three-color separation ; 24 x 9 cm.", "reproduction_number": "LC-DIG-ppmsc-04423 (digital color rendering from digital files from glass neg.)\nLC-DIG-prokc-20279 (digital color composite from digital file from glass neg.)\nLC-DIG-prok-10279 (detail of digital file showing single frame from glass neg.)\nLC-DIG-prok-00279 (digital file from glass neg.)", "links": {"item": "https://www.loc.gov/pictures/item/2018679203/", "resource": "https://www.loc.gov/pictures/item/2018679203/resource/"}, "title": "Voennopli e nnye avstr  t s y u baraka, [near Kiappeselga]", "image": {"alt": "digitized item thumbnail", "full": "https://tile.loc.gov/storage-services/service/pnp/ppmsc/04400/04423r.jpg", "square": "https://tile.loc.gov/storage-services/service/pnp/ppmsc/04400/04423_75x75px.jpg", "thumb": "https://tile.loc.gov/storage-services/service/pnp/ppmsc/04400/04423_150px.jpg"}, "created": "2020-10-06T06:10:25Z", "modified": "2020-10-06T06:10:31Z", "collection": ["diof", "intldl", "minload", "mtfpgp", "mtfront", "pp", "prok", "si"], "creator": "Prokudin-Gorski , Serge  Mikha lovich, 1863-1944", "call_number": "LC-P87- 2067 [P&P] LOT 10334,", "medium_brief": "1 negative (3 frames) :", "source_modified": "2020-09-21T21:36:52Z", "pk": "2018679203", "created_published_date": "[1915]", "subjects": ["World War, 1914-1918--Prisoners--Austrian--Russia.", "Prisoners of war.", "Prison guards.", "Barracks.", "A-frame buildings.", "Russia (Federation)--Kiappeselga.", "Color separation negatives.", "Glass negatives.", "Group portraits.", "Portrait photographs."]}, {"source_created": "2020-11-10T00:00:00Z", "index": 4, "medium": "1 photograph : digital, tiff file, color.", "reproduction_number": "LC-DIG-highsm-59504 (original digital file)", "links": {"item": "https://www.loc.gov/pictures/item/2020721700/", "resource": "https://www.loc.gov/pictures/item/2020721700/resource/"}, "title": "A-frame-style headquarters building of the Forest Park Nature Center in Peoria, Illinois", "image": {"alt": "digitized item thumbnail", "full": "https://tile.loc.gov/storage-services/service/pnp/highsm/59500/59504r.jpg", "square": "https://tile.loc.gov/storage-services/service/pnp/highsm/59500/59504_75x75px.jpg", "thumb": "https://tile.loc.gov/storage-services/service/pnp/highsm/59500/59504_150px.jpg"}, "created": "2020-12-01T10:45:09Z", "modified": "2020-12-01T10:45:10Z", "collection": ["diof", "highsm", "pp"], "creator": "Highsmith, Carol M., 1946-", "call_number": "LC-DIG-highsm- 59504 (ONLINE) [P&P]", "medium_brief": "1 photograph :", "source_modified": "2020-11-24T08:49:08Z", "pk": "2020721700", "created_published_date": "2019-10-13.", "subjects": ["United States--Illinois --Peoria.", "America", "A-frame buildings", "Forest Park Nature Center", "Digital photographs--Color--2010-2020."]}]}