{"search": {"field": "subject", "hits": 4103, "sort_order": null, "do_facets": true, "focus_item": null, "query": "Performances", "type": "search", "sort_by": null}, "focus": null, "views": {"current": "list", "grid": "https://www.loc.gov/pictures/search/?q=Performances&fi=subject&va=exact&st=grid&op=PHRASE", "list": "https://www.loc.gov/pictures/search/?q=Performances&fi=subject&op=PHRASE&va=exact", "gallery": "https://www.loc.gov/pictures/search/?q=Performances&fi=subject&va=exact&st=gallery&op=PHRASE", "slideshow": "https://www.loc.gov/pictures/search/?q=Performances&fi=subject&va=exact&st=slideshow&op=PHRASE"}, "facets": [{"type": "displayed", "filters": [{"count": 1597, "on": "https://www.loc.gov/pictures/search/?va=exact&sp=1&q=Performances&fa=displayed%3Aanywhere&fi=subject&op=PHRASE&fo=json", "selected": false, "off": "https://www.loc.gov/pictures/search/?va=exact&sp=1&q=Performances&fi=subject&fo=json&op=PHRASE", "title": "Larger image available anywhere"}, {"count": 1297, "on": "https://www.loc.gov/pictures/search/?va=exact&sp=1&q=Performances&fa=displayed%3Alc_only&fi=subject&op=PHRASE&fo=json", "selected": false, "off": "https://www.loc.gov/pictures/search/?va=exact&sp=1&q=Performances&fi=subject&fo=json&op=PHRASE", "title": "Larger image available only at the Library of Congress"}, {"count": 1209, "on": "https://www.loc.gov/pictures/search/?va=exact&sp=1&q=Performances&fa=displayed%3Anot_digitized&fi=subject&op=PHRASE&fo=json", "selected": false, "off": "https://www.loc.gov/pictures/search/?va=exact&sp=1&q=Performances&fi=subject&fo=json&op=PHRASE", "title": "Not Digitized"}], "title": "displayed"}], "links": {"json": "//www.loc.gov/pictures/search/?fi=subject&q=Performances&op=PHRASE&va=exact&fo=json", "html": "//www.loc.gov/pictures/search/?fi=subject&q=Performances&op=PHRASE&va=exact", "rss": "//www.loc.gov/pictures/search/?fi=subject&q=Performances&op=PHRASE&va=exact&fo=rss"}, "suggestions": {"possible": []}, "pages": {"current": 1, "next": "https://www.loc.gov/pictures/search/?q=Performances&fi=subject&sp=2&op=PHRASE&va=exact", "perpage": 20, "last": "https://www.loc.gov/pictures/search/?q=Performances&fi=subject&sp=205&op=PHRASE&va=exact", "page_list": [{"url": null, "number": 1}, {"url": "https://www.loc.gov/pictures/search/?q=Performances&fi=subject&sp=2&op=PHRASE&va=exact", "number": 2}, {"url": "https://www.loc.gov/pictures/search/?q=Performances&fi=subject&sp=3&op=PHRASE&va=exact", "number": 3}, {"url": "https://www.loc.gov/pictures/search/?q=Performances&fi=subject&sp=4&op=PHRASE&va=exact", "number": 4}, {"url": "https://www.loc.gov/pictures/search/?q=Performances&fi=subject&sp=5&op=PHRASE&va=exact", "number": 5}, {"url": "https://www.loc.gov/pictures/search/?q=Performances&fi=subject&sp=6&op=PHRASE&va=exact", "number": "..."}, {"url": "https://www.loc.gov/pictures/search/?q=Performances&fi=subject&sp=205&op=PHRASE&va=exact", "number": 205}], "previous": null, "total": 205, "results": "1 - 20", "first": null}, "collection": null, "results": [{"source_created": "2002-08-21T00:00:00Z", "index": 1, "medium": "1 print (poster) : color ; 104 x 69 cm.", "reproduction_number": "LC-DIG-ppmsc-04675 (digital file from original)\nLC-USZC4-1228 (color film copy transparency)", "links": {"item": "https://www.loc.gov/pictures/item/2002719171/", "resource": "https://www.loc.gov/pictures/item/2002719171/resource/"}, "title": "Dinner at Eight", "image": {"alt": "digitized item thumbnail", "full": "https://tile.loc.gov/storage-services/service/pnp/ppmsc/04600/04675_150px.jpg", "square": "https://tile.loc.gov/storage-services/service/pnp/ppmsc/04600/04675_75x75px.jpg", "thumb": "https://tile.loc.gov/storage-services/service/pnp/ppmsc/04600/04675_150px.jpg"}, "created": "2016-04-21T00:00:00Z", "modified": "2016-04-21T00:00:00Z", "collection": ["cph", "pp"], "creator": null, "call_number": "POS - MOT. PIC. - 1933 .D56, no. 1 (C size) [P&P]", "medium_brief": "1 print (poster) :", "source_modified": "2013-12-03T00:00:00Z", "pk": "2002719171", "created_published_date": "1933.", "subjects": ["Harlow, Jean,--1911-1937--Performances.", "Dressler, Marie,--1869-1934--Performances.", "Barrymore, John,--1882-1942--Performances.", "Beery, Wallace--Performances.", "Barrymore, Lionel,--1878-1954--Performances.", "Tracy, Lee,--1898-1968--Performances.", "Lowe, Edmund,--1890-1971--Performances.", "Burke, Billie,--1885-1970--Performances.", "Women--Social life--1930-1940.", "Motion picture posters--American--1930-1940.", "Prints--Color--1930-1940."]}, {"source_created": "2006-04-28T00:00:00Z", "index": 2, "medium": "1 print (poster) : color ; 104 x 69 cm.", "reproduction_number": "LC-USZC4-13325 (color film copy transparency)", "links": {"item": "https://www.loc.gov/pictures/item/2006680334/", "resource": "https://www.loc.gov/pictures/item/2006680334/resource/"}, "title": "Judgment at Nuremberg", "image": {"alt": "digitized item thumbnail", "full": "https://tile.loc.gov/storage-services/service/pnp/cph/3g10000/3g13000/3g13300/3g13325_150px.jpg", "square": "https://tile.loc.gov/storage-services/service/pnp/cph/3g10000/3g13000/3g13300/3g13325_75x75px.jpg", "thumb": "https://tile.loc.gov/storage-services/service/pnp/cph/3g10000/3g13000/3g13300/3g13325_150px.jpg"}, "created": "2016-04-20T00:00:00Z", "modified": "2016-04-20T00:00:00Z", "collection": ["cph", "pp"], "creator": null, "call_number": "Unprocessed in PR 13 CN 2005:116 [item] [P&P]", "medium_brief": "1 print (poster) :", "source_modified": "2006-04-28T00:00:00Z", "pk": "2006680334", "created_published_date": "c1961.", "subjects": ["Tracy, Spencer,--1900-1967--Performances.", "Lancaster, Burt,--1913-1994--Performances.", "Dietrich, Marlene--Performances.", "Garland, Judy--Performances.", "Clift, Montgomery--Performances.", "Schell, Maximilian--Performances.", "Widmark, Richard--Performances.", "Motion picture posters--American--1960-1970.", "Prints--Color--1960-1970."]}, {"source_created": "2015-02-09T00:00:00Z", "index": 3, "medium": "1 print : silkscreen ; sheet 66 x 33 cm (poster format)", "reproduction_number": "LC-DIG-ppmsca-38483 (digital file from original item)", "links": {"item": "https://www.loc.gov/pictures/item/2015645509/", "resource": "https://www.loc.gov/pictures/item/2015645509/resource/"}, "title": "\"Blues for Salvador\" Building a new El Salvador today.", "image": {"alt": "digitized item thumbnail", "full": "https://tile.loc.gov/storage-services/service/pnp/ppmsca/38400/38483_150px.jpg", "square": "https://tile.loc.gov/storage-services/service/pnp/ppmsca/38400/38483_75x75px.jpg", "thumb": "https://tile.loc.gov/storage-services/service/pnp/ppmsca/38400/38483_150px.jpg"}, "created": "2016-04-21T00:00:00Z", "modified": "2016-04-21T00:00:00Z", "collection": ["cph", "pp"], "creator": "Sances, Jos.", "call_number": "Unprocessed in PR 13 CN 2010:175-6, no. 397 [P&P]", "medium_brief": "1 print :", "source_modified": "2015-02-10T00:00:00Z", "pk": "2015645509", "created_published_date": "1988.", "subjects": ["Santana, Carlos--Performances.", "Caribbean Allstars--Performances.", "Garcia, Jerry,--1942-1995--Performances.", "NRBQ (Musical group)--Performances.", "Raitt, Bonnie--Performances.", "Scaggs, Boz,--1944---Performances.", "Tower of Power (Musical group)--Performances.", "Musicians--1980-1990.", "Concerts--California--Oakland--1980-1990.", "Fund raising--California--Oakland--1980-1990.", "El Salvador.", "Rock posters--American--1980-1990.", "Screen prints--Color--1980-1990."]}, {"source_created": "2013-07-18T00:00:00Z", "index": 4, "medium": "1 print (poster) : color.", "reproduction_number": "LC-DIG-ppmsc-04767 (digital file from original)", "links": {"item": "https://www.loc.gov/pictures/item/2013648140/", "resource": "https://www.loc.gov/pictures/item/2013648140/resource/"}, "title": "The Merry Frinks", "image": {"alt": "digitized item thumbnail", "full": "https://tile.loc.gov/storage-services/service/pnp/ppmsc/04700/04767_150px.jpg", "square": "https://tile.loc.gov/storage-services/service/pnp/ppmsc/04700/04767_75x75px.jpg", "thumb": "https://tile.loc.gov/storage-services/service/pnp/ppmsc/04700/04767_150px.jpg"}, "created": "2017-04-25T00:00:00Z", "modified": "2017-04-25T00:00:00Z", "collection": ["cph", "pp"], "creator": null, "call_number": "POS - MOT. PIC. - 1934 .M43 (C size) [P&P]", "medium_brief": "1 print (poster) :", "source_modified": "2017-04-21T00:00:00Z", "pk": "2013648140", "created_published_date": "1934.", "subjects": ["Kibbee, Guy,--1882-1956--Performances.", "MacMahon, Aline,--1899-1991--Performances.", "Jenkins, Allen,--1900-1974--Performances.", "Herbert, Hugh,--1885-1952--Performances.", "Lowell, Helen,--1866-1937--Performances.", "Darro, Frankie,--1918-1976--Performances.", "Wheeler, Joan,--1913-2001--Performances.", "Drama--1930-1940.", "Comedies--1930-1940.", "Families--1930-1940.", "Motion pictures--1930-1940.", "Motion picture posters--American--1930-1940.", "Prints--Color--1930-1940."]}, {"source_created": "2005-12-29T00:00:00Z", "index": 5, "medium": "1 print (poster) : color ; 91 x 36 cm.", "reproduction_number": "LC-USZC4-12849 (color film copy transparency)", "links": {"item": "https://www.loc.gov/pictures/item/2005697201/", "resource": "https://www.loc.gov/pictures/item/2005697201/resource/"}, "title": "Hitler's children", "image": {"alt": "digitized item thumbnail", "full": "https://tile.loc.gov/storage-services/service/pnp/cph/3g10000/3g12000/3g12800/3g12849_150px.jpg", "square": "https://tile.loc.gov/storage-services/service/pnp/cph/3g10000/3g12000/3g12800/3g12849_75x75px.jpg", "thumb": "https://tile.loc.gov/storage-services/service/pnp/cph/3g10000/3g12000/3g12800/3g12849_150px.jpg"}, "created": "2016-04-20T00:00:00Z", "modified": "2016-04-20T00:00:00Z", "collection": ["cph", "pp"], "creator": null, "call_number": "Unprocessed in PR 13 CN 2005:116 [item] [P&P]", "medium_brief": "1 print (poster) :", "source_modified": "2005-12-30T00:00:00Z", "pk": "2005697201", "created_published_date": "c1943.", "subjects": ["X--Performances.", "Granville, Bonita,--1923---Performances.", "Holt, Tim,--1918-1973--Performances.", "Kruger, Otto,--1885-1974--Performances.", "Smith, Kent,--1907-1985--Performances.", "Warner, H. B.--(Henry Byron),--1876-1958--Performances.", "Motion picture posters--American--1940-1950.", "Prints--Color--1940-1950."]}, {"source_created": "2006-03-01T00:00:00Z", "index": 6, "medium": "1 print (poster) : color ; 85 x 62 cm.", "reproduction_number": "LC-USZC4-13196 (color film copy transparency)", "links": {"item": "https://www.loc.gov/pictures/item/2006677617/", "resource": "https://www.loc.gov/pictures/item/2006677617/resource/"}, "title": "Under Mexicos himmel", "image": {"alt": "digitized item thumbnail", "full": "https://tile.loc.gov/storage-services/service/pnp/cph/3g10000/3g13000/3g13100/3g13196_150px.jpg", "square": "https://tile.loc.gov/storage-services/service/pnp/cph/3g10000/3g13000/3g13100/3g13196_75x75px.jpg", "thumb": "https://tile.loc.gov/storage-services/service/pnp/cph/3g10000/3g13000/3g13100/3g13196_150px.jpg"}, "created": "2016-04-20T00:00:00Z", "modified": "2016-04-20T00:00:00Z", "collection": ["cph", "pp"], "creator": null, "call_number": "Unprocessed in PR 13 CN 2002:148 [item] [P&P]", "medium_brief": "1 print (poster) :", "source_modified": "2009-06-25T00:00:00Z", "pk": "2006677617", "created_published_date": "1949.", "subjects": ["Pidgeon, Walter,--1897-1984--Performances.", "McDowall, Roddy--Performances.", "Powell, Jane,--1929---Performances", "Massey, Ilona,--1910-1974--Performances.", "Cugat, Xavier,--1900-1990--Performances.", "Iturbi, Jose,--1895-1980--Performances.", "Motion picture posters--Danish--1940-1950.", "Prints--Color--1940-1950."]}, {"source_created": "1999-04-19T00:00:00Z", "index": 7, "medium": "1 print (poster) : color.", "reproduction_number": "LC-USZC4-6686 (color film copy transparency)", "links": {"item": "https://www.loc.gov/pictures/item/99404843/", "resource": "https://www.loc.gov/pictures/item/99404843/resource/"}, "title": "The Young Lions", "image": {"alt": "digitized item thumbnail", "full": "https://tile.loc.gov/storage-services/service/pnp/cph/3g00000/3g06000/3g06600/3g06686_150px.jpg", "square": "https://tile.loc.gov/storage-services/service/pnp/cph/3g00000/3g06000/3g06600/3g06686_75x75px.jpg", "thumb": "https://tile.loc.gov/storage-services/service/pnp/cph/3g00000/3g06000/3g06600/3g06686_150px.jpg"}, "created": "2016-04-20T00:00:00Z", "modified": "2016-04-20T00:00:00Z", "collection": ["cph", "pp"], "creator": null, "call_number": "POS - MOT. PIC. - 1958 .Y675, no. 1 (C size) [P&P]", "medium_brief": "1 print (poster) :", "source_modified": "2015-09-17T00:00:00Z", "pk": "99404843", "created_published_date": "c1958.", "subjects": ["Brando, Marlon--Performances.", "Clift, Montgomery--Performances.", "Martin, Dean,--1917-1995--Performances.", "Lange, Hope--Performances.", "Rush, Barbara,--1927---Performances.", "Britt, May,--1936---Performances.", "Motion picture posters--American--1950-1960.", "Prints--Color--1950-1960."]}, {"source_created": "2015-09-04T00:00:00Z", "index": 8, "medium": "1 photograph : gelatin silver print ; 19 x 23 cm.", "reproduction_number": "LC-DIG-ds-07790 (digital file from original item)", "links": {"item": "https://www.loc.gov/pictures/item/2015650658/", "resource": "https://www.loc.gov/pictures/item/2015650658/resource/"}, "title": "Frank Sinatra (right) was a member of \"The Hoboken Four\" when the quartet appeared on the \"Original Amateur Hour\" The late Major Bowes was then emcee of the long-running program.", "image": {"alt": "digitized item thumbnail", "full": "https://tile.loc.gov/storage-services/service/pnp/ds/07700/07790_150px.jpg", "square": "https://tile.loc.gov/storage-services/service/pnp/ds/07700/07790_75x75px.jpg", "thumb": "https://tile.loc.gov/storage-services/service/pnp/ds/07700/07790_150px.jpg"}, "created": "2016-04-21T00:00:00Z", "modified": "2016-04-21T00:00:00Z", "collection": ["cph", "pp"], "creator": null, "call_number": "NYWTS - BIOG--Sinatra, Frank [item] [P&P]", "medium_brief": "1 photograph :", "source_modified": "2015-09-08T00:00:00Z", "pk": "2015650658", "created_published_date": "[8 September 1935]", "subjects": ["Sinatra, Frank,--1915-1998--Performances--New York (State)--New York.", "Petrozelli, James,--1909-1981--Performances--New York (State)--New York.", "Tamburro, Fred,--1913-1987--Performances--New York (State)--New York.", "Principe, Pat--Performances--New York (State)--New York.", "Bowes, Edward,--Major,--1874-1946--Performances--New York (State)--New York.", "Hoboken Four (Musical group)--Performances--New York (State)--New York.", "Original amateur hour (Radio program)", "Bands--New York (State)--New York--1930-1940.", "Radio broadcasting--New York (State)--New York--1930-1940.", "Photographic prints--1930-1940."]}, {"source_created": "1999-08-13T00:00:00Z", "index": 9, "medium": "41 photographic prints (contact sheets).", "reproduction_number": "", "links": {"item": "https://www.loc.gov/pictures/item/2016720711/", "resource": null}, "title": "Talent jackpot", "image": {"alt": "Look magazine thumbnail", "full": "https://www.loc.gov/pictures/static/images/item/500x500_look.png", "square": "https://www.loc.gov/pictures/static/images/item/lmc_square.png", "thumb": "https://www.loc.gov/pictures/static/images/item/lmc_thumb_large.jpg"}, "created": "2017-01-17T00:00:00Z", "modified": "2017-01-17T00:00:00Z", "collection": ["lmc", "pp"], "creator": "Vachon, John, 1914-1975", "call_number": "LOOK - Job 53-2451 [P&P]", "medium_brief": "41 photographic prints (contact sheets).", "source_modified": "2017-01-12T00:00:00Z", "pk": "2016720711", "created_published_date": "1953 July 21 (date added to Look's library)", "subjects": ["Skelton, Red,--1913-1997--Performances.", "Berle, Milton--Performances.", "Jones, Spike,--1911-1965--Performances.", "Damone, Vic--Performances.", "Storm, Gale,--1922-2009--Performances.", "Hutton, Betty--Performances.", "Entertainers.", "Electric signs.", "Contact sheets.", "United States--Nevada--Las Vegas.", "Group portraits.", "Portrait photographs."]}, {"source_created": "1993-10-26T00:00:00Z", "index": 10, "medium": "1 print (poster) : color.", "reproduction_number": "LC-DIG-ppmsc-04409 (digital file from original)\nLC-USZC4-2803 (color film copy transparency)", "links": {"item": "https://www.loc.gov/pictures/item/93515680/", "resource": "https://www.loc.gov/pictures/item/93515680/resource/"}, "title": "Dames", "image": {"alt": "digitized item thumbnail", "full": "https://tile.loc.gov/storage-services/service/pnp/ppmsc/04400/04409_150px.jpg", "square": "https://tile.loc.gov/storage-services/service/pnp/ppmsc/04400/04409_75x75px.jpg", "thumb": "https://tile.loc.gov/storage-services/service/pnp/ppmsc/04400/04409_150px.jpg"}, "created": "2017-05-02T00:00:00Z", "modified": "2017-05-02T00:00:00Z", "collection": ["cph", "pp"], "creator": null, "call_number": "POS - MOT. PIC. - 1934 .D34, no. 1 (C size) [P&P]", "medium_brief": "1 print (poster) :", "source_modified": "2017-04-21T00:00:00Z", "pk": "93515680", "created_published_date": "1934.", "subjects": ["Keeler, Ruby--Performances.", "Powell, Dick,--1904-1963--Performances.", "Blondell, Joan--Performances.", "Pitts, ZaSu,--1898-1963--Performances.", "Kibbee, Guy,--1882-1956--Performances.", "Herbert, Hugh,--1885-1952--Performances.", "Women--Social life--1930-1940.", "Motion picture posters--American--1930-1940.", "Prints--Color--1930-1940."]}, {"source_created": "2006-07-21T00:00:00Z", "index": 11, "medium": "1 print (poster) : color ; 56 x 36 cm.", "reproduction_number": "LC-DIG-ppmsca-12371 (digital file from original print)", "links": {"item": "https://www.loc.gov/pictures/item/2006683841/", "resource": "https://www.loc.gov/pictures/item/2006683841/resource/"}, "title": "The Women", "image": {"alt": "digitized item thumbnail", "full": "https://tile.loc.gov/storage-services/service/pnp/ppmsca/12300/12371r.jpg", "square": "https://tile.loc.gov/storage-services/service/pnp/ppmsca/12300/12371_75x75px.jpg", "thumb": "https://tile.loc.gov/storage-services/service/pnp/ppmsca/12300/12371_150px.jpg"}, "created": "2020-06-24T00:00:00Z", "modified": "2020-06-24T00:00:00Z", "collection": ["cph", "diof", "pp"], "creator": null, "call_number": "POS - ARTCR - TH.W71, no. 1 (B size) [P&P]", "medium_brief": "1 print (poster) :", "source_modified": "2020-06-02T00:00:00Z", "pk": "2006683841", "created_published_date": "[1973]", "subjects": ["Fleming, Rhonda,--1923---Performances.", "Hunter, Kim,--1922-2002--Performances.", "Kazan, Lainie--Performances.", "Loudon, Dorothy--Performances.", "Loy, Myrna,--1905-1993--Performances.", "Smith, Alexis,--1921-1993--Performances.", "Theatrical productions--New York (State)--New York--1970-1980.", "Prints--Color--1970-1980.", "Theatrical posters--American--1970-1980."]}, {"source_created": "2021-03-03T00:00:00Z", "index": 12, "medium": "1 print (poster) : color ; 56 x 72 cm.", "reproduction_number": "", "links": {"item": "https://www.loc.gov/pictures/item/2021637245/", "resource": null}, "title": "Brigham Young", "image": {"alt": "item not digitized thumbnail", "full": "https://www.loc.gov/pictures/static/images/item/500x500_notdigitized.png", "square": "https://www.loc.gov/pictures/static/images/item/not_digitized_buttons75X75.png", "thumb": "https://www.loc.gov/pictures/static/images/item/notdigitized_buttons140X120.png"}, "created": "2021-04-06T05:32:28Z", "modified": "2021-04-06T05:32:28Z", "collection": null, "creator": "Zanuck, Darryl Francis, 1902-1979", "call_number": "POS - MOT. PIC. - 1940 .B80, no. 1 (C size) [P&P]", "medium_brief": "1 print (poster) :", "source_modified": "2021-04-02T14:16:54Z", "pk": "2021637245", "created_published_date": "1940.", "subjects": ["Young, Brigham,--1801-1877.", "Power, Tyrone,--1914-1958--Performances.", "Darnell, Linda,--1923-1965--Performances.", "Donlevy, Brian--Performances.", "Astor, Mary,--1906-1987--Performances.", "Price, Vincent,--1911-1993--Performances.", "Carradine, John--Performances.", "Biographical drama--1940.", "History--1940.", "Action & adventure dramas--1940.", "Motion pictures--1940.", "Motion picture posters--American--1940.", "Prints--Color--1940."]}, {"source_created": "2003-03-18T00:00:00Z", "index": 13, "medium": "1 photomechanical print (poster) : offset lithograph, color.", "reproduction_number": "LC-USZC4-11047 (color film copy transparency)", "links": {"item": "https://www.loc.gov/pictures/item/2003652677/", "resource": "https://www.loc.gov/pictures/item/2003652677/resource/"}, "title": "Autumn leaves", "image": {"alt": "digitized item thumbnail", "full": "https://tile.loc.gov/storage-services/service/pnp/cph/3g10000/3g11000/3g11000/3g11047_150px.jpg", "square": "https://tile.loc.gov/storage-services/service/pnp/cph/3g10000/3g11000/3g11000/3g11047_75x75px.jpg", "thumb": "https://tile.loc.gov/storage-services/service/pnp/cph/3g10000/3g11000/3g11000/3g11047_150px.jpg"}, "created": "2016-04-20T00:00:00Z", "modified": "2016-04-20T00:00:00Z", "collection": ["cph", "pp"], "creator": null, "call_number": "POS - MOT. PIC. - 1956 .A88, no. 2 (C size) [P&P]", "medium_brief": "1 photomechanical print (poster) :", "source_modified": "2011-09-12T00:00:00Z", "pk": "2003652677", "created_published_date": "c1956.", "subjects": ["Crawford, Joan,--1908-1977--Performances.", "Robertson, Cliff,--1923-2011--Performances.", "Miles, Vera--Performances.", "Greene, Lorne--Performances.", "Donnelly, Ruth,--1896-1982--Performances.", "Women--Social life--1950-1960.", "Relations between the sexes--1950-1960.", "Loneliness--1950-1960.", "Motion picture posters--American--1950-1960.", "Offset photomechanical prints--Color--1950-1960."]}, {"source_created": "2003-03-21T00:00:00Z", "index": 14, "medium": "1 photomechanical print (poster) : offset lithograph, color.", "reproduction_number": "LC-USZC4-10820 (color film copy transparency)", "links": {"item": "https://www.loc.gov/pictures/item/2003652685/", "resource": "https://www.loc.gov/pictures/item/2003652685/resource/"}, "title": "\"Black narcissus\"", "image": {"alt": "digitized item thumbnail", "full": "https://tile.loc.gov/storage-services/service/pnp/cph/3g10000/3g10000/3g10800/3g10820_150px.jpg", "square": "https://tile.loc.gov/storage-services/service/pnp/cph/3g10000/3g10000/3g10800/3g10820_75x75px.jpg", "thumb": "https://tile.loc.gov/storage-services/service/pnp/cph/3g10000/3g10000/3g10800/3g10820_150px.jpg"}, "created": "2016-04-20T00:00:00Z", "modified": "2016-04-20T00:00:00Z", "collection": ["cph", "pp"], "creator": null, "call_number": "POS - MOT. PIC. - 1947 .B55, no. 1 (C size) [P&P]", "medium_brief": "1 photomechanical print (poster) :", "source_modified": "2010-01-26T00:00:00Z", "pk": "2003652685", "created_published_date": "1951]", "subjects": ["Kerr, Deborah,--1921-2007--Performances.", "Simmons, Jean,--1929-2010--Performances.", "Robson, Flora,--1902-1984--Performances.", "Farrar, David,--1908---Performances.", "Sabu,--1924-1963--Performances.", "Nuns--1940-1950.", "Monastic & religious life--1940-1950.", "Relations between the sexes--1940-1950.", "Romances--1940-1950.", "Motion pictures--British--1940-1950.", "Motion picture posters--American--1950-1960.", "Offset photomechanical prints--Color--1950-1960."]}, {"source_created": "2003-03-24T00:00:00Z", "index": 15, "medium": "1 photomechanical print (poster) : offset lithograph, color.", "reproduction_number": "LC-USZC4-10818 (color film copy transparency)", "links": {"item": "https://www.loc.gov/pictures/item/2003652690/", "resource": "https://www.loc.gov/pictures/item/2003652690/resource/"}, "title": "Christmas eve", "image": {"alt": "digitized item thumbnail", "full": "https://tile.loc.gov/storage-services/service/pnp/cph/3g10000/3g10000/3g10800/3g10818_150px.jpg", "square": "https://tile.loc.gov/storage-services/service/pnp/cph/3g10000/3g10000/3g10800/3g10818_75x75px.jpg", "thumb": "https://tile.loc.gov/storage-services/service/pnp/cph/3g10000/3g10000/3g10800/3g10818_150px.jpg"}, "created": "2016-04-20T00:00:00Z", "modified": "2016-04-20T00:00:00Z", "collection": ["cph", "pp"], "creator": null, "call_number": "POS - MOT. PIC. - 1947 .C55, no. 2 (C size) [P&P]", "medium_brief": "1 photomechanical print (poster) :", "source_modified": "2010-03-29T00:00:00Z", "pk": "2003652690", "created_published_date": "c1947.", "subjects": ["Raft, George--Performances.", "Brent, George,--1904-1979--Performances.", "Scott, Randolph,--1898-1987--Performances.", "Harding, Ann,--1902-1981--Performances.", "Denny, Reginald,--1891-1967--Performances.", "Swindlers--1940-1950.", "Guardian & ward--1940-1950.", "Foster home care--1940-1950.", "Motion picture posters--American--1940-1950.", "Offset photomechanical prints--Color--1940-1950."]}, {"source_created": "2004-07-29T00:00:00Z", "index": 16, "medium": "1 photomechanical print (poster) : halftone, color ; 86 x 62 cm.", "reproduction_number": "LC-USZC4-12341 (color film copy transparency)", "links": {"item": "https://www.loc.gov/pictures/item/2004673442/", "resource": "https://www.loc.gov/pictures/item/2004673442/resource/"}, "title": "Just a gigolo", "image": {"alt": "digitized item thumbnail", "full": "https://tile.loc.gov/storage-services/service/pnp/cph/3g10000/3g12000/3g12300/3g12341_150px.jpg", "square": "https://tile.loc.gov/storage-services/service/pnp/cph/3g10000/3g12000/3g12300/3g12341_75x75px.jpg", "thumb": "https://tile.loc.gov/storage-services/service/pnp/cph/3g10000/3g12000/3g12300/3g12341_150px.jpg"}, "created": "2016-04-20T00:00:00Z", "modified": "2016-04-20T00:00:00Z", "collection": ["cph", "pp"], "creator": "Sinclair, Joshua.", "call_number": "Unprocessed in PR 13 CN 2002:148 [item] [P&P]", "medium_brief": "1 photomechanical print (poster) :", "source_modified": "2008-12-01T00:00:00Z", "pk": "2004673442", "created_published_date": "[1979]", "subjects": ["Bowie, David--Performances.", "Rome, Sydne,--1951---Performances.", "Novak, Kim--Performances.", "Schell, Maria,--1926---Performances.", "Dietrich, Marlene--Performances.", "Relations between the sexes--1970-1980.", "Halftone photomechanical prints--Color--1970-1980.", "Motion picture posters--American--1970-1980."]}, {"source_created": "2005-12-20T00:00:00Z", "index": 17, "medium": "1 print (poster) : color ; 91 x 36 cm.", "reproduction_number": "LC-USZC4-12802 (color film copy transparency)", "links": {"item": "https://www.loc.gov/pictures/item/2005697125/", "resource": "https://www.loc.gov/pictures/item/2005697125/resource/"}, "title": "Ziegfeld girl", "image": {"alt": "digitized item thumbnail", "full": "https://tile.loc.gov/storage-services/service/pnp/cph/3g10000/3g12000/3g12800/3g12802_150px.jpg", "square": "https://tile.loc.gov/storage-services/service/pnp/cph/3g10000/3g12000/3g12800/3g12802_75x75px.jpg", "thumb": "https://tile.loc.gov/storage-services/service/pnp/cph/3g10000/3g12000/3g12800/3g12802_150px.jpg"}, "created": "2016-04-20T00:00:00Z", "modified": "2016-04-20T00:00:00Z", "collection": ["cph", "pp"], "creator": null, "call_number": "Unprocessed in PR 13 CN 2005:010 [item] [P&P]", "medium_brief": "1 print (poster) :", "source_modified": "2012-07-30T00:00:00Z", "pk": "2005697125", "created_published_date": "1941]", "subjects": ["Garland, Judy--Performances.", "Lamarr, Hedy,--1913-2000--Performances.", "Martin, Tony,--1913-2012--Performances.", "Stewart, James,--1908-1997--Performances.", "Turner, Lana,--1921-1995--Performances.", "Motion picture posters--American--1940-1950.", "Prints--Color--1940-1950."]}, {"source_created": "2006-02-28T00:00:00Z", "index": 18, "medium": "1 print (poster) : color ; 104 x 69 cm.", "reproduction_number": "LC-USZC4-13187 (color film copy transparency)", "links": {"item": "https://www.loc.gov/pictures/item/2006677609/", "resource": "https://www.loc.gov/pictures/item/2006677609/resource/"}, "title": "True to the Army", "image": {"alt": "digitized item thumbnail", "full": "https://tile.loc.gov/storage-services/service/pnp/cph/3g10000/3g13000/3g13100/3g13187_150px.jpg", "square": "https://tile.loc.gov/storage-services/service/pnp/cph/3g10000/3g13000/3g13100/3g13187_75x75px.jpg", "thumb": "https://tile.loc.gov/storage-services/service/pnp/cph/3g10000/3g13000/3g13100/3g13187_150px.jpg"}, "created": "2016-04-20T00:00:00Z", "modified": "2016-04-20T00:00:00Z", "collection": ["cph", "pp"], "creator": null, "call_number": "Unprocessed in PR 13 CN 2002:202 [item] [P&P]", "medium_brief": "1 print (poster) :", "source_modified": "2013-08-14T00:00:00Z", "pk": "2006677609", "created_published_date": "c1942.", "subjects": ["Canova, Judy,--1913-1983--Performances.", "Demarest, William--Performances.", "Jones, Allan,--1907-1992--Performances.", "Miller, Ann,--1923-2004--Performances.", "Colonna, Jerry,--1904-1986--Performances.", "Motion picture posters--American--1940-1950.", "Prints--Color--1940-1950."]}, {"source_created": "2006-02-28T00:00:00Z", "index": 19, "medium": "1 print (poster) : color ; 104 x 69 cm.", "reproduction_number": "LC-USZC4-13207 (color film copy transparency)", "links": {"item": "https://www.loc.gov/pictures/item/2006677610/", "resource": "https://www.loc.gov/pictures/item/2006677610/resource/"}, "title": "Sensations of 1945", "image": {"alt": "digitized item thumbnail", "full": "https://tile.loc.gov/storage-services/service/pnp/cph/3g10000/3g13000/3g13200/3g13207_150px.jpg", "square": "https://tile.loc.gov/storage-services/service/pnp/cph/3g10000/3g13000/3g13200/3g13207_75x75px.jpg", "thumb": "https://tile.loc.gov/storage-services/service/pnp/cph/3g10000/3g13000/3g13200/3g13207_150px.jpg"}, "created": "2016-04-20T00:00:00Z", "modified": "2016-04-20T00:00:00Z", "collection": ["cph", "pp"], "creator": null, "call_number": "Unprocessed in PR 13 CN 2002:202 [item] [P&P]", "medium_brief": "1 print (poster) :", "source_modified": "2010-04-09T00:00:00Z", "pk": "2006677610", "created_published_date": "c1944.", "subjects": ["Powell, Eleanor,--1912-1982--Performances.", "Fields, W. C.--(William Claude),--1880-1946--Performances.", "Tucker, Sophie,--1884-1966--Performances.", "Calloway, Cab,--1907-1994--Performances.", "Herman, Woody,--1913-1987--Performances.", "Motion picture posters--American--1940-1950.", "Prints--Color--1940-1950."]}, {"source_created": "2006-04-27T00:00:00Z", "index": 20, "medium": "1 print (poster) : color ; 28 x 36 cm.", "reproduction_number": "LC-USZC4-13322 (color film copy transparency)", "links": {"item": "https://www.loc.gov/pictures/item/2006680311/", "resource": "https://www.loc.gov/pictures/item/2006680311/resource/"}, "title": "Army girl", "image": {"alt": "digitized item thumbnail", "full": "https://tile.loc.gov/storage-services/service/pnp/cph/3g10000/3g13000/3g13300/3g13322_150px.jpg", "square": "https://tile.loc.gov/storage-services/service/pnp/cph/3g10000/3g13000/3g13300/3g13322_75x75px.jpg", "thumb": "https://tile.loc.gov/storage-services/service/pnp/cph/3g10000/3g13000/3g13300/3g13322_150px.jpg"}, "created": "2016-04-20T00:00:00Z", "modified": "2016-04-20T00:00:00Z", "collection": ["cph", "pp"], "creator": null, "call_number": "Unprocessed in PR 13 CN 2005:116 [item] [P&P]", "medium_brief": "1 print (poster) :", "source_modified": "2008-01-11T00:00:00Z", "pk": "2006680311", "created_published_date": "1938]", "subjects": ["Evans, Madge,--1909---Performances.", "Gleason, James,--1886-1959--Performances.", "Donnelly, Ruth,--1896-1982--Performances.", "Angel, Heather,--1909---Performances.", "Pepper, Barbara,--1915-1969--Performances.", "Lobby cards--American--1930-1940.", "Prints--Color--1930-1940."]}]}