{"search": {"field": "subject", "hits": 19, "sort_order": null, "do_facets": true, "focus_item": null, "query": "Yucca", "type": "search", "sort_by": null}, "focus": null, "views": {"current": "list", "grid": "https://www.loc.gov/pictures/search/?q=Yucca&fi=subject&va=exact&st=grid&op=PHRASE", "list": "https://www.loc.gov/pictures/search/?q=Yucca&fi=subject&op=PHRASE&va=exact", "gallery": "https://www.loc.gov/pictures/search/?q=Yucca&fi=subject&va=exact&st=gallery&op=PHRASE", "slideshow": "https://www.loc.gov/pictures/search/?q=Yucca&fi=subject&va=exact&st=slideshow&op=PHRASE"}, "facets": [{"type": "displayed", "filters": [{"count": 17, "on": "https://www.loc.gov/pictures/search/?va=exact&sp=1&q=Yucca&fa=displayed%3Aanywhere&fi=subject&op=PHRASE&fo=json", "selected": false, "off": "https://www.loc.gov/pictures/search/?va=exact&sp=1&q=Yucca&fi=subject&fo=json&op=PHRASE", "title": "Larger image available anywhere"}, {"count": 0, "on": "https://www.loc.gov/pictures/search/?va=exact&sp=1&q=Yucca&fa=displayed%3Alc_only&fi=subject&op=PHRASE&fo=json", "selected": false, "off": "https://www.loc.gov/pictures/search/?va=exact&sp=1&q=Yucca&fi=subject&fo=json&op=PHRASE", "title": "Larger image available only at the Library of Congress"}, {"count": 2, "on": "https://www.loc.gov/pictures/search/?va=exact&sp=1&q=Yucca&fa=displayed%3Anot_digitized&fi=subject&op=PHRASE&fo=json", "selected": false, "off": "https://www.loc.gov/pictures/search/?va=exact&sp=1&q=Yucca&fi=subject&fo=json&op=PHRASE", "title": "Not Digitized"}], "title": "displayed"}], "links": {"json": "//www.loc.gov/pictures/search/?fi=subject&q=Yucca&op=PHRASE&va=exact&fo=json", "html": "//www.loc.gov/pictures/search/?fi=subject&q=Yucca&op=PHRASE&va=exact", "rss": "//www.loc.gov/pictures/search/?fi=subject&q=Yucca&op=PHRASE&va=exact&fo=rss"}, "suggestions": {"possible": []}, "pages": {"current": 1, "next": null, "perpage": 20, "last": null, "page_list": [{"url": null, "number": 1}], "previous": null, "total": 1, "results": "1 - 19", "first": null}, "collection": null, "results": [{"source_created": "2018-01-31T00:00:00Z", "index": 1, "medium": "1 photograph : digital, tiff file, color.", "reproduction_number": "LC-DIG-highsm-55234 (original digital file)", "links": {"item": "https://www.loc.gov/pictures/item/2018703222/", "resource": "https://www.loc.gov/pictures/item/2018703222/resource/"}, "title": "Old, weathered truck in a \"vehicle graveyard\" near Yucca, Arizona", "image": {"alt": "digitized item thumbnail", "full": "https://tile.loc.gov/storage-services/service/pnp/highsm/55200/55234r.jpg", "square": "https://tile.loc.gov/storage-services/service/pnp/highsm/55200/55234_75x75px.jpg", "thumb": "https://tile.loc.gov/storage-services/service/pnp/highsm/55200/55234_150px.jpg"}, "created": "2019-09-17T00:00:00Z", "modified": "2019-09-17T00:00:00Z", "collection": ["diof", "highsm", "pp"], "creator": "Highsmith, Carol M., 1946-", "call_number": "LC-DIG-highsm- 55234 (ONLINE) [P&P]", "medium_brief": "1 photograph :", "source_modified": "2019-06-26T00:00:00Z", "pk": "2018703222", "created_published_date": "2018-04-16.", "subjects": ["United States--Arizona--Mohave County--Yucca.", "America", "Yucca", "Rusted autos", "Vehicle graveyards", "junkyards", "Digital photographs--Color--2010-2020."]}, {"source_created": "2018-01-31T00:00:00Z", "index": 2, "medium": "1 photograph : digital, tiff file, color.", "reproduction_number": "LC-DIG-highsm-55235 (original digital file)", "links": {"item": "https://www.loc.gov/pictures/item/2018703223/", "resource": "https://www.loc.gov/pictures/item/2018703223/resource/"}, "title": "Rusted relics in an \"automobile graveyard\" near Yucca, Arizona", "image": {"alt": "digitized item thumbnail", "full": "https://tile.loc.gov/storage-services/service/pnp/highsm/55200/55235r.jpg", "square": "https://tile.loc.gov/storage-services/service/pnp/highsm/55200/55235_75x75px.jpg", "thumb": "https://tile.loc.gov/storage-services/service/pnp/highsm/55200/55235_150px.jpg"}, "created": "2019-09-17T00:00:00Z", "modified": "2019-09-17T00:00:00Z", "collection": ["diof", "highsm", "pp"], "creator": "Highsmith, Carol M., 1946-", "call_number": "LC-DIG-highsm- 55235 (ONLINE) [P&P]", "medium_brief": "1 photograph :", "source_modified": "2019-06-26T00:00:00Z", "pk": "2018703223", "created_published_date": "2018-04-16.", "subjects": ["United States--Arizona--Mohave County--Yucca.", "America", "Yucca", "Rusted autos", "Automobile graveyards", "junkyards", "Digital photographs--Color--2010-2020."]}, {"source_created": "2018-01-31T00:00:00Z", "index": 3, "medium": "1 photograph : digital, tiff file, color.", "reproduction_number": "LC-DIG-highsm-55236 (original digital file)", "links": {"item": "https://www.loc.gov/pictures/item/2018703224/", "resource": "https://www.loc.gov/pictures/item/2018703224/resource/"}, "title": "Rusted relics in an \"automobile graveyard\" near Yucca, Arizona", "image": {"alt": "digitized item thumbnail", "full": "https://tile.loc.gov/storage-services/service/pnp/highsm/55200/55236r.jpg", "square": "https://tile.loc.gov/storage-services/service/pnp/highsm/55200/55236_75x75px.jpg", "thumb": "https://tile.loc.gov/storage-services/service/pnp/highsm/55200/55236_150px.jpg"}, "created": "2019-09-17T00:00:00Z", "modified": "2019-09-17T00:00:00Z", "collection": ["diof", "highsm", "pp"], "creator": "Highsmith, Carol M., 1946-", "call_number": "LC-DIG-highsm- 55236 (ONLINE) [P&P]", "medium_brief": "1 photograph :", "source_modified": "2019-06-26T00:00:00Z", "pk": "2018703224", "created_published_date": "2018-04-16.", "subjects": ["United States--Arizona--Mohave County--Yucca.", "America", "Yucca", "Rusted autos", "Automobile graveyards", "junkyards", "Digital photographs--Color--2010-2020."]}, {"source_created": "1998-05-01T00:00:00Z", "index": 4, "medium": "1 print : intaglio ; 71.4 x 55.1 cm. (sheet)", "reproduction_number": "", "links": {"item": "https://www.loc.gov/pictures/item/2010643606/", "resource": null}, "title": "Yucca plant", "image": {"alt": "item not digitized thumbnail", "full": "https://www.loc.gov/pictures/static/images/item/500x500_notdigitized.png", "square": "https://www.loc.gov/pictures/static/images/item/not_digitized_buttons75X75.png", "thumb": "https://www.loc.gov/pictures/static/images/item/notdigitized_buttons140X120.png"}, "created": "2016-04-20T00:00:00Z", "modified": "2016-04-20T00:00:00Z", "collection": ["bbgfc", "minload", "pp"], "creator": "Yellin, Deborah", "call_number": "Goldstein, no. 1233 (D size) [P&P]", "medium_brief": "1 print :", "source_modified": "2011-07-20T00:00:00Z", "pk": "2010643606", "created_published_date": "[between 1940 and 1980]", "subjects": ["Yucca--1940-1980.", "Artists' proofs--1940-1980.", "Intaglio prints--1940-1980."]}, {"source_created": "1999-12-16T00:00:00Z", "index": 5, "medium": "1 negative : safety ; 3 1/4 x 4 1/4 inches or smaller.", "reproduction_number": "LC-USF34-029851-D (b&w film neg.)", "links": {"item": "https://www.loc.gov/pictures/item/2017779941/", "resource": "https://www.loc.gov/pictures/item/2017779941/resource/"}, "title": "Yucca. Clark County, Nevada", "image": {"alt": "digitized item thumbnail", "full": "https://tile.loc.gov/storage-services/service/pnp/fsa/8b19000/8b19700/8b19706r.jpg", "square": "https://tile.loc.gov/storage-services/service/pnp/fsa/8b19000/8b19700/8b19706_75x75px.jpg", "thumb": "https://tile.loc.gov/storage-services/service/pnp/fsa/8b19000/8b19700/8b19706_150px.jpg"}, "created": "2017-08-22T00:00:00Z", "modified": "2017-08-22T00:00:00Z", "collection": ["ammem", "diof", "fsa", "pp"], "creator": "Rothstein, Arthur, 1915-1985", "call_number": "LC-USF34- 029851-D [P&P] LOT 342 (corresponding photographic print) LOT 2304  (corresponding photographic print)", "medium_brief": "1 negative :", "source_modified": "2017-08-16T00:00:00Z", "pk": "2017779941", "created_published_date": "1940 Mar.", "subjects": ["United States--Nevada--Clark County--Yucca.", "Safety film negatives."]}, {"source_created": "1985-01-01T00:00:00Z", "index": 6, "medium": "1 transparency : color.", "reproduction_number": "LC-DIG-fsac-1a34749 (digital file from original transparency)\nLC-USW361-718 (color film copy slide)", "links": {"item": "https://www.loc.gov/pictures/item/2017878133/", "resource": "https://www.loc.gov/pictures/item/2017878133/resource/"}, "title": "Santa Fe R.R. going through Yucca, Arizona; a watering and refueling stop", "image": {"alt": "digitized item thumbnail", "full": "https://tile.loc.gov/storage-services/service/pnp/fsac/1a34000/1a34700/1a34749r.jpg", "square": "https://tile.loc.gov/storage-services/service/pnp/fsac/1a34000/1a34700/1a34749_75x75px.jpg", "thumb": "https://tile.loc.gov/storage-services/service/pnp/fsac/1a34000/1a34700/1a34749_150px.jpg"}, "created": "2017-09-12T00:00:00Z", "modified": "2017-09-12T00:00:00Z", "collection": ["ammem", "diof", "fsac", "pp", "srtg"], "creator": "Delano, Jack", "call_number": "LC-USW36-718 [P&P]", "medium_brief": "1 transparency :", "source_modified": "2017-09-07T00:00:00Z", "pk": "2017878133", "created_published_date": "1943 March", "subjects": ["Atchison, Topeka and Santa Fe Railroad", "World War, 1939-1945", "railroads", "United States--Arizona--Yucca", "Transparencies--Color."]}, {"source_created": "2001-08-03T00:00:00Z", "index": 7, "medium": "1 negative : nitrate ; 2 1/4 x 2 1/4 inches or smaller.", "reproduction_number": "LC-DIG-fsa-8d27425 (digital file from original neg.)\nLC-USW3-021365-E (b&w film nitrate neg.)", "links": {"item": "https://www.loc.gov/pictures/item/2017848990/", "resource": "https://www.loc.gov/pictures/item/2017848990/resource/"}, "title": "Yucca, Arizona. A local Atchison, Topeka and Santa Fe Railroad train stopping to set out a car", "image": {"alt": "digitized item thumbnail", "full": "https://tile.loc.gov/storage-services/service/pnp/fsa/8d27000/8d27400/8d27425r.jpg", "square": "https://tile.loc.gov/storage-services/service/pnp/fsa/8d27000/8d27400/8d27425_75x75px.jpg", "thumb": "https://tile.loc.gov/storage-services/service/pnp/fsa/8d27000/8d27400/8d27425_150px.jpg"}, "created": "2017-09-26T00:00:00Z", "modified": "2017-09-26T00:00:00Z", "collection": ["ammem", "diof", "fsa", "pp"], "creator": "Delano, Jack", "call_number": "LC-USW3- 021365-E [P&P] LOT 790 (Location of corresponding print.) (corresponding photographic print)", "medium_brief": "1 negative :", "source_modified": "2017-09-22T00:00:00Z", "pk": "2017848990", "created_published_date": "1943 Mar.", "subjects": ["United States--Arizona--Mohave County--Yucca.", "Nitrate negatives."]}, {"source_created": "2001-08-03T00:00:00Z", "index": 8, "medium": "1 negative : nitrate ; 2 1/4 x 2 1/4 inches or smaller.", "reproduction_number": "LC-DIG-fsa-8d27428 (digital file from original neg.)\nLC-USW3-021368-E (b&w film nitrate neg.)", "links": {"item": "https://www.loc.gov/pictures/item/2017848993/", "resource": "https://www.loc.gov/pictures/item/2017848993/resource/"}, "title": "Yucca, Arizona. A section crew returning from work on the Atchison, Topeka and Santa Fe Railroad between Seligman, Arizona and Needles, California", "image": {"alt": "digitized item thumbnail", "full": "https://tile.loc.gov/storage-services/service/pnp/fsa/8d27000/8d27400/8d27428r.jpg", "square": "https://tile.loc.gov/storage-services/service/pnp/fsa/8d27000/8d27400/8d27428_75x75px.jpg", "thumb": "https://tile.loc.gov/storage-services/service/pnp/fsa/8d27000/8d27400/8d27428_150px.jpg"}, "created": "2017-09-26T00:00:00Z", "modified": "2017-09-26T00:00:00Z", "collection": ["ammem", "diof", "fsa", "pp"], "creator": "Delano, Jack", "call_number": "LC-USW3- 021368-E [P&P] LOT 790 (Location of corresponding print.) (corresponding photographic print)", "medium_brief": "1 negative :", "source_modified": "2017-09-22T00:00:00Z", "pk": "2017848993", "created_published_date": "1943 Mar.", "subjects": ["United States--Arizona--Mohave County--Yucca.", "Nitrate negatives."]}, {"source_created": "2018-06-29T00:00:00Z", "index": 9, "medium": "1 photograph : gelatin silver print ; sheet 25 x 19 cm", "reproduction_number": "", "links": {"item": "https://www.loc.gov/pictures/item/2018645058/", "resource": null}, "title": "[Yucca and rock, Mojave Desert]", "image": {"alt": "item not digitized thumbnail", "full": "https://www.loc.gov/pictures/static/images/item/500x500_notdigitized.png", "square": "https://www.loc.gov/pictures/static/images/item/not_digitized_buttons75X75.png", "thumb": "https://www.loc.gov/pictures/static/images/item/notdigitized_buttons140X120.png"}, "created": "2018-07-10T00:00:00Z", "modified": "2018-07-10T00:00:00Z", "collection": ["ph", "pp"], "creator": "Weston, Edward, 1886-1958", "call_number": "PH - Weston (E.), no. 16 (AA size) [P&P]", "medium_brief": "1 photograph :", "source_modified": "2018-07-03T00:00:00Z", "pk": "2018645058", "created_published_date": "[1937]", "subjects": ["Yucca--Mojave Desert--1930-1940.", "Rock formations--Mojave Desert--1930-1940.", "Mojave Desert--1930-1940.", "Gelatin silver prints--1930-1940."]}, {"source_created": "2018-01-31T00:00:00Z", "index": 10, "medium": "1 photograph : digital, tiff file, color.", "reproduction_number": "LC-DIG-highsm-55164 (original digital file)", "links": {"item": "https://www.loc.gov/pictures/item/2018703152/", "resource": "https://www.loc.gov/pictures/item/2018703152/resource/"}, "title": "Images of an old steam train and cinematic Old West actor John Wayne appear on this building in Yucca, a small desert community in Mohave County, Arizona, near the California line and that state's arid and searing Mojave Desert", "image": {"alt": "digitized item thumbnail", "full": "https://tile.loc.gov/storage-services/service/pnp/highsm/55100/55164r.jpg", "square": "https://tile.loc.gov/storage-services/service/pnp/highsm/55100/55164_75x75px.jpg", "thumb": "https://tile.loc.gov/storage-services/service/pnp/highsm/55100/55164_150px.jpg"}, "created": "2019-09-17T00:00:00Z", "modified": "2019-09-17T00:00:00Z", "collection": ["diof", "highsm", "pp"], "creator": "Highsmith, Carol M., 1946-", "call_number": "LC-DIG-highsm- 55164 (ONLINE) [P&P]", "medium_brief": "1 photograph :", "source_modified": "2019-06-26T00:00:00Z", "pk": "2018703152", "created_published_date": "2018-04-16.", "subjects": ["United States--Arizona--Mohave County--Yucca.", "America", "John Wayne", "murals", "Digital photographs--Color--2010-2020."]}, {"source_created": "2018-01-31T00:00:00Z", "index": 11, "medium": "1 photograph : digital, tiff file, color.", "reproduction_number": "LC-DIG-highsm-55165 (original digital file)", "links": {"item": "https://www.loc.gov/pictures/item/2018703153/", "resource": "https://www.loc.gov/pictures/item/2018703153/resource/"}, "title": "It's April near Yucca, a small desert community in Mohave County, Arizona, near the California line and that state's arid and searing Mojave Desert. So the terrain has more moisture and color than it soon will", "image": {"alt": "digitized item thumbnail", "full": "https://tile.loc.gov/storage-services/service/pnp/highsm/55100/55165r.jpg", "square": "https://tile.loc.gov/storage-services/service/pnp/highsm/55100/55165_75x75px.jpg", "thumb": "https://tile.loc.gov/storage-services/service/pnp/highsm/55100/55165_150px.jpg"}, "created": "2019-09-17T00:00:00Z", "modified": "2019-09-17T00:00:00Z", "collection": ["diof", "highsm", "pp"], "creator": "Highsmith, Carol M., 1946-", "call_number": "LC-DIG-highsm- 55165 (ONLINE) [P&P]", "medium_brief": "1 photograph :", "source_modified": "2019-06-26T00:00:00Z", "pk": "2018703153", "created_published_date": "2018-04-16.", "subjects": ["United States--Arizona--Mohave County--Yucca.", "America", "Deserts", "Arizona landscapes", "Digital photographs--Color--2010-2020."]}, {"source_created": "2018-01-31T00:00:00Z", "index": 12, "medium": "1 photograph : digital, tiff file, color.", "reproduction_number": "LC-DIG-highsm-55166 (original digital file)", "links": {"item": "https://www.loc.gov/pictures/item/2018703154/", "resource": "https://www.loc.gov/pictures/item/2018703154/resource/"}, "title": "It's April near Yucca, a small desert community in Mohave County, Arizona, near the California line and that state's arid and searing Mojave Desert. So the terrain has more moisture and color than it soon will", "image": {"alt": "digitized item thumbnail", "full": "https://tile.loc.gov/storage-services/service/pnp/highsm/55100/55166r.jpg", "square": "https://tile.loc.gov/storage-services/service/pnp/highsm/55100/55166_75x75px.jpg", "thumb": "https://tile.loc.gov/storage-services/service/pnp/highsm/55100/55166_150px.jpg"}, "created": "2019-09-17T00:00:00Z", "modified": "2019-09-17T00:00:00Z", "collection": ["diof", "highsm", "pp"], "creator": "Highsmith, Carol M., 1946-", "call_number": "LC-DIG-highsm- 55166 (ONLINE) [P&P]", "medium_brief": "1 photograph :", "source_modified": "2019-06-26T00:00:00Z", "pk": "2018703154", "created_published_date": "2018-04-16.", "subjects": ["United States--Arizona--Mohave County--Yucca.", "America", "Deserts", "Arizona landscapes", "Digital photographs--Color--2010-2020."]}, {"source_created": "2018-01-31T00:00:00Z", "index": 13, "medium": "1 photograph : digital, tiff file, color.", "reproduction_number": "LC-DIG-highsm-55167 (original digital file)", "links": {"item": "https://www.loc.gov/pictures/item/2018703155/", "resource": "https://www.loc.gov/pictures/item/2018703155/resource/"}, "title": "It's April near Yucca, a small desert community in Mohave County, Arizona, near the California line and that state's arid and searing Mojave Desert. So the terrain has more moisture and color than it soon will", "image": {"alt": "digitized item thumbnail", "full": "https://tile.loc.gov/storage-services/service/pnp/highsm/55100/55167r.jpg", "square": "https://tile.loc.gov/storage-services/service/pnp/highsm/55100/55167_75x75px.jpg", "thumb": "https://tile.loc.gov/storage-services/service/pnp/highsm/55100/55167_150px.jpg"}, "created": "2019-09-17T00:00:00Z", "modified": "2019-09-17T00:00:00Z", "collection": ["diof", "highsm", "pp"], "creator": "Highsmith, Carol M., 1946-", "call_number": "LC-DIG-highsm- 55167 (ONLINE) [P&P]", "medium_brief": "1 photograph :", "source_modified": "2019-06-26T00:00:00Z", "pk": "2018703155", "created_published_date": "2018-04-16.", "subjects": ["United States--Arizona--Mohave County--Yucca.", "America", "Deserts", "Arizona landscapes", "Digital photographs--Color--2010-2020."]}, {"source_created": "2018-01-31T00:00:00Z", "index": 14, "medium": "1 photograph : digital, tiff file, color.", "reproduction_number": "LC-DIG-highsm-55174 (original digital file)", "links": {"item": "https://www.loc.gov/pictures/item/2018703162/", "resource": "https://www.loc.gov/pictures/item/2018703162/resource/"}, "title": "Rusted relics in an \"automobile graveyard\" near Yucca, Arizona", "image": {"alt": "digitized item thumbnail", "full": "https://tile.loc.gov/storage-services/service/pnp/highsm/55100/55174r.jpg", "square": "https://tile.loc.gov/storage-services/service/pnp/highsm/55100/55174_75x75px.jpg", "thumb": "https://tile.loc.gov/storage-services/service/pnp/highsm/55100/55174_150px.jpg"}, "created": "2019-09-17T00:00:00Z", "modified": "2019-09-17T00:00:00Z", "collection": ["diof", "highsm", "pp"], "creator": "Highsmith, Carol M., 1946-", "call_number": "LC-DIG-highsm- 55174 (ONLINE) [P&P]", "medium_brief": "1 photograph :", "source_modified": "2019-06-26T00:00:00Z", "pk": "2018703162", "created_published_date": "2018-04-16.", "subjects": ["United States--Arizona--Mohave County--Yucca.", "America", "Rusted autos", "Automobile graveyards", "junkyards", "Digital photographs--Color--2010-2020."]}, {"source_created": "2018-01-31T00:00:00Z", "index": 15, "medium": "1 photograph : digital, tiff file, color.", "reproduction_number": "LC-DIG-highsm-55212 (original digital file)", "links": {"item": "https://www.loc.gov/pictures/item/2018703200/", "resource": "https://www.loc.gov/pictures/item/2018703200/resource/"}, "title": "Rusted relics in an \"automobile graveyard\" near Yucca, Arizona", "image": {"alt": "digitized item thumbnail", "full": "https://tile.loc.gov/storage-services/service/pnp/highsm/55200/55212r.jpg", "square": "https://tile.loc.gov/storage-services/service/pnp/highsm/55200/55212_75x75px.jpg", "thumb": "https://tile.loc.gov/storage-services/service/pnp/highsm/55200/55212_150px.jpg"}, "created": "2019-09-17T00:00:00Z", "modified": "2019-09-17T00:00:00Z", "collection": ["diof", "highsm", "pp"], "creator": "Highsmith, Carol M., 1946-", "call_number": "LC-DIG-highsm- 55212 (ONLINE) [P&P]", "medium_brief": "1 photograph :", "source_modified": "2019-06-26T00:00:00Z", "pk": "2018703200", "created_published_date": "2018-04-16.", "subjects": ["United States--Arizona--Mohave County--Yucca.", "America", "Rusted autos", "Automobile graveyards", "junkyards", "Digital photographs--Color--2010-2020."]}, {"source_created": "2018-01-31T00:00:00Z", "index": 16, "medium": "1 photograph : digital, tiff file, color.", "reproduction_number": "LC-DIG-highsm-55213 (original digital file)", "links": {"item": "https://www.loc.gov/pictures/item/2018703201/", "resource": "https://www.loc.gov/pictures/item/2018703201/resource/"}, "title": "Rusted relics in an \"automobile graveyard\" near Kingman, Arizona", "image": {"alt": "digitized item thumbnail", "full": "https://tile.loc.gov/storage-services/service/pnp/highsm/55200/55213r.jpg", "square": "https://tile.loc.gov/storage-services/service/pnp/highsm/55200/55213_75x75px.jpg", "thumb": "https://tile.loc.gov/storage-services/service/pnp/highsm/55200/55213_150px.jpg"}, "created": "2019-09-17T00:00:00Z", "modified": "2019-09-17T00:00:00Z", "collection": ["diof", "highsm", "pp"], "creator": "Highsmith, Carol M., 1946-", "call_number": "LC-DIG-highsm- 55213 (ONLINE) [P&P]", "medium_brief": "1 photograph :", "source_modified": "2019-06-26T00:00:00Z", "pk": "2018703201", "created_published_date": "2018-04-16.", "subjects": ["United States--Arizona--Mohave County--Yucca.", "America", "Rusted autos", "Automobile graveyards", "junkyards", "Digital photographs--Color--2010-2020."]}, {"source_created": "1999-10-22T00:00:00Z", "index": 17, "medium": "1 negative : safety ; 3 1/4 x 4 1/4 inches or smaller.", "reproduction_number": "LC-USF34-029841-D (b&w film neg.)", "links": {"item": "https://www.loc.gov/pictures/item/2017779931/", "resource": "https://www.loc.gov/pictures/item/2017779931/resource/"}, "title": "[Untitled photo, possibly related to: Yucca. Clark County, Nevada]", "image": {"alt": "digitized item thumbnail", "full": "https://tile.loc.gov/storage-services/service/pnp/fsa/8b19000/8b19600/8b19695r.jpg", "square": "https://tile.loc.gov/storage-services/service/pnp/fsa/8b19000/8b19600/8b19695_75x75px.jpg", "thumb": "https://tile.loc.gov/storage-services/service/pnp/fsa/8b19000/8b19600/8b19695_150px.jpg"}, "created": "2020-11-10T11:05:56Z", "modified": "2020-11-10T11:05:58Z", "collection": ["ammem", "diof", "fsa", "pp"], "creator": "Rothstein, Arthur, 1915-1985", "call_number": "LC-USF34- 029841-D [P&P]", "medium_brief": "1 negative :", "source_modified": "2020-11-03T15:43:06Z", "pk": "2017779931", "created_published_date": "1940 Mar.", "subjects": ["United States--Nevada--Clark County--Yucca.", "Safety film negatives."]}, {"source_created": "2001-08-03T00:00:00Z", "index": 18, "medium": "1 negative : nitrate ; 2 1/4 x 2 1/4 inches or smaller.", "reproduction_number": "LC-DIG-fsa-8d27427 (digital file from original neg.)\nLC-USW3-021367-E (b&w film nitrate neg.)", "links": {"item": "https://www.loc.gov/pictures/item/2017848992/", "resource": "https://www.loc.gov/pictures/item/2017848992/resource/"}, "title": "[Untitled photo, possibly related to: Yucca, Arizona. A section crew returning from work on the Atchison, Topeka and Santa Fe Railroad between Seligman, Arizona and Needles, California]", "image": {"alt": "digitized item thumbnail", "full": "https://tile.loc.gov/storage-services/service/pnp/fsa/8d27000/8d27400/8d27427r.jpg", "square": "https://tile.loc.gov/storage-services/service/pnp/fsa/8d27000/8d27400/8d27427_75x75px.jpg", "thumb": "https://tile.loc.gov/storage-services/service/pnp/fsa/8d27000/8d27400/8d27427_150px.jpg"}, "created": "2021-02-16T06:12:25Z", "modified": "2021-02-16T06:12:27Z", "collection": ["ammem", "diof", "fsa", "pp"], "creator": "Delano, Jack", "call_number": "LC-USW3- 021367-E [P&P]", "medium_brief": "1 negative :", "source_modified": "2021-02-11T11:51:47Z", "pk": "2017848992", "created_published_date": "1943 Mar.", "subjects": ["United States--Arizona--Mohave County--Yucca.", "Nitrate negatives."]}, {"source_created": "2001-08-03T00:00:00Z", "index": 19, "medium": "1 negative : nitrate ; 2 1/4 x 2 1/4 inches or smaller.", "reproduction_number": "LC-DIG-fsa-8d27429 (digital file from original neg.)\nLC-USW3-021369-E (b&w film nitrate neg.)", "links": {"item": "https://www.loc.gov/pictures/item/2017848994/", "resource": "https://www.loc.gov/pictures/item/2017848994/resource/"}, "title": "[Untitled photo, possibly related to: Yucca, Arizona. A section crew returning from work on the Atchison, Topeka and Santa Fe Railroad between Seligman, Arizona and Needles, California]", "image": {"alt": "digitized item thumbnail", "full": "https://tile.loc.gov/storage-services/service/pnp/fsa/8d27000/8d27400/8d27429r.jpg", "square": "https://tile.loc.gov/storage-services/service/pnp/fsa/8d27000/8d27400/8d27429_75x75px.jpg", "thumb": "https://tile.loc.gov/storage-services/service/pnp/fsa/8d27000/8d27400/8d27429_150px.jpg"}, "created": "2021-02-16T07:37:34Z", "modified": "2021-02-16T07:37:36Z", "collection": ["ammem", "diof", "fsa", "pp"], "creator": "Delano, Jack", "call_number": "LC-USW3- 021369-E [P&P]", "medium_brief": "1 negative :", "source_modified": "2021-02-11T13:26:26Z", "pk": "2017848994", "created_published_date": "1943 Mar.", "subjects": ["United States--Arizona--Mohave County--Yucca.", "Nitrate negatives."]}]}