{"search": {"field": "subject", "hits": 28, "sort_order": null, "do_facets": true, "focus_item": null, "query": "Gestures", "type": "search", "sort_by": null}, "focus": null, "views": {"current": "list", "grid": "https://www.loc.gov/pictures/search/?q=Gestures&fi=subject&va=exact&st=grid&op=PHRASE", "list": "https://www.loc.gov/pictures/search/?q=Gestures&fi=subject&op=PHRASE&va=exact", "gallery": "https://www.loc.gov/pictures/search/?q=Gestures&fi=subject&va=exact&st=gallery&op=PHRASE", "slideshow": "https://www.loc.gov/pictures/search/?q=Gestures&fi=subject&va=exact&st=slideshow&op=PHRASE"}, "facets": [{"type": "displayed", "filters": [{"count": 13, "on": "https://www.loc.gov/pictures/search/?va=exact&sp=1&q=Gestures&fa=displayed%3Aanywhere&fi=subject&op=PHRASE&fo=json", "selected": false, "off": "https://www.loc.gov/pictures/search/?va=exact&sp=1&q=Gestures&fi=subject&fo=json&op=PHRASE", "title": "Larger image available anywhere"}, {"count": 10, "on": "https://www.loc.gov/pictures/search/?va=exact&sp=1&q=Gestures&fa=displayed%3Alc_only&fi=subject&op=PHRASE&fo=json", "selected": false, "off": "https://www.loc.gov/pictures/search/?va=exact&sp=1&q=Gestures&fi=subject&fo=json&op=PHRASE", "title": "Larger image available only at the Library of Congress"}, {"count": 5, "on": "https://www.loc.gov/pictures/search/?va=exact&sp=1&q=Gestures&fa=displayed%3Anot_digitized&fi=subject&op=PHRASE&fo=json", "selected": false, "off": "https://www.loc.gov/pictures/search/?va=exact&sp=1&q=Gestures&fi=subject&fo=json&op=PHRASE", "title": "Not Digitized"}], "title": "displayed"}], "links": {"json": "//www.loc.gov/pictures/search/?fi=subject&q=Gestures&op=PHRASE&va=exact&fo=json", "html": "//www.loc.gov/pictures/search/?fi=subject&q=Gestures&op=PHRASE&va=exact", "rss": "//www.loc.gov/pictures/search/?fi=subject&q=Gestures&op=PHRASE&va=exact&fo=rss"}, "suggestions": {"possible": []}, "pages": {"current": 1, "next": "https://www.loc.gov/pictures/search/?q=Gestures&fi=subject&sp=2&op=PHRASE&va=exact", "perpage": 20, "last": "https://www.loc.gov/pictures/search/?q=Gestures&fi=subject&sp=2&op=PHRASE&va=exact", "page_list": [{"url": null, "number": 1}, {"url": "https://www.loc.gov/pictures/search/?q=Gestures&fi=subject&sp=2&op=PHRASE&va=exact", "number": 2}], "previous": null, "total": 2, "results": "1 - 20", "first": null}, "collection": null, "results": [{"source_created": "2012-11-19T00:00:00Z", "index": 1, "medium": "1 drawing.", "reproduction_number": "LC-DIG-hlb-10833 (digital file from original drawing)", "links": {"item": "https://www.loc.gov/pictures/item/2012641353/", "resource": "https://www.loc.gov/pictures/item/2012641353/resource/"}, "title": "\"I didn't realize he'd have such a comprehensive approach to foreign affairs\"", "image": {"alt": "digitized item thumbnail", "full": "https://tile.loc.gov/storage-services/service/pnp/hlb/10800/10833_150px.jpg", "square": "https://tile.loc.gov/storage-services/service/pnp/hlb/10800/10833_75x75px.jpg", "thumb": "https://tile.loc.gov/storage-services/service/pnp/hlb/10800/10833_150px.jpg"}, "created": "2016-04-20T00:00:00Z", "modified": "2016-04-20T00:00:00Z", "collection": ["hlb", "minload", "pp"], "creator": "Block, Herbert, 1909-2001", "call_number": "BLOCK, no. 10833 (BB size)", "medium_brief": "1 drawing.", "source_modified": "2015-03-02T00:00:00Z", "pk": "2012641353", "created_published_date": "5/11/1984.", "subjects": ["Reagan, Ronald.", "International relations--Soviet Union", "Gestures", "Drawings--American.", "Editorial cartoons--American."]}, {"source_created": "2012-11-19T00:00:00Z", "index": 2, "medium": "1 drawing.", "reproduction_number": "LC-DIG-hlb-11089 (digital file from original drawing)", "links": {"item": "https://www.loc.gov/pictures/item/2012641562/", "resource": "https://www.loc.gov/pictures/item/2012641562/resource/"}, "title": "[Man with \"thumbs up\" signalling Bethesda Naval Hospital]", "image": {"alt": "digitized item thumbnail", "full": "https://tile.loc.gov/storage-services/service/pnp/hlb/11000/11089_150px.jpg", "square": "https://tile.loc.gov/storage-services/service/pnp/hlb/11000/11089_75x75px.jpg", "thumb": "https://tile.loc.gov/storage-services/service/pnp/hlb/11000/11089_150px.jpg"}, "created": "2016-04-20T00:00:00Z", "modified": "2016-04-20T00:00:00Z", "collection": ["hlb", "minload", "pp"], "creator": "Block, Herbert, 1909-2001", "call_number": "BLOCK, no. 11089 (BB size)", "medium_brief": "1 drawing.", "source_modified": "2015-03-03T00:00:00Z", "pk": "2012641562", "created_published_date": "7/16/1985.", "subjects": ["Reagan, Ronald.", "Naval Hospital, Bethesda.", "Gestures", "Drawings--American.", "Editorial cartoons--American."]}, {"source_created": "2012-11-19T00:00:00Z", "index": 3, "medium": "1 drawing.", "reproduction_number": "LC-DIG-hlb-12653 (digital file from original drawing)", "links": {"item": "https://www.loc.gov/pictures/item/2012642983/", "resource": "https://www.loc.gov/pictures/item/2012642983/resource/"}, "title": "[Hussein thumbing his nose at men representing the US and UN]", "image": {"alt": "digitized item thumbnail", "full": "https://tile.loc.gov/storage-services/service/pnp/hlb/12600/12653_150px.jpg", "square": "https://tile.loc.gov/storage-services/service/pnp/hlb/12600/12653_75x75px.jpg", "thumb": "https://tile.loc.gov/storage-services/service/pnp/hlb/12600/12653_150px.jpg"}, "created": "2016-04-20T00:00:00Z", "modified": "2016-04-20T00:00:00Z", "collection": ["hlb", "minload", "pp"], "creator": "Block, Herbert, 1909-2001", "call_number": "BLOCK, no. 12653 (BB size)", "medium_brief": "1 drawing.", "source_modified": "2015-06-01T00:00:00Z", "pk": "2012642983", "created_published_date": "1/12/1993.", "subjects": ["Hussein, Saddam,--1937-2006.", "United Nations.", "Iraq-Kuwait Crisis, 1990-1991", "Rocks", "International relations--United States", "Gestures", "Drawings--American.", "Editorial cartoons--American."]}, {"source_created": "2012-11-19T00:00:00Z", "index": 4, "medium": "1 drawing.", "reproduction_number": "LC-DIG-hlb-13205 (digital file from original drawing)", "links": {"item": "https://www.loc.gov/pictures/item/2012643635/", "resource": "https://www.loc.gov/pictures/item/2012643635/resource/"}, "title": "The car as the great equalizer", "image": {"alt": "digitized item thumbnail", "full": "https://tile.loc.gov/storage-services/service/pnp/hlb/13200/13205_150px.jpg", "square": "https://tile.loc.gov/storage-services/service/pnp/hlb/13200/13205_75x75px.jpg", "thumb": "https://tile.loc.gov/storage-services/service/pnp/hlb/13200/13205_150px.jpg"}, "created": "2016-04-20T00:00:00Z", "modified": "2016-04-20T00:00:00Z", "collection": ["hlb", "minload", "pp"], "creator": "Block, Herbert, 1909-2001", "call_number": "BLOCK, no. 13205 (BB size)", "medium_brief": "1 drawing.", "source_modified": "2015-06-12T00:00:00Z", "pk": "2012643635", "created_published_date": "5/5/1996.", "subjects": ["Automobile driving", "Traffic accidents", "Gestures", "Drawings--American.", "Editorial cartoons--American."]}, {"source_created": "2011-06-21T00:00:00Z", "index": 5, "medium": "1 photograph : sixth-plate ambrotype ; 7.1 x 8.4 cm (plate)", "reproduction_number": "", "links": {"item": "https://www.loc.gov/pictures/item/2011647988/", "resource": null}, "title": "[Alexander Melville Bell and a man named Naumann, probably Traugott Wilhelm Naumann]", "image": {"alt": "item not digitized thumbnail", "full": "https://www.loc.gov/pictures/static/images/item/500x500_notdigitized.png", "square": "https://www.loc.gov/pictures/static/images/item/not_digitized_buttons75X75.png", "thumb": "https://www.loc.gov/pictures/static/images/item/notdigitized_buttons140X120.png"}, "created": "2016-04-21T00:00:00Z", "modified": "2016-04-21T00:00:00Z", "collection": ["ambtin", "diof", "pp"], "creator": null, "call_number": "AMB/TIN no. 1157 [P&P]", "medium_brief": "1 photograph :", "source_modified": "2011-09-01T00:00:00Z", "pk": "2011647988", "created_published_date": "[between 1850 and 1860?]", "subjects": ["Bell, Alexander Graham,--1847-1922--Family.", "Bell, Alexander Melville,--1819-1905.", "Naumann, Traugott Wilhelm.", "Gestures--1850-1860.", "Ambrotypes--1850-1860.", "Portrait  photographs--1850-1860."]}, {"source_created": "2012-11-19T00:00:00Z", "index": 6, "medium": "1 drawing.", "reproduction_number": "LC-DIG-hlb-12855 (digital file from original drawing)", "links": {"item": "https://www.loc.gov/pictures/item/2012635110/", "resource": "https://www.loc.gov/pictures/item/2012635110/resource/"}, "title": "\"What on earth would prompt someone to act like this?\"", "image": {"alt": "digitized item thumbnail", "full": "https://tile.loc.gov/storage-services/service/pnp/hlb/12800/12855_150px.jpg", "square": "https://tile.loc.gov/storage-services/service/pnp/hlb/12800/12855_75x75px.jpg", "thumb": "https://tile.loc.gov/storage-services/service/pnp/hlb/12800/12855_150px.jpg"}, "created": "2016-04-21T00:00:00Z", "modified": "2016-04-21T00:00:00Z", "collection": ["hlb", "minload", "pp"], "creator": "Block, Herbert, 1909-2001", "call_number": "BLOCK, no. 12855 (BB size)", "medium_brief": "1 drawing.", "source_modified": "2015-06-03T00:00:00Z", "pk": "2012635110", "created_published_date": "6/15/1994.", "subjects": ["Kim, Il-so?ng,--1912-1994.", "Li, Peng,--1928-", "Milo\u0161evi\u0107, Slobodan,--1941-2006.", "United Nations.", "International relations--Korea (North)", "International relations--Bosnia and Hercegovina", "International relations--Haiti", "International relations--China", "Gestures", "Drawings--American.", "Editorial cartoons--American."]}, {"source_created": "2012-11-19T00:00:00Z", "index": 7, "medium": "1 drawing.", "reproduction_number": "", "links": {"item": "https://www.loc.gov/pictures/item/2012636569/", "resource": null}, "title": "Delinquents", "image": {"alt": "item not digitized thumbnail", "full": "https://www.loc.gov/pictures/static/images/item/500x500_notdigitized.png", "square": "https://www.loc.gov/pictures/static/images/item/not_digitized_buttons75X75.png", "thumb": "https://www.loc.gov/pictures/static/images/item/notdigitized_buttons140X120.png"}, "created": "2016-04-21T00:00:00Z", "modified": "2016-04-21T00:00:00Z", "collection": ["hlb", "minload", "pp"], "creator": "Block, Herbert, 1909-2001", "call_number": "BLOCK, no. 5862 (BB size)", "medium_brief": "1 drawing.", "source_modified": "2014-01-14T00:00:00Z", "pk": "2012636569", "created_published_date": "5/26/1963.", "subjects": ["Gaulle, Charles de,--1890-1970.", "Khrushchev, Nikita Sergeevich,--1894-1971.", "United Nations.", "International relations--Soviet Union", "International relations--France", "Gestures", "Drawings--American.", "Editorial cartoons--American."]}, {"source_created": "1997-06-25T00:00:00Z", "index": 8, "medium": "1 drawing : ink and white out over pencil.", "reproduction_number": "", "links": {"item": "https://www.loc.gov/pictures/item/2016684755/", "resource": null}, "title": "[Man standing and gesturing with one hand]", "image": {"alt": "item not digitized thumbnail", "full": "https://www.loc.gov/pictures/static/images/item/500x500_notdigitized.png", "square": "https://www.loc.gov/pictures/static/images/item/not_digitized_buttons75X75.png", "thumb": "https://www.loc.gov/pictures/static/images/item/notdigitized_buttons140X120.png"}, "created": "2016-08-16T00:00:00Z", "modified": "2016-08-16T00:00:00Z", "collection": ["4rights", "acd", "acr", "minload", "pp"], "creator": null, "call_number": "CD 1 - Unattributed,  no. 19 (A size)", "medium_brief": "1 drawing :", "source_modified": "2016-08-05T00:00:00Z", "pk": "2016684755", "created_published_date": "[between 1950 and 1970]", "subjects": ["Clothing & dress--1950-1970.", "Gestures--199950-1970.", "Drawings--American--1950-1970."]}, {"source_created": "1997-07-17T00:00:00Z", "index": 9, "medium": "1 drawing on layered paper : ink and pencil.", "reproduction_number": "", "links": {"item": "https://www.loc.gov/pictures/item/2016685129/", "resource": null}, "title": "Order lifting ban on gays", "image": {"alt": "item not digitized thumbnail", "full": "https://www.loc.gov/pictures/static/images/item/500x500_notdigitized.png", "square": "https://www.loc.gov/pictures/static/images/item/not_digitized_buttons75X75.png", "thumb": "https://www.loc.gov/pictures/static/images/item/notdigitized_buttons140X120.png"}, "created": "2016-08-16T00:00:00Z", "modified": "2016-08-16T00:00:00Z", "collection": ["3rights", "acd", "acr", "minload", "pp"], "creator": "Conrad, Paul, 1924-2010", "call_number": "CD 1 - Conrad, no. 51 (A size)", "medium_brief": "1 drawing on layered paper :", "source_modified": "2016-08-05T00:00:00Z", "pk": "2016685129", "created_published_date": "1993 Jan. 29 [publication date]", "subjects": ["Clinton, Bill,--1946-", "Gays--1990-2000.", "Gestures--1990-2000.", "Military officers--1990-2000.", "Military policy--1990-2000.", "Saluting--1990-2000.", "Editorial cartoons--1990-2000."]}, {"source_created": "1997-07-17T00:00:00Z", "index": 10, "medium": "1 drawing on layered paper : ink, crayon, and pencil.", "reproduction_number": "", "links": {"item": "https://www.loc.gov/pictures/item/2016685132/", "resource": null}, "title": "[Ayatollah Khomeini as God, gesturing with middle finger]", "image": {"alt": "item not digitized thumbnail", "full": "https://www.loc.gov/pictures/static/images/item/500x500_notdigitized.png", "square": "https://www.loc.gov/pictures/static/images/item/not_digitized_buttons75X75.png", "thumb": "https://www.loc.gov/pictures/static/images/item/notdigitized_buttons140X120.png"}, "created": "2016-08-16T00:00:00Z", "modified": "2016-08-16T00:00:00Z", "collection": ["3rights", "acd", "acr", "minload", "pp"], "creator": "Conrad, Paul, 1924-2010", "call_number": "CD 1 - Conrad, no. 12 (A size)", "medium_brief": "1 drawing on layered paper :", "source_modified": "2016-08-05T00:00:00Z", "pk": "2016685132", "created_published_date": "1979 Nov. 30 [publication date]", "subjects": ["Khomeini, Ruhollah.", "Gestures--1970-1980.", "International relations--Iran--1970-1980.", "Editorial cartoons--1970-1980."]}, {"source_created": "2016-12-01T00:00:00Z", "index": 11, "medium": "1 drawing : inpriomia color ; sheet 35.3 x 43.3 cm.", "reproduction_number": "LC-DIG-ppmsca-50709 (digital file from original drawing)", "links": {"item": "https://www.loc.gov/pictures/item/2016652878/", "resource": "https://www.loc.gov/pictures/item/2016652878/resource/"}, "title": "A. Hoffman gives victory sign to juror who was excused by judge", "image": {"alt": "digitized item thumbnail", "full": "https://tile.loc.gov/storage-services/service/pnp/ppmsca/50700/50709_150px.jpg", "square": "https://tile.loc.gov/storage-services/service/pnp/ppmsca/50700/50709_75x75px.jpg", "thumb": "https://tile.loc.gov/storage-services/service/pnp/ppmsca/50700/50709_150px.jpg"}, "created": "2016-12-06T00:00:00Z", "modified": "2016-12-06T00:00:00Z", "collection": ["cph", "pp"], "creator": "Brodie, Howard, 1915-2010", "call_number": "Unprocessed in PR 13 CN 1980:027.137 [item] [P&P]", "medium_brief": "1 drawing :", "source_modified": "2016-12-01T00:00:00Z", "pk": "2016652878", "created_published_date": "[1969]", "subjects": ["Hoffman, Abbie--Trials, litigation, etc.", "Chicago Seven Trial, Chicago, Ill., 1969-1970.", "Judicial proceedings--Illinois--Chicago--1960-1970.", "Victory sign--1960-1970.", "Gestures--1960-1970.", "Courtroom sketches--Color--1960-1970.", "Drawings--Color--1960-1970."]}, {"source_created": "2002-10-28T00:00:00Z", "index": 12, "medium": "1 drawing : lithographic crayon and inpriomia color ; sheet 35.6 x 42.7 cm.", "reproduction_number": "LC-DIG-ppmsca-51625 (digital file from original drawing)", "links": {"item": "https://www.loc.gov/pictures/item/2004662251/", "resource": "https://www.loc.gov/pictures/item/2004662251/resource/"}, "title": "Sirhan thumbs up and winking (back to mother + bros) at final selection of jury", "image": {"alt": "digitized item thumbnail", "full": "https://tile.loc.gov/storage-services/service/pnp/ppmsca/51600/51625_150px.jpg", "square": "https://tile.loc.gov/storage-services/service/pnp/ppmsca/51600/51625_75x75px.jpg", "thumb": "https://tile.loc.gov/storage-services/service/pnp/ppmsca/51600/51625_150px.jpg"}, "created": "2017-03-14T00:00:00Z", "modified": "2017-03-14T00:00:00Z", "collection": ["drwg", "minload", "pp"], "creator": "Brodie, Howard, 1915-2010", "call_number": "DRWG/US - Brodie, no. 86 (B size) [P&P]", "medium_brief": "1 drawing :", "source_modified": "2017-03-07T00:00:00Z", "pk": "2004662251", "created_published_date": "[19]69.", "subjects": ["Sirhan, Sirhan Bishara,--1944---Trials, litigation, etc.--California--Los Angeles.", "Kennedy, Robert F.,--1925-1968--Assassination.", "Gestures--1960-1970.", "Courtroom sketches--1960-1970.", "Drawings--American--Color--1960-1970.", "Portrait drawings--American--Color--1960-1970."]}, {"source_created": "2016-05-19T00:00:00Z", "index": 13, "medium": "1 print ; (poster format)", "reproduction_number": "", "links": {"item": "https://www.loc.gov/pictures/item/2016649001/", "resource": "https://www.loc.gov/pictures/item/2016649001/resource/"}, "title": "Inauguration, 1969", "image": {"alt": "digitized item thumbnail", "full": "https://tile.loc.gov/storage-services/service/pnp/yan/1a38000/1a38800/1a38893_150px.jpg", "square": "https://tile.loc.gov/storage-services/service/pnp/yan/1a38000/1a38800/1a38893_75x75px.jpg", "thumb": "https://tile.loc.gov/storage-services/service/pnp/yan/1a38000/1a38800/1a38893_150px.jpg"}, "created": "2017-06-06T00:00:00Z", "modified": "2017-06-06T00:00:00Z", "collection": ["pp", "yan"], "creator": "Levin, Paul, 1949-", "call_number": "POS 6 - US, no. 1151 (C size) [P&P]", "medium_brief": "1 print ;", "source_modified": "2017-06-01T00:00:00Z", "pk": "2016649001", "created_published_date": "c1969.", "subjects": ["Presidential inaugurations--1960-1970.", "Dissenters--1960-1970.", "Gestures--1960-1970.", "Photographs--Reproductions--1960-1970.", "Posters--American--1960-1970.", "Prints--1960-1970."]}, {"source_created": "2017-07-24T00:00:00Z", "index": 14, "medium": "1 print : wood engraving ; sheet 11.5 x 15.1 cm.", "reproduction_number": "LC-DIG-pga-14298 (digital file from original print)", "links": {"item": "https://www.loc.gov/pictures/item/2017660124/", "resource": "https://www.loc.gov/pictures/item/2017660124/resource/"}, "title": "Eulenspiegel hatte n\u00e4mlich die Gewohnheit, wo er einen Schalksstreich vollf\u00fchrt hatte und man ihn nicht kannte, da nahm er Kreide, malte \u00fcber die Th\u00fcr eine Eule und einen Spiegel und schrieb dazu: Hic fuit", "image": {"alt": "digitized item thumbnail", "full": "https://tile.loc.gov/storage-services/service/pnp/pga/14200/14298r.jpg", "square": "https://tile.loc.gov/storage-services/service/pnp/pga/14200/14298_75x75px.jpg", "thumb": "https://tile.loc.gov/storage-services/service/pnp/pga/14200/14298_150px.jpg"}, "created": "2017-08-11T00:00:00Z", "modified": "2017-08-11T00:00:00Z", "collection": ["diof", "pga", "pp"], "creator": "Richter, Ludwig, 1803-1884.", "call_number": "PGA - Richter (L.)--Wiedererstandene Eulenspiegel, no. 5 (AA size) [P&P] Unprocessed in PR 06 CN 800 (former call number)", "medium_brief": "1 print :", "source_modified": "2017-07-24T00:00:00Z", "pk": "2017660124", "created_published_date": "[1839]", "subjects": ["Eulenspiegel (Satire)", "Tricksters--1830-1840.", "Blacksmiths--1830-1840.", "Forge shops--1830-1840.", "Gestures--1830-1840.", "Clergy--1830-1840.", "Insults--1830-1840.", "Fictitious characters--1830-1840.", "Book illustrations--German--1830-1840.", "Humorous pictures--1830-1840.", "Wood engravings--German--1830-1840."]}, {"source_created": "2018-03-01T00:00:00Z", "index": 15, "medium": "1 photograph : gelatin silver print ; sheet 28 x 36 cm (11 x 14 format)", "reproduction_number": "LC-DIG-ppmsca-55284 (digital file from original)", "links": {"item": "https://www.loc.gov/pictures/item/2018645345/", "resource": "https://www.loc.gov/pictures/item/2018645345/resource/"}, "title": "Clarksdale, Mississippi. The local police force pose for a photograph as ministers from the National Council of Churches march to the local church", "image": {"alt": "digitized item thumbnail", "full": "https://tile.loc.gov/storage-services/service/pnp/ppmsca/55200/55284_150px.jpg", "square": "https://tile.loc.gov/storage-services/service/pnp/ppmsca/55200/55284_75x75px.jpg", "thumb": "https://tile.loc.gov/storage-services/service/pnp/ppmsca/55200/55284_150px.jpg"}, "created": "2018-03-06T00:00:00Z", "modified": "2018-03-06T00:00:00Z", "collection": ["cph", "pp"], "creator": "Lyon, Danny", "call_number": "PH - Lyon (D), no. 3-13 (Portfolio) [P&P]", "medium_brief": "1 photograph :", "source_modified": "2018-03-01T00:00:00Z", "pk": "2018645345", "created_published_date": "[1963]", "subjects": ["Police--Mississippi--Clarksdale--1960-1970.", "Gestures--Mississippi--Clarksdale--1960-1970.", "Gelatin silver prints--1960-1970."]}, {"source_created": "2013-02-06T00:00:00Z", "index": 16, "medium": "1 photographic print.", "reproduction_number": "LC-DIG-ds-11798 (digital file from original photograph)\nLC-USZ62-11348 (b&w film copy neg.)\nLC-USZ62-11950 (b&w film copy neg. of another copy)\nLC-USZ62-87095 (b&w film copy neg. of another copy)", "links": {"item": "https://www.loc.gov/pictures/item/2013646080/", "resource": "https://www.loc.gov/pictures/item/2013646080/resource/"}, "title": "Opening of the baseball season: New York vs. Boston, Polo grounds, 5th Ave. & 110th St. N.Y.C.", "image": {"alt": "digitized item thumbnail", "full": "https://tile.loc.gov/storage-services/service/pnp/cph/3a10000/3a13000/3a13700/3a13743r.jpg", "square": "https://tile.loc.gov/storage-services/service/pnp/cph/3a10000/3a13000/3a13700/3a13743_75x75px.jpg", "thumb": "https://tile.loc.gov/storage-services/service/pnp/cph/3a10000/3a13000/3a13700/3a13743_150px.jpg"}, "created": "2018-03-20T00:00:00Z", "modified": "2018-03-20T00:00:00Z", "collection": ["cph", "diof", "pp"], "creator": "Howe, F. L.", "call_number": "SSF - Sports -- Baseball -- 1886 [item] [P&P]", "medium_brief": "1 photographic print.", "source_modified": "2018-03-15T00:00:00Z", "pk": "2013646080", "created_published_date": "c1886.", "subjects": ["National League of Professional Baseball Clubs.", "Boston Braves (Baseball team)", "New York Giants (Baseball team)", "Gestures--1880-1890.", "Obscenity--1880-1890.", "Athletes--New York (State)--New York--1880-1890.", "Baseball--New York (State)--New York--1880-1890.", "Baseball players--New York (State)--New York--1880-1890.", "Sports spectators--New York (State)--New York--1890-1900.", "Group portraits--1880-1890.", "Photographic prints--1880-1890.", "Portrait photographs--1880-1890."]}, {"source_created": "2012-11-21T00:00:00Z", "index": 17, "medium": "1 print : lithograph ; 36.6 x 44.2 cm (sheet)", "reproduction_number": "LC-DIG-pga-08793 (digital file from original item)", "links": {"item": "https://www.loc.gov/pictures/item/2012649927/", "resource": "https://www.loc.gov/pictures/item/2012649927/resource/"}, "title": "Das allegr\u00f6sste Bilder ABC. X/Y/Z", "image": {"alt": "digitized item thumbnail", "full": "https://tile.loc.gov/storage-services/service/pnp/pga/08700/08793r.jpg", "square": "https://tile.loc.gov/storage-services/service/pnp/pga/08700/08793_75x75px.jpg", "thumb": "https://tile.loc.gov/storage-services/service/pnp/pga/08700/08793_150px.jpg"}, "created": "2018-06-19T00:00:00Z", "modified": "2018-06-28T00:00:00Z", "collection": ["diof", "pga", "pp"], "creator": "Winckelmann und S\u00f6hne", "call_number": "PGA - Winckelmann & Sons--Allegr\u00f6sste Bilder ABC (B size) [P&P]", "medium_brief": "1 print :", "source_modified": "2018-06-13T00:00:00Z", "pk": "2012649927", "created_published_date": "[1828]", "subjects": ["Alphabets (Writing systems)--1820-1830.", "Acrobats--1820-1830.", "Soldiers--1820-1830.", "Gestures--1820-1830.", "Dueling--1820-1830.", "Daggers & swords--1820-1830.", "Country life--1820-1830.", "Romanies--1820-1830.", "Lithographs--1820-1830."]}, {"source_created": "2010-09-21T00:00:00Z", "index": 18, "medium": "1 print : chromolithograph.", "reproduction_number": "LC-DIG-ppmsca-25383 (digital file from original print)", "links": {"item": "https://www.loc.gov/pictures/item/2010651289/", "resource": "https://www.loc.gov/pictures/item/2010651289/resource/"}, "title": "Hail to the victor!", "image": {"alt": "digitized item thumbnail", "full": "https://tile.loc.gov/storage-services/service/pnp/ppmsca/25300/25383r.jpg", "square": "https://tile.loc.gov/storage-services/service/pnp/ppmsca/25300/25383_75x75px.jpg", "thumb": "https://tile.loc.gov/storage-services/service/pnp/ppmsca/25300/25383_150px.jpg"}, "created": "2019-05-06T00:00:00Z", "modified": "2019-05-06T00:00:00Z", "collection": ["cph", "diof", "pp"], "creator": "Keppler, Udo J., 1872-1956", "call_number": "Illus. in AP101.P7 1900 (Case X) [P&P]", "medium_brief": "1 print :", "source_modified": "2010-09-21T00:00:00Z", "pk": "2010651289", "created_published_date": "1900 January 3.", "subjects": ["Amphitheaters--1900.", "Gladiators--1900.", "Gestures--1900.", "Cartoons (Commentary)--1900.", "Chromolithographs--Color--1900.", "Periodical illustrations--1900."]}, {"source_created": "2010-12-14T00:00:00Z", "index": 19, "medium": "1 print : chromolithograph.", "reproduction_number": "LC-DIG-ppmsca-25809 (digital file from original print)", "links": {"item": "https://www.loc.gov/pictures/item/2010652333/", "resource": "https://www.loc.gov/pictures/item/2010652333/resource/"}, "title": "The modern Cincinnatus, who will not leave his plough", "image": {"alt": "digitized item thumbnail", "full": "https://tile.loc.gov/storage-services/service/pnp/ppmsca/25800/25809r.jpg", "square": "https://tile.loc.gov/storage-services/service/pnp/ppmsca/25800/25809_75x75px.jpg", "thumb": "https://tile.loc.gov/storage-services/service/pnp/ppmsca/25800/25809_150px.jpg"}, "created": "2019-05-06T00:00:00Z", "modified": "2019-05-06T00:00:00Z", "collection": ["cph", "diof", "pp"], "creator": "Pughe, J. S. (John S.), 1870-1909", "call_number": "Illus. in AP101.P7 1903 (Case X) [P&P]", "medium_brief": "1 print :", "source_modified": "2013-06-06T00:00:00Z", "pk": "2010652333", "created_published_date": "1903 December 30.", "subjects": ["Cleveland, Grover,--1837-1908.", "Cincinnatus, Lucius Quinctius,--approximately 529 B.C.-approximately 430 B.C.", "Dame Democracy (Symbolic character)--1900-1910.", "Farmers--1900-1910.", "Plowing--1900-1910.", "Presidential elections--1900-1910.", "Domestic life--1900-1910.", "Gestures--1900-1910.", "Cartoons (Commentary)--1900-1910.", "Chromolithographs--Color--1900-1910.", "Periodical illustrations--1900-1910."]}, {"source_created": "2011-04-21T00:00:00Z", "index": 20, "medium": "1 photomechanical print : offset, color.", "reproduction_number": "LC-DIG-ppmsca-26267 (digital file from original print)", "links": {"item": "https://www.loc.gov/pictures/item/2011647303/", "resource": "https://www.loc.gov/pictures/item/2011647303/resource/"}, "title": "The leader of the minority", "image": {"alt": "digitized item thumbnail", "full": "https://tile.loc.gov/storage-services/service/pnp/ppmsca/26200/26267r.jpg", "square": "https://tile.loc.gov/storage-services/service/pnp/ppmsca/26200/26267_75x75px.jpg", "thumb": "https://tile.loc.gov/storage-services/service/pnp/ppmsca/26200/26267_150px.jpg"}, "created": "2019-05-06T00:00:00Z", "modified": "2019-05-06T00:00:00Z", "collection": ["cph", "diof", "pp"], "creator": "Keppler, Udo J., 1872-1956", "call_number": "Illus. in AP101.P7 1908 (Case X) [P&P]", "medium_brief": "1 photomechanical print :", "source_modified": "2011-04-25T00:00:00Z", "pk": "2011647303", "created_published_date": "1908 April 29.", "subjects": ["United States.--Congress.", "Cannon, Joseph Gurney,--1836-1926.", "Foraker, Joseph Benson,--1846-1917.", "Payne, Sereno Elisha,--1843-1914.", "Uncle Sam (Symbolic character)--1900-1910.", "Tariffs--1900-1910.", "Special interests--1900-1910.", "Reform--1900-1910.", "Hands--1900-1910.", "Gestures--1900-1910.", "Cartoons (Commentary)--1900-1910.", "Offset photomechanical prints--Color--1900-1910.", "Periodical illustrations--1900-1910."]}]}