{"search": {"field": "subject", "hits": 3, "sort_order": null, "do_facets": true, "focus_item": null, "query": "Guardian & ward", "type": "search", "sort_by": null}, "focus": null, "views": {"current": "list", "grid": "https://www.loc.gov/pictures/search/?q=Guardian+%26+ward&fi=subject&va=exact&st=grid&op=PHRASE", "list": "https://www.loc.gov/pictures/search/?q=Guardian+%26+ward&fi=subject&op=PHRASE&va=exact", "gallery": "https://www.loc.gov/pictures/search/?q=Guardian+%26+ward&fi=subject&va=exact&st=gallery&op=PHRASE", "slideshow": "https://www.loc.gov/pictures/search/?q=Guardian+%26+ward&fi=subject&va=exact&st=slideshow&op=PHRASE"}, "facets": [{"type": "displayed", "filters": [{"count": 2, "on": "https://www.loc.gov/pictures/search/?va=exact&sp=1&q=Guardian+%26+ward&fa=displayed%3Aanywhere&fi=subject&op=PHRASE&fo=json", "selected": false, "off": "https://www.loc.gov/pictures/search/?va=exact&sp=1&q=Guardian+%26+ward&fi=subject&fo=json&op=PHRASE", "title": "Larger image available anywhere"}, {"count": 1, "on": "https://www.loc.gov/pictures/search/?va=exact&sp=1&q=Guardian+%26+ward&fa=displayed%3Alc_only&fi=subject&op=PHRASE&fo=json", "selected": false, "off": "https://www.loc.gov/pictures/search/?va=exact&sp=1&q=Guardian+%26+ward&fi=subject&fo=json&op=PHRASE", "title": "Larger image available only at the Library of Congress"}, {"count": 0, "on": "https://www.loc.gov/pictures/search/?va=exact&sp=1&q=Guardian+%26+ward&fa=displayed%3Anot_digitized&fi=subject&op=PHRASE&fo=json", "selected": false, "off": "https://www.loc.gov/pictures/search/?va=exact&sp=1&q=Guardian+%26+ward&fi=subject&fo=json&op=PHRASE", "title": "Not Digitized"}], "title": "displayed"}], "links": {"json": "//www.loc.gov/pictures/search/?fi=subject&q=Guardian+%26+ward&op=PHRASE&va=exact&fo=json", "html": "//www.loc.gov/pictures/search/?fi=subject&q=Guardian+%26+ward&op=PHRASE&va=exact", "rss": "//www.loc.gov/pictures/search/?fi=subject&q=Guardian+%26+ward&op=PHRASE&va=exact&fo=rss"}, "suggestions": {"possible": []}, "pages": {"current": 1, "next": null, "perpage": 20, "last": null, "page_list": [{"url": null, "number": 1}], "previous": null, "total": 1, "results": "1 - 3", "first": null}, "collection": null, "results": [{"source_created": "2002-10-25T00:00:00Z", "index": 1, "medium": "1 print : letterpress.", "reproduction_number": "LC-DIG-ppmsca-02898 (scan from b&w copy photo in Publishing Office)", "links": {"item": "https://www.loc.gov/pictures/item/2002719612/", "resource": "https://www.loc.gov/pictures/item/2002719612/resource/"}, "title": "[Guardian's notice for determined to be Elizabeth Almy \"incapable of managing her estate\"]", "image": {"alt": "digitized item thumbnail", "full": "https://tile.loc.gov/storage-services/service/pnp/ppmsca/02800/02898r.jpg", "square": "https://tile.loc.gov/storage-services/service/pnp/ppmsca/02800/02898_75x75px.jpg", "thumb": "https://tile.loc.gov/storage-services/service/pnp/ppmsca/02800/02898_150px.jpg"}, "created": "2016-04-20T00:00:00Z", "modified": "2016-04-20T00:00:00Z", "collection": ["ammem", "awh", "cph", "diof", "pp"], "creator": null, "call_number": "Item in Newspaper [Newspaper & Current Periodical RR]", "medium_brief": "1 print :", "source_modified": "2003-12-16T00:00:00Z", "pk": "2002719612", "created_published_date": "[1835 July 15]", "subjects": ["Almy, Elizabeth.", "Almy, John.", "Guardian & ward--Rhode Island--Newport--1830-1840.", "Women--Rhode Island--Newport--1830-1840.", "Legal notices--1830-1840.", "Letterpress works--1830-1840.", "Newspapers--Rhode Island--Newport--1830-1840."]}, {"source_created": "2003-03-24T00:00:00Z", "index": 2, "medium": "1 photomechanical print (poster) : offset lithograph, color.", "reproduction_number": "LC-USZC4-10818 (color film copy transparency)", "links": {"item": "https://www.loc.gov/pictures/item/2003652690/", "resource": "https://www.loc.gov/pictures/item/2003652690/resource/"}, "title": "Christmas eve", "image": {"alt": "digitized item thumbnail", "full": "https://tile.loc.gov/storage-services/service/pnp/cph/3g10000/3g10000/3g10800/3g10818_150px.jpg", "square": "https://tile.loc.gov/storage-services/service/pnp/cph/3g10000/3g10000/3g10800/3g10818_75x75px.jpg", "thumb": "https://tile.loc.gov/storage-services/service/pnp/cph/3g10000/3g10000/3g10800/3g10818_150px.jpg"}, "created": "2016-04-20T00:00:00Z", "modified": "2016-04-20T00:00:00Z", "collection": ["cph", "pp"], "creator": null, "call_number": "POS - MOT. PIC. - 1947 .C55, no. 2 (C size) [P&P]", "medium_brief": "1 photomechanical print (poster) :", "source_modified": "2010-03-29T00:00:00Z", "pk": "2003652690", "created_published_date": "c1947.", "subjects": ["Raft, George--Performances.", "Brent, George,--1904-1979--Performances.", "Scott, Randolph,--1898-1987--Performances.", "Harding, Ann,--1902-1981--Performances.", "Denny, Reginald,--1891-1967--Performances.", "Swindlers--1940-1950.", "Guardian & ward--1940-1950.", "Foster home care--1940-1950.", "Motion picture posters--American--1940-1950.", "Offset photomechanical prints--Color--1940-1950."]}, {"source_created": "2002-10-25T00:00:00Z", "index": 3, "medium": "1 print : letterpress.", "reproduction_number": "LC-DIG-ppmsca-02897 (scan from b&w copy photo in Publishing Office)", "links": {"item": "https://www.loc.gov/pictures/item/2002719606/", "resource": "https://www.loc.gov/pictures/item/2002719606/resource/"}, "title": "[Guardian's notice by Abby Maxson for two children]", "image": {"alt": "digitized item thumbnail", "full": "https://tile.loc.gov/storage-services/service/pnp/ppmsca/02800/02897r.jpg", "square": "https://tile.loc.gov/storage-services/service/pnp/ppmsca/02800/02897_75x75px.jpg", "thumb": "https://tile.loc.gov/storage-services/service/pnp/ppmsca/02800/02897_150px.jpg"}, "created": "2016-04-21T00:00:00Z", "modified": "2016-04-21T00:00:00Z", "collection": ["ammem", "awh", "cph", "diof", "pp"], "creator": null, "call_number": "Item in Newspaper [Newspaper & Current Periodical RR]", "medium_brief": "1 print :", "source_modified": "2003-12-16T00:00:00Z", "pk": "2002719606", "created_published_date": "[1835 February 24]", "subjects": ["Maxson, Abby.", "Guardian & ward--Rhode Island--Newport--1830-1840.", "Women--Rhode Island--Newport--1830-1840.", "Children--Rhode Island--Newport--1830-1840.", "Clippings--1830-1840.", "Legal notices--1830-1840.", "Letterpress works--1830-1840.", "Newspapers--Rhode Island--Newport--1830-1840."]}]}