{"search": {"field": "subject", "hits": 12, "sort_order": null, "do_facets": true, "focus_item": null, "query": "Cigar store Indians", "type": "search", "sort_by": null}, "focus": null, "views": {"current": "list", "grid": "https://www.loc.gov/pictures/search/?q=Cigar+store+Indians&fi=subject&va=exact&st=grid&op=PHRASE", "list": "https://www.loc.gov/pictures/search/?q=Cigar+store+Indians&fi=subject&op=PHRASE&va=exact", "gallery": "https://www.loc.gov/pictures/search/?q=Cigar+store+Indians&fi=subject&va=exact&st=gallery&op=PHRASE", "slideshow": "https://www.loc.gov/pictures/search/?q=Cigar+store+Indians&fi=subject&va=exact&st=slideshow&op=PHRASE"}, "facets": [{"type": "displayed", "filters": [{"count": 11, "on": "https://www.loc.gov/pictures/search/?va=exact&sp=1&q=Cigar+store+Indians&fa=displayed%3Aanywhere&fi=subject&op=PHRASE&fo=json", "selected": false, "off": "https://www.loc.gov/pictures/search/?va=exact&sp=1&q=Cigar+store+Indians&fi=subject&fo=json&op=PHRASE", "title": "Larger image available anywhere"}, {"count": 1, "on": "https://www.loc.gov/pictures/search/?va=exact&sp=1&q=Cigar+store+Indians&fa=displayed%3Alc_only&fi=subject&op=PHRASE&fo=json", "selected": false, "off": "https://www.loc.gov/pictures/search/?va=exact&sp=1&q=Cigar+store+Indians&fi=subject&fo=json&op=PHRASE", "title": "Larger image available only at the Library of Congress"}, {"count": 0, "on": "https://www.loc.gov/pictures/search/?va=exact&sp=1&q=Cigar+store+Indians&fa=displayed%3Anot_digitized&fi=subject&op=PHRASE&fo=json", "selected": false, "off": "https://www.loc.gov/pictures/search/?va=exact&sp=1&q=Cigar+store+Indians&fi=subject&fo=json&op=PHRASE", "title": "Not Digitized"}, {"count": 0, "on": "https://www.loc.gov/pictures/search/?va=exact&sp=1&q=Cigar+store+Indians&fa=displayed%3Asurveys_only&fi=subject&op=PHRASE&fo=json", "selected": false, "off": "https://www.loc.gov/pictures/search/?va=exact&sp=1&q=Cigar+store+Indians&fi=subject&fo=json&op=PHRASE", "title": "Surveys only"}], "title": "displayed"}], "links": {"json": "//www.loc.gov/pictures/search/?fi=subject&q=Cigar+store+Indians&op=PHRASE&va=exact&fo=json", "html": "//www.loc.gov/pictures/search/?fi=subject&q=Cigar+store+Indians&op=PHRASE&va=exact", "rss": "//www.loc.gov/pictures/search/?fi=subject&q=Cigar+store+Indians&op=PHRASE&va=exact&fo=rss"}, "suggestions": {"possible": []}, "pages": {"current": 1, "next": null, "perpage": 20, "last": null, "page_list": [{"url": null, "number": 1}], "previous": null, "total": 1, "results": "1 - 12", "first": null}, "collection": null, "results": [{"source_created": "2012-01-25T00:00:00Z", "index": 1, "medium": "1 photographic print.", "reproduction_number": "LC-USZ62-21344 (b&w film copy neg.)", "links": {"item": "https://www.loc.gov/pictures/item/2012645713/", "resource": "https://www.loc.gov/pictures/item/2012645713/resource/"}, "title": "The Last of her race in Louisville", "image": {"alt": "digitized item thumbnail", "full": "https://tile.loc.gov/storage-services/service/pnp/cph/3a20000/3a22000/3a22400/3a22413_150px.jpg", "square": "https://tile.loc.gov/storage-services/service/pnp/cph/3a20000/3a22000/3a22400/3a22413_75x75px.jpg", "thumb": "https://tile.loc.gov/storage-services/service/pnp/cph/3a20000/3a22000/3a22400/3a22413_150px.jpg"}, "created": "2016-04-20T00:00:00Z", "modified": "2016-04-20T00:00:00Z", "collection": ["cph", "pp"], "creator": "Caufield & Shook", "call_number": "SSF - Cigar-Store Indians [item] [P&P]", "medium_brief": "1 photographic print.", "source_modified": "2012-07-03T00:00:00Z", "pk": "2012645713", "created_published_date": "c1931.", "subjects": ["Cigar store Indians--1930-1940.", "Photographic prints--1930-1940."]}, {"source_created": "2014-10-22T00:00:00Z", "index": 2, "medium": "1 photograph : digital, tiff file, color.", "reproduction_number": "LC-DIG-highsm-29623 (original digital file)", "links": {"item": "https://www.loc.gov/pictures/item/2014633823/", "resource": "https://www.loc.gov/pictures/item/2014633823/resource/"}, "title": "\"Wooden Indian\" at the old \"Hye\" store and post office in Blanco County, west of Johnson City, Texas", "image": {"alt": "digitized item thumbnail", "full": "https://tile.loc.gov/storage-services/service/pnp/highsm/29600/29623r.jpg", "square": "https://tile.loc.gov/storage-services/service/pnp/highsm/29600/29623_75x75px.jpg", "thumb": "https://tile.loc.gov/storage-services/service/pnp/highsm/29600/29623_150px.jpg"}, "created": "2016-04-21T00:00:00Z", "modified": "2016-04-21T00:00:00Z", "collection": ["diof", "highsm", "minload", "pp"], "creator": "Highsmith, Carol M., 1946-", "call_number": "LC-DIG-highsm- 29623 (ONLINE) [P&P]", "medium_brief": "1 photograph :", "source_modified": "2014-11-24T00:00:00Z", "pk": "2014633823", "created_published_date": "2014-06-10.", "subjects": ["United States--Texas--Blanco County.", "Hye store.", "America.", "Lyndon B. Johnson.", "Wooden indians.", "Cigar store indians.", "Digital photographs--Color--2010-2020."]}, {"source_created": "2014-10-22T00:00:00Z", "index": 3, "medium": "1 photograph : digital, tiff file, color.", "reproduction_number": "LC-DIG-highsm-27248 (original digital file)", "links": {"item": "https://www.loc.gov/pictures/item/2014631448/", "resource": "https://www.loc.gov/pictures/item/2014631448/resource/"}, "title": "A cigar-store Indian and a plethora of beads meet for Mardi Gras, a Cowboy Mardi Gras, in little Bandera, the \"Cowboy Capital of Texas,\" west of San Antonio, Texas", "image": {"alt": "digitized item thumbnail", "full": "https://tile.loc.gov/storage-services/service/pnp/highsm/27200/27248r.jpg", "square": "https://tile.loc.gov/storage-services/service/pnp/highsm/27200/27248_75x75px.jpg", "thumb": "https://tile.loc.gov/storage-services/service/pnp/highsm/27200/27248_150px.jpg"}, "created": "2017-12-12T00:00:00Z", "modified": "2017-12-12T00:00:00Z", "collection": ["diof", "highsm", "minload", "pp"], "creator": "Highsmith, Carol M., 1946-", "call_number": "LC-DIG-highsm- 27248 (ONLINE) [P&P]", "medium_brief": "1 photograph :", "source_modified": "2017-12-06T00:00:00Z", "pk": "2014631448", "created_published_date": "2014-02-22.", "subjects": ["United States--Texas--Bandera.", "America", "Cowboy Mardi Gras", "Cowboy capital", "Cigar store indians", "Digital photographs--Color--2010-2020."]}, {"source_created": "2018-01-31T00:00:00Z", "index": 4, "medium": "1 photograph : digital, tiff file, color.", "reproduction_number": "LC-DIG-highsm-46314 (original digital file)", "links": {"item": "https://www.loc.gov/pictures/item/2017883062/", "resource": "https://www.loc.gov/pictures/item/2017883062/resource/"}, "title": "Something is missing from this \"cigar store Indian\" carving outside a clothing store in the fishing and lobstering port of Boothbay Harbor, Maine. The cigar. And there's a ready-made place for it", "image": {"alt": "digitized item thumbnail", "full": "https://tile.loc.gov/storage-services/service/pnp/highsm/46300/46314r.jpg", "square": "https://tile.loc.gov/storage-services/service/pnp/highsm/46300/46314_75x75px.jpg", "thumb": "https://tile.loc.gov/storage-services/service/pnp/highsm/46300/46314_150px.jpg"}, "created": "2018-02-27T00:00:00Z", "modified": "2018-02-27T00:00:00Z", "collection": ["diof", "highsm", "minload", "pp"], "creator": "Highsmith, Carol M., 1946-", "call_number": "LC-DIG-highsm- 46314 (ONLINE) [P&P]", "medium_brief": "1 photograph :", "source_modified": "2018-02-23T00:00:00Z", "pk": "2017883062", "created_published_date": "2017-10-07.", "subjects": ["United States--Maine--Boothbay Harbor.", "America", "Cigar store indians", "Digital photographs--Color--2010-2020."]}, {"source_created": "2018-01-31T00:00:00Z", "index": 5, "medium": "1 photograph : digital, tiff file, color.", "reproduction_number": "LC-DIG-highsm-49419 (original digital file)", "links": {"item": "https://www.loc.gov/pictures/item/2018663137/", "resource": "https://www.loc.gov/pictures/item/2018663137/resource/"}, "title": "Cigar-store Indian, somehow turned ultra-patriot, at Old Tucson, a movie studio and theme park just west of Tucson, Arizona", "image": {"alt": "digitized item thumbnail", "full": "https://tile.loc.gov/storage-services/service/pnp/highsm/49400/49419r.jpg", "square": "https://tile.loc.gov/storage-services/service/pnp/highsm/49400/49419_75x75px.jpg", "thumb": "https://tile.loc.gov/storage-services/service/pnp/highsm/49400/49419_150px.jpg"}, "created": "2018-10-30T00:00:00Z", "modified": "2018-10-30T00:00:00Z", "collection": ["diof", "highsm", "pp"], "creator": "Highsmith, Carol M., 1946-", "call_number": "LC-DIG-highsm- 49419 (ONLINE) [P&P]", "medium_brief": "1 photograph :", "source_modified": "2018-10-25T00:00:00Z", "pk": "2018663137", "created_published_date": "2018-03-13.", "subjects": ["United States--Arizona--Tucson.", "America", "Old Tucson theme park", "Cigar store indians", "Digital photographs--Color--2010-2020."]}, {"source_created": "2018-01-31T00:00:00Z", "index": 6, "medium": "1 photograph : digital, tiff file, color.", "reproduction_number": "LC-DIG-highsm-49532 (original digital file)", "links": {"item": "https://www.loc.gov/pictures/item/2018663250/", "resource": "https://www.loc.gov/pictures/item/2018663250/resource/"}, "title": "A carving that's commonly called a \"cigar store Indian\" outside a \"social club\" (now a gift shop) in Tombstone, Arizona", "image": {"alt": "digitized item thumbnail", "full": "https://tile.loc.gov/storage-services/service/pnp/highsm/49500/49532r.jpg", "square": "https://tile.loc.gov/storage-services/service/pnp/highsm/49500/49532_75x75px.jpg", "thumb": "https://tile.loc.gov/storage-services/service/pnp/highsm/49500/49532_150px.jpg"}, "created": "2018-10-30T00:00:00Z", "modified": "2018-10-30T00:00:00Z", "collection": ["diof", "highsm", "pp"], "creator": "Highsmith, Carol M., 1946-", "call_number": "LC-DIG-highsm- 49532 (ONLINE) [P&P]", "medium_brief": "1 photograph :", "source_modified": "2018-10-25T00:00:00Z", "pk": "2018663250", "created_published_date": "2018-03-21.", "subjects": ["United States--Arizona--Tombstone.", "America", "Doc Holliday", "Wyatt Earp", "Town too tough to die", "Cigar store indians", "Digital photographs--Color--2010-2020."]}, {"source_created": "2010-09-02T00:00:00Z", "index": 7, "medium": "1 photograph : digital, TIFF file, color.", "reproduction_number": "LC-DIG-highsm-08691 (original digital file)", "links": {"item": "https://www.loc.gov/pictures/item/2010640504/", "resource": "https://www.loc.gov/pictures/item/2010640504/resource/"}, "title": "Wooden indian statue at antique store in Florence, Alabama", "image": {"alt": "digitized item thumbnail", "full": "https://tile.loc.gov/storage-services/service/pnp/highsm/08600/08691r.jpg", "square": "https://tile.loc.gov/storage-services/service/pnp/highsm/08600/08691_75x75px.jpg", "thumb": "https://tile.loc.gov/storage-services/service/pnp/highsm/08600/08691_150px.jpg"}, "created": "2019-01-17T00:00:00Z", "modified": "2019-01-17T00:00:00Z", "collection": ["diof", "highsm", "minload", "pp"], "creator": "Highsmith, Carol M., 1946-", "call_number": "LC-DIG-highsm- 08691 (ONLINE) [P&P]", "medium_brief": "1 photograph :", "source_modified": "2019-01-11T00:00:00Z", "pk": "2010640504", "created_published_date": "2010.", "subjects": ["United States--Alabama--Florence.", "America", "Cigar store indians", "Antique shops", "Digital photographs--Color--2000-2010."]}, {"source_created": "2011-12-22T00:00:00Z", "index": 8, "medium": "1 print : chromolithograph.", "reproduction_number": "LC-DIG-ppmsca-28234 (digital file from original print)", "links": {"item": "https://www.loc.gov/pictures/item/2011661829/", "resource": "https://www.loc.gov/pictures/item/2011661829/resource/"}, "title": "Tammany throws away its \"butt\", and the monopoly bootblack picks it up", "image": {"alt": "digitized item thumbnail", "full": "https://tile.loc.gov/storage-services/service/pnp/ppmsca/28200/28234r.jpg", "square": "https://tile.loc.gov/storage-services/service/pnp/ppmsca/28200/28234_75x75px.jpg", "thumb": "https://tile.loc.gov/storage-services/service/pnp/ppmsca/28200/28234_150px.jpg"}, "created": "2019-05-06T00:00:00Z", "modified": "2019-05-06T00:00:00Z", "collection": ["cph", "diof", "pp"], "creator": "Opper, Frederick Burr, 1857-1937", "call_number": "Illus. in AP101.P7 1884 (Case X) [P&P]", "medium_brief": "1 print :", "source_modified": "2014-10-03T00:00:00Z", "pk": "2011661829", "created_published_date": "1884 September 24.", "subjects": ["Kelly, John,--1821-1886.", "Butler, Benjamin F.--(Benjamin Franklin),--1818-1893.", "Grady, Thomas F.--(Thomas Francis),--1853-1912.", "Tammany Hall (Political organization)", "Shoe shiners--1880-1890.", "Cigars--1880-1890.", "Cigar store Indians--1880-1890.", "Tobacco shops--1880-1890.", "Cartoons (Commentary)--1880-1890.", "Chromolithographs--Color--1880-1890.", "Magazine covers--1880-1890.", "Periodical illustrations--1880-1890."]}, {"source_created": "2018-01-31T00:00:00Z", "index": 9, "medium": "1 photograph : digital, tiff file, color.", "reproduction_number": "LC-DIG-highsm-53379 (original digital file)", "links": {"item": "https://www.loc.gov/pictures/item/2018701415/", "resource": "https://www.loc.gov/pictures/item/2018701415/resource/"}, "title": "A carved figure of curious, and perhaps dubious, heritage at Handlebar J, a longstanding restaurant, saloon, country-music venue, and dancehall in Scottsdale, Arizona which the vintage bar calls \"the West's most modern town\"", "image": {"alt": "digitized item thumbnail", "full": "https://tile.loc.gov/storage-services/service/pnp/highsm/53300/53379r.jpg", "square": "https://tile.loc.gov/storage-services/service/pnp/highsm/53300/53379_75x75px.jpg", "thumb": "https://tile.loc.gov/storage-services/service/pnp/highsm/53300/53379_150px.jpg"}, "created": "2019-09-17T00:00:00Z", "modified": "2019-09-17T00:00:00Z", "collection": ["diof", "highsm", "pp"], "creator": "Highsmith, Carol M., 1946-", "call_number": "LC-DIG-highsm- 53379 (ONLINE) [P&P]", "medium_brief": "1 photograph :", "source_modified": "2019-06-26T00:00:00Z", "pk": "2018701415", "created_published_date": "2018-11-10.", "subjects": ["United States--Arizona--Scottsdale.", "America", "Handlebar J", "saloons", "Cigar store indians", "Digital photographs--Color--2010-2020."]}, {"source_created": "2020-11-10T00:00:00Z", "index": 10, "medium": "1 photograph : digital, tiff file, color.", "reproduction_number": "LC-DIG-highsm-62287 (original digital file)", "links": {"item": "https://www.loc.gov/pictures/item/2020720552/", "resource": "https://www.loc.gov/pictures/item/2020720552/resource/"}, "title": "A classic \"cigar store Indian\"  outside an actual cigar store on Calle Ocho (SW 8th Street), the vibrant artery of the historic Little Havana neighborhood of Miami, Florid", "image": {"alt": "digitized item thumbnail", "full": "https://tile.loc.gov/storage-services/service/pnp/highsm/62200/62287r.jpg", "square": "https://tile.loc.gov/storage-services/service/pnp/highsm/62200/62287_75x75px.jpg", "thumb": "https://tile.loc.gov/storage-services/service/pnp/highsm/62200/62287_150px.jpg"}, "created": "2020-12-01T07:21:14Z", "modified": "2020-12-01T07:21:16Z", "collection": ["diof", "highsm", "pp"], "creator": "Highsmith, Carol M., 1946-", "call_number": "LC-DIG-highsm- 62287 (ONLINE) [P&P]", "medium_brief": "1 photograph :", "source_modified": "2020-11-24T08:42:00Z", "pk": "2020720552", "created_published_date": "2020-01-16.", "subjects": ["United States--Florida --Miami-Dade County --Miami.", "America", "Little Havana", "Calle Ocho", "Cigar stores", "Cigar store indians", "Digital photographs--Color--2020."]}, {"source_created": "2020-11-10T00:00:00Z", "index": 11, "medium": "1 photograph : digital, tiff file, color.", "reproduction_number": "LC-DIG-highsm-62563 (original digital file)", "links": {"item": "https://www.loc.gov/pictures/item/2020720828/", "resource": "https://www.loc.gov/pictures/item/2020720828/resource/"}, "title": "Figure commonly known as a \"cigar store Indian\" at the Old Jail Museum, in St. Augustine, Florida", "image": {"alt": "digitized item thumbnail", "full": "https://tile.loc.gov/storage-services/service/pnp/highsm/62500/62563r.jpg", "square": "https://tile.loc.gov/storage-services/service/pnp/highsm/62500/62563_75x75px.jpg", "thumb": "https://tile.loc.gov/storage-services/service/pnp/highsm/62500/62563_150px.jpg"}, "created": "2020-12-01T09:32:15Z", "modified": "2020-12-01T09:32:16Z", "collection": ["diof", "highsm", "pp"], "creator": "Highsmith, Carol M., 1946-", "call_number": "LC-DIG-highsm- 62563 (ONLINE) [P&P]", "medium_brief": "1 photograph :", "source_modified": "2020-11-24T08:43:35Z", "pk": "2020720828", "created_published_date": "2020-01-09.", "subjects": ["United States--Florida --St. Johns County --St. Augustine.", "America", "Oldest U.S. city", "Pedro Men\u0148dez de Avil\u0161", "Old Jail Museum", "Cigar store indians", "Digital photographs--Color--2020."]}, {"source_created": "2020-11-10T00:00:00Z", "index": 12, "medium": "1 photograph : digital, tiff file, color.", "reproduction_number": "LC-DIG-highsm-62891 (original digital file)", "links": {"item": "https://www.loc.gov/pictures/item/2020721156/", "resource": "https://www.loc.gov/pictures/item/2020721156/resource/"}, "title": "A storefront includes a \"cigar store Indian\"  in the historic Little Havana neighborhood of Miami, Florida", "image": {"alt": "digitized item thumbnail", "full": "https://tile.loc.gov/storage-services/service/pnp/highsm/62800/62891r.jpg", "square": "https://tile.loc.gov/storage-services/service/pnp/highsm/62800/62891_75x75px.jpg", "thumb": "https://tile.loc.gov/storage-services/service/pnp/highsm/62800/62891_150px.jpg"}, "created": "2021-01-12T07:00:19Z", "modified": "2021-01-12T07:00:21Z", "collection": ["diof", "highsm", "pp"], "creator": "Highsmith, Carol M., 1946-", "call_number": "LC-DIG-highsm- 62891 (ONLINE) [P&P]", "medium_brief": "1 photograph :", "source_modified": "2021-01-08T13:06:07Z", "pk": "2020721156", "created_published_date": "2020-01-16.", "subjects": ["United States--Florida--Miami-Dade County--Miami.", "America", "Little Havana", "Cigar store indians", "Digital photographs--Color--2020."]}]}