{"search": {"field": "subject", "hits": 65, "sort_order": null, "do_facets": true, "focus_item": null, "query": "Mascots", "type": "search", "sort_by": null}, "focus": null, "views": {"current": "list", "grid": "https://www.loc.gov/pictures/search/?q=Mascots&fi=subject&va=exact&st=grid&op=PHRASE", "list": "https://www.loc.gov/pictures/search/?q=Mascots&fi=subject&op=PHRASE&va=exact", "gallery": "https://www.loc.gov/pictures/search/?q=Mascots&fi=subject&va=exact&st=gallery&op=PHRASE", "slideshow": "https://www.loc.gov/pictures/search/?q=Mascots&fi=subject&va=exact&st=slideshow&op=PHRASE"}, "facets": [{"type": "displayed", "filters": [{"count": 57, "on": "https://www.loc.gov/pictures/search/?va=exact&sp=1&q=Mascots&fa=displayed%3Aanywhere&fi=subject&op=PHRASE&fo=json", "selected": false, "off": "https://www.loc.gov/pictures/search/?va=exact&sp=1&q=Mascots&fi=subject&fo=json&op=PHRASE", "title": "Larger image available anywhere"}, {"count": 4, "on": "https://www.loc.gov/pictures/search/?va=exact&sp=1&q=Mascots&fa=displayed%3Alc_only&fi=subject&op=PHRASE&fo=json", "selected": false, "off": "https://www.loc.gov/pictures/search/?va=exact&sp=1&q=Mascots&fi=subject&fo=json&op=PHRASE", "title": "Larger image available only at the Library of Congress"}, {"count": 4, "on": "https://www.loc.gov/pictures/search/?va=exact&sp=1&q=Mascots&fa=displayed%3Anot_digitized&fi=subject&op=PHRASE&fo=json", "selected": false, "off": "https://www.loc.gov/pictures/search/?va=exact&sp=1&q=Mascots&fi=subject&fo=json&op=PHRASE", "title": "Not Digitized"}], "title": "displayed"}], "links": {"json": "//www.loc.gov/pictures/search/?fi=subject&q=Mascots&op=PHRASE&va=exact&fo=json", "html": "//www.loc.gov/pictures/search/?fi=subject&q=Mascots&op=PHRASE&va=exact", "rss": "//www.loc.gov/pictures/search/?fi=subject&q=Mascots&op=PHRASE&va=exact&fo=rss"}, "suggestions": {"possible": []}, "pages": {"current": 1, "next": "https://www.loc.gov/pictures/search/?q=Mascots&fi=subject&sp=2&op=PHRASE&va=exact", "perpage": 20, "last": "https://www.loc.gov/pictures/search/?q=Mascots&fi=subject&sp=4&op=PHRASE&va=exact", "page_list": [{"url": null, "number": 1}, {"url": "https://www.loc.gov/pictures/search/?q=Mascots&fi=subject&sp=2&op=PHRASE&va=exact", "number": 2}, {"url": "https://www.loc.gov/pictures/search/?q=Mascots&fi=subject&sp=3&op=PHRASE&va=exact", "number": 3}, {"url": "https://www.loc.gov/pictures/search/?q=Mascots&fi=subject&sp=4&op=PHRASE&va=exact", "number": 4}], "previous": null, "total": 4, "results": "1 - 20", "first": null}, "collection": null, "results": [{"source_created": "2015-01-07T00:00:00Z", "index": 1, "medium": "1 photograph : digital, tiff file, color.", "reproduction_number": "LC-DIG-highsm-30352 (original digital file)", "links": {"item": "https://www.loc.gov/pictures/item/2015630588/", "resource": "https://www.loc.gov/pictures/item/2015630588/resource/"}, "title": "Rowdy, an ever-smiling buckaroo, has been the official mascot of the Dallas Cowboys of the National Football League since 1996", "image": {"alt": "digitized item thumbnail", "full": "https://tile.loc.gov/storage-services/service/pnp/highsm/30300/30352r.jpg", "square": "https://tile.loc.gov/storage-services/service/pnp/highsm/30300/30352_75x75px.jpg", "thumb": "https://tile.loc.gov/storage-services/service/pnp/highsm/30300/30352_150px.jpg"}, "created": "2017-05-16T00:00:00Z", "modified": "2017-05-16T00:00:00Z", "collection": ["diof", "highsm", "minload", "pp"], "creator": "Highsmith, Carol M., 1946-", "call_number": "LC-DIG-highsm- 30352 (ONLINE) [P&P]", "medium_brief": "1 photograph :", "source_modified": "2017-05-11T00:00:00Z", "pk": "2015630588", "created_published_date": "2014-08-28.", "subjects": ["United States--Texas--Arlington.", "Dallas Cowboys", "Rowdy", "Team mascots", "National Football League", "Mascots", "America", "Digital photographs--Color--2010-2020."]}, {"source_created": "2015-01-07T00:00:00Z", "index": 2, "medium": "1 photograph : digital, tiff file, color.", "reproduction_number": "LC-DIG-highsm-30353 (original digital file)", "links": {"item": "https://www.loc.gov/pictures/item/2015630589/", "resource": "https://www.loc.gov/pictures/item/2015630589/resource/"}, "title": "Rowdy, an ever-smiling buckaroo, has been the official mascot of the Dallas Cowboys of the National Football League since 1996", "image": {"alt": "digitized item thumbnail", "full": "https://tile.loc.gov/storage-services/service/pnp/highsm/30300/30353r.jpg", "square": "https://tile.loc.gov/storage-services/service/pnp/highsm/30300/30353_75x75px.jpg", "thumb": "https://tile.loc.gov/storage-services/service/pnp/highsm/30300/30353_150px.jpg"}, "created": "2017-05-16T00:00:00Z", "modified": "2017-05-16T00:00:00Z", "collection": ["diof", "highsm", "minload", "pp"], "creator": "Highsmith, Carol M., 1946-", "call_number": "LC-DIG-highsm- 30353 (ONLINE) [P&P]", "medium_brief": "1 photograph :", "source_modified": "2017-05-11T00:00:00Z", "pk": "2015630589", "created_published_date": "2014-08-28.", "subjects": ["United States--Texas--Arlington.", "Dallas Cowboys", "Rowdy", "Team mascots", "National Football League", "Mascots", "America", "Digital photographs--Color--2010-2020."]}, {"source_created": "2015-01-07T00:00:00Z", "index": 3, "medium": "1 photograph : digital, tiff file, color.", "reproduction_number": "LC-DIG-highsm-30354 (original digital file)", "links": {"item": "https://www.loc.gov/pictures/item/2015630590/", "resource": "https://www.loc.gov/pictures/item/2015630590/resource/"}, "title": "Rowdy, an ever-smiling buckaroo, has been the official mascot of the Dallas Cowboys of the National Football League since 1996. Here he welcomes photographer Carol M. Highsmith to the Cowboys' home field, AT&T Stadium, in Arlington, Texas", "image": {"alt": "digitized item thumbnail", "full": "https://tile.loc.gov/storage-services/service/pnp/highsm/30300/30354r.jpg", "square": "https://tile.loc.gov/storage-services/service/pnp/highsm/30300/30354_75x75px.jpg", "thumb": "https://tile.loc.gov/storage-services/service/pnp/highsm/30300/30354_150px.jpg"}, "created": "2017-05-16T00:00:00Z", "modified": "2017-05-16T00:00:00Z", "collection": ["diof", "highsm", "minload", "pp"], "creator": "Highsmith, Carol M., 1946-", "call_number": "LC-DIG-highsm- 30354 (ONLINE) [P&P]", "medium_brief": "1 photograph :", "source_modified": "2017-05-11T00:00:00Z", "pk": "2015630590", "created_published_date": "2014-08-28.", "subjects": ["United States--Texas--Arlington.", "Dallas Cowboys", "Rowdy", "Team mascots", "National Football League", "Mascots", "America", "AT&T Stadium", "Digital photographs--Color--2010-2020."]}, {"source_created": "2013-12-27T00:00:00Z", "index": 4, "medium": "1 photographic print : cyanotype.", "reproduction_number": "LC-DIG-ppmsca-37736 (digital file from original item)", "links": {"item": "https://www.loc.gov/pictures/item/2013651510/", "resource": "https://www.loc.gov/pictures/item/2013651510/resource/"}, "title": "[Theodore Roosevelt's Rough Riders, Company A, at military camp, Montauk Point, New York]", "image": {"alt": "digitized item thumbnail", "full": "https://tile.loc.gov/storage-services/service/pnp/ppmsca/37700/37736r.jpg", "square": "https://tile.loc.gov/storage-services/service/pnp/ppmsca/37700/37736_75x75px.jpg", "thumb": "https://tile.loc.gov/storage-services/service/pnp/ppmsca/37700/37736_150px.jpg"}, "created": "2016-04-20T00:00:00Z", "modified": "2016-04-20T00:00:00Z", "collection": ["cph", "diof", "pp"], "creator": "Johnston, Frances Benjamin, 1864-1952", "call_number": "LOT 10007, no. 6 [P&P]", "medium_brief": "1 photographic print :", "source_modified": "2015-03-12T00:00:00Z", "pk": "2013651510", "created_published_date": "[1898]", "subjects": ["United States.--Army.--Volunteer Cavalry,1st--People.", "Soldiers--New York (State)--Montauk Point--1890-1900.", "Dogs--New York (State)--Montauk Point--1890-1900.", "Mascots--1890-1900.", "Cyanotypes--1890-1900.", "Group portraits--1890-1900.", "Portrait photographs--1890-1900."]}, {"source_created": "2013-12-27T00:00:00Z", "index": 5, "medium": "1 photographic print : cyanotype.", "reproduction_number": "LC-DIG-ppmsca-37748 (digital file from original item)", "links": {"item": "https://www.loc.gov/pictures/item/2013651520/", "resource": "https://www.loc.gov/pictures/item/2013651520/resource/"}, "title": "[Theodore Roosevelt's Rough Riders, enlisted men and bird mascot, at military camp, Montauk Point, New York]", "image": {"alt": "digitized item thumbnail", "full": "https://tile.loc.gov/storage-services/service/pnp/ppmsca/37700/37748r.jpg", "square": "https://tile.loc.gov/storage-services/service/pnp/ppmsca/37700/37748_75x75px.jpg", "thumb": "https://tile.loc.gov/storage-services/service/pnp/ppmsca/37700/37748_150px.jpg"}, "created": "2016-04-20T00:00:00Z", "modified": "2016-04-20T00:00:00Z", "collection": ["cph", "diof", "pp"], "creator": "Johnston, Frances Benjamin, 1864-1952", "call_number": "LOT 10007, no. 18 [P&P]", "medium_brief": "1 photographic print :", "source_modified": "2015-03-12T00:00:00Z", "pk": "2013651520", "created_published_date": "[1898]", "subjects": ["United States.--Army.--Volunteer Cavalry,1st--People.", "Soldiers--New York (State)--Montauk Point--1890-1900.", "Mascots--1890-1900.", "Birds--New York (State)--Montauk Point--1890-1900.", "Cyanotypes--1890-1900.", "Group portraits--1890-1900.", "Portrait photographs--1890-1900."]}, {"source_created": "2014-10-16T00:00:00Z", "index": 6, "medium": "1 photograph: b&w contact sheet.", "reproduction_number": "", "links": {"item": "https://www.loc.gov/pictures/item/2014667322/", "resource": null}, "title": "Race for the Cure", "image": {"alt": "item not digitized thumbnail", "full": "https://www.loc.gov/pictures/static/images/item/500x500_notdigitized.png", "square": "https://www.loc.gov/pictures/static/images/item/not_digitized_buttons75X75.png", "thumb": "https://www.loc.gov/pictures/static/images/item/notdigitized_buttons140X120.png"}, "created": "2016-04-20T00:00:00Z", "modified": "2016-04-20T00:00:00Z", "collection": ["cqrc", "minload", "pp"], "creator": null, "call_number": "ROLL CALL-1997-346 [P&P]", "medium_brief": "1 photograph:\n7 photographs:", "source_modified": "2015-02-05T00:00:00Z", "pk": "2014667322", "created_published_date": "[1997-04]", "subjects": ["Mascots", "Portraits", "Film negatives.", "Photographic prints."]}, {"source_created": "1991-08-12T00:00:00Z", "index": 7, "medium": "1 photographic print.", "reproduction_number": "LC-USZ62-103769 (b&w film copy neg.)", "links": {"item": "https://www.loc.gov/pictures/item/91784623/", "resource": "https://www.loc.gov/pictures/item/91784623/resource/"}, "title": "[Abe Rachlin (prospect from Newark), Ad Brennan, Jim Moroney, Frank Scanlan, & three Afro-American boys who were mascots (baseball)]", "image": {"alt": "digitized item thumbnail", "full": "https://tile.loc.gov/storage-services/service/pnp/cph/3c00000/3c03000/3c03700/3c03769r.jpg", "square": "https://tile.loc.gov/storage-services/service/pnp/cph/3c00000/3c03000/3c03700/3c03769_75x75px.jpg", "thumb": "https://tile.loc.gov/storage-services/service/pnp/cph/3c00000/3c03000/3c03700/3c03769_150px.jpg"}, "created": "2016-04-20T00:00:00Z", "modified": "2016-04-20T00:00:00Z", "collection": ["diof", "ggbain", "pp"], "creator": null, "call_number": "LOT 11147-2 <item> [P&P]", "medium_brief": "1 photographic print.", "source_modified": "2007-05-09T00:00:00Z", "pk": "91784623", "created_published_date": "[1910 Feb. 28]", "subjects": ["Baseball players--Pennsylvania--Philadelphia--1910.", "African Americans--Children--1910.", "Mascots--1910.", "Group portraits--1910.", "Photographic prints--1910.", "Portrait photographs--1910."]}, {"source_created": "1994-08-15T00:00:00Z", "index": 8, "medium": "1 photographic print.", "reproduction_number": "LC-USZ62-111782 (b&w film copy neg.)", "links": {"item": "https://www.loc.gov/pictures/item/94508018/", "resource": "https://www.loc.gov/pictures/item/94508018/resource/"}, "title": "Mascot presented to Smith Independent League of Illinois", "image": {"alt": "digitized item thumbnail", "full": "https://tile.loc.gov/storage-services/service/pnp/cph/3c10000/3c11000/3c11700/3c11782_150px.jpg", "square": "https://tile.loc.gov/storage-services/service/pnp/cph/3c10000/3c11000/3c11700/3c11782_75x75px.jpg", "thumb": "https://tile.loc.gov/storage-services/service/pnp/cph/3c10000/3c11000/3c11700/3c11782_150px.jpg"}, "created": "2016-04-20T00:00:00Z", "modified": "2016-04-20T00:00:00Z", "collection": ["cph", "pp"], "creator": null, "call_number": "BIOG FILE - Smith, Alfred Emanuel, 1873-1944  <item> [P&P]", "medium_brief": "1 photographic print.", "source_modified": "2002-11-09T00:00:00Z", "pk": "94508018", "created_published_date": "1928.", "subjects": ["Smith, Alfred Emanuel,--1873-1944.", "Presidential elections--Illinois--Chicago--1920-1930.", "Mascots--1920-1930.", "Dogs--Illinois--Chicago--1920-1930.", "Photographic prints--1920-1930.", "Portrait photographs--1920-1930."]}, {"source_created": "1996-02-29T00:00:00Z", "index": 9, "medium": "1 photographic print.", "reproduction_number": "LC-USZ62-92486 (b&w film copy neg.)", "links": {"item": "https://www.loc.gov/pictures/item/96503331/", "resource": "https://www.loc.gov/pictures/item/96503331/resource/"}, "title": "[Soldier and eagle mascot beside \"H\" Troop flag]", "image": {"alt": "digitized item thumbnail", "full": "https://tile.loc.gov/storage-services/service/pnp/cph/3b30000/3b38000/3b38700/3b38784r.jpg", "square": "https://tile.loc.gov/storage-services/service/pnp/cph/3b30000/3b38000/3b38700/3b38784_75x75px.jpg", "thumb": "https://tile.loc.gov/storage-services/service/pnp/cph/3b30000/3b38000/3b38700/3b38784_150px.jpg"}, "created": "2016-04-20T00:00:00Z", "modified": "2016-04-20T00:00:00Z", "collection": ["diof", "fbj", "pp"], "creator": "Johnston, Frances Benjamin, 1864-1952", "call_number": "LOT 10007, no. 35 [P&P]", "medium_brief": "1 photographic print.", "source_modified": "2013-12-27T00:00:00Z", "pk": "96503331", "created_published_date": "[1898]", "subjects": ["Eagles--New York (State)--Montauk Point--1890-1900.", "Mascots--1890-1900.", "Photographic prints--1890-1900."]}, {"source_created": "1996-06-04T00:00:00Z", "index": 10, "medium": "1 photographic print.", "reproduction_number": "LC-USZ62-91954 (b&w film copy neg.)", "links": {"item": "https://www.loc.gov/pictures/item/96510215/", "resource": "https://www.loc.gov/pictures/item/96510215/resource/"}, "title": "South African Pioneer Corps personnel with Dolly, their lioness mascot at desert landing ground, [and a Boston bomber]", "image": {"alt": "digitized item thumbnail", "full": "https://tile.loc.gov/storage-services/service/pnp/cph/3b30000/3b38000/3b38200/3b38284_150px.jpg", "square": "https://tile.loc.gov/storage-services/service/pnp/cph/3b30000/3b38000/3b38200/3b38284_75x75px.jpg", "thumb": "https://tile.loc.gov/storage-services/service/pnp/cph/3b30000/3b38000/3b38200/3b38284_150px.jpg"}, "created": "2016-04-20T00:00:00Z", "modified": "2016-04-20T00:00:00Z", "collection": ["cph", "pp"], "creator": null, "call_number": "LOT 11588-2A  <item> [P&P]", "medium_brief": "1 photographic print.", "source_modified": "2002-11-09T00:00:00Z", "pk": "96510215", "created_published_date": "[ca. 1942]", "subjects": ["British South Africa Company.--Pioneer Corps--People--1940-1950.", "Military personnel--1940-1950.", "Mascots--1940-1950.", "Group portraits--1940-1950.", "Photographic prints--1940-1950.", "Portrait photographs--1940-1950."]}, {"source_created": "2006-03-27T00:00:00Z", "index": 11, "medium": "1 photographic print.", "reproduction_number": "LC-USZ62-136393 (b&w film copy neg.)", "links": {"item": "https://www.loc.gov/pictures/item/2006680177/", "resource": "https://www.loc.gov/pictures/item/2006680177/resource/"}, "title": "Georgetown--Navy game, G. W. bulldog and Navy goat", "image": {"alt": "digitized item thumbnail", "full": "https://tile.loc.gov/storage-services/service/pnp/cph/3c30000/3c36000/3c36300/3c36393r.jpg", "square": "https://tile.loc.gov/storage-services/service/pnp/cph/3c30000/3c36000/3c36300/3c36393_75x75px.jpg", "thumb": "https://tile.loc.gov/storage-services/service/pnp/cph/3c30000/3c36000/3c36300/3c36393_150px.jpg"}, "created": "2016-04-21T00:00:00Z", "modified": "2016-04-21T00:00:00Z", "collection": ["diof", "npco", "pp"], "creator": null, "call_number": "LOT 12344-5 [item] [P&P]", "medium_brief": "1 photographic print.", "source_modified": "2006-03-28T00:00:00Z", "pk": "2006680177", "created_published_date": "[ca. 1920]", "subjects": ["United States Naval Academy--Sports--1910-1930.", "Georgetown University--Sports--1910-1930.", "Mascots--1910-1930.", "Photographic prints--1910-1930."]}, {"source_created": "2006-01-23T00:00:00Z", "index": 12, "medium": "1 drawing : pen and ink.", "reproduction_number": "", "links": {"item": "https://www.loc.gov/pictures/item/2010717085/", "resource": "https://www.loc.gov/pictures/item/2010717085/resource/"}, "title": "Captain, mate, & clerk", "image": {"alt": "digitized item thumbnail", "full": "https://tile.loc.gov/storage-services/service/pnp/cai/2a13000/2a13700/2a13771r.jpg", "square": "https://tile.loc.gov/storage-services/service/pnp/cai/2a13000/2a13700/2a13771_75x75px.jpg", "thumb": "https://tile.loc.gov/storage-services/service/pnp/cai/2a13000/2a13700/2a13771_150px.jpg"}, "created": "2016-04-21T00:00:00Z", "modified": "2016-04-21T00:00:00Z", "collection": ["cai", "diof", "minload", "pp"], "creator": "Kemble, E. W. (Edward Windsor), 1861-1933", "call_number": "CAI - Kemble, no. 35 (A size) [P&P]", "medium_brief": "1 drawing :", "source_modified": "2010-12-03T00:00:00Z", "pk": "2010717085", "created_published_date": "[between 1880 and 1933]", "subjects": ["Bears.", "Mascots.", "Sailors.", "Drawings.", "Periodical illustrations."]}, {"source_created": "2013-03-29T00:00:00Z", "index": 13, "medium": "1 photographic print.", "reproduction_number": "LC-DIG-ds-03782 (digital file from original photograph)", "links": {"item": "https://www.loc.gov/pictures/item/2013646421/", "resource": "https://www.loc.gov/pictures/item/2013646421/resource/"}, "title": "\"Jiggs\" in football regalia ready to buck the line", "image": {"alt": "digitized item thumbnail", "full": "https://tile.loc.gov/storage-services/service/pnp/ds/03700/03782_150px.jpg", "square": "https://tile.loc.gov/storage-services/service/pnp/ds/03700/03782_75x75px.jpg", "thumb": "https://tile.loc.gov/storage-services/service/pnp/ds/03700/03782_150px.jpg"}, "created": "2016-04-21T00:00:00Z", "modified": "2016-04-21T00:00:00Z", "collection": ["cph", "pp"], "creator": null, "call_number": "NYWTS - SUBJ/GEOG--Dogs -- Names -- Jiggs -- United States Marine Corps -- Mascot [item] [P&P]", "medium_brief": "1 photographic print.", "source_modified": "2013-03-29T00:00:00Z", "pk": "2013646421", "created_published_date": "1930 Nov. 8.", "subjects": ["Mascots--1930.", "Animals in human situations--1930.", "Dogs--Pennsylvania--Philadelphia--1930.", "Philadelphia (Pa.)--1930.", "Photographic prints--1930.", "Portrait photographs--1930."]}, {"source_created": "2013-12-27T00:00:00Z", "index": 14, "medium": "1 photographic print : cyanotype.", "reproduction_number": "LC-DIG-ppmsca-37737 (digital file from original item)", "links": {"item": "https://www.loc.gov/pictures/item/2013651511/", "resource": "https://www.loc.gov/pictures/item/2013651511/resource/"}, "title": "[Theodore Roosevelt's Rough Riders, at military camp, Montauk Point, New York]", "image": {"alt": "digitized item thumbnail", "full": "https://tile.loc.gov/storage-services/service/pnp/ppmsca/37700/37737r.jpg", "square": "https://tile.loc.gov/storage-services/service/pnp/ppmsca/37700/37737_75x75px.jpg", "thumb": "https://tile.loc.gov/storage-services/service/pnp/ppmsca/37700/37737_150px.jpg"}, "created": "2016-04-21T00:00:00Z", "modified": "2016-04-21T00:00:00Z", "collection": ["cph", "diof", "pp"], "creator": "Johnston, Frances Benjamin, 1864-1952", "call_number": "LOT 10007, no. 7 [P&P]", "medium_brief": "1 photographic print :", "source_modified": "2015-03-12T00:00:00Z", "pk": "2013651511", "created_published_date": "[1898]", "subjects": ["United States.--Army.--Volunteer Cavalry,1st--People.", "Soldiers--New York (State)--Montauk Point--1890-1900.", "Dogs--New York (State)--Montauk Point--1890-1900.", "Mascots--1890-1900.", "Cyanotypes--1890-1900.", "Group portraits--1890-1900.", "Portrait photographs--1890-1900."]}, {"source_created": "2013-12-27T00:00:00Z", "index": 15, "medium": "1 photographic print : cyanotype.", "reproduction_number": "LC-DIG-ppmsca-37738 (digital file from original item)", "links": {"item": "https://www.loc.gov/pictures/item/2013651512/", "resource": "https://www.loc.gov/pictures/item/2013651512/resource/"}, "title": "[Theodore Roosevelt's Rough Riders, Company E, at military camp, Montauk Point, New York]", "image": {"alt": "digitized item thumbnail", "full": "https://tile.loc.gov/storage-services/service/pnp/ppmsca/37700/37738r.jpg", "square": "https://tile.loc.gov/storage-services/service/pnp/ppmsca/37700/37738_75x75px.jpg", "thumb": "https://tile.loc.gov/storage-services/service/pnp/ppmsca/37700/37738_150px.jpg"}, "created": "2016-04-21T00:00:00Z", "modified": "2016-04-21T00:00:00Z", "collection": ["cph", "diof", "pp"], "creator": "Johnston, Frances Benjamin, 1864-1952", "call_number": "LOT 10007, no. 8 [P&P]", "medium_brief": "1 photographic print :", "source_modified": "2015-03-12T00:00:00Z", "pk": "2013651512", "created_published_date": "[1898]", "subjects": ["United States.--Army.--Volunteer Cavalry,1st--People.", "Soldiers--New York (State)--Montauk Point--1890-1900.", "Birds--New York (State)--Montauk Point--1890-1900.", "Mascots--1890-1900.", "Cyanotypes--1890-1900.", "Group portraits--1890-1900.", "Portrait photographs--1890-1900."]}, {"source_created": "2014-10-16T00:00:00Z", "index": 16, "medium": "1 photograph: b&w contact sheet.", "reproduction_number": "", "links": {"item": "https://www.loc.gov/pictures/item/2014672772/", "resource": null}, "title": "Feature", "image": {"alt": "item not digitized thumbnail", "full": "https://www.loc.gov/pictures/static/images/item/500x500_notdigitized.png", "square": "https://www.loc.gov/pictures/static/images/item/not_digitized_buttons75X75.png", "thumb": "https://www.loc.gov/pictures/static/images/item/notdigitized_buttons140X120.png"}, "created": "2016-04-21T00:00:00Z", "modified": "2016-04-21T00:00:00Z", "collection": ["cqrc", "minload", "pp"], "creator": null, "call_number": "ROLL CALL-1999-445 [P&P]", "medium_brief": "1 photograph:\n25 photographs:", "source_modified": "2015-02-05T00:00:00Z", "pk": "2014672772", "created_published_date": "[1999-09-01]", "subjects": ["conference rooms", "Mascots", "Film negatives.", "Photographic prints."]}, {"source_created": "1993-08-20T00:00:00Z", "index": 17, "medium": "1 photographic print.", "reproduction_number": "LC-USZ62-108476 (b&w film copy neg.)", "links": {"item": "https://www.loc.gov/pictures/item/93511542/", "resource": "https://www.loc.gov/pictures/item/93511542/resource/"}, "title": "Mascot \"Maine\", Cavite, P.I.", "image": {"alt": "digitized item thumbnail", "full": "https://tile.loc.gov/storage-services/service/pnp/cph/3c00000/3c08000/3c08400/3c08476r.jpg", "square": "https://tile.loc.gov/storage-services/service/pnp/cph/3c00000/3c08000/3c08400/3c08476_75x75px.jpg", "thumb": "https://tile.loc.gov/storage-services/service/pnp/cph/3c00000/3c08000/3c08400/3c08476_150px.jpg"}, "created": "2016-04-21T00:00:00Z", "modified": "2016-04-21T00:00:00Z", "collection": ["cph", "diof", "pp"], "creator": null, "call_number": "LOT 5596 [item] [P&P]", "medium_brief": "1 photographic print.", "source_modified": "2004-10-19T00:00:00Z", "pk": "93511542", "created_published_date": "[c1899]", "subjects": ["Mascots--1890-1900.", "Dogs--Philippines--Cavite Province--1890-1900.", "Photographic prints--1890-1900."]}, {"source_created": "1994-12-20T00:00:00Z", "index": 18, "medium": "1 print (poster) : color.", "reproduction_number": "LC-USZC4-3237 (color film copy transparency)", "links": {"item": "https://www.loc.gov/pictures/item/94515542/", "resource": "https://www.loc.gov/pictures/item/94515542/resource/"}, "title": "[Student standing alongside tiger]", "image": {"alt": "digitized item thumbnail", "full": "https://tile.loc.gov/storage-services/service/pnp/cph/3g00000/3g03000/3g03200/3g03237r.jpg", "square": "https://tile.loc.gov/storage-services/service/pnp/cph/3g00000/3g03000/3g03200/3g03237_75x75px.jpg", "thumb": "https://tile.loc.gov/storage-services/service/pnp/cph/3g00000/3g03000/3g03200/3g03237_150px.jpg"}, "created": "2016-04-21T00:00:00Z", "modified": "2016-04-21T00:00:00Z", "collection": ["diof", "pos", "pp"], "creator": "Galbraith, John Weston", "call_number": "POS - US .G352, no. 1 (B size) [P&P]", "medium_brief": "1 print (poster) :", "source_modified": "2004-11-08T00:00:00Z", "pk": "94515542", "created_published_date": "c1902.", "subjects": ["Princeton University--Public relations.", "Tigers--1900-1910.", "Students--1900-1910.", "Mascots--1900-1910.", "Lithographs--Color--1900-1910."]}, {"source_created": "1999-10-15T00:00:00Z", "index": 19, "medium": "1 drawing on paper : ink and white out over pencil.", "reproduction_number": "", "links": {"item": "https://www.loc.gov/pictures/item/2016685919/", "resource": null}, "title": "\"Don't you think you're carrying this mascot thing a little too far?\"", "image": {"alt": "item not digitized thumbnail", "full": "https://www.loc.gov/pictures/static/images/item/500x500_notdigitized.png", "square": "https://www.loc.gov/pictures/static/images/item/not_digitized_buttons75X75.png", "thumb": "https://www.loc.gov/pictures/static/images/item/notdigitized_buttons140X120.png"}, "created": "2016-08-16T00:00:00Z", "modified": "2016-08-16T00:00:00Z", "collection": ["acd", "minload", "pp"], "creator": "Mauldin, Bill, 1921-2003", "call_number": "CD 1 - Mauldin, no. 175 (A size)", "medium_brief": "1 drawing on paper :", "source_modified": "2016-08-05T00:00:00Z", "pk": "2016685919", "created_published_date": "[between 1941 and 1945]", "subjects": ["World War, 1939-1945--Military life.", "Mascots--1940-1950.", "Soldiers--American--1940-1950.", "Gorillas--1940-1950.", "Cartoons (Commentary)--1940-1950.", "Drawings--1940-1950."]}, {"source_created": "2016-12-13T00:00:00Z", "index": 20, "medium": "1 photograph : digital, tiff file, color.", "reproduction_number": "LC-DIG-highsm-41753 (original digital file)", "links": {"item": "https://www.loc.gov/pictures/item/2016632571/", "resource": "https://www.loc.gov/pictures/item/2016632571/resource/"}, "title": "Statue of a Frisch's Big Boy hamburger-chain mascot, dressed in a Cincinnati Reds' baseball team uniform, stands at the Cincinnati Zoo and Botanical Garden, America's second-oldest zoo, in Cincinnati, Ohio", "image": {"alt": "digitized item thumbnail", "full": "https://tile.loc.gov/storage-services/service/pnp/highsm/41700/41753r.jpg", "square": "https://tile.loc.gov/storage-services/service/pnp/highsm/41700/41753_75x75px.jpg", "thumb": "https://tile.loc.gov/storage-services/service/pnp/highsm/41700/41753_150px.jpg"}, "created": "2016-12-20T00:00:00Z", "modified": "2016-12-20T00:00:00Z", "collection": ["diof", "highsm", "minload", "pp"], "creator": "Highsmith, Carol M., 1946-", "call_number": "LC-DIG-highsm- 41753 (ONLINE) [P&P]", "medium_brief": "1 photograph :", "source_modified": "2016-12-19T00:00:00Z", "pk": "2016632571", "created_published_date": "2016-10-14.", "subjects": ["United States--Ohio--Hamilton County--Cincinnati.", "America", "Cincinnati Zoo", "Philadelphia Zoo", "Martha the Passenger Pigeon", "Last passenger pigeon", "Frisch's Big Boy mascots", "Cincinnati Reds", "Digital photographs--Color--2010-2020."]}]}