{"search": {"field": "subject", "hits": 56, "sort_order": null, "do_facets": true, "focus_item": null, "query": "Pedestals", "type": "search", "sort_by": null}, "focus": null, "views": {"current": "list", "grid": "https://www.loc.gov/pictures/search/?q=Pedestals&fi=subject&va=exact&st=grid&op=PHRASE", "list": "https://www.loc.gov/pictures/search/?q=Pedestals&fi=subject&op=PHRASE&va=exact", "gallery": "https://www.loc.gov/pictures/search/?q=Pedestals&fi=subject&va=exact&st=gallery&op=PHRASE", "slideshow": "https://www.loc.gov/pictures/search/?q=Pedestals&fi=subject&va=exact&st=slideshow&op=PHRASE"}, "facets": [{"type": "displayed", "filters": [{"count": 49, "on": "https://www.loc.gov/pictures/search/?va=exact&sp=1&q=Pedestals&fa=displayed%3Aanywhere&fi=subject&op=PHRASE&fo=json", "selected": false, "off": "https://www.loc.gov/pictures/search/?va=exact&sp=1&q=Pedestals&fi=subject&fo=json&op=PHRASE", "title": "Larger image available anywhere"}, {"count": 5, "on": "https://www.loc.gov/pictures/search/?va=exact&sp=1&q=Pedestals&fa=displayed%3Alc_only&fi=subject&op=PHRASE&fo=json", "selected": false, "off": "https://www.loc.gov/pictures/search/?va=exact&sp=1&q=Pedestals&fi=subject&fo=json&op=PHRASE", "title": "Larger image available only at the Library of Congress"}, {"count": 2, "on": "https://www.loc.gov/pictures/search/?va=exact&sp=1&q=Pedestals&fa=displayed%3Anot_digitized&fi=subject&op=PHRASE&fo=json", "selected": false, "off": "https://www.loc.gov/pictures/search/?va=exact&sp=1&q=Pedestals&fi=subject&fo=json&op=PHRASE", "title": "Not Digitized"}], "title": "displayed"}], "links": {"json": "//www.loc.gov/pictures/search/?fi=subject&q=Pedestals&op=PHRASE&va=exact&fo=json", "html": "//www.loc.gov/pictures/search/?fi=subject&q=Pedestals&op=PHRASE&va=exact", "rss": "//www.loc.gov/pictures/search/?fi=subject&q=Pedestals&op=PHRASE&va=exact&fo=rss"}, "suggestions": {"possible": []}, "pages": {"current": 1, "next": "https://www.loc.gov/pictures/search/?q=Pedestals&fi=subject&sp=2&op=PHRASE&va=exact", "perpage": 20, "last": "https://www.loc.gov/pictures/search/?q=Pedestals&fi=subject&sp=3&op=PHRASE&va=exact", "page_list": [{"url": null, "number": 1}, {"url": "https://www.loc.gov/pictures/search/?q=Pedestals&fi=subject&sp=2&op=PHRASE&va=exact", "number": 2}, {"url": "https://www.loc.gov/pictures/search/?q=Pedestals&fi=subject&sp=3&op=PHRASE&va=exact", "number": 3}], "previous": null, "total": 3, "results": "1 - 20", "first": null}, "collection": null, "results": [{"source_created": "2006-08-09T00:00:00Z", "index": 1, "medium": "1 photographic print.", "reproduction_number": "LC-DIG-ppmsca-12514 (digital file from original photograph)", "links": {"item": "https://www.loc.gov/pictures/item/2006685389/", "resource": "https://www.loc.gov/pictures/item/2006685389/resource/"}, "title": "Joan of Arc Statue, New York City", "image": {"alt": "digitized item thumbnail", "full": "https://tile.loc.gov/storage-services/service/pnp/ppmsca/12500/12514r.jpg", "square": "https://tile.loc.gov/storage-services/service/pnp/ppmsca/12500/12514_75x75px.jpg", "thumb": "https://tile.loc.gov/storage-services/service/pnp/ppmsca/12500/12514_150px.jpg"}, "created": "2016-04-20T00:00:00Z", "modified": "2016-04-20T00:00:00Z", "collection": ["7", "cph", "diof", "exh", "l4628", "pp"], "creator": "Huntington, Anna Hyatt, 1876-1973", "call_number": "BIOG FILE - Joan of Arc, Saint, 1412-1431 [item] [P&P]", "medium_brief": "1 photographic print.", "source_modified": "2007-02-07T00:00:00Z", "pk": "2006685389", "created_published_date": "1920 Dec. 2.", "subjects": ["Joan,--of Arc, Saint,--1412-1431--Statues.", "Sculpture--1920.", "Pedestals--1920.", "Photographic prints--1920."]}, {"source_created": "2009-02-26T00:00:00Z", "index": 2, "medium": "1 photographic print.", "reproduction_number": "LC-USZ62-138394 (b&w film copy neg.)", "links": {"item": "https://www.loc.gov/pictures/item/2009631190/", "resource": "https://www.loc.gov/pictures/item/2009631190/resource/"}, "title": "No. 2 shield and leaf vase, with handles, on no. 2 crane pedestal", "image": {"alt": "digitized item thumbnail", "full": "https://tile.loc.gov/storage-services/service/pnp/cph/3c30000/3c38000/3c38300/3c38394r.jpg", "square": "https://tile.loc.gov/storage-services/service/pnp/cph/3c30000/3c38000/3c38300/3c38394_75x75px.jpg", "thumb": "https://tile.loc.gov/storage-services/service/pnp/cph/3c30000/3c38000/3c38300/3c38394_150px.jpg"}, "created": "2016-04-20T00:00:00Z", "modified": "2016-04-20T00:00:00Z", "collection": ["cph", "diof", "pp"], "creator": null, "call_number": "Illus. in NK6499 .F5 1874a (Case X) [P&P]", "medium_brief": "1 photographic print.", "source_modified": "2009-02-26T00:00:00Z", "pk": "2009631190", "created_published_date": "c1875.", "subjects": ["J. W. Fiske Iron Works.", "Ironwork--1870-1880.", "Vases--1870-1880.", "Pedestals--1870-1880.", "Engravings--1870-1880.", "Trade catalogs--1870-1880."]}, {"source_created": "2009-03-05T00:00:00Z", "index": 3, "medium": "1 photographic print.", "reproduction_number": "LC-USZ62-138392 (b&w film copy neg.)", "links": {"item": "https://www.loc.gov/pictures/item/2009631193/", "resource": "https://www.loc.gov/pictures/item/2009631193/resource/"}, "title": "[Designs for ironwork pedestals, bases, and covers for vases]", "image": {"alt": "digitized item thumbnail", "full": "https://tile.loc.gov/storage-services/service/pnp/cph/3c30000/3c38000/3c38300/3c38392r.jpg", "square": "https://tile.loc.gov/storage-services/service/pnp/cph/3c30000/3c38000/3c38300/3c38392_75x75px.jpg", "thumb": "https://tile.loc.gov/storage-services/service/pnp/cph/3c30000/3c38000/3c38300/3c38392_150px.jpg"}, "created": "2016-04-20T00:00:00Z", "modified": "2016-04-20T00:00:00Z", "collection": ["cph", "diof", "pp"], "creator": null, "call_number": "Illus. in NK6499 .F5 1874a (Case X) [P&P]", "medium_brief": "1 photographic print.", "source_modified": "2009-03-05T00:00:00Z", "pk": "2009631193", "created_published_date": "c1875.", "subjects": ["J. W. Fiske Iron Works.", "Ironwork--1870-1880.", "Pedestals--1870-1880.", "Engravings--1870-1880.", "Trade catalogs--1870-1880."]}, {"source_created": "2011-10-21T00:00:00Z", "index": 4, "medium": "1 drawing : graphite ; 12.5 x 16.4 cm (sheet)", "reproduction_number": "", "links": {"item": "https://www.loc.gov/pictures/item/2011660625/", "resource": null}, "title": "[Sketch of a sculpture on a pedestal showing a god astride the back of a human on hands and knees; includes Chinese language characters at top right]", "image": {"alt": "item not digitized thumbnail", "full": "https://www.loc.gov/pictures/static/images/item/500x500_notdigitized.png", "square": "https://www.loc.gov/pictures/static/images/item/not_digitized_buttons75X75.png", "thumb": "https://www.loc.gov/pictures/static/images/item/notdigitized_buttons140X120.png"}, "created": "2016-04-20T00:00:00Z", "modified": "2016-04-20T00:00:00Z", "collection": ["diof", "drwg", "pp"], "creator": "I\ufe20U\ufe21din, G. V. (Gennadi\u012d Vasil\u02b9evich), 1840-1912", "call_number": "DRWG 1 - Russian, no. 93 (A size) [P&P]", "medium_brief": "1 drawing :", "source_modified": "2011-10-21T00:00:00Z", "pk": "2011660625", "created_published_date": "[between 1860 and 1900]", "subjects": ["Sculpture--China--1860-1900.", "Buddhist gods--China--1860-1900.", "Pedestals--China--1860-1900.", "Graphite drawings--1860-1900."]}, {"source_created": "2012-06-21T00:00:00Z", "index": 5, "medium": "1 drawing.", "reproduction_number": "LC-DIG-hlb-04457 (digital file from original drawing)", "links": {"item": "https://www.loc.gov/pictures/item/2012633763/", "resource": "https://www.loc.gov/pictures/item/2012633763/resource/"}, "title": "\"Who said a policeman's lot is not a happy one?\"", "image": {"alt": "digitized item thumbnail", "full": "https://tile.loc.gov/storage-services/service/pnp/hlb/04400/04457_150px.jpg", "square": "https://tile.loc.gov/storage-services/service/pnp/hlb/04400/04457_75x75px.jpg", "thumb": "https://tile.loc.gov/storage-services/service/pnp/hlb/04400/04457_150px.jpg"}, "created": "2016-04-20T00:00:00Z", "modified": "2016-04-20T00:00:00Z", "collection": ["hlb", "minload", "pp"], "creator": "Block, Herbert, 1909-2001", "call_number": "BLOCK, no. 4457 (BB size) [P&P]", "medium_brief": "1 drawing.", "source_modified": "2013-03-22T00:00:00Z", "pk": "2012633763", "created_published_date": "9-1-[19]57.", "subjects": ["Eisenhower, Dwight D.--(Dwight David),--1890-1969.", "Hoover, J. Edgar--(John Edgar),--1895-1972.", "United States.--Congress.", "United States.--Federal Bureau of Investigation.", "pedestals", "Filing cabinets", "Drawings--American.", "Editorial cartoons--American."]}, {"source_created": "1997-09-05T00:00:00Z", "index": 6, "medium": "1 drawing : ink and wash on paper.", "reproduction_number": "LC-USZC4-1566 (color film copy transparency)\nLC-USZ62-56080 (b&w film copy neg.)", "links": {"item": "https://www.loc.gov/pictures/item/ade1997000665/", "resource": "https://www.loc.gov/pictures/item/ade1997000665/resource/"}, "title": "[Vase on pedestal, copied from Robert Adam's Works in architecture]", "image": {"alt": "digitized item thumbnail", "full": "https://tile.loc.gov/storage-services/service/pnp/ade/2a03000/2a03200/2a03245_150px.jpg", "square": "https://tile.loc.gov/storage-services/service/pnp/ade/2a03000/2a03200/2a03245_75x75px.jpg", "thumb": "https://tile.loc.gov/storage-services/service/pnp/ade/2a03000/2a03200/2a03245_150px.jpg"}, "created": "2016-04-20T00:00:00Z", "modified": "2016-04-20T00:00:00Z", "collection": ["ade", "pp"], "creator": "Thornton, William, 1759-1828", "call_number": "ADE 11 - Thornton, no. 33 (A size)  <P&P> [P&P]", "medium_brief": "1 drawing :", "source_modified": "2013-02-28T00:00:00Z", "pk": "ade1997000665", "created_published_date": "[between 1800 and 1828]", "subjects": ["Vases.", "Pedestals.", "Architectural drawings--Reproductions.", "Drawings."]}, {"source_created": "2008-03-03T00:00:00Z", "index": 7, "medium": "1 photograph : glass lantern slide, hand-colored ; 3.25 x 4 in.", "reproduction_number": "LC-DIG-ppmsca-16491 (digital file from original item)", "links": {"item": "https://www.loc.gov/pictures/item/2008687335/", "resource": "https://www.loc.gov/pictures/item/2008687335/resource/"}, "title": "[Chateau of Br\u00e9au, Dammarie-l\u00e8s-Lys, Seine-et-Marne, France. Alley]", "image": {"alt": "digitized item thumbnail", "full": "https://tile.loc.gov/storage-services/service/pnp/ppmsca/16400/16491r.jpg", "square": "https://tile.loc.gov/storage-services/service/pnp/ppmsca/16400/16491_75x75px.jpg", "thumb": "https://tile.loc.gov/storage-services/service/pnp/ppmsca/16400/16491_150px.jpg"}, "created": "2016-04-21T00:00:00Z", "modified": "2016-04-21T00:00:00Z", "collection": ["diof", "fbj", "flickrj71705", "pp"], "creator": "Johnston, Frances Benjamin, 1864-1952", "call_number": "LC-J717-X104- 35 [P&P]", "medium_brief": "1 photograph :", "source_modified": "2012-06-09T00:00:00Z", "pk": "2008687335", "created_published_date": "[1925 July]", "subjects": ["Gardens--France--Seine-et-Marne--1920-1930.", "Pedestals--France--Seine-et-Marne--1920-1930.", "Urns--France--1920-1930.", "Lantern slides--Hand-colored--1920-1930."]}, {"source_created": "2009-02-24T00:00:00Z", "index": 8, "medium": "1 photographic print.", "reproduction_number": "LC-USZ62-138387 (b&w film copy neg.)", "links": {"item": "https://www.loc.gov/pictures/item/2009631187/", "resource": "https://www.loc.gov/pictures/item/2009631187/resource/"}, "title": "[Two designs for ironwork vases on pedestals]", "image": {"alt": "digitized item thumbnail", "full": "https://tile.loc.gov/storage-services/service/pnp/cph/3c30000/3c38000/3c38300/3c38387r.jpg", "square": "https://tile.loc.gov/storage-services/service/pnp/cph/3c30000/3c38000/3c38300/3c38387_75x75px.jpg", "thumb": "https://tile.loc.gov/storage-services/service/pnp/cph/3c30000/3c38000/3c38300/3c38387_150px.jpg"}, "created": "2016-04-21T00:00:00Z", "modified": "2016-04-21T00:00:00Z", "collection": ["cph", "diof", "pp"], "creator": null, "call_number": "Illus. in NK6499 .F5 1874a (Case X) [P&P]", "medium_brief": "1 photographic print.", "source_modified": "2009-02-26T00:00:00Z", "pk": "2009631187", "created_published_date": "c1875.", "subjects": ["J. W. Fiske Iron Works.", "Ironwork--1870-1880.", "Vases--1870-1880.", "Pedestals--1870-1880.", "Engravings--1870-1880.", "Trade catalogs--1870-1880."]}, {"source_created": "2009-02-24T00:00:00Z", "index": 9, "medium": "1 photographic print.", "reproduction_number": "LC-USZ62-138390 (b&w film copy neg.)", "links": {"item": "https://www.loc.gov/pictures/item/2009631189/", "resource": "https://www.loc.gov/pictures/item/2009631189/resource/"}, "title": "[Three designs for ironwork pedestals for vases]", "image": {"alt": "digitized item thumbnail", "full": "https://tile.loc.gov/storage-services/service/pnp/cph/3c30000/3c38000/3c38300/3c38390r.jpg", "square": "https://tile.loc.gov/storage-services/service/pnp/cph/3c30000/3c38000/3c38300/3c38390_75x75px.jpg", "thumb": "https://tile.loc.gov/storage-services/service/pnp/cph/3c30000/3c38000/3c38300/3c38390_150px.jpg"}, "created": "2016-04-21T00:00:00Z", "modified": "2016-04-21T00:00:00Z", "collection": ["cph", "diof", "pp"], "creator": null, "call_number": "Illus. in NK6499 .F5 1874a (Case X) [P&P]", "medium_brief": "1 photographic print.", "source_modified": "2009-03-05T00:00:00Z", "pk": "2009631189", "created_published_date": "c1875.", "subjects": ["J. W. Fiske Iron Works.", "Ironwork--1870-1880.", "Pedestals--1870-1880.", "Engravings--1870-1880.", "Trade catalogs--1870-1880."]}, {"source_created": "2009-08-21T00:00:00Z", "index": 10, "medium": "1 photographic print.", "reproduction_number": "LC-USZ62-138640 (b&w film copy neg.)", "links": {"item": "https://www.loc.gov/pictures/item/2009633140/", "resource": "https://www.loc.gov/pictures/item/2009633140/resource/"}, "title": "Commemorate Pulitzer's birthday", "image": {"alt": "digitized item thumbnail", "full": "https://tile.loc.gov/storage-services/service/pnp/cph/3c30000/3c38000/3c38600/3c38640_150px.jpg", "square": "https://tile.loc.gov/storage-services/service/pnp/cph/3c30000/3c38000/3c38600/3c38640_75x75px.jpg", "thumb": "https://tile.loc.gov/storage-services/service/pnp/cph/3c30000/3c38000/3c38600/3c38640_150px.jpg"}, "created": "2016-04-21T00:00:00Z", "modified": "2016-04-21T00:00:00Z", "collection": ["cph", "pp"], "creator": null, "call_number": "NYWTS - BIOG--Pulitzer, Joseph--Dead--Publisher [item] [P&P]", "medium_brief": "1 photographic print.", "source_modified": "2009-09-22T00:00:00Z", "pk": "2009633140", "created_published_date": "1944 March 10.", "subjects": ["Astor, John Jacob,--1886-1971.", "Buzzell, Louise.", "Pulitzer, Joseph,--1847-1911--Commemoration.", "Pedestals--New York (State)--New York--1940-1950.", "Sculpture--New York (State)--New York--1940-1950.", "Wreaths--New York (State)--New York--1940-1950.", "Photographic prints--1940-1950."]}, {"source_created": "2011-07-01T00:00:00Z", "index": 11, "medium": "1 photographic print : mounted on board ; 42.5 x 24.5 cm. (image), 71 x 55.5 cm. (board).", "reproduction_number": "LC-USZC4-15017 (color film copy transparency)", "links": {"item": "https://www.loc.gov/pictures/item/2011648078/", "resource": "https://www.loc.gov/pictures/item/2011648078/resource/"}, "title": "[William Shakespeare monument, Central Park, New York City]", "image": {"alt": "digitized item thumbnail", "full": "https://tile.loc.gov/storage-services/service/pnp/cph/3g10000/3g15000/3g15000/3g15017r.jpg", "square": "https://tile.loc.gov/storage-services/service/pnp/cph/3g10000/3g15000/3g15000/3g15017_75x75px.jpg", "thumb": "https://tile.loc.gov/storage-services/service/pnp/cph/3g10000/3g15000/3g15000/3g15017_150px.jpg"}, "created": "2016-04-21T00:00:00Z", "modified": "2016-04-21T00:00:00Z", "collection": ["cph", "diof", "pp"], "creator": "Ward, John Quincy Adams, 1830-1910", "call_number": "Unprocessed in PR 13 CN 2010:100, P79.199 [P&P]", "medium_brief": "1 photographic print :", "source_modified": "2011-10-11T00:00:00Z", "pk": "2011648078", "created_published_date": "[18]76.", "subjects": ["Shakespeare, William,--1564-1616--Statues--1870-1880.", "Sculpture--New York (State)--New York--1870-1880.", "Pedestals--New York (State)--New York--1870-1880.", "Photographic prints--1870-1880."]}, {"source_created": "1994-03-16T00:00:00Z", "index": 12, "medium": "1 print : color lithograph ; sheet 72 x 51 cm. (poster format)", "reproduction_number": "", "links": {"item": "https://www.loc.gov/pictures/item/2014636041/", "resource": "https://www.loc.gov/pictures/item/2014636041/resource/"}, "title": "Galatea. Lilian Olcott", "image": {"alt": "digitized item thumbnail", "full": "https://tile.loc.gov/storage-services/service/pnp/var/0600/0676/0676r.jpg", "square": "https://tile.loc.gov/storage-services/service/pnp/var/0600/0676/0676_75x75px.jpg", "thumb": "https://tile.loc.gov/storage-services/service/pnp/var/0600/0676/0676_150px.jpg"}, "created": "2016-04-21T00:00:00Z", "modified": "2016-04-21T00:00:00Z", "collection": ["ammem", "diof", "minload", "pp", "var"], "creator": "Forbes Co.", "call_number": "POS - TH - 1886 .G3, no. 1 (C size) [P&P]", "medium_brief": "1 print :", "source_modified": "2015-01-06T00:00:00Z", "pk": "2014636041", "created_published_date": "[c1886]", "subjects": ["Olcott, Lilian--Performances.", "Galatea (Greek deity)", "Pedestals.", "Theatrical productions.", "Lithographs--Color.", "Theatrical posters--American."]}, {"source_created": "2015-10-15T00:00:00Z", "index": 13, "medium": "1 print : engraving ; sheet 25.7 x 20.5 cm.", "reproduction_number": "LC-DIG-ppmsca-39603 (digital file from original print)", "links": {"item": "https://www.loc.gov/pictures/item/2015651505/", "resource": "https://www.loc.gov/pictures/item/2015651505/resource/"}, "title": "Amies Montgomery Co. near Philadelphia. Hot pressed", "image": {"alt": "digitized item thumbnail", "full": "https://tile.loc.gov/storage-services/service/pnp/ppmsca/39600/39603r.jpg", "square": "https://tile.loc.gov/storage-services/service/pnp/ppmsca/39600/39603_75x75px.jpg", "thumb": "https://tile.loc.gov/storage-services/service/pnp/ppmsca/39600/39603_150px.jpg"}, "created": "2016-04-21T00:00:00Z", "modified": "2016-04-21T00:00:00Z", "collection": ["cph", "diof", "pp"], "creator": "Steel, James W., 1799-1879", "call_number": "LOT 14108, no. 46 [P&P]", "medium_brief": "1 print :", "source_modified": "2015-10-15T00:00:00Z", "pk": "2015651505", "created_published_date": "[between 1830 and 1837]", "subjects": ["Washington, George,--1732-1799.", "Jefferson, Thomas,--1743-1826.", "Franklin, Benjamin,--1706-1790.", "Adams, John Quincy,--1767-1848.", "Jackson, Andrew,--1767-1845.", "Paper industry--Pennsylvania--Philadelphia--1830-1840.", "Foundations--Pennsylvania--Philadelphia--1830-1840.", "Pedestals--Pennsylvania--Philadelphia--1830-1840.", "Beehives--Pennsylvania--Philadelphia--1830-1840.", "Commerce--American--1830-1840.", "Advertisements--1830-1840.", "Engravings--1830-1840.", "Portrait prints--1830-1840."]}, {"source_created": "2011-07-01T00:00:00Z", "index": 14, "medium": "1 drawing : graphite, ink, and wash on paper ; 95.5 x 60 cm.", "reproduction_number": "LC-USZC4-15023 (color film copy transparency)", "links": {"item": "https://www.loc.gov/pictures/item/2011648073/", "resource": "https://www.loc.gov/pictures/item/2011648073/resource/"}, "title": "[William Shakespeare monument, Central Park, New York City. Rendering]", "image": {"alt": "digitized item thumbnail", "full": "https://tile.loc.gov/storage-services/service/pnp/cph/3g10000/3g15000/3g15000/3g15023r.jpg", "square": "https://tile.loc.gov/storage-services/service/pnp/cph/3g10000/3g15000/3g15000/3g15023_75x75px.jpg", "thumb": "https://tile.loc.gov/storage-services/service/pnp/cph/3g10000/3g15000/3g15000/3g15023_150px.jpg"}, "created": "2017-08-11T00:00:00Z", "modified": "2017-08-11T00:00:00Z", "collection": ["cph", "diof", "pp"], "creator": "Hunt, Richard Morris, 1827-1895", "call_number": "Unprocessed in PR 13 CN 2010:100, 78.82 [P&P]", "medium_brief": "1 drawing :", "source_modified": "2017-07-19T00:00:00Z", "pk": "2011648073", "created_published_date": "[ca. 1870]", "subjects": ["Shakespeare, William,--1564-1616--Statues--1860-1880.", "Sculpture--New York (State)--New York--1860-1880.", "Pedestals--New York (State)--New York--1860-1880.", "Architectural drawings--1860-1880."]}, {"source_created": "2017-07-06T00:00:00Z", "index": 15, "medium": "1 print : color photochrom ; sheet 17 x  23 cm.", "reproduction_number": "LC-DIG-ppmsca-52465 (digital file from original item)", "links": {"item": "https://www.loc.gov/pictures/item/2017659776/", "resource": "https://www.loc.gov/pictures/item/2017659776/resource/"}, "title": "Plougastel - Daolas. Le Calvaire", "image": {"alt": "digitized item thumbnail", "full": "https://tile.loc.gov/storage-services/service/pnp/ppmsca/52400/52465r.jpg", "square": "https://tile.loc.gov/storage-services/service/pnp/ppmsca/52400/52465_75x75px.jpg", "thumb": "https://tile.loc.gov/storage-services/service/pnp/ppmsca/52400/52465_150px.jpg"}, "created": "2017-08-29T00:00:00Z", "modified": "2017-08-29T00:00:00Z", "collection": ["cph", "diof", "pgz", "pp"], "creator": "Photoglob Co.", "call_number": "LOT 14184, no. 198 [item] [P&P]", "medium_brief": "1 print :", "source_modified": "2017-08-22T00:00:00Z", "pk": "2017659776", "created_published_date": "[ca. 1890-1906]", "subjects": ["Pedestals.", "Sculpture.", "France--Plougastel-Daoulas.", "Photochrom prints--Color."]}, {"source_created": "2008-11-04T00:00:00Z", "index": 16, "medium": "1 negative : safety film ; 8 x 10 in.", "reproduction_number": "LC-DIG-csas-01348 (digital file from original negative)", "links": {"item": "https://www.loc.gov/pictures/item/2017887061/", "resource": "https://www.loc.gov/pictures/item/2017887061/resource/"}, "title": "City Hall Erectheum, St. Charles & Lafayette St., New Orleans, Orleans Parish, Louisiana", "image": {"alt": "digitized item thumbnail", "full": "https://tile.loc.gov/storage-services/service/pnp/csas/01300/01348r.jpg", "square": "https://tile.loc.gov/storage-services/service/pnp/csas/01300/01348_75x75px.jpg", "thumb": "https://tile.loc.gov/storage-services/service/pnp/csas/01300/01348_150px.jpg"}, "created": "2018-03-13T00:00:00Z", "modified": "2018-03-13T00:00:00Z", "collection": ["csas", "diof", "minload", "pp"], "creator": "Johnston, Frances Benjamin, 1864-1952", "call_number": "LC-J7-LA- 1147 [P&P]", "medium_brief": "1 negative :", "source_modified": "2018-03-12T00:00:00Z", "pk": "2017887061", "created_published_date": "1937-1938.", "subjects": ["United States--Louisiana--Orleans Parish--New Orleans.", "City & town halls.", "Columns.", "Entablatures.", "Lampposts.", "Pedestals.", "Pediments.", "Stairways.", "Safety film negatives."]}, {"source_created": "2008-11-04T00:00:00Z", "index": 17, "medium": "1 negative : safety film ; 8 x 10 in.", "reproduction_number": "LC-DIG-csas-01367 (digital file from original negative)", "links": {"item": "https://www.loc.gov/pictures/item/2017887080/", "resource": "https://www.loc.gov/pictures/item/2017887080/resource/"}, "title": "Asphodel Plantation, Fluker, E. Feliciana Parish, Louisiana", "image": {"alt": "digitized item thumbnail", "full": "https://tile.loc.gov/storage-services/service/pnp/csas/01300/01367r.jpg", "square": "https://tile.loc.gov/storage-services/service/pnp/csas/01300/01367_75x75px.jpg", "thumb": "https://tile.loc.gov/storage-services/service/pnp/csas/01300/01367_150px.jpg"}, "created": "2018-03-13T00:00:00Z", "modified": "2018-03-13T00:00:00Z", "collection": ["csas", "diof", "minload", "pp"], "creator": "Johnston, Frances Benjamin, 1864-1952", "call_number": "LC-J7-LA- 1166 [P&P]", "medium_brief": "1 negative :", "source_modified": "2018-03-12T00:00:00Z", "pk": "2017887080", "created_published_date": "1938.", "subjects": ["United States--Louisiana--E. Feliciana Parish--Fluker.", "Columns.", "Dormers.", "Fanlights.", "Gates.", "Outbuildings.", "Pedestals.", "Plant containers.", "Porches.", "Roofs.", "Safety film negatives."]}, {"source_created": "2008-11-04T00:00:00Z", "index": 18, "medium": "1 negative : safety film ; 8 x 10 in.", "reproduction_number": "LC-DIG-csas-01368 (digital file from original negative)", "links": {"item": "https://www.loc.gov/pictures/item/2017887081/", "resource": "https://www.loc.gov/pictures/item/2017887081/resource/"}, "title": "Asphodel Plantation, Fluker, E. Feliciana Parish, Louisiana", "image": {"alt": "digitized item thumbnail", "full": "https://tile.loc.gov/storage-services/service/pnp/csas/01300/01368r.jpg", "square": "https://tile.loc.gov/storage-services/service/pnp/csas/01300/01368_75x75px.jpg", "thumb": "https://tile.loc.gov/storage-services/service/pnp/csas/01300/01368_150px.jpg"}, "created": "2018-03-13T00:00:00Z", "modified": "2018-03-13T00:00:00Z", "collection": ["csas", "diof", "minload", "pp"], "creator": "Johnston, Frances Benjamin, 1864-1952", "call_number": "LC-J7-LA- 1167 [P&P]", "medium_brief": "1 negative :", "source_modified": "2018-03-12T00:00:00Z", "pk": "2017887081", "created_published_date": "1938.", "subjects": ["United States--Louisiana--E. Feliciana Parish--Fluker.", "Chimneys.", "Columns.", "Dwellings.", "Pedestals.", "Plant containers.", "Porticoes (Porches).", "Stairways.", "Safety film negatives."]}, {"source_created": "2008-11-04T00:00:00Z", "index": 19, "medium": "1 negative : safety film ; 8 x 10 in.", "reproduction_number": "LC-DIG-csas-01396 (digital file from original negative)", "links": {"item": "https://www.loc.gov/pictures/item/2017887109/", "resource": "https://www.loc.gov/pictures/item/2017887109/resource/"}, "title": "Belmont Plantation ruins and cabin, Maringouin, Iberville Parish, Louisiana", "image": {"alt": "digitized item thumbnail", "full": "https://tile.loc.gov/storage-services/service/pnp/csas/01300/01396r.jpg", "square": "https://tile.loc.gov/storage-services/service/pnp/csas/01300/01396_75x75px.jpg", "thumb": "https://tile.loc.gov/storage-services/service/pnp/csas/01300/01396_150px.jpg"}, "created": "2018-03-13T00:00:00Z", "modified": "2018-03-13T00:00:00Z", "collection": ["csas", "diof", "minload", "pp"], "creator": "Johnston, Frances Benjamin, 1864-1952", "call_number": "LC-J7-LA- 1189 [P&P]", "medium_brief": "1 negative :", "source_modified": "2018-03-12T00:00:00Z", "pk": "2017887109", "created_published_date": "1938.", "subjects": ["United States--Louisiana--Iberville Parish--Maringouin.", "Brickwork.", "Columns.", "Pedestals.", "Ruins.", "Safety film negatives."]}, {"source_created": "2008-11-04T00:00:00Z", "index": 20, "medium": "1 negative : safety film ; 8 x 10 in.", "reproduction_number": "LC-DIG-csas-01442 (digital file from original negative)", "links": {"item": "https://www.loc.gov/pictures/item/2017887156/", "resource": "https://www.loc.gov/pictures/item/2017887156/resource/"}, "title": "Evergreen, Wallace vic., St. John the Baptist Parish, Louisiana", "image": {"alt": "digitized item thumbnail", "full": "https://tile.loc.gov/storage-services/service/pnp/csas/01400/01442r.jpg", "square": "https://tile.loc.gov/storage-services/service/pnp/csas/01400/01442_75x75px.jpg", "thumb": "https://tile.loc.gov/storage-services/service/pnp/csas/01400/01442_150px.jpg"}, "created": "2018-03-13T00:00:00Z", "modified": "2018-03-13T00:00:00Z", "collection": ["csas", "diof", "minload", "pp"], "creator": "Johnston, Frances Benjamin, 1864-1952", "call_number": "LC-J7-LA- 1232 [P&P]", "medium_brief": "1 negative :", "source_modified": "2018-03-12T00:00:00Z", "pk": "2017887156", "created_published_date": "1938.", "subjects": ["United States--Louisiana--St. John the Baptist Parish--Wallace vic.", "Abandoned buildings.", "Balconies.", "Columns.", "Pedestals.", "Hand railings.", "Spanish moss.", "Stairways.", "Safety film negatives."]}]}