{"search": {"field": "subject", "hits": 5, "sort_order": null, "do_facets": true, "focus_item": null, "query": "Cable industry", "type": "search", "sort_by": null}, "focus": null, "views": {"current": "list", "grid": "https://www.loc.gov/pictures/search/?q=Cable+industry&fi=subject&va=exact&st=grid&op=PHRASE", "list": "https://www.loc.gov/pictures/search/?q=Cable+industry&fi=subject&op=PHRASE&va=exact", "gallery": "https://www.loc.gov/pictures/search/?q=Cable+industry&fi=subject&va=exact&st=gallery&op=PHRASE", "slideshow": "https://www.loc.gov/pictures/search/?q=Cable+industry&fi=subject&va=exact&st=slideshow&op=PHRASE"}, "facets": [{"type": "displayed", "filters": [{"count": 4, "on": "https://www.loc.gov/pictures/search/?va=exact&sp=1&q=Cable+industry&fa=displayed%3Aanywhere&fi=subject&op=PHRASE&fo=json", "selected": false, "off": "https://www.loc.gov/pictures/search/?va=exact&sp=1&q=Cable+industry&fi=subject&fo=json&op=PHRASE", "title": "Larger image available anywhere"}, {"count": 1, "on": "https://www.loc.gov/pictures/search/?va=exact&sp=1&q=Cable+industry&fa=displayed%3Alc_only&fi=subject&op=PHRASE&fo=json", "selected": false, "off": "https://www.loc.gov/pictures/search/?va=exact&sp=1&q=Cable+industry&fi=subject&fo=json&op=PHRASE", "title": "Larger image available only at the Library of Congress"}, {"count": 0, "on": "https://www.loc.gov/pictures/search/?va=exact&sp=1&q=Cable+industry&fa=displayed%3Anot_digitized&fi=subject&op=PHRASE&fo=json", "selected": false, "off": "https://www.loc.gov/pictures/search/?va=exact&sp=1&q=Cable+industry&fi=subject&fo=json&op=PHRASE", "title": "Not Digitized"}, {"count": 0, "on": "https://www.loc.gov/pictures/search/?va=exact&sp=1&q=Cable+industry&fa=displayed%3Asurveys_only&fi=subject&op=PHRASE&fo=json", "selected": false, "off": "https://www.loc.gov/pictures/search/?va=exact&sp=1&q=Cable+industry&fi=subject&fo=json&op=PHRASE", "title": "Surveys only"}], "title": "displayed"}], "links": {"json": "//www.loc.gov/pictures/search/?fi=subject&q=Cable+industry&op=PHRASE&va=exact&fo=json", "html": "//www.loc.gov/pictures/search/?fi=subject&q=Cable+industry&op=PHRASE&va=exact", "rss": "//www.loc.gov/pictures/search/?fi=subject&q=Cable+industry&op=PHRASE&va=exact&fo=rss"}, "suggestions": {"possible": []}, "pages": {"current": 1, "next": null, "perpage": 20, "last": null, "page_list": [{"url": null, "number": 1}], "previous": null, "total": 1, "results": "1 - 5", "first": null}, "collection": null, "results": [{"source_created": "2002-06-14T00:00:00Z", "index": 1, "medium": "1 photographic print.", "reproduction_number": "LC-USZ62-131258 (b&w film copy neg.)", "links": {"item": "https://www.loc.gov/pictures/item/2002713075/", "resource": "https://www.loc.gov/pictures/item/2002713075/resource/"}, "title": "The wire mill, Donora, PA.", "image": {"alt": "digitized item thumbnail", "full": "https://tile.loc.gov/storage-services/service/pnp/cph/3c30000/3c31000/3c31200/3c31258r.jpg", "square": "https://tile.loc.gov/storage-services/service/pnp/cph/3c30000/3c31000/3c31200/3c31258_75x75px.jpg", "thumb": "https://tile.loc.gov/storage-services/service/pnp/cph/3c30000/3c31000/3c31200/3c31258_150px.jpg"}, "created": "2016-04-20T00:00:00Z", "modified": "2016-04-20T00:00:00Z", "collection": ["cph", "diof", "pp"], "creator": null, "call_number": "U.S. GEOG FILE - Pennsylvania--Donora [item] [P&P]", "medium_brief": "1 photographic print.", "source_modified": "2004-01-12T00:00:00Z", "pk": "2002713075", "created_published_date": "c1910.", "subjects": ["Air pollution--Pennsylvania--Donora--1910.", "Smoke--Pennsylvania--Donora--1910.", "Mills--Pennsylvania--Donora--1910.", "Cable industry--Pennsylvania--Donora--1910.", "Photographic prints--1910."]}, {"source_created": "2010-07-19T00:00:00Z", "index": 2, "medium": "1 print (poster) : color ; 102 x 152 cm.", "reproduction_number": "LC-USZC4-14454 (color film copy transparency of left, pre-conservation)\nLC-USZC4-14455 (color film copy transparency of right, pre-conservation)", "links": {"item": "https://www.loc.gov/pictures/item/2010650505/", "resource": "https://www.loc.gov/pictures/item/2010650505/resource/"}, "title": "Don't throw victory away Make it right the first time.", "image": {"alt": "digitized item thumbnail", "full": "https://tile.loc.gov/storage-services/service/pnp/cph/3g10000/3g14000/3g14400/3g14454_150px.jpg", "square": "https://tile.loc.gov/storage-services/service/pnp/cph/3g10000/3g14000/3g14400/3g14454_75x75px.jpg", "thumb": "https://tile.loc.gov/storage-services/service/pnp/cph/3g10000/3g14000/3g14400/3g14454_150px.jpg"}, "created": "2016-04-20T00:00:00Z", "modified": "2016-04-20T00:00:00Z", "collection": ["cph", "pp"], "creator": "General Cable Corporation", "call_number": "POS - WWII - US .J72 1943 (E size) [P&P]", "medium_brief": "1 print (poster) :", "source_modified": "2013-02-11T00:00:00Z", "pk": "2010650505", "created_published_date": "1943.", "subjects": ["World War, 1939-1945--Economic & industrial aspects--United States.", "Telecommunication cables--1940-1950.", "Cable industry--1940-1950.", "Prints--Color--1940-1950.", "War posters--American--1940-1950."]}, {"source_created": "1993-06-28T00:00:00Z", "index": 3, "medium": "1 photographic print on stereo card : stereograph.", "reproduction_number": "LC-USZ62-93768 (b&w film copy neg. of half stereo)", "links": {"item": "https://www.loc.gov/pictures/item/93508377/", "resource": "https://www.loc.gov/pictures/item/93508377/resource/"}, "title": "Twisting and tarring cables", "image": {"alt": "digitized item thumbnail", "full": "https://tile.loc.gov/storage-services/service/pnp/cph/3b30000/3b39000/3b39900/3b39943r.jpg", "square": "https://tile.loc.gov/storage-services/service/pnp/cph/3b30000/3b39000/3b39900/3b39943_75x75px.jpg", "thumb": "https://tile.loc.gov/storage-services/service/pnp/cph/3b30000/3b39000/3b39900/3b39943_150px.jpg"}, "created": "2016-04-20T00:00:00Z", "modified": "2016-04-20T00:00:00Z", "collection": ["diof", "pp", "stereo"], "creator": "Underwood & Underwood.", "call_number": "STEREO SUBJ FILE - Industry--Cables <item> [P&P]", "medium_brief": "1 photographic print on stereo card :", "source_modified": "2004-10-15T00:00:00Z", "pk": "93508377", "created_published_date": "c1916 June 17.", "subjects": ["Cable industry--1910-1920.", "Photographic prints--1910-1920.", "Stereographs--1910-1920."]}, {"source_created": "1993-06-28T00:00:00Z", "index": 4, "medium": "1 photographic print on stereo card : stereograph.", "reproduction_number": "LC-USZ62-93770 (b&w film copy neg. of half stereo)", "links": {"item": "https://www.loc.gov/pictures/item/93508383/", "resource": "https://www.loc.gov/pictures/item/93508383/resource/"}, "title": "Twisting outside wire coverings on small insulated cables", "image": {"alt": "digitized item thumbnail", "full": "https://tile.loc.gov/storage-services/service/pnp/cph/3b30000/3b39000/3b39900/3b39945r.jpg", "square": "https://tile.loc.gov/storage-services/service/pnp/cph/3b30000/3b39000/3b39900/3b39945_75x75px.jpg", "thumb": "https://tile.loc.gov/storage-services/service/pnp/cph/3b30000/3b39000/3b39900/3b39945_150px.jpg"}, "created": "2016-04-20T00:00:00Z", "modified": "2016-04-20T00:00:00Z", "collection": ["diof", "pp", "stereo"], "creator": "Underwood & Underwood.", "call_number": "STEREO SUBJ FILE - Industry--Cables <item> [P&P]", "medium_brief": "1 photographic print on stereo card :", "source_modified": "2004-10-15T00:00:00Z", "pk": "93508383", "created_published_date": "c1916 June 17.", "subjects": ["Cable industry--1910-1920.", "Machinery--1910-1920.", "Photographic prints--1910-1920.", "Stereographs--1910-1920."]}, {"source_created": "1993-06-28T00:00:00Z", "index": 5, "medium": "1 photographic print on stereo card : stereograph.", "reproduction_number": "LC-USZ62-93769 (b&w film copy neg. of half stereo)", "links": {"item": "https://www.loc.gov/pictures/item/93508382/", "resource": "https://www.loc.gov/pictures/item/93508382/resource/"}, "title": "Twisting outside wire covering on large cables", "image": {"alt": "digitized item thumbnail", "full": "https://tile.loc.gov/storage-services/service/pnp/cph/3b30000/3b39000/3b39900/3b39944r.jpg", "square": "https://tile.loc.gov/storage-services/service/pnp/cph/3b30000/3b39000/3b39900/3b39944_75x75px.jpg", "thumb": "https://tile.loc.gov/storage-services/service/pnp/cph/3b30000/3b39000/3b39900/3b39944_150px.jpg"}, "created": "2016-04-21T00:00:00Z", "modified": "2016-04-21T00:00:00Z", "collection": ["diof", "pp", "stereo"], "creator": "Underwood & Underwood.", "call_number": "STEREO SUBJ FILE - Industry--Cables <item> [P&P]", "medium_brief": "1 photographic print on stereo card :", "source_modified": "2004-10-15T00:00:00Z", "pk": "93508382", "created_published_date": "c1916 June 17.", "subjects": ["Cable industry--1910-1920.", "Photographic prints--1910-1920.", "Stereographs--1910-1920."]}]}