{"search": {"field": "subject", "hits": 3, "sort_order": null, "do_facets": true, "focus_item": null, "query": "Maracas", "type": "search", "sort_by": null}, "focus": null, "views": {"current": "list", "grid": "https://www.loc.gov/pictures/search/?q=Maracas&fi=subject&va=exact&st=grid&op=PHRASE", "list": "https://www.loc.gov/pictures/search/?q=Maracas&fi=subject&op=PHRASE&va=exact", "gallery": "https://www.loc.gov/pictures/search/?q=Maracas&fi=subject&va=exact&st=gallery&op=PHRASE", "slideshow": "https://www.loc.gov/pictures/search/?q=Maracas&fi=subject&va=exact&st=slideshow&op=PHRASE"}, "facets": [{"type": "displayed", "filters": [{"count": 0, "on": "https://www.loc.gov/pictures/search/?va=exact&sp=1&q=Maracas&fa=displayed%3Aanywhere&fi=subject&op=PHRASE&fo=json", "selected": false, "off": "https://www.loc.gov/pictures/search/?va=exact&sp=1&q=Maracas&fi=subject&fo=json&op=PHRASE", "title": "Larger image available anywhere"}, {"count": 3, "on": "https://www.loc.gov/pictures/search/?va=exact&sp=1&q=Maracas&fa=displayed%3Alc_only&fi=subject&op=PHRASE&fo=json", "selected": false, "off": "https://www.loc.gov/pictures/search/?va=exact&sp=1&q=Maracas&fi=subject&fo=json&op=PHRASE", "title": "Larger image available only at the Library of Congress"}, {"count": 0, "on": "https://www.loc.gov/pictures/search/?va=exact&sp=1&q=Maracas&fa=displayed%3Anot_digitized&fi=subject&op=PHRASE&fo=json", "selected": false, "off": "https://www.loc.gov/pictures/search/?va=exact&sp=1&q=Maracas&fi=subject&fo=json&op=PHRASE", "title": "Not Digitized"}], "title": "displayed"}], "links": {"json": "//www.loc.gov/pictures/search/?fi=subject&q=Maracas&op=PHRASE&va=exact&fo=json", "html": "//www.loc.gov/pictures/search/?fi=subject&q=Maracas&op=PHRASE&va=exact", "rss": "//www.loc.gov/pictures/search/?fi=subject&q=Maracas&op=PHRASE&va=exact&fo=rss"}, "suggestions": {"possible": []}, "pages": {"current": 1, "next": null, "perpage": 20, "last": null, "page_list": [{"url": null, "number": 1}], "previous": null, "total": 1, "results": "1 - 3", "first": null}, "collection": null, "results": [{"source_created": "2005-08-31T00:00:00Z", "index": 1, "medium": "1 print (poster) : lithograph, color ; 78 x 53 cm.", "reproduction_number": "LC-USZC4-12764 (color film copy transparency)", "links": {"item": "https://www.loc.gov/pictures/item/2005691179/", "resource": "https://www.loc.gov/pictures/item/2005691179/resource/"}, "title": "Cuba, holiday isle of the tropics", "image": {"alt": "digitized item thumbnail", "full": "https://tile.loc.gov/storage-services/service/pnp/cph/3g10000/3g12000/3g12700/3g12764_150px.jpg", "square": "https://tile.loc.gov/storage-services/service/pnp/cph/3g10000/3g12000/3g12700/3g12764_75x75px.jpg", "thumb": "https://tile.loc.gov/storage-services/service/pnp/cph/3g10000/3g12000/3g12700/3g12764_150px.jpg"}, "created": "2016-04-20T00:00:00Z", "modified": "2016-04-20T00:00:00Z", "collection": ["pos", "pp"], "creator": null, "call_number": "POS - Cuba .A01, no. 6 (C size) [P&P]", "medium_brief": "1 print (poster) :", "source_modified": "2005-08-31T00:00:00Z", "pk": "2005691179", "created_published_date": "[1949]", "subjects": ["Dance--Cuba--1940-1950.", "Maracas--1940-1950.", "Lithographs--Color--1940-1950.", "Travel posters--Cuban--1940-1950."]}, {"source_created": "2012-06-21T00:00:00Z", "index": 2, "medium": "1 drawing.", "reproduction_number": "LC-DIG-hlb-03990 (digital file from original drawing)", "links": {"item": "https://www.loc.gov/pictures/item/2012633492/", "resource": "https://www.loc.gov/pictures/item/2012633492/resource/"}, "title": "Medical consultation", "image": {"alt": "digitized item thumbnail", "full": "https://tile.loc.gov/storage-services/service/pnp/hlb/03900/03990_150px.jpg", "square": "https://tile.loc.gov/storage-services/service/pnp/hlb/03900/03990_75x75px.jpg", "thumb": "https://tile.loc.gov/storage-services/service/pnp/hlb/03900/03990_150px.jpg"}, "created": "2016-04-20T00:00:00Z", "modified": "2016-04-20T00:00:00Z", "collection": ["hlb", "minload", "pp"], "creator": "Block, Herbert, 1909-2001", "call_number": "BLOCK, no. 3990 (BB size) [P&P]", "medium_brief": "1 drawing.", "source_modified": "2013-03-19T00:00:00Z", "pk": "2012633492", "created_published_date": "12-14-[19]55.", "subjects": ["Eisenhower, Dwight D.--(Dwight David),--1890-1969.", "Republican Party (U.S. : 1854- )", "Masks", "Maracas", "Drums (Musical instruments)", "Drawings--American.", "Editorial cartoons--American."]}, {"source_created": "2005-08-30T00:00:00Z", "index": 3, "medium": "1 print (poster) : lithograph, color ; 50 x 30 cm.", "reproduction_number": "LC-USZC4-12763 (color film copy transparency)", "links": {"item": "https://www.loc.gov/pictures/item/2005691167/", "resource": "https://www.loc.gov/pictures/item/2005691167/resource/"}, "title": "Visit Cuba", "image": {"alt": "digitized item thumbnail", "full": "https://tile.loc.gov/storage-services/service/pnp/cph/3g10000/3g12000/3g12700/3g12763_150px.jpg", "square": "https://tile.loc.gov/storage-services/service/pnp/cph/3g10000/3g12000/3g12700/3g12763_75x75px.jpg", "thumb": "https://tile.loc.gov/storage-services/service/pnp/cph/3g10000/3g12000/3g12700/3g12763_150px.jpg"}, "created": "2016-04-21T00:00:00Z", "modified": "2016-04-21T00:00:00Z", "collection": ["pos", "pp"], "creator": "Massaguer, Conrado Walter, 1889-1965", "call_number": "POS - Cuba .M18, no. 1 (C size) [P&P]", "medium_brief": "1 print (poster) :", "source_modified": "2009-06-18T00:00:00Z", "pk": "2005691167", "created_published_date": "[ca. 1935]", "subjects": ["Dance--1930-1940.", "Maracas--1930-1940.", "Lithographs--Color--1930-1940.", "Travel posters--Cuban--1930-1940."]}]}