{"search": {"field": "subject", "hits": 18, "sort_order": null, "do_facets": true, "focus_item": null, "query": "Exhibit booths", "type": "search", "sort_by": null}, "focus": null, "views": {"current": "list", "grid": "https://www.loc.gov/pictures/search/?q=Exhibit+booths&fi=subject&va=exact&st=grid&op=PHRASE", "list": "https://www.loc.gov/pictures/search/?q=Exhibit+booths&fi=subject&op=PHRASE&va=exact", "gallery": "https://www.loc.gov/pictures/search/?q=Exhibit+booths&fi=subject&va=exact&st=gallery&op=PHRASE", "slideshow": "https://www.loc.gov/pictures/search/?q=Exhibit+booths&fi=subject&va=exact&st=slideshow&op=PHRASE"}, "facets": [{"type": "displayed", "filters": [{"count": 15, "on": "https://www.loc.gov/pictures/search/?va=exact&sp=1&q=Exhibit+booths&fa=displayed%3Aanywhere&fi=subject&op=PHRASE&fo=json", "selected": false, "off": "https://www.loc.gov/pictures/search/?va=exact&sp=1&q=Exhibit+booths&fi=subject&fo=json&op=PHRASE", "title": "Larger image available anywhere"}, {"count": 1, "on": "https://www.loc.gov/pictures/search/?va=exact&sp=1&q=Exhibit+booths&fa=displayed%3Alc_only&fi=subject&op=PHRASE&fo=json", "selected": false, "off": "https://www.loc.gov/pictures/search/?va=exact&sp=1&q=Exhibit+booths&fi=subject&fo=json&op=PHRASE", "title": "Larger image available only at the Library of Congress"}, {"count": 2, "on": "https://www.loc.gov/pictures/search/?va=exact&sp=1&q=Exhibit+booths&fa=displayed%3Anot_digitized&fi=subject&op=PHRASE&fo=json", "selected": false, "off": "https://www.loc.gov/pictures/search/?va=exact&sp=1&q=Exhibit+booths&fi=subject&fo=json&op=PHRASE", "title": "Not Digitized"}], "title": "displayed"}], "links": {"json": "//www.loc.gov/pictures/search/?fi=subject&q=Exhibit+booths&op=PHRASE&va=exact&fo=json", "html": "//www.loc.gov/pictures/search/?fi=subject&q=Exhibit+booths&op=PHRASE&va=exact", "rss": "//www.loc.gov/pictures/search/?fi=subject&q=Exhibit+booths&op=PHRASE&va=exact&fo=rss"}, "suggestions": {"possible": []}, "pages": {"current": 1, "next": null, "perpage": 20, "last": null, "page_list": [{"url": null, "number": 1}], "previous": null, "total": 1, "results": "1 - 18", "first": null}, "collection": null, "results": [{"source_created": "2012-06-21T00:00:00Z", "index": 1, "medium": "1 drawing.", "reproduction_number": "LC-DIG-hlb-04536 (digital file from original drawing)", "links": {"item": "https://www.loc.gov/pictures/item/2012633795/", "resource": "https://www.loc.gov/pictures/item/2012633795/resource/"}, "title": "\"That's odd -- they get answers this way on TV\"", "image": {"alt": "digitized item thumbnail", "full": "https://tile.loc.gov/storage-services/service/pnp/hlb/04500/04536_150px.jpg", "square": "https://tile.loc.gov/storage-services/service/pnp/hlb/04500/04536_75x75px.jpg", "thumb": "https://tile.loc.gov/storage-services/service/pnp/hlb/04500/04536_150px.jpg"}, "created": "2016-04-21T00:00:00Z", "modified": "2016-04-21T00:00:00Z", "collection": ["hlb", "minload", "pp"], "creator": "Block, Herbert, 1909-2001", "call_number": "BLOCK, no. 4536 (BB size) [P&P]", "medium_brief": "1 drawing.", "source_modified": "2013-03-21T00:00:00Z", "pk": "2012633795", "created_published_date": "12-27-[19]57.", "subjects": ["Uncle Sam (Symbolic character)", "Armed forces", "Allies", "science", "Covert operations", "Solitude", "Exhibit booths", "Drawings--American.", "Editorial cartoons--American."]}, {"source_created": "2000-06-19T00:00:00Z", "index": 2, "medium": "1 photographic print (contact sheet).", "reproduction_number": "", "links": {"item": "https://www.loc.gov/pictures/item/2016721888/", "resource": null}, "title": "Promotion -- Woody Kingman", "image": {"alt": "Look magazine thumbnail", "full": "https://www.loc.gov/pictures/static/images/item/500x500_look.png", "square": "https://www.loc.gov/pictures/static/images/item/lmc_square.png", "thumb": "https://www.loc.gov/pictures/static/images/item/lmc_thumb_large.jpg"}, "created": "2017-01-17T00:00:00Z", "modified": "2017-01-17T00:00:00Z", "collection": ["lmc", "pp"], "creator": "Lerner, Bob", "call_number": "LOOK - Job 53-2677 [P&P]", "medium_brief": "1 photographic print (contact sheet).", "source_modified": "2017-01-12T00:00:00Z", "pk": "2016721888", "created_published_date": "1953 Oct. 21 (date added to Look's library)", "subjects": ["Exhibit booths.", "Contact sheets."]}, {"source_created": "2004-01-08T00:00:00Z", "index": 3, "medium": "1 photographic print.", "reproduction_number": "LC-DIG-nclc-04435 (color digital file from b&w original print)\nLC-USZ62-76148 (b&w film copy negative)", "links": {"item": "https://www.loc.gov/pictures/item/2018676071/", "resource": "https://www.loc.gov/pictures/item/2018676071/resource/"}, "title": "The Milk Booth at the State 4 H Fair at Charleston, W. Va.  Location: Charleston, West Virginia", "image": {"alt": "digitized item thumbnail", "full": "https://tile.loc.gov/storage-services/service/pnp/nclc/04400/04435r.jpg", "square": "https://tile.loc.gov/storage-services/service/pnp/nclc/04400/04435_75x75px.jpg", "thumb": "https://tile.loc.gov/storage-services/service/pnp/nclc/04400/04435_150px.jpg"}, "created": "2018-11-09T00:00:00Z", "modified": "2018-11-09T00:00:00Z", "collection": ["diof", "minload", "nclc", "pp"], "creator": "Hine, Lewis Wickes, 1874-1940", "call_number": "LOT 7482, no. 5116 [P&P]", "medium_brief": "1 photographic print.", "source_modified": "2018-11-02T00:00:00Z", "pk": "2018676071", "created_published_date": "1921 October.", "subjects": ["Children.", "4-H clubs.", "Fairs.", "Exhibit booths.", "Milk.", "Country life.", "United States--West Virginia--Charleston.", "Photographic prints."]}, {"source_created": "2004-01-08T00:00:00Z", "index": 4, "medium": "1 photographic print.", "reproduction_number": "LC-DIG-nclc-04394 (color digital file from b&w original print)", "links": {"item": "https://www.loc.gov/pictures/item/2018677191/", "resource": "https://www.loc.gov/pictures/item/2018677191/resource/"}, "title": "Caesar Gang Exhibit. Location: Charleston, West Virginia", "image": {"alt": "digitized item thumbnail", "full": "https://tile.loc.gov/storage-services/service/pnp/nclc/04300/04394r.jpg", "square": "https://tile.loc.gov/storage-services/service/pnp/nclc/04300/04394_75x75px.jpg", "thumb": "https://tile.loc.gov/storage-services/service/pnp/nclc/04300/04394_150px.jpg"}, "created": "2018-11-09T00:00:00Z", "modified": "2018-11-09T00:00:00Z", "collection": ["diof", "minload", "nclc", "pp"], "creator": "Hine, Lewis Wickes, 1874-1940", "call_number": "LOT 7482, no. 5076 [P&P]", "medium_brief": "1 photographic print.", "source_modified": "2018-11-02T00:00:00Z", "pk": "2018677191", "created_published_date": "1921 October 13.", "subjects": ["4-H clubs.", "Fairs.", "Country life.", "Exhibit booths.", "United States--West Virginia--Charleston.", "Photographic prints."]}, {"source_created": "2004-01-08T00:00:00Z", "index": 5, "medium": "1 photographic print.", "reproduction_number": "LC-DIG-nclc-04403 (color digital file from b&w original print)", "links": {"item": "https://www.loc.gov/pictures/item/2018677200/", "resource": "https://www.loc.gov/pictures/item/2018677200/resource/"}, "title": "Charley Lawson, one of the 4 H Club Members who has been raising wool, explains to a visitor a new project the Club boys are interested in. Instead of selling the wool at 20 cents a pound, they get 3 times as much and their friends can buy real wool cloth at a reasonable price. This is wool the boys are turning in, and some of the finished woolen cloth hangs in the background. State 4 H Fair at Charleston, W. Va. Oct. 1921.  Location: Charleston, West Virginia", "image": {"alt": "digitized item thumbnail", "full": "https://tile.loc.gov/storage-services/service/pnp/nclc/04400/04403r.jpg", "square": "https://tile.loc.gov/storage-services/service/pnp/nclc/04400/04403_75x75px.jpg", "thumb": "https://tile.loc.gov/storage-services/service/pnp/nclc/04400/04403_150px.jpg"}, "created": "2018-11-09T00:00:00Z", "modified": "2018-11-09T00:00:00Z", "collection": ["diof", "minload", "nclc", "pp"], "creator": "Hine, Lewis Wickes, 1874-1940", "call_number": "LOT 7482, no. 5085 [P&P]", "medium_brief": "1 photographic print.", "source_modified": "2018-11-02T00:00:00Z", "pk": "2018677200", "created_published_date": "1921 October 13.", "subjects": ["Boys.", "4-H clubs.", "Country life.", "Fairs.", "Exhibit booths.", "Wool industry.", "United States--West Virginia--Charleston.", "Photographic prints."]}, {"source_created": "2017-05-04T00:00:00Z", "index": 6, "medium": "1 photograph : print on card mount ; mount 9 x 18 cm (stereograph format)", "reproduction_number": "LC-DIG-stereo-1s07353 (digital file from original)", "links": {"item": "https://www.loc.gov/pictures/item/2017656932/", "resource": "https://www.loc.gov/pictures/item/2017656932/resource/"}, "title": "The pecan horse -- Mississippi Exhibit, Horticultural building World's Fair St. Louis, U.S.A.", "image": {"alt": "digitized item thumbnail", "full": "https://tile.loc.gov/storage-services/service/pnp/stereo/1s00000/1s07000/1s07300/1s07353r.jpg", "square": "https://tile.loc.gov/storage-services/service/pnp/stereo/1s00000/1s07000/1s07300/1s07353_75x75px.jpg", "thumb": "https://tile.loc.gov/storage-services/service/pnp/stereo/1s00000/1s07000/1s07300/1s07353_150px.jpg"}, "created": "2019-04-09T00:00:00Z", "modified": "2019-04-09T00:00:00Z", "collection": ["diof", "pp", "stereo"], "creator": "International View Co.", "call_number": "LOT 11043-9 Miss. [item] [P&P]", "medium_brief": "1 photograph :", "source_modified": "2019-03-28T00:00:00Z", "pk": "2017656932", "created_published_date": "1905.", "subjects": ["Louisiana Purchase Exposition--(1904 :--Saint Louis, Mo.)", "Merchandise displays--Missouri--Saint Louis--1900-1910.", "Exhibit booths--Missouri--Saint Louis--1900-1910.", "Horticultural buildings--Missouri--Saint Louis--1900-1910.", "Horses--Missouri--Saint Louis--1900-1910.", "Nuts--1900-1910.", "Saint Louis (Mo.)--1900-1910.", "Photographic prints--1900-1910.", "Stereographs--1900-1910."]}, {"source_created": "2017-05-04T00:00:00Z", "index": 7, "medium": "1 photograph : print on card mount ; mount 9 x 18 cm (stereograph format)", "reproduction_number": "LC-DIG-stereo-1s07351 (digital file from original, front)\nLC-DIG-stereo-2s07351 (digital file from original, back)", "links": {"item": "https://www.loc.gov/pictures/item/2017656941/", "resource": "https://www.loc.gov/pictures/item/2017656941/resource/"}, "title": "Unique California exhibit showing peanut decorations and English walnut elephant Jamestown Exposition", "image": {"alt": "digitized item thumbnail", "full": "https://tile.loc.gov/storage-services/service/pnp/stereo/1s00000/1s07000/1s07300/1s07351r.jpg", "square": "https://tile.loc.gov/storage-services/service/pnp/stereo/1s00000/1s07000/1s07300/1s07351_75x75px.jpg", "thumb": "https://tile.loc.gov/storage-services/service/pnp/stereo/1s00000/1s07000/1s07300/1s07351_150px.jpg"}, "created": "2019-04-09T00:00:00Z", "modified": "2019-04-09T00:00:00Z", "collection": ["diof", "pp", "stereo"], "creator": "Keystone View Company.", "call_number": "LOT 2832-1 [item] [P&P]", "medium_brief": "1 photograph :", "source_modified": "2019-03-28T00:00:00Z", "pk": "2017656941", "created_published_date": "[1907]", "subjects": ["Jamestown Ter-centennial Exposition--(1907)", "Merchandise displays--Virginia--Norfolk--1900-1910.", "Exhibit booths--Virginia--Norfolk--1900-1910.", "Elephants--Virginia--Norfolk--1900-1910.", "Peanuts--Virginia--Norfolk--1900-1910.", "Walnuts--1900-1910.", "Norfolk (Va.)--1900-1910.", "Photographic prints--1900-1910.", "Stereographs--1900-1910."]}, {"source_created": "2017-05-04T00:00:00Z", "index": 8, "medium": "1 photograph : print on card mount ; mount 9 x 18 cm (stereograph format)", "reproduction_number": "LC-DIG-stereo-1s07364 (digital file from original)", "links": {"item": "https://www.loc.gov/pictures/item/2017656945/", "resource": "https://www.loc.gov/pictures/item/2017656945/resource/"}, "title": "Registering in the \"biggest book\" California Exhibit. Agricultural building Louisiana Purchase Exposition", "image": {"alt": "digitized item thumbnail", "full": "https://tile.loc.gov/storage-services/service/pnp/stereo/1s00000/1s07000/1s07300/1s07364r.jpg", "square": "https://tile.loc.gov/storage-services/service/pnp/stereo/1s00000/1s07000/1s07300/1s07364_75x75px.jpg", "thumb": "https://tile.loc.gov/storage-services/service/pnp/stereo/1s00000/1s07000/1s07300/1s07364_150px.jpg"}, "created": "2019-04-09T00:00:00Z", "modified": "2019-04-09T00:00:00Z", "collection": ["diof", "pp", "stereo"], "creator": "Universal Photo Art Co.", "call_number": "LOT 11043-9-B California. [item] [P&P]", "medium_brief": "1 photograph :", "source_modified": "2019-03-28T00:00:00Z", "pk": "2017656945", "created_published_date": "1904.", "subjects": ["Louisiana Purchase Exposition--(1904 :--Saint Louis, Mo.)", "Books--1900-1910.", "Curiosities & wonders--Missouri--Saint Louis--1900-1910.", "Exhibitions--Missouri--Saint Louis--1900-1910.", "Exhibit booths--Missouri--Saint Louis--1900-1910.", "Agricultural facilities--Missouri--Saint Louis--1900-1910.", "Saint Louis (Mo.)--1900-1910.", "Photographic prints--1900-1910.", "Stereographs--1900-1910."]}, {"source_created": "2017-10-11T00:00:00Z", "index": 9, "medium": "1 photograph : hand-colored print on card mount ; mount 9 x 18 cm (stereograph format)", "reproduction_number": "LC-DIG-stereo-1s08363 (digital file from original)", "links": {"item": "https://www.loc.gov/pictures/item/2017660547/", "resource": "https://www.loc.gov/pictures/item/2017660547/resource/"}, "title": "The International Exhibition of 1862 Austrian court.", "image": {"alt": "digitized item thumbnail", "full": "https://tile.loc.gov/storage-services/service/pnp/stereo/1s00000/1s08000/1s08300/1s08363r.jpg", "square": "https://tile.loc.gov/storage-services/service/pnp/stereo/1s00000/1s08000/1s08300/1s08363_75x75px.jpg", "thumb": "https://tile.loc.gov/storage-services/service/pnp/stereo/1s00000/1s08000/1s08300/1s08363_150px.jpg"}, "created": "2019-10-08T00:00:00Z", "modified": "2019-10-08T00:00:00Z", "collection": ["diof", "pp", "stereo"], "creator": "England, William, 1830-1896", "call_number": "LOT 13667, no. 3 [P&P]", "medium_brief": "1 photograph :", "source_modified": "2019-10-03T00:00:00Z", "pk": "2017660547", "created_published_date": "1862.", "subjects": ["International Exhibition--(1862 :--London, England)", "Glassware--1860-1870.", "Exhibitions--England--London--1860-1870.", "Exhibit booths--England--London--1860-1870.", "London (England)--1860-1870.", "Photographic prints--1860-1870.", "Stereographs--Hand-colored--1860-1870."]}, {"source_created": "2017-10-11T00:00:00Z", "index": 10, "medium": "1 photograph : print on card mount ; mount 9 x 18 cm (stereograph format)", "reproduction_number": "LC-DIG-stereo-1s08365 (digital file from original)", "links": {"item": "https://www.loc.gov/pictures/item/2017660549/", "resource": "https://www.loc.gov/pictures/item/2017660549/resource/"}, "title": "The International Exhibition of 1862 Grecian court.", "image": {"alt": "digitized item thumbnail", "full": "https://tile.loc.gov/storage-services/service/pnp/stereo/1s00000/1s08000/1s08300/1s08365r.jpg", "square": "https://tile.loc.gov/storage-services/service/pnp/stereo/1s00000/1s08000/1s08300/1s08365_75x75px.jpg", "thumb": "https://tile.loc.gov/storage-services/service/pnp/stereo/1s00000/1s08000/1s08300/1s08365_150px.jpg"}, "created": "2019-10-08T00:00:00Z", "modified": "2019-10-08T00:00:00Z", "collection": ["diof", "pp", "stereo"], "creator": "England, William, 1830-1896", "call_number": "LOT 13667, no. 5 [P&P]", "medium_brief": "1 photograph :", "source_modified": "2019-10-03T00:00:00Z", "pk": "2017660549", "created_published_date": "1862.", "subjects": ["International Exhibition--(1862 :--London, England)", "Exhibitions--England--London--1860-1870.", "Exhibit booths--England--London--1860-1870.", "Sculpture--England--London--1860-1870.", "London (England)--1860-1870.", "Photographic prints--1860-1870.", "Stereographs--1860-1870."]}, {"source_created": "2017-10-11T00:00:00Z", "index": 11, "medium": "1 photograph : print on card mount ; mount 9 x 18 cm (stereograph format)", "reproduction_number": "LC-DIG-stereo-1s08366 (digital file from original)", "links": {"item": "https://www.loc.gov/pictures/item/2017660550/", "resource": "https://www.loc.gov/pictures/item/2017660550/resource/"}, "title": "The International Exhibition of 1862 Grecian court.", "image": {"alt": "digitized item thumbnail", "full": "https://tile.loc.gov/storage-services/service/pnp/stereo/1s00000/1s08000/1s08300/1s08366r.jpg", "square": "https://tile.loc.gov/storage-services/service/pnp/stereo/1s00000/1s08000/1s08300/1s08366_75x75px.jpg", "thumb": "https://tile.loc.gov/storage-services/service/pnp/stereo/1s00000/1s08000/1s08300/1s08366_150px.jpg"}, "created": "2019-10-08T00:00:00Z", "modified": "2019-10-08T00:00:00Z", "collection": ["diof", "pp", "stereo"], "creator": "England, William, 1830-1896", "call_number": "LOT 13667, no. 6 [P&P]", "medium_brief": "1 photograph :", "source_modified": "2019-10-03T00:00:00Z", "pk": "2017660550", "created_published_date": "1862.", "subjects": ["International Exhibition--(1862 :--London, England)", "Exhibitions--England--London--1860-1870.", "Exhibit booths--England--London--1860-1870.", "Sculpture--England--London--1860-1870.", "London (England)--1860-1870.", "Photographic prints--1860-1870.", "Stereographs--1860-1870."]}, {"source_created": "2017-05-04T00:00:00Z", "index": 12, "medium": "1 photograph : print on card mount ; mount 9 x 18 cm (stereograph format)", "reproduction_number": "LC-DIG-stereo-1s07365 (digital file from original)", "links": {"item": "https://www.loc.gov/pictures/item/2017656946/", "resource": "https://www.loc.gov/pictures/item/2017656946/resource/"}, "title": "Bear in mind the Prune Exhibit of the World's Fair, St. Louis, Mo.", "image": {"alt": "digitized item thumbnail", "full": "https://tile.loc.gov/storage-services/service/pnp/stereo/1s00000/1s07000/1s07300/1s07365r.jpg", "square": "https://tile.loc.gov/storage-services/service/pnp/stereo/1s00000/1s07000/1s07300/1s07365_75x75px.jpg", "thumb": "https://tile.loc.gov/storage-services/service/pnp/stereo/1s00000/1s07000/1s07300/1s07365_150px.jpg"}, "created": "2019-10-15T00:00:00Z", "modified": "2019-10-15T00:00:00Z", "collection": ["diof", "pp", "stereo"], "creator": "Whiting View Company.", "call_number": "LOT 110439-9 California [item] [P&P]", "medium_brief": "1 photograph :", "source_modified": "2019-10-11T00:00:00Z", "pk": "2017656946", "created_published_date": "[1904]", "subjects": ["Louisiana Purchase Exposition--(1904 :--Saint Louis, Mo.)", "Bears--Missouri--Saint Louis--1900-1910.", "Prunes--Missouri--Saint Louis--1900-1910.", "Exhibitions--Missouri--Saint Louis--1900-1910.", "Exhibit booths--Missouri--Saint Louis--1900-1910.", "Merchandise displays--Missouri--Saint Louis--1900-1910.", "Saint Louis (Mo.)--1900-1910.", "Photographic prints--1900-1910.", "Stereographs--1900-1910."]}, {"source_created": "2017-10-24T00:00:00Z", "index": 13, "medium": "1 photograph : print on card mount ; mount 9 x 18 cm (stereograph format)", "reproduction_number": "LC-DIG-stereo-1s08410 (digital file from original)", "links": {"item": "https://www.loc.gov/pictures/item/2017651006/", "resource": "https://www.loc.gov/pictures/item/2017651006/resource/"}, "title": "[The Glass engine]", "image": {"alt": "digitized item thumbnail", "full": "https://tile.loc.gov/storage-services/service/pnp/stereo/1s00000/1s08000/1s08400/1s08410r.jpg", "square": "https://tile.loc.gov/storage-services/service/pnp/stereo/1s00000/1s08000/1s08400/1s08410_75x75px.jpg", "thumb": "https://tile.loc.gov/storage-services/service/pnp/stereo/1s00000/1s08000/1s08400/1s08410_150px.jpg"}, "created": "2019-10-22T00:00:00Z", "modified": "2019-10-22T00:00:00Z", "collection": ["diof", "pp", "stereo"], "creator": null, "call_number": "LOT 13669, no. 7 [P&P]", "medium_brief": "1 photograph :", "source_modified": "2019-10-17T00:00:00Z", "pk": "2017651006", "created_published_date": "[1864]", "subjects": ["Great Central Fair for the U.S. Sanitary Commission--(1864 :--Philadelphia, Pa.)", "Glass--1860-1870.", "Engines--1860-1870.", "Fairs--Pennsylvania--Philadelphia--1860-1870.", "Exhibitions--Pennsylvania--Philadelphia--1860-1870.", "Exhibit booths--Pennsylvania--Philadelphia--1860-1870.", "Philadelphia (Pa.)--1860-1870.", "Photographic prints--1860-1870.", "Stereographs--1860-1870."]}, {"source_created": "2019-11-25T00:00:00Z", "index": 14, "medium": "1 photograph : print on card mount ; mount 9 x 18 cm (stereograph format)", "reproduction_number": "LC-DIG-ds-13478 (digital file from original item)", "links": {"item": "https://www.loc.gov/pictures/item/2019647151/", "resource": "https://www.loc.gov/pictures/item/2019647151/resource/"}, "title": "Quilt exhibit, interior of Negro building, Atlanta Exposition", "image": {"alt": "digitized item thumbnail", "full": "https://tile.loc.gov/storage-services/service/pnp/ds/13400/13478r.jpg", "square": "https://tile.loc.gov/storage-services/service/pnp/ds/13400/13478_75x75px.jpg", "thumb": "https://tile.loc.gov/storage-services/service/pnp/ds/13400/13478_150px.jpg"}, "created": "2019-11-26T00:00:00Z", "modified": "2019-11-26T00:00:00Z", "collection": ["cph", "diof", "pp"], "creator": "Kilburn, B. W. (Benjamin West), 1827-1909", "call_number": "LOT 11962 [item] [P&P]", "medium_brief": "1 photograph :", "source_modified": "2019-11-25T00:00:00Z", "pk": "2019647151", "created_published_date": "c1896.", "subjects": ["Cotton States Exposition--(1895 :--Atlanta, Ga.)", "African Americans--Exhibitions--Georgia--Atlanta--1890-1900.", "Quilts--1890-1900.", "Exhibitions--Georgia--Atlanta--1890-1900.", "Exhibit booths--Georgia--Atlanta--1890-1900.", "Merchandise displays--Georgia--Atlanta--1890-1900.", "Atlanta (Ga.)--1890-1900.", "Photographic prints--1890-1900.", "Stereographs--1890-1900."]}, {"source_created": "2019-11-25T00:00:00Z", "index": 15, "medium": "1 photograph : print on card mount ; mount 9 x 18 cm (stereograph format)", "reproduction_number": "LC-DIG-ds-13477 (digital file from original item)", "links": {"item": "https://www.loc.gov/pictures/item/2019647152/", "resource": "https://www.loc.gov/pictures/item/2019647152/resource/"}, "title": "African exhibit, Negro building, Atlanta Exposition", "image": {"alt": "digitized item thumbnail", "full": "https://tile.loc.gov/storage-services/service/pnp/ds/13400/13477r.jpg", "square": "https://tile.loc.gov/storage-services/service/pnp/ds/13400/13477_75x75px.jpg", "thumb": "https://tile.loc.gov/storage-services/service/pnp/ds/13400/13477_150px.jpg"}, "created": "2019-11-26T00:00:00Z", "modified": "2019-11-26T00:00:00Z", "collection": ["cph", "diof", "pp"], "creator": "Kilburn, B. W. (Benjamin West), 1827-1909", "call_number": "LOT 11962 [item] [P&P]", "medium_brief": "1 photograph :", "source_modified": "2019-11-25T00:00:00Z", "pk": "2019647152", "created_published_date": "c1896.", "subjects": ["Cotton States Exposition--(1895 :--Atlanta, Ga.)", "African Americans--Exhibitions--Georgia--Atlanta--1890-1900.", "Exhibitions--Georgia--Atlanta--1890-1900.", "Exhibit booths--Georgia--Atlanta--1890-1900.", "Merchandise displays--Georgia--Atlanta--1890-1900.", "Atlanta (Ga.)--1890-1900.", "Photographic prints--1890-1900.", "Stereographs--1890-1900."]}, {"source_created": "2018-10-03T00:00:00Z", "index": 16, "medium": "1 drawing : graphite and colored pencil ; sheet 22 x 28 cm.", "reproduction_number": "LC-DIG-ppmsca-64160 (digital file from original)", "links": {"item": "https://www.loc.gov/pictures/item/2018662162/", "resource": "https://www.loc.gov/pictures/item/2018662162/resource/"}, "title": "[Exhibit design with stage in form of folding screen.] [Sketch of exhibit with modern chairs and tables]", "image": {"alt": "digitized item thumbnail", "full": "https://tile.loc.gov/storage-services/service/pnp/ppmsca/64100/64160r.jpg", "square": "https://tile.loc.gov/storage-services/service/pnp/ppmsca/64100/64160_75x75px.jpg", "thumb": "https://tile.loc.gov/storage-services/service/pnp/ppmsca/64100/64160_150px.jpg"}, "created": "2020-10-27T09:16:16Z", "modified": "2020-10-27T09:16:18Z", "collection": ["cph", "diof", "pp"], "creator": "Reiss, Winold, 1886-1953", "call_number": "ADE - UNIT 3043, no. 1 (A size) [P&P]", "medium_brief": "1 drawing :", "source_modified": "2020-10-21T17:18:53Z", "pk": "2018662162", "created_published_date": "[between 1910 and 1950]", "subjects": ["Exhibit Booths--1910-1950.", "Design drawings--1910-1950."]}, {"source_created": "2005-02-22T00:00:00Z", "index": 17, "medium": "36 photographic prints ; 18 x 24 cm.", "reproduction_number": "", "links": {"item": "https://www.loc.gov/pictures/item/2005675711/", "resource": null}, "title": "Foire de Paris, 1946", "image": {"alt": "group item thumbnail", "full": "https://www.loc.gov/pictures/static/images/item/500x500_grouprecord.png", "square": "https://www.loc.gov/pictures/static/images/item/grouprecord_square.png", "thumb": "https://www.loc.gov/pictures/static/images/item/grouprecord_thumb_large.jpg"}, "created": "2016-04-21T03:35:18Z", "modified": "2021-04-13T12:13:01Z", "collection": ["coll", "pp", "reconlot2"], "creator": null, "call_number": "LOT 2284 (F) [P&P]", "medium_brief": "36 photographic prints ;", "source_modified": "2008-11-03T13:48:55Z", "pk": "2005675711", "created_published_date": "1932 and 1946.", "subjects": ["Foire de Paris--Exhibitions & displays--1930-1950.", "Exhibitions--France--Paris--1930-1950.", "Agricultural exhibits--France--Paris--1930-1950.", "Exhibit booths--France--Paris--1930-1950.", "Photographic prints--1930-1950."]}, {"source_created": "2018-09-20T00:00:00Z", "index": 18, "medium": "2 drawings : graphite, colored pencil, and tempera on paper ; sheets 30 x 92 cm and 40 x 83 cm.", "reproduction_number": "", "links": {"item": "https://www.loc.gov/pictures/item/2018654637/", "resource": "https://www.loc.gov/pictures/item/2018654637/resource/"}, "title": "Designs for exhibition booth for Petroleum Heat & Power Company, Stamford, Connecticut", "image": {"alt": "digitized item thumbnail", "full": "https://tile.loc.gov/storage-services/service/pnp/ppmsca/64600/64604r.jpg", "square": "https://tile.loc.gov/storage-services/service/pnp/ppmsca/64600/64604_75x75px.jpg", "thumb": "https://tile.loc.gov/storage-services/service/pnp/ppmsca/64600/64604_150px.jpg"}, "created": "2020-03-10T12:40:22Z", "modified": "2021-04-20T10:55:43Z", "collection": ["ade", "diof", "pp"], "creator": "Reiss, Winold, 1886-1953", "call_number": "ADE - UNIT 3020 [P&P]", "medium_brief": "2 drawings :", "source_modified": "2020-03-09T10:24:07Z", "pk": "2018654637", "created_published_date": "1932.", "subjects": ["Exhibit booths--1930-1940.", "Design drawings--1930-1940."]}]}