{"search": {"field": "subject", "hits": 1, "sort_order": null, "do_facets": true, "focus_item": null, "query": "Hymn boards", "type": "search", "sort_by": null}, "focus": null, "views": {"current": "list", "grid": "https://www.loc.gov/pictures/search/?q=Hymn+boards&fi=subject&va=exact&st=grid&op=PHRASE", "list": "https://www.loc.gov/pictures/search/?q=Hymn+boards&fi=subject&op=PHRASE&va=exact", "gallery": "https://www.loc.gov/pictures/search/?q=Hymn+boards&fi=subject&va=exact&st=gallery&op=PHRASE", "slideshow": "https://www.loc.gov/pictures/search/?q=Hymn+boards&fi=subject&va=exact&st=slideshow&op=PHRASE"}, "facets": [{"type": "displayed", "filters": [{"count": 0, "on": "https://www.loc.gov/pictures/search/?va=exact&sp=1&q=Hymn+boards&fa=displayed%3Aanywhere&fi=subject&op=PHRASE&fo=json", "selected": false, "off": "https://www.loc.gov/pictures/search/?va=exact&sp=1&q=Hymn+boards&fi=subject&fo=json&op=PHRASE", "title": "Larger image available anywhere"}, {"count": 0, "on": "https://www.loc.gov/pictures/search/?va=exact&sp=1&q=Hymn+boards&fa=displayed%3Alc_only&fi=subject&op=PHRASE&fo=json", "selected": false, "off": "https://www.loc.gov/pictures/search/?va=exact&sp=1&q=Hymn+boards&fi=subject&fo=json&op=PHRASE", "title": "Larger image available only at the Library of Congress"}, {"count": 1, "on": "https://www.loc.gov/pictures/search/?va=exact&sp=1&q=Hymn+boards&fa=displayed%3Anot_digitized&fi=subject&op=PHRASE&fo=json", "selected": false, "off": "https://www.loc.gov/pictures/search/?va=exact&sp=1&q=Hymn+boards&fi=subject&fo=json&op=PHRASE", "title": "Not Digitized"}], "title": "displayed"}], "links": {"json": "//www.loc.gov/pictures/search/?fi=subject&q=Hymn+boards&op=PHRASE&va=exact&fo=json", "html": "//www.loc.gov/pictures/search/?fi=subject&q=Hymn+boards&op=PHRASE&va=exact", "rss": "//www.loc.gov/pictures/search/?fi=subject&q=Hymn+boards&op=PHRASE&va=exact&fo=rss"}, "suggestions": {"possible": []}, "pages": {"current": 1, "next": null, "perpage": 20, "last": null, "page_list": [{"url": null, "number": 1}], "previous": null, "total": 1, "results": "1 - 1", "first": null}, "collection": null, "results": [{"source_created": "1995-09-08T00:00:00Z", "index": 1, "medium": "5 items : blueprint, graphite, and ink ; in folder(s) 117 x 192 cm. or smaller.", "reproduction_number": "", "links": {"item": "https://www.loc.gov/pictures/item/95860229/", "resource": null}, "title": "Design drawings for a hymn board for Metropolitan Memorial Methodist Episcopal Church, Nebraska Avenue and New Mexico Avenue, N.W., Washington, D.C.", "image": {"alt": "item not digitized thumbnail", "full": "https://www.loc.gov/pictures/static/images/item/500x500_notdigitized.png", "square": "https://www.loc.gov/pictures/static/images/item/not_digitized_buttons75X75.png", "thumb": "https://www.loc.gov/pictures/static/images/item/notdigitized_buttons140X120.png"}, "created": "2016-04-21T02:19:06Z", "modified": "2021-04-13T12:07:12Z", "collection": ["ade", "pp", "wii"], "creator": "Iron-Craftsmen (Firm)", "call_number": "ADE - UNIT 1972 [P&P]", "medium_brief": "5 items :", "source_modified": "2003-08-04T18:46:20Z", "pk": "95860229", "created_published_date": "1932.", "subjects": ["Hymn boards--Washington (D.C.)--1930-1940.", "Design drawings--1930-1940.", "Sketches--1930-1940."]}]}