{"search": {"field": "subject", "hits": 70, "sort_order": null, "do_facets": true, "focus_item": null, "query": "Search & rescue operations", "type": "search", "sort_by": null}, "focus": null, "views": {"current": "list", "grid": "https://www.loc.gov/pictures/search/?q=Search+%26+rescue+operations&fi=subject&va=exact&st=grid&op=PHRASE", "list": "https://www.loc.gov/pictures/search/?q=Search+%26+rescue+operations&fi=subject&op=PHRASE&va=exact", "gallery": "https://www.loc.gov/pictures/search/?q=Search+%26+rescue+operations&fi=subject&va=exact&st=gallery&op=PHRASE", "slideshow": "https://www.loc.gov/pictures/search/?q=Search+%26+rescue+operations&fi=subject&va=exact&st=slideshow&op=PHRASE"}, "facets": [{"type": "displayed", "filters": [{"count": 64, "on": "https://www.loc.gov/pictures/search/?va=exact&sp=1&q=Search+%26+rescue+operations&fa=displayed%3Aanywhere&fi=subject&op=PHRASE&fo=json", "selected": false, "off": "https://www.loc.gov/pictures/search/?va=exact&sp=1&q=Search+%26+rescue+operations&fi=subject&fo=json&op=PHRASE", "title": "Larger image available anywhere"}, {"count": 4, "on": "https://www.loc.gov/pictures/search/?va=exact&sp=1&q=Search+%26+rescue+operations&fa=displayed%3Alc_only&fi=subject&op=PHRASE&fo=json", "selected": false, "off": "https://www.loc.gov/pictures/search/?va=exact&sp=1&q=Search+%26+rescue+operations&fi=subject&fo=json&op=PHRASE", "title": "Larger image available only at the Library of Congress"}, {"count": 2, "on": "https://www.loc.gov/pictures/search/?va=exact&sp=1&q=Search+%26+rescue+operations&fa=displayed%3Anot_digitized&fi=subject&op=PHRASE&fo=json", "selected": false, "off": "https://www.loc.gov/pictures/search/?va=exact&sp=1&q=Search+%26+rescue+operations&fi=subject&fo=json&op=PHRASE", "title": "Not Digitized"}], "title": "displayed"}], "links": {"json": "//www.loc.gov/pictures/search/?fi=subject&q=Search+%26+rescue+operations&op=PHRASE&va=exact&fo=json", "html": "//www.loc.gov/pictures/search/?fi=subject&q=Search+%26+rescue+operations&op=PHRASE&va=exact", "rss": "//www.loc.gov/pictures/search/?fi=subject&q=Search+%26+rescue+operations&op=PHRASE&va=exact&fo=rss"}, "suggestions": {"possible": []}, "pages": {"current": 1, "next": "https://www.loc.gov/pictures/search/?q=Search+%26+rescue+operations&fi=subject&sp=2&op=PHRASE&va=exact", "perpage": 20, "last": "https://www.loc.gov/pictures/search/?q=Search+%26+rescue+operations&fi=subject&sp=4&op=PHRASE&va=exact", "page_list": [{"url": null, "number": 1}, {"url": "https://www.loc.gov/pictures/search/?q=Search+%26+rescue+operations&fi=subject&sp=2&op=PHRASE&va=exact", "number": 2}, {"url": "https://www.loc.gov/pictures/search/?q=Search+%26+rescue+operations&fi=subject&sp=3&op=PHRASE&va=exact", "number": 3}, {"url": "https://www.loc.gov/pictures/search/?q=Search+%26+rescue+operations&fi=subject&sp=4&op=PHRASE&va=exact", "number": 4}], "previous": null, "total": 4, "results": "1 - 20", "first": null}, "collection": null, "results": [{"source_created": "2002-07-23T00:00:00Z", "index": 1, "medium": "1 photograph (digital print) : inkjet, color.", "reproduction_number": "LC-DIG-ppmsca-01802 (digital file from original print)", "links": {"item": "https://www.loc.gov/pictures/item/2002713173/", "resource": "https://www.loc.gov/pictures/item/2002713173/resource/"}, "title": "[Fire fighter directs the search for victims amid smoke, dust, and ruins of the collapsed World Trade Center towers in New York City, following the September 11th terrorist attacks]", "image": {"alt": "digitized item thumbnail", "full": "https://tile.loc.gov/storage-services/service/pnp/ppmsca/01800/01802_150px.jpg", "square": "https://tile.loc.gov/storage-services/service/pnp/ppmsca/01800/01802_75x75px.jpg", "thumb": "https://tile.loc.gov/storage-services/service/pnp/ppmsca/01800/01802_150px.jpg"}, "created": "2016-04-20T00:00:00Z", "modified": "2016-04-20T00:00:00Z", "collection": ["911acq", "cph", "pp"], "creator": "Hirsch, Steven, 1948-", "call_number": "LOT 13521-9, no. 9 [P&P]", "medium_brief": "1 photograph (digital print) :", "source_modified": "2010-07-26T00:00:00Z", "pk": "2002713173", "created_published_date": "c2001.", "subjects": ["New York (N.Y.).--Fire Dept.--People--2000-2010.", "World Trade Center (New York, N.Y.)--Disasters--2000-2010.", "September 11 Terrorist Attacks, 2001.", "Fire fighters--New York (State)--New York--2000-2010.", "Search & rescue operations--New York (State)--2000-2010.", "Ruins--New York (State)--New York--2000-2010.", "Smoke--New York (State)--New York--2000-2010.", "Inkjet prints--Color--2000-2010.", "Photographs--Color--2000-2010."]}, {"source_created": "2002-08-01T00:00:00Z", "index": 2, "medium": "1 drawing : ink and white out with paste-ons over graphite + 6 production digital files.", "reproduction_number": "LC-DIG-ppmsca-01972 (digital file from original)\nLC-DIG-ppbd-00342 (production files)", "links": {"item": "https://www.loc.gov/pictures/item/2002716808/", "resource": "https://www.loc.gov/pictures/item/2002716808/resource/"}, "title": "Silver linings in a big dust cloud", "image": {"alt": "digitized item thumbnail", "full": "https://tile.loc.gov/storage-services/service/pnp/ppmsca/01900/01972_150px.jpg", "square": "https://tile.loc.gov/storage-services/service/pnp/ppmsca/01900/01972_75x75px.jpg", "thumb": "https://tile.loc.gov/storage-services/service/pnp/ppmsca/01900/01972_150px.jpg"}, "created": "2016-04-20T00:00:00Z", "modified": "2016-04-20T00:00:00Z", "collection": ["911acq", "cph", "pp"], "creator": "Conner, Amanda", "call_number": "Unprocessed in PR 13 CN 2002:089 [item] [P&P]", "medium_brief": "1 drawing :", "source_modified": "2007-10-30T00:00:00Z", "pk": "2002716808", "created_published_date": "2001.", "subjects": ["World Trade Center (New York, N.Y.)--Disasters--2000-2010.", "September 11 Terrorist Attacks, 2001.", "Search & rescue operations--New York (State)--2000-2010.", "Comic book illustrations--2000-2010.", "Ink drawings--2000-2010."]}, {"source_created": "2013-10-22T00:00:00Z", "index": 3, "medium": "1 photographic print.", "reproduction_number": "LC-DIG-ds-04432 (digital file from original item)", "links": {"item": "https://www.loc.gov/pictures/item/2013650133/", "resource": "https://www.loc.gov/pictures/item/2013650133/resource/"}, "title": "Unload helicopter for Rockefeller search Natives at Merauke, Dutch New Guinea, watch as helicopter is being unloaded from transport plane of Australian Air Force at Merauke's airport. Helicopters joined the search for Michael Rockefeller, son of New York's Gov. Nelson Rockefeller. The younger Rockefeller has been missing for more than a week in southern New Guinea.", "image": {"alt": "digitized item thumbnail", "full": "https://tile.loc.gov/storage-services/service/pnp/ds/04400/04432_150px.jpg", "square": "https://tile.loc.gov/storage-services/service/pnp/ds/04400/04432_75x75px.jpg", "thumb": "https://tile.loc.gov/storage-services/service/pnp/ds/04400/04432_150px.jpg"}, "created": "2016-04-20T00:00:00Z", "modified": "2016-04-20T00:00:00Z", "collection": ["cph", "pp"], "creator": null, "call_number": "NYWTS - BIOG--Rockefeller, Michael--Son of Governor [item] [P&P]", "medium_brief": "1 photographic print.", "source_modified": "2013-10-22T00:00:00Z", "pk": "2013650133", "created_published_date": "1961 November 26.", "subjects": ["Rockefeller, Michael Clark--Death & burial--Indonesia.", "Drowning--Indonesia--1960-1970.", "Papuans--Indonesia--Merauke--1960-1970.", "Search & rescue operations--Indonesia--Merauke--1960-1970.", "Helicopters--Indonesia--Merauke--1960-1970.", "Photographic prints--1960-1970."]}, {"source_created": "2015-09-16T00:00:00Z", "index": 4, "medium": "1 photograph : gelatin silver print ; 19 x 23 cm.", "reproduction_number": "LC-DIG-ds-007762 (digital file from original item)", "links": {"item": "https://www.loc.gov/pictures/item/2015650689/", "resource": "https://www.loc.gov/pictures/item/2015650689/resource/"}, "title": "Crash kills Mexican air hero Two Navy power launches pulled the wreckage into the naval air base after Francisco Sarabia, Mexican pilot, was killed June 7 when his plane plunged into the Potomac River on a takeoff from Bolling Field at Washington, D.C. Sarabia recently broke the non-stop flight record from Mexico City to New York.", "image": {"alt": "digitized item thumbnail", "full": "https://tile.loc.gov/storage-services/service/pnp/ds/07700/07762_150px.jpg", "square": "https://tile.loc.gov/storage-services/service/pnp/ds/07700/07762_75x75px.jpg", "thumb": "https://tile.loc.gov/storage-services/service/pnp/ds/07700/07762_150px.jpg"}, "created": "2016-04-20T00:00:00Z", "modified": "2016-04-20T00:00:00Z", "collection": ["cph", "pp"], "creator": null, "call_number": "NYWTS - BIOG--Sarabia, Francisco & Family. Mrs. Agrifina--Dead [item] [P&P]", "medium_brief": "1 photograph :", "source_modified": "2015-09-16T00:00:00Z", "pk": "2015650689", "created_published_date": "6-7-39 [7 June 1939]", "subjects": ["Sarabia, Francisco,--1901-1939--Death & burial--Washington (D.C.)", "Aircraft accidents--Washington (D.C.)--1930-1940.", "Search & rescue operations--Washington (D.C.)--1930-1940.", "Sailors--Washington (D.C.)--1930-1940.", "Photographic prints--1930-1940."]}, {"source_created": "1995-04-10T00:00:00Z", "index": 5, "medium": "1 print : lithograph, hand-colored.", "reproduction_number": "LC-DIG-pga-06903 (digital file from original item)\nLC-USZ62-112289 (b&w film copy neg.)", "links": {"item": "https://www.loc.gov/pictures/item/95504743/", "resource": "https://www.loc.gov/pictures/item/95504743/resource/"}, "title": "Le Capne. Aubert, Comt. le Jean Baptte de Caen, sauvant l'equipage de Brick Americain le Lydia", "image": {"alt": "digitized item thumbnail", "full": "https://tile.loc.gov/storage-services/service/pnp/pga/06900/06903r.jpg", "square": "https://tile.loc.gov/storage-services/service/pnp/pga/06900/06903_75x75px.jpg", "thumb": "https://tile.loc.gov/storage-services/service/pnp/pga/06900/06903_150px.jpg"}, "created": "2016-04-21T00:00:00Z", "modified": "2016-04-21T00:00:00Z", "collection": ["diof", "pga", "pp"], "creator": "Gudin, Th\u00e9odore, 1802-1880", "call_number": "PGA - Gudin--Le Capne (B size) [P&P]", "medium_brief": "1 print :", "source_modified": "2015-08-24T00:00:00Z", "pk": "95504743", "created_published_date": "[1830(?)]", "subjects": ["Lifesaving--1830-1840.", "Search & rescue operations--1830-1840.", "Shipwrecks--1830-1840.", "Night--1830-1840.", "Lithographs--Hand-colored--1830-1840.", "Marine prints--1830-1840."]}, {"source_created": "1999-01-29T00:00:00Z", "index": 6, "medium": "53 photographic prints (contact sheets).", "reproduction_number": "", "links": {"item": "https://www.loc.gov/pictures/item/2016719845/", "resource": null}, "title": "Helicopter ambulance", "image": {"alt": "Look magazine thumbnail", "full": "https://www.loc.gov/pictures/static/images/item/500x500_look.png", "square": "https://www.loc.gov/pictures/static/images/item/lmc_square.png", "thumb": "https://www.loc.gov/pictures/static/images/item/lmc_thumb_large.jpg"}, "created": "2017-01-17T00:00:00Z", "modified": "2017-01-17T00:00:00Z", "collection": ["lmc", "pp"], "creator": "Hansen, Jim, 1921-1999", "call_number": "LOOK - Job 71-5872 [P&P]", "medium_brief": "53 photographic prints (contact sheets).", "source_modified": "2017-01-12T00:00:00Z", "pk": "2016719845", "created_published_date": "1971 June 3 (date added to Look's library)", "subjects": ["Helicopters.", "Search & rescue operations.", "Emergency medical services.", "Norway.", "Contact sheets."]}, {"source_created": "2001-07-12T00:00:00Z", "index": 7, "medium": "4 photographic prints (contact sheets).", "reproduction_number": "", "links": {"item": "https://www.loc.gov/pictures/item/2016722612/", "resource": null}, "title": "Air sea rescue -- Saudi Arabia", "image": {"alt": "Look magazine thumbnail", "full": "https://www.loc.gov/pictures/static/images/item/500x500_look.png", "square": "https://www.loc.gov/pictures/static/images/item/lmc_square.png", "thumb": "https://www.loc.gov/pictures/static/images/item/lmc_thumb_large.jpg"}, "created": "2017-01-17T00:00:00Z", "modified": "2017-01-17T00:00:00Z", "collection": ["lmc", "pp"], "creator": "Harrington, Phillip", "call_number": "LOOK - Job 52-50 [P&P]", "medium_brief": "4 photographic prints (contact sheets).", "source_modified": "2017-01-12T00:00:00Z", "pk": "2016722612", "created_published_date": "1952 Jan. 30 (date added to Look's library)", "subjects": ["Faisal,--King of Saudi Arabia,--1906-1975--Public appearances.", "United States.--Air Force--People.", "Search & rescue operations.", "Military personnel--American.", "Saudi Arabia.", "Aerial photographs.", "Contact sheets."]}, {"source_created": "1970-01-01T00:00:00Z", "index": 8, "medium": "6", "reproduction_number": null, "links": {"item": "https://www.loc.gov/pictures/item/ma1674/", "resource": null}, "title": "U.S. Coast Guard Cutter BITTERSWEET, Woods Hole, Barnstable County, MA", "image": {"alt": "habs/haer thumbnail", "full": "https://www.loc.gov/pictures/static/images/item/500x500_HABS.png", "square": "https://www.loc.gov/pictures/static/images/item/HABS_buttons75X75.png", "thumb": "https://www.loc.gov/pictures/static/images/item/habs_thumb_large.jpg"}, "created": "2016-04-18T00:00:00Z", "modified": "2016-04-18T00:00:00Z", "collection": ["diof", "hh", "survey"], "creator": "Historic American Engineering Record", "call_number": "HAER MASS,1-WOOD.V,1-", "medium_brief": "Data Page(s): 6", "source_modified": "2016-04-18T00:00:00Z", "pk": "ma1674", "created_published_date": "Documentation compiled after 1968", "subjects": ["cutters", "war (World War II)", "navigation", "search & rescue operations", "environmental protection", "law enforcement", "maritime"]}, {"source_created": "1970-01-01T00:00:00Z", "index": 9, "medium": "7", "reproduction_number": null, "links": {"item": "https://www.loc.gov/pictures/item/nj1779/", "resource": null}, "title": "U.S. Coast Guard Cutter HORNBEAM, Cape May, Cape May County, NJ", "image": {"alt": "habs/haer thumbnail", "full": "https://www.loc.gov/pictures/static/images/item/500x500_HABS.png", "square": "https://www.loc.gov/pictures/static/images/item/HABS_buttons75X75.png", "thumb": "https://www.loc.gov/pictures/static/images/item/habs_thumb_large.jpg"}, "created": "2016-04-18T00:00:00Z", "modified": "2016-04-18T00:00:00Z", "collection": ["diof", "hh", "survey"], "creator": "Historic American Engineering Record", "call_number": "HAER NJ,5-CAPMA.V,1-", "medium_brief": "Data Page(s): 7", "source_modified": "2016-04-18T00:00:00Z", "pk": "nj1779", "created_published_date": "Documentation compiled after 1968", "subjects": ["cutters", "war (World War II)", "navigation", "radar", "search & rescue operations", "transportation", "maritime"]}, {"source_created": "1970-01-01T00:00:00Z", "index": 10, "medium": "8", "reproduction_number": null, "links": {"item": "https://www.loc.gov/pictures/item/ak0505/", "resource": null}, "title": "U.S. Coast Guard Cutter BALSAM, Adak, Aleutians West Census Area, AK", "image": {"alt": "habs/haer thumbnail", "full": "https://www.loc.gov/pictures/static/images/item/500x500_HABS.png", "square": "https://www.loc.gov/pictures/static/images/item/HABS_buttons75X75.png", "thumb": "https://www.loc.gov/pictures/static/images/item/habs_thumb_large.jpg"}, "created": "2020-03-20T00:00:00Z", "modified": "2020-03-20T00:00:00Z", "collection": ["diof", "hh", "survey"], "creator": "Historic American Engineering Record", "call_number": "HAER AK-43", "medium_brief": "Data Page(s): 8", "source_modified": "2020-03-20T00:00:00Z", "pk": "ak0505", "created_published_date": "Documentation compiled after 1968", "subjects": ["cutters", "navigation", "radar", "war (World War II)", "search & rescue operations", "fishing", "maritime"]}, {"source_created": "1970-01-01T00:00:00Z", "index": 11, "medium": "2", "reproduction_number": null, "links": {"item": "https://www.loc.gov/pictures/item/ak0506/", "resource": "https://www.loc.gov/pictures/item/ak0506/resource/"}, "title": "U.S. Coast Guard Cutter IRONWOOD, Kodiak, Kodiak Island Borough, AK", "image": {"alt": "digitized item thumbnail", "full": "https://tile.loc.gov/storage-services/service/pnp/habshaer/ak/ak0500/ak0506/photos/193650pr.jpg", "square": "https://tile.loc.gov/storage-services/service/pnp/habshaer/ak/ak0500/ak0506/photos/193650p_75x75px.jpg", "thumb": "https://tile.loc.gov/storage-services/service/pnp/habshaer/ak/ak0500/ak0506/photos/193650p_150px.jpg"}, "created": "2020-03-20T00:00:00Z", "modified": "2020-03-21T00:00:00Z", "collection": ["diof", "hh", "survey"], "creator": "Historic American Engineering Record", "call_number": "HAER AK-44", "medium_brief": "Photo(s): 2, Data Page(s): 6, Photo Caption Page(s): 1", "source_modified": "2020-03-20T00:00:00Z", "pk": "ak0506", "created_published_date": "Documentation compiled after 1968", "subjects": ["cutters", "radar", "war (World War II)", "navigation", "search & rescue operations", "maritime"]}, {"source_created": "1970-01-01T00:00:00Z", "index": 12, "medium": "5", "reproduction_number": null, "links": {"item": "https://www.loc.gov/pictures/item/ak0507/", "resource": null}, "title": "U.S. Coast Guard Cutter FIREBUSH, Kodiak, Kodiak Island Borough, AK", "image": {"alt": "habs/haer thumbnail", "full": "https://www.loc.gov/pictures/static/images/item/500x500_HABS.png", "square": "https://www.loc.gov/pictures/static/images/item/HABS_buttons75X75.png", "thumb": "https://www.loc.gov/pictures/static/images/item/habs_thumb_large.jpg"}, "created": "2020-03-20T00:00:00Z", "modified": "2020-03-20T00:00:00Z", "collection": ["diof", "hh", "survey"], "creator": "Historic American Engineering Record", "call_number": "HAER AK-45", "medium_brief": "Data Page(s): 5", "source_modified": "2020-03-20T00:00:00Z", "pk": "ak0507", "created_published_date": "Documentation compiled after 1968", "subjects": ["cutters", "war (World War II)", "navigation", "radar", "search & rescue operations", "maritime"]}, {"source_created": "1970-01-01T00:00:00Z", "index": 13, "medium": "6", "reproduction_number": null, "links": {"item": "https://www.loc.gov/pictures/item/ak0508/", "resource": null}, "title": "U.S. Coast Guard Cutter SEDGE, Homer, Kenai Peninsula Borough, AK", "image": {"alt": "habs/haer thumbnail", "full": "https://www.loc.gov/pictures/static/images/item/500x500_HABS.png", "square": "https://www.loc.gov/pictures/static/images/item/HABS_buttons75X75.png", "thumb": "https://www.loc.gov/pictures/static/images/item/habs_thumb_large.jpg"}, "created": "2020-03-20T00:00:00Z", "modified": "2020-03-20T00:00:00Z", "collection": ["diof", "hh", "survey"], "creator": "Historic American Engineering Record", "call_number": "HAER AK-46", "medium_brief": "Data Page(s): 6", "source_modified": "2020-03-20T00:00:00Z", "pk": "ak0508", "created_published_date": "Documentation compiled after 1968", "subjects": ["cutters", "war (World War II)", "navigation", "search & rescue operations", "environmental protection", "maritime"]}, {"source_created": "1970-01-01T00:00:00Z", "index": 14, "medium": "1", "reproduction_number": null, "links": {"item": "https://www.loc.gov/pictures/item/ak0509/", "resource": "https://www.loc.gov/pictures/item/ak0509/resource/"}, "title": "U.S. Coast Guard Cutter SWEETBRIER, Cordova, Valdez-Cordova Census Area, AK", "image": {"alt": "digitized item thumbnail", "full": "https://tile.loc.gov/storage-services/service/pnp/habshaer/ak/ak0500/ak0509/photos/193652pr.jpg", "square": "https://tile.loc.gov/storage-services/service/pnp/habshaer/ak/ak0500/ak0509/photos/193652p_75x75px.jpg", "thumb": "https://tile.loc.gov/storage-services/service/pnp/habshaer/ak/ak0500/ak0509/photos/193652p_150px.jpg"}, "created": "2020-03-20T00:00:00Z", "modified": "2020-03-21T00:00:00Z", "collection": ["diof", "hh", "survey"], "creator": "Historic American Engineering Record", "call_number": "HAER AK-47", "medium_brief": "Photo(s): 1, Data Page(s): 7, Photo Caption Page(s): 1", "source_modified": "2020-03-20T00:00:00Z", "pk": "ak0509", "created_published_date": "Documentation compiled after 1968", "subjects": ["cutters", "war (World War II)", "navigation", "search & rescue operations", "radar", "environmental protection", "maritime"]}, {"source_created": "1970-01-01T00:00:00Z", "index": 15, "medium": "6", "reproduction_number": null, "links": {"item": "https://www.loc.gov/pictures/item/ak0510/", "resource": null}, "title": "U.S. Coast Guard Cutter WOODRUSH, Sitka, Sitka Borough, AK", "image": {"alt": "habs/haer thumbnail", "full": "https://www.loc.gov/pictures/static/images/item/500x500_HABS.png", "square": "https://www.loc.gov/pictures/static/images/item/HABS_buttons75X75.png", "thumb": "https://www.loc.gov/pictures/static/images/item/habs_thumb_large.jpg"}, "created": "2020-03-20T00:00:00Z", "modified": "2020-03-20T00:00:00Z", "collection": ["diof", "hh", "survey"], "creator": "Historic American Engineering Record", "call_number": "HAER AK-48", "medium_brief": "Data Page(s): 6", "source_modified": "2020-03-20T00:00:00Z", "pk": "ak0510", "created_published_date": "Documentation compiled after 1968", "subjects": ["cutters", "search & rescue operations", "war (World War II)", "radar", "navigation", "maritime"]}, {"source_created": "1970-01-01T00:00:00Z", "index": 16, "medium": "33", "reproduction_number": null, "links": {"item": "https://www.loc.gov/pictures/item/ak0533/", "resource": "https://www.loc.gov/pictures/item/ak0533/resource/"}, "title": "USS SHACKLE, ARS 9, Ketchikan, Ketchikan Gateway Borough, AK", "image": {"alt": "digitized item thumbnail", "full": "https://tile.loc.gov/storage-services/service/pnp/habshaer/ak/ak0500/ak0533/photos/576648pr.jpg", "square": "https://tile.loc.gov/storage-services/service/pnp/habshaer/ak/ak0500/ak0533/photos/576648p_75x75px.jpg", "thumb": "https://tile.loc.gov/storage-services/service/pnp/habshaer/ak/ak0500/ak0533/photos/576648p_150px.jpg"}, "created": "2020-03-20T00:00:00Z", "modified": "2020-03-21T00:00:00Z", "collection": ["diof", "hh", "survey"], "creator": "Historic American Engineering Record", "call_number": "HAER AK-49", "medium_brief": "Photo(s): 33, Measured Drawing(s): 10, Data Page(s): 36, Photo Caption Page(s): 2", "source_modified": "2020-03-20T00:00:00Z", "pk": "ak0533", "created_published_date": "Documentation compiled after 1968", "subjects": ["ships", "military organizations", "maritime", "cutters", "war (World War II)", "search & rescue operations", "oceanography", "science"]}, {"source_created": "1970-01-01T00:00:00Z", "index": 17, "medium": "41", "reproduction_number": null, "links": {"item": "https://www.loc.gov/pictures/item/ak0534/", "resource": "https://www.loc.gov/pictures/item/ak0534/resource/"}, "title": "US Coast Guard Cutter STORIS, Womens Bay, Kodiak, Kodiak Island Borough, AK", "image": {"alt": "digitized item thumbnail", "full": "https://tile.loc.gov/storage-services/service/pnp/habshaer/ak/ak0500/ak0534/photos/576681pr.jpg", "square": "https://tile.loc.gov/storage-services/service/pnp/habshaer/ak/ak0500/ak0534/photos/576681p_75x75px.jpg", "thumb": "https://tile.loc.gov/storage-services/service/pnp/habshaer/ak/ak0500/ak0534/photos/576681p_150px.jpg"}, "created": "2016-04-18T00:00:00Z", "modified": "2020-03-21T00:00:00Z", "collection": ["diof", "hh", "survey"], "creator": "Historic American Engineering Record", "call_number": "HAER AK-50", "medium_brief": "Photo(s): 41, Measured Drawing(s): 13, Data Page(s): 42, Photo Caption Page(s): 2", "source_modified": "2016-04-18T00:00:00Z", "pk": "ak0534", "created_published_date": "Documentation compiled after 1968", "subjects": ["ships", "war (World War II)", "vessels", "military organizations", "maritime", "cutters", "science", "search & rescue operations", "law enforcement"]}, {"source_created": "1970-01-01T00:00:00Z", "index": 18, "medium": "71", "reproduction_number": null, "links": {"item": "https://www.loc.gov/pictures/item/al1291/", "resource": "https://www.loc.gov/pictures/item/al1291/resource/"}, "title": "U.S. Coast Guard Cutter WHITE PINE, U.S. Coast Guard 8th District Base, South Broad Street, Mobile, Mobile County, AL", "image": {"alt": "digitized item thumbnail", "full": "https://tile.loc.gov/storage-services/service/pnp/habshaer/al/al1200/al1291/photos/193222pr.jpg", "square": "https://tile.loc.gov/storage-services/service/pnp/habshaer/al/al1200/al1291/photos/193222p_75x75px.jpg", "thumb": "https://tile.loc.gov/storage-services/service/pnp/habshaer/al/al1200/al1291/photos/193222p_150px.jpg"}, "created": "2020-03-20T00:00:00Z", "modified": "2020-03-21T00:00:00Z", "collection": ["diof", "hh", "survey"], "creator": "Historic American Engineering Record", "call_number": "HAER AL-187", "medium_brief": "Photo(s): 71, Data Page(s): 5, Photo Caption Page(s): 5", "source_modified": "2020-03-20T00:00:00Z", "pk": "al1291", "created_published_date": "Documentation compiled after 1968", "subjects": ["cutters", "navigation", "fire fighting", "search & rescue operations", "law enforcement", "maritime", "booms", "decks (watercraft components)", "bridges (maritime)", "motors", "pilot houses", "rudders", "lighthouses", "windlasses", "hoisting machinery", "engine rooms", "generators", "control panels", "officers' quarters", "steering gear", "mess halls", "porthole windows", "galleys (ship kitchens)", "ward rooms", "crew quarters"]}, {"source_created": "1970-01-01T00:00:00Z", "index": 19, "medium": "6", "reproduction_number": null, "links": {"item": "https://www.loc.gov/pictures/item/al1306/", "resource": null}, "title": "U.S. Coast Guard Cutter SWEETGUM, Mobile, Mobile County, AL", "image": {"alt": "habs/haer thumbnail", "full": "https://www.loc.gov/pictures/static/images/item/500x500_HABS.png", "square": "https://www.loc.gov/pictures/static/images/item/HABS_buttons75X75.png", "thumb": "https://www.loc.gov/pictures/static/images/item/habs_thumb_large.jpg"}, "created": "2020-03-20T00:00:00Z", "modified": "2020-03-20T00:00:00Z", "collection": ["diof", "hh", "survey"], "creator": "Historic American Engineering Record", "call_number": "HAER AL-198", "medium_brief": "Data Page(s): 6", "source_modified": "2020-03-20T00:00:00Z", "pk": "al1306", "created_published_date": "Documentation compiled after 1968", "subjects": ["cutters", "war (World War II)", "navigation", "search & rescue operations", "environmental protection", "maritime", "windlasses", "anchors (watercraft equipment)", "decks (watercraft components)", "pilot houses", "cabins (vehicle spaces)", "masts", "mess halls", "generators", "bunk beds", "tanks (containers)", "propellers", "rudders", "crew quarters"]}, {"source_created": "1970-01-01T00:00:00Z", "index": 20, "medium": "5", "reproduction_number": null, "links": {"item": "https://www.loc.gov/pictures/item/al1307/", "resource": null}, "title": "U.S. Coast Guard Cutter SALVIA, Mobile, Mobile County, AL", "image": {"alt": "habs/haer thumbnail", "full": "https://www.loc.gov/pictures/static/images/item/500x500_HABS.png", "square": "https://www.loc.gov/pictures/static/images/item/HABS_buttons75X75.png", "thumb": "https://www.loc.gov/pictures/static/images/item/habs_thumb_large.jpg"}, "created": "2020-03-20T00:00:00Z", "modified": "2020-03-20T00:00:00Z", "collection": ["diof", "hh", "survey"], "creator": "Historic American Engineering Record", "call_number": "HAER AL-199", "medium_brief": "Data Page(s): 5", "source_modified": "2020-03-20T00:00:00Z", "pk": "al1307", "created_published_date": "Documentation compiled after 1968", "subjects": ["cutters", "navigation", "radar", "search & rescue operations", "maritime", "windlasses", "anchors (watercraft equipment)", "decks (watercraft components)", "pilot houses", "cabins (vehicle spaces)", "masts", "generators", "mess halls", "shower rooms", "bunk beds", "lounges", "propellers", "rudders", "crew quarters"]}]}