{"search": {"field": "subject", "hits": 105, "sort_order": null, "do_facets": true, "focus_item": null, "query": "Home economics", "type": "search", "sort_by": null}, "focus": null, "views": {"current": "list", "grid": "https://www.loc.gov/pictures/search/?q=Home+economics&fi=subject&va=exact&st=grid&op=PHRASE", "list": "https://www.loc.gov/pictures/search/?q=Home+economics&fi=subject&op=PHRASE&va=exact", "gallery": "https://www.loc.gov/pictures/search/?q=Home+economics&fi=subject&va=exact&st=gallery&op=PHRASE", "slideshow": "https://www.loc.gov/pictures/search/?q=Home+economics&fi=subject&va=exact&st=slideshow&op=PHRASE"}, "facets": [{"type": "displayed", "filters": [{"count": 96, "on": "https://www.loc.gov/pictures/search/?va=exact&sp=1&q=Home+economics&fa=displayed%3Aanywhere&fi=subject&op=PHRASE&fo=json", "selected": false, "off": "https://www.loc.gov/pictures/search/?va=exact&sp=1&q=Home+economics&fi=subject&fo=json&op=PHRASE", "title": "Larger image available anywhere"}, {"count": 6, "on": "https://www.loc.gov/pictures/search/?va=exact&sp=1&q=Home+economics&fa=displayed%3Alc_only&fi=subject&op=PHRASE&fo=json", "selected": false, "off": "https://www.loc.gov/pictures/search/?va=exact&sp=1&q=Home+economics&fi=subject&fo=json&op=PHRASE", "title": "Larger image available only at the Library of Congress"}, {"count": 3, "on": "https://www.loc.gov/pictures/search/?va=exact&sp=1&q=Home+economics&fa=displayed%3Anot_digitized&fi=subject&op=PHRASE&fo=json", "selected": false, "off": "https://www.loc.gov/pictures/search/?va=exact&sp=1&q=Home+economics&fi=subject&fo=json&op=PHRASE", "title": "Not Digitized"}], "title": "displayed"}], "links": {"json": "//www.loc.gov/pictures/search/?fi=subject&q=Home+economics&op=PHRASE&va=exact&fo=json", "html": "//www.loc.gov/pictures/search/?fi=subject&q=Home+economics&op=PHRASE&va=exact", "rss": "//www.loc.gov/pictures/search/?fi=subject&q=Home+economics&op=PHRASE&va=exact&fo=rss"}, "suggestions": {"possible": []}, "pages": {"current": 1, "next": "https://www.loc.gov/pictures/search/?q=Home+economics&fi=subject&sp=2&op=PHRASE&va=exact", "perpage": 20, "last": "https://www.loc.gov/pictures/search/?q=Home+economics&fi=subject&sp=6&op=PHRASE&va=exact", "page_list": [{"url": null, "number": 1}, {"url": "https://www.loc.gov/pictures/search/?q=Home+economics&fi=subject&sp=2&op=PHRASE&va=exact", "number": 2}, {"url": "https://www.loc.gov/pictures/search/?q=Home+economics&fi=subject&sp=3&op=PHRASE&va=exact", "number": 3}, {"url": "https://www.loc.gov/pictures/search/?q=Home+economics&fi=subject&sp=4&op=PHRASE&va=exact", "number": 4}, {"url": "https://www.loc.gov/pictures/search/?q=Home+economics&fi=subject&sp=5&op=PHRASE&va=exact", "number": 5}, {"url": "https://www.loc.gov/pictures/search/?q=Home+economics&fi=subject&sp=6&op=PHRASE&va=exact", "number": 6}], "previous": null, "total": 6, "results": "1 - 20", "first": null}, "collection": null, "results": [{"source_created": "2006-05-04T00:00:00Z", "index": 1, "medium": "v. : ill. ; 35 cm.", "reproduction_number": "", "links": {"item": "https://www.loc.gov/pictures/item/2006205770/", "resource": null}, "title": "The twentieth century.", "image": {"alt": "item not digitized thumbnail", "full": "https://www.loc.gov/pictures/static/images/item/500x500_notdigitized.png", "square": "https://www.loc.gov/pictures/static/images/item/not_digitized_buttons75X75.png", "thumb": "https://www.loc.gov/pictures/static/images/item/notdigitized_buttons140X120.png"}, "created": "2017-08-22T00:00:00Z", "modified": "2017-08-22T00:00:00Z", "collection": ["casebk", "pp"], "creator": "Cory, Fanny Y.", "call_number": "TX1 .T9 (Case Y) Set 1", "medium_brief": "v. :", "source_modified": "2017-08-15T00:00:00Z", "pk": "2006205770", "created_published_date": "1906]-", "subjects": ["Home economics--Periodicals.", "Home economics.--(OCoLC)fst00959173", "Periodicals.--(OCoLC)fst01411641"]}, {"source_created": "1982-02-26T00:00:00Z", "index": 2, "medium": "3 volumes : illustrations ; 35 cm", "reproduction_number": "", "links": {"item": "https://www.loc.gov/pictures/item/2006205736/", "resource": null}, "title": "The twentieth century home.", "image": {"alt": "item not digitized thumbnail", "full": "https://www.loc.gov/pictures/static/images/item/500x500_notdigitized.png", "square": "https://www.loc.gov/pictures/static/images/item/not_digitized_buttons75X75.png", "thumb": "https://www.loc.gov/pictures/static/images/item/notdigitized_buttons140X120.png"}, "created": "2018-12-04T00:00:00Z", "modified": "2018-12-04T00:00:00Z", "collection": ["casebk", "pp"], "creator": "Cory, Fanny Y.", "call_number": "TX1 .T9 (Case Y) Set 1 TX1 .T93", "medium_brief": "3 volumes :", "source_modified": "2018-11-28T00:00:00Z", "pk": "2006205736", "created_published_date": "[1904-1905]", "subjects": ["Home economics--Periodicals.", "Home economics.--(OCoLC)fst00959173", "Periodicals.--(OCoLC)fst01411641"]}, {"source_created": "2006-01-23T00:00:00Z", "index": 3, "medium": "1 drawing : pencil.", "reproduction_number": "", "links": {"item": "https://www.loc.gov/pictures/item/2010715973/", "resource": "https://www.loc.gov/pictures/item/2010715973/resource/"}, "title": "Seven dollars fo' one hat!!!! : come right out of dis!!! : is you crazy", "image": {"alt": "digitized item thumbnail", "full": "https://tile.loc.gov/storage-services/service/pnp/cai/2a12000/2a12600/2a12629r.jpg", "square": "https://tile.loc.gov/storage-services/service/pnp/cai/2a12000/2a12600/2a12629_75x75px.jpg", "thumb": "https://tile.loc.gov/storage-services/service/pnp/cai/2a12000/2a12600/2a12629_150px.jpg"}, "created": "2016-04-20T00:00:00Z", "modified": "2016-04-20T00:00:00Z", "collection": ["cai", "diof", "minload", "pp"], "creator": "Frost, A. B. (Arthur Burdett), 1851-1928", "call_number": "CAI - Frost, no. 87 (A size) [P&P]", "medium_brief": "1 drawing :", "source_modified": "2010-12-03T00:00:00Z", "pk": "2010715973", "created_published_date": "[between 1870 and 1928]", "subjects": ["African Americans.", "Anger.", "Caricatures.", "Hats.", "Home economics.", "Spouses.", "Drawings.", "Illustrations.", "Sketches."]}, {"source_created": "2014-02-10T00:00:00Z", "index": 4, "medium": "1 photographic print : gelatin silver ; 238 x 179 mm.", "reproduction_number": "LC-DIG-ds-05089 (digital file from original item)", "links": {"item": "https://www.loc.gov/pictures/item/2014645365/", "resource": "https://www.loc.gov/pictures/item/2014645365/resource/"}, "title": "New living room. Dining room is connected but not shown \"After\" pictures of head teacher training school for home economics.", "image": {"alt": "digitized item thumbnail", "full": "https://tile.loc.gov/storage-services/service/pnp/ds/05000/05089_150px.jpg", "square": "https://tile.loc.gov/storage-services/service/pnp/ds/05000/05089_75x75px.jpg", "thumb": "https://tile.loc.gov/storage-services/service/pnp/ds/05000/05089_150px.jpg"}, "created": "2016-04-20T00:00:00Z", "modified": "2016-04-20T00:00:00Z", "collection": ["cph", "pp"], "creator": null, "call_number": "LOT 9235, v. 1, leaf 7 verso [P&P]", "medium_brief": "1 photographic print :", "source_modified": "2014-02-10T00:00:00Z", "pk": "2014645365", "created_published_date": "1953.", "subjects": ["Home economics--Iran--1950-1960.", "Interior decoration--Iran--1950-1960.", "Furnishings--1950-1960.", "Gelatin silver prints--1950-1960."]}, {"source_created": "2014-02-10T00:00:00Z", "index": 5, "medium": "1 photographic print : gelatin silver ; 110 x 133 mm.", "reproduction_number": "LC-DIG-ds-05090 (digital file from original item)", "links": {"item": "https://www.loc.gov/pictures/item/2014645366/", "resource": "https://www.loc.gov/pictures/item/2014645366/resource/"}, "title": "Girls having tea as a practice lesson", "image": {"alt": "digitized item thumbnail", "full": "https://tile.loc.gov/storage-services/service/pnp/ds/05000/05090_150px.jpg", "square": "https://tile.loc.gov/storage-services/service/pnp/ds/05000/05090_75x75px.jpg", "thumb": "https://tile.loc.gov/storage-services/service/pnp/ds/05000/05090_150px.jpg"}, "created": "2016-04-20T00:00:00Z", "modified": "2016-04-20T00:00:00Z", "collection": ["cph", "pp"], "creator": null, "call_number": "LOT 9235, v. 1, leaf 11 recto [P&P]", "medium_brief": "1 photographic print :", "source_modified": "2014-02-10T00:00:00Z", "pk": "2014645366", "created_published_date": "1953.", "subjects": ["Children--Education--Iran--1950-1960.", "Girls--Iran--1950-1960.", "Home economics--Iran--1950-1960.", "Tea parties--Iran--1950-1960.", "Gelatin silver prints--1950-1960."]}, {"source_created": "1996-09-12T00:00:00Z", "index": 6, "medium": "1 photographic print.", "reproduction_number": "LC-USZ62-117093 (b&w film copy neg.)", "links": {"item": "https://www.loc.gov/pictures/item/96518476/", "resource": "https://www.loc.gov/pictures/item/96518476/resource/"}, "title": "Serving the dinner", "image": {"alt": "digitized item thumbnail", "full": "https://tile.loc.gov/storage-services/service/pnp/cph/3c10000/3c17000/3c17000/3c17093r.jpg", "square": "https://tile.loc.gov/storage-services/service/pnp/cph/3c10000/3c17000/3c17000/3c17093_75x75px.jpg", "thumb": "https://tile.loc.gov/storage-services/service/pnp/cph/3c10000/3c17000/3c17000/3c17093_150px.jpg"}, "created": "2016-04-20T00:00:00Z", "modified": "2016-04-20T00:00:00Z", "collection": ["diof", "fbj", "pp"], "creator": "Johnston, Frances Benjamin, 1864-1952", "call_number": "LOT 11051-4 <item> [P&P]", "medium_brief": "1 photographic print.", "source_modified": "2009-09-29T00:00:00Z", "pk": "96518476", "created_published_date": "[1899 or 1900]", "subjects": ["Hampton Institute--Facilities--1890-1900.", "Home economics--Virginia--Hampton--1890-1900.", "African Americans--Education--Virginia--Hampton--1890-1900.", "Women--Education--Virginia--Hampton--1890-1900.", "Photographic prints--1890-1900."]}, {"source_created": "1998-10-09T00:00:00Z", "index": 7, "medium": "1 print on board (poster) : silkscreen, color.", "reproduction_number": "LC-USZC2-5404 (color film copy slide)", "links": {"item": "https://www.loc.gov/pictures/item/98517168/", "resource": "https://www.loc.gov/pictures/item/98517168/resource/"}, "title": "There are jobs for you, if trained Complete free course in household training : You learn meal planning , cooking, table service, laundry, cleaning and child care.", "image": {"alt": "digitized item thumbnail", "full": "https://tile.loc.gov/storage-services/service/pnp/cph/3f00000/3f05000/3f05400/3f05404r.jpg", "square": "https://tile.loc.gov/storage-services/service/pnp/cph/3f00000/3f05000/3f05400/3f05404_75x75px.jpg", "thumb": "https://tile.loc.gov/storage-services/service/pnp/cph/3f00000/3f05000/3f05400/3f05404_150px.jpg"}, "created": "2016-04-20T00:00:00Z", "modified": "2016-04-20T00:00:00Z", "collection": ["diof", "pp", "wpapos"], "creator": "Federal Art Project", "call_number": "POS - WPA - OH .01 .T495, no. 1 (B size) [P&P]", "medium_brief": "1 print on board (poster) :", "source_modified": "2007-11-15T00:00:00Z", "pk": "98517168", "created_published_date": "[between 1936 and 1940]", "subjects": ["Adult education--Ohio--1930-1940.", "Home economics--Ohio--1930-1940.", "Posters--1930-1940.", "Screen prints--Color--1930-1940."]}, {"source_created": "2002-07-03T00:00:00Z", "index": 8, "medium": "1 photographic print.", "reproduction_number": "LC-USZ62-13380 (b&w film copy neg.)\nLC-DIG-ppmsca-03027 (scan from b&w copy photo in Publishing Office)", "links": {"item": "https://www.loc.gov/pictures/item/2002712181/", "resource": "https://www.loc.gov/pictures/item/2002712181/resource/"}, "title": "A modern manual training school", "image": {"alt": "digitized item thumbnail", "full": "https://tile.loc.gov/storage-services/service/pnp/cph/3a10000/3a15000/3a15600/3a15671r.jpg", "square": "https://tile.loc.gov/storage-services/service/pnp/cph/3a10000/3a15000/3a15600/3a15671_75x75px.jpg", "thumb": "https://tile.loc.gov/storage-services/service/pnp/cph/3a10000/3a15000/3a15600/3a15671_150px.jpg"}, "created": "2016-04-21T00:00:00Z", "modified": "2016-04-21T00:00:00Z", "collection": ["ammem", "awh", "cph", "diof", "pp"], "creator": null, "call_number": "SSF - School classrooms--U.S.--1905 [item] [P&P]", "medium_brief": "1 photographic print.", "source_modified": "2003-12-19T00:00:00Z", "pk": "2002712181", "created_published_date": "1905.", "subjects": ["Boys--1900-1910.", "Girls--1900-1910.", "Woodworking--1900-1910.", "Sewing--1900-1910.", "Home economics--1900-1910.", "Education--1900-1910.", "Classrooms--1900-1910.", "Photographic prints--1900-1910."]}, {"source_created": "1997-06-25T00:00:00Z", "index": 9, "medium": "1 drawing.", "reproduction_number": "", "links": {"item": "https://www.loc.gov/pictures/item/2016681896/", "resource": "https://www.loc.gov/pictures/item/2016681896/resource/"}, "title": "Family business", "image": {"alt": "digitized item thumbnail", "full": "https://tile.loc.gov/storage-services/service/pnp/acd/2a09000/2a09100/2a09168_150px.jpg", "square": "https://tile.loc.gov/storage-services/service/pnp/acd/2a09000/2a09100/2a09168_75x75px.jpg", "thumb": "https://tile.loc.gov/storage-services/service/pnp/acd/2a09000/2a09100/2a09168_150px.jpg"}, "created": "2016-08-16T00:00:00Z", "modified": "2016-08-16T00:00:00Z", "collection": ["3rights", "acd", "acr", "minload", "pp"], "creator": "Johnson, Herbert, 1878-1946", "call_number": "CD 1 - Johnson (H.), no. 143 (B size)", "medium_brief": "1 drawing.", "source_modified": "2016-08-04T00:00:00Z", "pk": "2016681896", "created_published_date": "[between 1912 and 1941]", "subjects": ["Mothers & children", "Saving & investment", "Home economics", "business & finance", "Surplus", "Cartoons (Commentary)--American.", "Drawings."]}, {"source_created": "1996-01-25T00:00:00Z", "index": 10, "medium": "18 photographic prints (contact sheets).", "reproduction_number": "", "links": {"item": "https://www.loc.gov/pictures/item/2016714112/", "resource": null}, "title": "American in Vietnam", "image": {"alt": "Look magazine thumbnail", "full": "https://www.loc.gov/pictures/static/images/item/500x500_look.png", "square": "https://www.loc.gov/pictures/static/images/item/lmc_square.png", "thumb": "https://www.loc.gov/pictures/static/images/item/lmc_thumb_large.jpg"}, "created": "2017-01-17T00:00:00Z", "modified": "2017-01-17T00:00:00Z", "collection": ["lmc", "pp"], "creator": "Lerner, Bob", "call_number": "LOOK - Job 57-7373 [P&P]", "medium_brief": "18 photographic prints (contact sheets).\nca. 110 slides :", "source_modified": "2017-01-12T00:00:00Z", "pk": "2016714112", "created_published_date": "1957 July 26 (date added to Look's library)", "subjects": ["United States.--International Cooperation Administration--People.", "Women--Education.", "Home economics.", "International relations.", "Americans in foreign countries.", "Vietnam.", "Contact sheets.", "Group portraits.", "Portrait photographs.", "Slides--Color."]}, {"source_created": "2004-01-08T00:00:00Z", "index": 11, "medium": "1 photographic print.", "reproduction_number": "LC-DIG-nclc-05235 (color digital file from b&w original print)", "links": {"item": "https://www.loc.gov/pictures/item/2018678465/", "resource": "https://www.loc.gov/pictures/item/2018678465/resource/"}, "title": "Domestic Science class in Horace Mann School. See Bliss report.  Location: Tulsa, Oklahoma", "image": {"alt": "digitized item thumbnail", "full": "https://tile.loc.gov/storage-services/service/pnp/nclc/05200/05235r.jpg", "square": "https://tile.loc.gov/storage-services/service/pnp/nclc/05200/05235_75x75px.jpg", "thumb": "https://tile.loc.gov/storage-services/service/pnp/nclc/05200/05235_150px.jpg"}, "created": "2018-11-09T00:00:00Z", "modified": "2018-11-09T00:00:00Z", "collection": ["diof", "minload", "nclc", "pp"], "creator": "Hine, Lewis Wickes, 1874-1940", "call_number": "LOT 7483, v. 2, no. 4826 [P&P]", "medium_brief": "1 photographic print.", "source_modified": "2018-11-02T00:00:00Z", "pk": "2018678465", "created_published_date": "1917 March.", "subjects": ["Girls.", "Students.", "Home economics.", "United States--Oklahoma--Tulsa.", "Photographic prints."]}, {"source_created": "2004-01-08T00:00:00Z", "index": 12, "medium": "1 photographic print.", "reproduction_number": "LC-DIG-nclc-05237 (color digital file from b&w original print)", "links": {"item": "https://www.loc.gov/pictures/item/2018678467/", "resource": "https://www.loc.gov/pictures/item/2018678467/resource/"}, "title": "[Domestic Science class in Horace Mann School. See Bliss report.]  Location: [Tulsa, Oklahoma]", "image": {"alt": "digitized item thumbnail", "full": "https://tile.loc.gov/storage-services/service/pnp/nclc/05200/05237r.jpg", "square": "https://tile.loc.gov/storage-services/service/pnp/nclc/05200/05237_75x75px.jpg", "thumb": "https://tile.loc.gov/storage-services/service/pnp/nclc/05200/05237_150px.jpg"}, "created": "2018-11-09T00:00:00Z", "modified": "2018-11-09T00:00:00Z", "collection": ["diof", "minload", "nclc", "pp"], "creator": "Hine, Lewis Wickes, 1874-1940", "call_number": "LOT 7483, v. 2, no. 4828 [P&P]", "medium_brief": "1 photographic print.", "source_modified": "2018-11-02T00:00:00Z", "pk": "2018678467", "created_published_date": "[1917 March]", "subjects": ["Girls.", "Students.", "Home economics.", "United States--Oklahoma--Tulsa.", "Photographic prints."]}, {"source_created": "2001-11-08T00:00:00Z", "index": 13, "medium": "1 photograph : cyanotype print ; sheet 18 x 24 cm, page 23 x 26 cm.", "reproduction_number": "LC-DIG-ds-13442 (digital file from original)\nLC-USZ62-79414 (b&w film copy neg.)", "links": {"item": "https://www.loc.gov/pictures/item/2001703719/", "resource": "https://www.loc.gov/pictures/item/2001703719/resource/"}, "title": "[Eight teenage girls wearing aprons and chef caps learning to cook as teacher instructs at a Washington, D.C., high school]", "image": {"alt": "digitized item thumbnail", "full": "https://tile.loc.gov/storage-services/service/pnp/ds/13400/13442r.jpg", "square": "https://tile.loc.gov/storage-services/service/pnp/ds/13400/13442_75x75px.jpg", "thumb": "https://tile.loc.gov/storage-services/service/pnp/ds/13400/13442_150px.jpg"}, "created": "2019-10-08T00:00:00Z", "modified": "2019-10-08T00:00:00Z", "collection": ["diof", "fbj", "pp"], "creator": "Johnston, Frances Benjamin, 1864-1952", "call_number": "LOT 2749, no. 309 [P&P]", "medium_brief": "1 photograph :", "source_modified": "2019-10-02T00:00:00Z", "pk": "2001703719", "created_published_date": "[1899?]", "subjects": ["Teenagers--Education--Washington (D.C.)--1890-1900.", "Girls--Washington (D.C.)--1890-1900.", "Home economics--Washington (D.C.)--1890-1900.", "Cookery--Washington (D.C.)--1890-1900.", "Classrooms--Washington (D.C.)--1890-1900.", "Teachers--Washington (D.C.)--1890-1900.", "Cyanotypes--1890-1900."]}, {"source_created": "1993-04-01T00:00:00Z", "index": 14, "medium": "1 negative : safety ; 8 x 10 in.", "reproduction_number": "LC-H814-T-1150-095 (interpositive)", "links": {"item": "https://www.loc.gov/pictures/item/2019671915/", "resource": "https://www.loc.gov/pictures/item/2019671915/resource/"}, "title": "Potomac Electric Power Co. Building. Home economics, lecture on nutrition I", "image": {"alt": "digitized item thumbnail", "full": "https://tile.loc.gov/storage-services/service/pnp/thc/5a39000/5a39100/5a39178r.jpg", "square": "https://tile.loc.gov/storage-services/service/pnp/thc/5a39000/5a39100/5a39178_75x75px.jpg", "thumb": "https://tile.loc.gov/storage-services/service/pnp/thc/5a39000/5a39100/5a39178_150px.jpg"}, "created": "2019-10-22T00:00:00Z", "modified": "2019-10-22T00:00:00Z", "collection": ["ammem", "diof", "minload", "pp", "thc"], "creator": "Horydczak, Theodor, approximately 1890-1971", "call_number": "LC-H814- 1150-095 [P&P]", "medium_brief": "1 negative :", "source_modified": "2019-10-18T00:00:00Z", "pk": "2019671915", "created_published_date": "between 1941 and 1945.", "subjects": ["Home economics.", "Public utility companies.", "United States--District of Columbia--Washington (D.C.)", "Acetate negatives."]}, {"source_created": "1993-04-01T00:00:00Z", "index": 15, "medium": "1 negative : safety ; 8 x 10 in.", "reproduction_number": "LC-H814-T-1150-096 (interpositive)", "links": {"item": "https://www.loc.gov/pictures/item/2019671916/", "resource": "https://www.loc.gov/pictures/item/2019671916/resource/"}, "title": "Potomac Electric Power Co. Building. Home economics, lecture on nutrition II", "image": {"alt": "digitized item thumbnail", "full": "https://tile.loc.gov/storage-services/service/pnp/thc/5a39000/5a39100/5a39179r.jpg", "square": "https://tile.loc.gov/storage-services/service/pnp/thc/5a39000/5a39100/5a39179_75x75px.jpg", "thumb": "https://tile.loc.gov/storage-services/service/pnp/thc/5a39000/5a39100/5a39179_150px.jpg"}, "created": "2019-10-22T00:00:00Z", "modified": "2019-10-22T00:00:00Z", "collection": ["ammem", "diof", "minload", "pp", "thc"], "creator": "Horydczak, Theodor, approximately 1890-1971", "call_number": "LC-H814- 1150-096 [P&P]", "medium_brief": "1 negative :", "source_modified": "2019-10-18T00:00:00Z", "pk": "2019671916", "created_published_date": "between 1941 and 1945.", "subjects": ["Home economics.", "Public utility companies.", "United States--District of Columbia--Washington (D.C.)", "Acetate negatives."]}, {"source_created": "1993-04-16T00:00:00Z", "index": 16, "medium": "1 negative : nitrate ; 8 x 10 in.", "reproduction_number": "LC-H824-T01-1237-001 (b&w film dup. neg.)", "links": {"item": "https://www.loc.gov/pictures/item/2019672930/", "resource": "https://www.loc.gov/pictures/item/2019672930/resource/"}, "title": "Potomac Electric Power Co. electric appliances. Working with electric appliances I", "image": {"alt": "digitized item thumbnail", "full": "https://tile.loc.gov/storage-services/service/pnp/thc/5a48000/5a48400/5a48439r.jpg", "square": "https://tile.loc.gov/storage-services/service/pnp/thc/5a48000/5a48400/5a48439_75x75px.jpg", "thumb": "https://tile.loc.gov/storage-services/service/pnp/thc/5a48000/5a48400/5a48439_150px.jpg"}, "created": "2019-10-22T00:00:00Z", "modified": "2019-10-22T00:00:00Z", "collection": ["ammem", "diof", "minload", "pp", "thc"], "creator": "Horydczak, Theodor, approximately 1890-1971", "call_number": "LC-H824- 1237-001 [P&P]", "medium_brief": "1 negative :", "source_modified": "2019-10-18T00:00:00Z", "pk": "2019672930", "created_published_date": "ca. 1920-ca. 1950.", "subjects": ["Home economics.", "Merchandise displays.", "Public utility companies.", "Refrigerators.", "United States--District of Columbia--Washington (D.C.)", "Nitrate negatives."]}, {"source_created": "1993-04-16T00:00:00Z", "index": 17, "medium": "1 negative : nitrate ; 8 x 10 in.", "reproduction_number": "LC-H824-T-1237-002 (interpositive)", "links": {"item": "https://www.loc.gov/pictures/item/2019672931/", "resource": "https://www.loc.gov/pictures/item/2019672931/resource/"}, "title": "Potomac Electric Power Co. electric appliances. Working with electric appliances II", "image": {"alt": "digitized item thumbnail", "full": "https://tile.loc.gov/storage-services/service/pnp/thc/5a48000/5a48400/5a48440r.jpg", "square": "https://tile.loc.gov/storage-services/service/pnp/thc/5a48000/5a48400/5a48440_75x75px.jpg", "thumb": "https://tile.loc.gov/storage-services/service/pnp/thc/5a48000/5a48400/5a48440_150px.jpg"}, "created": "2019-10-22T00:00:00Z", "modified": "2019-10-22T00:00:00Z", "collection": ["ammem", "diof", "minload", "pp", "thc"], "creator": "Horydczak, Theodor, approximately 1890-1971", "call_number": "LC-H824- 1237-002 [P&P]", "medium_brief": "1 negative :", "source_modified": "2019-10-18T00:00:00Z", "pk": "2019672931", "created_published_date": "ca. 1920-ca. 1950.", "subjects": ["Home economics.", "Merchandise displays.", "Public utility companies.", "Stoves.", "United States--District of Columbia--Washington (D.C.)", "Nitrate negatives."]}, {"source_created": "1993-04-16T00:00:00Z", "index": 18, "medium": "1 negative : nitrate ; 8 x 10 in.", "reproduction_number": "LC-H824-T01-1237-004 (b&w film dup. neg.)", "links": {"item": "https://www.loc.gov/pictures/item/2019672932/", "resource": "https://www.loc.gov/pictures/item/2019672932/resource/"}, "title": "Potomac Electric Power Co. electric appliances. Working with electric appliances III", "image": {"alt": "digitized item thumbnail", "full": "https://tile.loc.gov/storage-services/service/pnp/thc/5a48000/5a48400/5a48441r.jpg", "square": "https://tile.loc.gov/storage-services/service/pnp/thc/5a48000/5a48400/5a48441_75x75px.jpg", "thumb": "https://tile.loc.gov/storage-services/service/pnp/thc/5a48000/5a48400/5a48441_150px.jpg"}, "created": "2019-10-22T00:00:00Z", "modified": "2019-10-22T00:00:00Z", "collection": ["ammem", "diof", "minload", "pp", "thc"], "creator": "Horydczak, Theodor, approximately 1890-1971", "call_number": "LC-H824- 1237-004 [P&P]", "medium_brief": "1 negative :", "source_modified": "2019-10-18T00:00:00Z", "pk": "2019672932", "created_published_date": "ca. 1920-ca. 1950.", "subjects": ["Home economics.", "Merchandise displays.", "Public utility companies.", "Stoves.", "United States--District of Columbia--Washington (D.C.)", "Nitrate negatives."]}, {"source_created": "1993-04-29T00:00:00Z", "index": 19, "medium": "1 negative : safety ; 8 x 10 in.", "reproduction_number": "LC-H814-T-1919-024 (interpositive)", "links": {"item": "https://www.loc.gov/pictures/item/2019674127/", "resource": "https://www.loc.gov/pictures/item/2019674127/resource/"}, "title": "Electric Institute of Washington, Potomac Electric Power Co. Building. Lecture on flameless cooking", "image": {"alt": "digitized item thumbnail", "full": "https://tile.loc.gov/storage-services/service/pnp/thc/5a40000/5a40300/5a40314r.jpg", "square": "https://tile.loc.gov/storage-services/service/pnp/thc/5a40000/5a40300/5a40314_75x75px.jpg", "thumb": "https://tile.loc.gov/storage-services/service/pnp/thc/5a40000/5a40300/5a40314_150px.jpg"}, "created": "2019-10-22T00:00:00Z", "modified": "2019-10-22T00:00:00Z", "collection": ["ammem", "diof", "minload", "pp", "thc"], "creator": "Horydczak, Theodor, approximately 1890-1971", "call_number": "LC-H814- 1919-024 [P&P]", "medium_brief": "1 negative :", "source_modified": "2019-10-18T00:00:00Z", "pk": "2019674127", "created_published_date": "ca. 1920-ca. 1950.", "subjects": ["Commercial organizations.", "Home economics.", "United States--District of Columbia--Washington (D.C.)", "Acetate negatives."]}, {"source_created": "1993-04-29T00:00:00Z", "index": 20, "medium": "1 negative : safety ; 8 x 10 in.", "reproduction_number": "LC-H814-T-1919-026 (interpositive)", "links": {"item": "https://www.loc.gov/pictures/item/2019674129/", "resource": "https://www.loc.gov/pictures/item/2019674129/resource/"}, "title": "Electric Institute of Washington, Potomac Electric Power Co. Building. Cooking school, State Theatre, Bethesda", "image": {"alt": "digitized item thumbnail", "full": "https://tile.loc.gov/storage-services/service/pnp/thc/5a40000/5a40300/5a40316r.jpg", "square": "https://tile.loc.gov/storage-services/service/pnp/thc/5a40000/5a40300/5a40316_75x75px.jpg", "thumb": "https://tile.loc.gov/storage-services/service/pnp/thc/5a40000/5a40300/5a40316_150px.jpg"}, "created": "2019-10-22T00:00:00Z", "modified": "2019-10-22T00:00:00Z", "collection": ["ammem", "diof", "minload", "pp", "thc"], "creator": "Horydczak, Theodor, approximately 1890-1971", "call_number": "LC-H814- 1919-026 [P&P]", "medium_brief": "1 negative :", "source_modified": "2019-10-18T00:00:00Z", "pk": "2019674129", "created_published_date": "ca. 1920-ca. 1950.", "subjects": ["Commercial organizations.", "Home economics.", "United States--Maryland--Bethesda.", "Acetate negatives."]}]}