{"search": {"field": "subject", "hits": 138, "sort_order": null, "do_facets": true, "focus_item": null, "query": "Merry-go-rounds", "type": "search", "sort_by": null}, "focus": null, "views": {"current": "list", "grid": "https://www.loc.gov/pictures/search/?q=Merry-go-rounds&fi=subject&va=exact&st=grid&op=PHRASE", "list": "https://www.loc.gov/pictures/search/?q=Merry-go-rounds&fi=subject&op=PHRASE&va=exact", "gallery": "https://www.loc.gov/pictures/search/?q=Merry-go-rounds&fi=subject&va=exact&st=gallery&op=PHRASE", "slideshow": "https://www.loc.gov/pictures/search/?q=Merry-go-rounds&fi=subject&va=exact&st=slideshow&op=PHRASE"}, "facets": [{"type": "displayed", "filters": [{"count": 121, "on": "https://www.loc.gov/pictures/search/?va=exact&sp=1&q=Merry-go-rounds&fa=displayed%3Aanywhere&fi=subject&op=PHRASE&fo=json", "selected": false, "off": "https://www.loc.gov/pictures/search/?va=exact&sp=1&q=Merry-go-rounds&fi=subject&fo=json&op=PHRASE", "title": "Larger image available anywhere"}, {"count": 7, "on": "https://www.loc.gov/pictures/search/?va=exact&sp=1&q=Merry-go-rounds&fa=displayed%3Alc_only&fi=subject&op=PHRASE&fo=json", "selected": false, "off": "https://www.loc.gov/pictures/search/?va=exact&sp=1&q=Merry-go-rounds&fi=subject&fo=json&op=PHRASE", "title": "Larger image available only at the Library of Congress"}, {"count": 10, "on": "https://www.loc.gov/pictures/search/?va=exact&sp=1&q=Merry-go-rounds&fa=displayed%3Anot_digitized&fi=subject&op=PHRASE&fo=json", "selected": false, "off": "https://www.loc.gov/pictures/search/?va=exact&sp=1&q=Merry-go-rounds&fi=subject&fo=json&op=PHRASE", "title": "Not Digitized"}], "title": "displayed"}], "links": {"json": "//www.loc.gov/pictures/search/?fi=subject&q=Merry-go-rounds&op=PHRASE&va=exact&fo=json", "html": "//www.loc.gov/pictures/search/?fi=subject&q=Merry-go-rounds&op=PHRASE&va=exact", "rss": "//www.loc.gov/pictures/search/?fi=subject&q=Merry-go-rounds&op=PHRASE&va=exact&fo=rss"}, "suggestions": {"possible": []}, "pages": {"current": 1, "next": "https://www.loc.gov/pictures/search/?q=Merry-go-rounds&fi=subject&sp=2&op=PHRASE&va=exact", "perpage": 20, "last": "https://www.loc.gov/pictures/search/?q=Merry-go-rounds&fi=subject&sp=7&op=PHRASE&va=exact", "page_list": [{"url": null, "number": 1}, {"url": "https://www.loc.gov/pictures/search/?q=Merry-go-rounds&fi=subject&sp=2&op=PHRASE&va=exact", "number": 2}, {"url": "https://www.loc.gov/pictures/search/?q=Merry-go-rounds&fi=subject&sp=3&op=PHRASE&va=exact", "number": 3}, {"url": "https://www.loc.gov/pictures/search/?q=Merry-go-rounds&fi=subject&sp=4&op=PHRASE&va=exact", "number": 4}, {"url": "https://www.loc.gov/pictures/search/?q=Merry-go-rounds&fi=subject&sp=5&op=PHRASE&va=exact", "number": 5}, {"url": "https://www.loc.gov/pictures/search/?q=Merry-go-rounds&fi=subject&sp=6&op=PHRASE&va=exact", "number": "..."}, {"url": "https://www.loc.gov/pictures/search/?q=Merry-go-rounds&fi=subject&sp=7&op=PHRASE&va=exact", "number": 7}], "previous": null, "total": 7, "results": "1 - 20", "first": null}, "collection": null, "results": [{"source_created": "2006-05-22T00:00:00Z", "index": 1, "medium": "1 slide : color.", "reproduction_number": "LC-DIG-ppmsca-10566 (digital file from original photograph)", "links": {"item": "https://www.loc.gov/pictures/item/2006683651/", "resource": "https://www.loc.gov/pictures/item/2006683651/resource/"}, "title": "[Circus carousel]", "image": {"alt": "digitized item thumbnail", "full": "https://tile.loc.gov/storage-services/service/pnp/ppmsca/10500/10566_150px.jpg", "square": "https://tile.loc.gov/storage-services/service/pnp/ppmsca/10500/10566_75x75px.jpg", "thumb": "https://tile.loc.gov/storage-services/service/pnp/ppmsca/10500/10566_150px.jpg"}, "created": "2016-04-20T00:00:00Z", "modified": "2016-04-20T00:00:00Z", "collection": ["cph", "eam", "pp"], "creator": "Eames, Charles", "call_number": "LC-E14-CE010-077 [item] [P&P]", "medium_brief": "1 slide :", "source_modified": "2006-07-06T00:00:00Z", "pk": "2006683651", "created_published_date": "1961 Sept.", "subjects": ["Merry-go-rounds--England--London--1960-1970.", "Slides--Color--1960-1970."]}, {"source_created": "2007-08-29T00:00:00Z", "index": 2, "medium": "1 photographic print : albumen.", "reproduction_number": "LC-DIG-ppmsca-14390 (digital file from original photo)", "links": {"item": "https://www.loc.gov/pictures/item/2007682933/", "resource": "https://www.loc.gov/pictures/item/2007682933/resource/"}, "title": "Narodnoe gulian'e v prazdnik \"novyi god\" \"Saili Sali Nau.\" Karuseli (aspak bazi)", "image": {"alt": "digitized item thumbnail", "full": "https://tile.loc.gov/storage-services/service/pnp/ppmsca/14300/14390r.jpg", "square": "https://tile.loc.gov/storage-services/service/pnp/ppmsca/14300/14390_75x75px.jpg", "thumb": "https://tile.loc.gov/storage-services/service/pnp/ppmsca/14300/14390_150px.jpg"}, "created": "2016-04-20T00:00:00Z", "modified": "2016-04-20T00:00:00Z", "collection": ["cph", "diof", "pp"], "creator": null, "call_number": "Illus. in DK854.T87 1872, part  2,  vol. 1, pl. 61, no. 168 (Case Z) [P&P]", "medium_brief": "1 photographic print :", "source_modified": "2007-10-29T00:00:00Z", "pk": "2007682933", "created_published_date": "[between 1865 and 1872]", "subjects": ["Turkic peoples--Children--Asia, Central--1860-1880.", "Festivals--Asia, Central--1860-1880.", "Celebrations--Asia, Central--1860-1880.", "Merry-go-rounds--Asia, Central--1860-1880.", "Albumen prints--1860-1880."]}, {"source_created": "1993-01-01T00:00:00Z", "index": 3, "medium": "1 photomechanical print : photoreproductive process on off-white wove paper ; 37.2 x 35.1 cm. (sheet)", "reproduction_number": "", "links": {"item": "https://www.loc.gov/pictures/item/2009617045/", "resource": null}, "title": "10 grabados de Leopoldo M\u00e9ndez. Carrusel = Carrousel [sic]", "image": {"alt": "item not digitized thumbnail", "full": "https://www.loc.gov/pictures/static/images/item/500x500_notdigitized.png", "square": "https://www.loc.gov/pictures/static/images/item/not_digitized_buttons75X75.png", "thumb": "https://www.loc.gov/pictures/static/images/item/notdigitized_buttons140X120.png"}, "created": "2016-04-20T00:00:00Z", "modified": "2016-04-20T00:00:00Z", "collection": ["minload", "pp", "swa"], "creator": "M\u00e9ndez, Leopoldo, 1902-1969", "call_number": "SWANN - no. 1429j (B size) [P&P]", "medium_brief": "1 photomechanical print :", "source_modified": "2009-08-05T00:00:00Z", "pk": "2009617045", "created_published_date": "[between ca. 1950 and 1969]", "subjects": ["Families--Mexico--1950-1980.", "Merry-go-rounds--Mexico--1950-1980.", "Photomechanical prints--Mexican--1950-1980.", "Portfolios--Mexican--1950-1980."]}, {"source_created": "2010-03-12T00:00:00Z", "index": 4, "medium": "1 photograph : half-plate tintype ; 11.8 x 15.3 cm (case)", "reproduction_number": "", "links": {"item": "https://www.loc.gov/pictures/item/2010635071/", "resource": null}, "title": "[Men standing in front of carousel with children riding]", "image": {"alt": "item not digitized thumbnail", "full": "https://www.loc.gov/pictures/static/images/item/500x500_notdigitized.png", "square": "https://www.loc.gov/pictures/static/images/item/not_digitized_buttons75X75.png", "thumb": "https://www.loc.gov/pictures/static/images/item/notdigitized_buttons140X120.png"}, "created": "2016-04-20T00:00:00Z", "modified": "2016-04-20T00:00:00Z", "collection": ["ambtin", "diof", "minload", "pp"], "creator": null, "call_number": "AMB/TIN no. 5316 [P&P]", "medium_brief": "1 photograph :", "source_modified": "2011-10-25T00:00:00Z", "pk": "2010635071", "created_published_date": "[ca. 1890]", "subjects": ["Merry-go-rounds--1880-1900.", "Tintypes--1880-1900."]}, {"source_created": "2009-12-02T00:00:00Z", "index": 5, "medium": "1 drawing.", "reproduction_number": "LC-DIG-hlb-00010 (digital file from original drawing)", "links": {"item": "https://www.loc.gov/pictures/item/2010635499/", "resource": "https://www.loc.gov/pictures/item/2010635499/resource/"}, "title": "\"The fox hunt\" -- a new print", "image": {"alt": "digitized item thumbnail", "full": "https://tile.loc.gov/storage-services/service/pnp/hlb/00000/00010_150px.jpg", "square": "https://tile.loc.gov/storage-services/service/pnp/hlb/00000/00010_75x75px.jpg", "thumb": "https://tile.loc.gov/storage-services/service/pnp/hlb/00000/00010_150px.jpg"}, "created": "2016-04-20T00:00:00Z", "modified": "2016-04-20T00:00:00Z", "collection": ["hlb", "minload", "pp"], "creator": "Block, Herbert, 1909-2001", "call_number": "BLOCK, no. 10 (BB size) [P&P]", "medium_brief": "1 drawing.", "source_modified": "2012-08-07T00:00:00Z", "pk": "2010635499", "created_published_date": "1931 Oct. 10.", "subjects": ["Fox hunting--Great Britain.", "Merry-go-rounds.", "Taxes--Great Britain.", "Upper class--Great Britain.", "Drawings--American.", "Editorial cartoons--American."]}, {"source_created": "2012-11-19T00:00:00Z", "index": 6, "medium": "1 drawing.", "reproduction_number": "LC-DIG-hlb-13298 (digital file from original drawing)", "links": {"item": "https://www.loc.gov/pictures/item/2012643725/", "resource": "https://www.loc.gov/pictures/item/2012643725/resource/"}, "title": "We need more rotation here", "image": {"alt": "digitized item thumbnail", "full": "https://tile.loc.gov/storage-services/service/pnp/hlb/13200/13298_150px.jpg", "square": "https://tile.loc.gov/storage-services/service/pnp/hlb/13200/13298_75x75px.jpg", "thumb": "https://tile.loc.gov/storage-services/service/pnp/hlb/13200/13298_150px.jpg"}, "created": "2016-04-20T00:00:00Z", "modified": "2016-04-20T00:00:00Z", "collection": ["hlb", "minload", "pp"], "creator": "Block, Herbert, 1909-2001", "call_number": "BLOCK, no. 13298 (BB size)", "medium_brief": "1 drawing.", "source_modified": "2015-06-16T00:00:00Z", "pk": "2012643725", "created_published_date": "11/24/1996.", "subjects": ["Armey, Richard K.,--1940-", "Gingrich, Newt.", "United States.--Congress.--House.--Committee on Standards of Official Conduct.", "Governmental investigations", "Merry-go-rounds", "Drawings--American.", "Editorial cartoons--American."]}, {"source_created": "2014-10-16T00:00:00Z", "index": 7, "medium": "1 photograph: b&w contact sheet.", "reproduction_number": "", "links": {"item": "https://www.loc.gov/pictures/item/2014667137/", "resource": null}, "title": "Views of the Capitol", "image": {"alt": "item not digitized thumbnail", "full": "https://www.loc.gov/pictures/static/images/item/500x500_notdigitized.png", "square": "https://www.loc.gov/pictures/static/images/item/not_digitized_buttons75X75.png", "thumb": "https://www.loc.gov/pictures/static/images/item/notdigitized_buttons140X120.png"}, "created": "2016-04-20T00:00:00Z", "modified": "2016-04-20T00:00:00Z", "collection": ["cqrc", "minload", "pp"], "creator": null, "call_number": "ROLL CALL-1997-308 [P&P]", "medium_brief": "1 photograph:\n22 photographs:", "source_modified": "2015-02-05T00:00:00Z", "pk": "2014667137", "created_published_date": "[1997-04]", "subjects": ["U.S. Capitol", "Merry-go-rounds", "Film negatives.", "Photographic prints."]}, {"source_created": "2015-01-02T00:00:00Z", "index": 8, "medium": "1 print : color lithograph ; sheet 48 x 32 cm (poster format)", "reproduction_number": "", "links": {"item": "https://www.loc.gov/pictures/item/2015645009/", "resource": null}, "title": "De distributie-malle molen", "image": {"alt": "item not digitized thumbnail", "full": "https://www.loc.gov/pictures/static/images/item/500x500_notdigitized.png", "square": "https://www.loc.gov/pictures/static/images/item/not_digitized_buttons75X75.png", "thumb": "https://www.loc.gov/pictures/static/images/item/notdigitized_buttons140X120.png"}, "created": "2016-04-20T00:00:00Z", "modified": "2016-04-20T00:00:00Z", "collection": ["cph", "pp"], "creator": "Sluiter, Willy, 1873-1949", "call_number": "LOT 14116, no. 132 [P&P]", "medium_brief": "1 print :", "source_modified": "2015-06-03T00:00:00Z", "pk": "2015645009", "created_published_date": "1917.", "subjects": ["Posthuma, Folkert Evert,--1874-1943--Caricatures and cartoons.", "Caricatures and cartoons--Netherlands--Specimens.", "Merry-go-rounds--1910-1920.", "Politicians--Netherlands--1910-1920.", "Crowds--1910-1920.", "Food supply--Netherlands--1910-1920.", "Scarcity--Netherlands--1910-1920.", "Cartoons (Commentary)--1910-1920.", "Lithographs--Dutch--Color--1910-1920.", "Posters--Dutch--1910-1920."]}, {"source_created": "1996-11-25T00:00:00Z", "index": 9, "medium": "1 photographic print.", "reproduction_number": "LC-USZ62-90304 (b&w film copy neg.)", "links": {"item": "https://www.loc.gov/pictures/item/96524183/", "resource": "https://www.loc.gov/pictures/item/96524183/resource/"}, "title": "Colored fair grounds, Williamsburg, Va.", "image": {"alt": "digitized item thumbnail", "full": "https://tile.loc.gov/storage-services/service/pnp/cph/3b30000/3b36000/3b36600/3b36662_150px.jpg", "square": "https://tile.loc.gov/storage-services/service/pnp/cph/3b30000/3b36000/3b36600/3b36662_75x75px.jpg", "thumb": "https://tile.loc.gov/storage-services/service/pnp/cph/3b30000/3b36000/3b36600/3b36662_150px.jpg"}, "created": "2016-04-20T00:00:00Z", "modified": "2016-04-20T00:00:00Z", "collection": ["cph", "pp"], "creator": null, "call_number": "U.S. GEOG FILE - Virginia--Williamsburg--Misc. <item> [P&P]", "medium_brief": "1 photographic print.", "source_modified": "2002-11-10T00:00:00Z", "pk": "96524183", "created_published_date": "c1928 Dec. 4.", "subjects": ["African Americans--Social life--Virginia--Williamsburg--1920-1930.", "Segregation--Virginia--Williamsburg--1920-1930.", "Merry-go-rounds--Virginia--Williamsburg--1920-1930.", "Photographic prints--1920-1930."]}, {"source_created": "2000-11-09T00:00:00Z", "index": 10, "medium": "1 print : etching.", "reproduction_number": "LC-USZC4-6861 (color film copy transparency)", "links": {"item": "https://www.loc.gov/pictures/item/00652674/", "resource": "https://www.loc.gov/pictures/item/00652674/resource/"}, "title": "A block for the wigs - or, the new state whirligig", "image": {"alt": "digitized item thumbnail", "full": "https://tile.loc.gov/storage-services/service/pnp/cph/3g00000/3g06000/3g06800/3g06861r.jpg", "square": "https://tile.loc.gov/storage-services/service/pnp/cph/3g00000/3g06000/3g06800/3g06861_75x75px.jpg", "thumb": "https://tile.loc.gov/storage-services/service/pnp/cph/3g00000/3g06000/3g06800/3g06861_150px.jpg"}, "created": "2016-04-21T00:00:00Z", "modified": "2016-04-21T00:00:00Z", "collection": ["cpbr", "diof", "pp"], "creator": "Gillray, James, 1756-1815", "call_number": "PC 1 - 6227 (b&w print) (A size) [P&P] PC 1 - 6227 (color print) Another impression.", "medium_brief": "1 print :", "source_modified": "2007-05-01T00:00:00Z", "pk": "00652674", "created_published_date": "1783 May 5th.", "subjects": ["George--III,--King of Great Britain,--1738-1820.", "Fox, Charles James,--1749-1806.", "North, Frederick,--Lord,--1732-1792.", "Burke, Edmund,--1729-1797.", "Keppel, Augustus Keppel,--Viscount,--1725-1786.", "Merry-go-rounds--Great Britain--1780-1790.", "Cartoons (Commentary)--British--1780-1790.", "Etchings--1780-1790."]}, {"source_created": "2005-08-17T00:00:00Z", "index": 11, "medium": "1 photographic print on stereo card : stereograph.", "reproduction_number": "LC-DIG-ppmsca-09421 (digital file from original stereograph)", "links": {"item": "https://www.loc.gov/pictures/item/2005691149/", "resource": "https://www.loc.gov/pictures/item/2005691149/resource/"}, "title": "Whirligig in Sh\u00fctzen Park, Philadelphia, Pa., Sep. 1873", "image": {"alt": "digitized item thumbnail", "full": "https://tile.loc.gov/storage-services/service/pnp/ppmsca/09400/09421r.jpg", "square": "https://tile.loc.gov/storage-services/service/pnp/ppmsca/09400/09421_75x75px.jpg", "thumb": "https://tile.loc.gov/storage-services/service/pnp/ppmsca/09400/09421_150px.jpg"}, "created": "2016-04-21T00:00:00Z", "modified": "2016-04-21T00:00:00Z", "collection": ["diof", "pp", "stereo"], "creator": null, "call_number": "LOT 13601, no. 3 [P&P]", "medium_brief": "1 photographic print on stereo card :", "source_modified": "2005-10-27T00:00:00Z", "pk": "2005691149", "created_published_date": "1873.", "subjects": ["Merry-go-rounds--Pennsylvania--Philadelphia--1870-1880.", "Parks--Pennsylvania--Philadelphia--1870-1880.", "Photographic prints--1870-1880.", "Stereographs--1870-1880."]}, {"source_created": "1998-05-01T00:00:00Z", "index": 12, "medium": "1 drawing.", "reproduction_number": "", "links": {"item": "https://www.loc.gov/pictures/item/2010642556/", "resource": null}, "title": "The issues", "image": {"alt": "item not digitized thumbnail", "full": "https://www.loc.gov/pictures/static/images/item/500x500_notdigitized.png", "square": "https://www.loc.gov/pictures/static/images/item/not_digitized_buttons75X75.png", "thumb": "https://www.loc.gov/pictures/static/images/item/notdigitized_buttons140X120.png"}, "created": "2016-04-21T00:00:00Z", "modified": "2016-04-21T00:00:00Z", "collection": ["bbgfc", "minload", "pp"], "creator": "Joseph, Seymour", "call_number": "Goldstein, no. 1419 (A size) [P&P]", "medium_brief": "1 drawing.", "source_modified": "2011-07-12T00:00:00Z", "pk": "2010642556", "created_published_date": "1976.", "subjects": ["Carter, Jimmy,--1924-", "Ford, Gerald R.,--1913-2006.", "Merry-go-rounds--United States--1970-1980.", "Political campaigns--United States--1970-1980.", "Political platforms--United States--1970-1980.", "Presidential elections--United States--1970-1980.", "Television broadcasting--United States--1970-1980.", "Drawings--1970-1980.", "Editorial cartoons--1970-1980."]}, {"source_created": "1998-05-01T00:00:00Z", "index": 13, "medium": "1 print : etching ; 39.2 x 27.1 cm. (sheet)", "reproduction_number": "", "links": {"item": "https://www.loc.gov/pictures/item/2010642894/", "resource": null}, "title": "Merry-go-round", "image": {"alt": "item not digitized thumbnail", "full": "https://www.loc.gov/pictures/static/images/item/500x500_notdigitized.png", "square": "https://www.loc.gov/pictures/static/images/item/not_digitized_buttons75X75.png", "thumb": "https://www.loc.gov/pictures/static/images/item/notdigitized_buttons140X120.png"}, "created": "2016-04-21T00:00:00Z", "modified": "2016-04-21T00:00:00Z", "collection": ["bbgfc", "minload", "pp"], "creator": "Cook, Howard Norton, 1901-1980", "call_number": "Goldstein, no. 1054 (A size) [P&P]", "medium_brief": "1 print :", "source_modified": "2011-07-14T00:00:00Z", "pk": "2010642894", "created_published_date": "1931.", "subjects": ["Merry-go-rounds--1930-1940.", "Recreation--1930-1940.", "Etchings--1930-1940."]}, {"source_created": "1998-05-01T00:00:00Z", "index": 14, "medium": "1 print : offset lithograph ; 44.8 x 34.7 cm. (sheet)", "reproduction_number": "", "links": {"item": "https://www.loc.gov/pictures/item/2010643213/", "resource": null}, "title": "Los caballitos", "image": {"alt": "item not digitized thumbnail", "full": "https://www.loc.gov/pictures/static/images/item/500x500_notdigitized.png", "square": "https://www.loc.gov/pictures/static/images/item/not_digitized_buttons75X75.png", "thumb": "https://www.loc.gov/pictures/static/images/item/notdigitized_buttons140X120.png"}, "created": "2016-04-21T00:00:00Z", "modified": "2016-04-21T00:00:00Z", "collection": ["bbgfc", "minload", "pp"], "creator": "Ch\u00e1vez Morado, Jos\u00e9, 1909-2002", "call_number": "Goldstein, no. 454 (B size) [P&P]", "medium_brief": "1 print :", "source_modified": "2011-07-18T00:00:00Z", "pk": "2010643213", "created_published_date": "[1933?]", "subjects": ["Horses--1930-1940.", "Merry-go-rounds--1930-1940.", "Offset lithographs--Mexican--1930-1940."]}, {"source_created": "2012-11-19T00:00:00Z", "index": 15, "medium": "1 drawing.", "reproduction_number": "", "links": {"item": "https://www.loc.gov/pictures/item/2012637018/", "resource": null}, "title": "\"Onward!\"", "image": {"alt": "item not digitized thumbnail", "full": "https://www.loc.gov/pictures/static/images/item/500x500_notdigitized.png", "square": "https://www.loc.gov/pictures/static/images/item/not_digitized_buttons75X75.png", "thumb": "https://www.loc.gov/pictures/static/images/item/notdigitized_buttons140X120.png"}, "created": "2016-04-21T00:00:00Z", "modified": "2016-04-21T00:00:00Z", "collection": ["hlb", "minload", "pp"], "creator": "Block, Herbert, 1909-2001", "call_number": "BLOCK, no. 6341 (BB size)", "medium_brief": "1 drawing.", "source_modified": "2014-01-14T00:00:00Z", "pk": "2012637018", "created_published_date": "6/15/1965.", "subjects": ["Vietnam.", "Daggers & swords", "Merry-go-rounds", "firearms", "Drawings--American.", "Editorial cartoons--American."]}, {"source_created": "2014-10-16T00:00:00Z", "index": 16, "medium": "1 photograph: b&w contact sheet.", "reproduction_number": "", "links": {"item": "https://www.loc.gov/pictures/item/2014668148/", "resource": null}, "title": "Capitol", "image": {"alt": "item not digitized thumbnail", "full": "https://www.loc.gov/pictures/static/images/item/500x500_notdigitized.png", "square": "https://www.loc.gov/pictures/static/images/item/not_digitized_buttons75X75.png", "thumb": "https://www.loc.gov/pictures/static/images/item/notdigitized_buttons140X120.png"}, "created": "2016-04-21T00:00:00Z", "modified": "2016-04-21T00:00:00Z", "collection": ["cqrc", "minload", "pp"], "creator": null, "call_number": "ROLL CALL-1998-14 [P&P]", "medium_brief": "1 photograph:\n35 photographs:", "source_modified": "2015-02-05T00:00:00Z", "pk": "2014668148", "created_published_date": "[1998-01-06]", "subjects": ["Ulysses S. Grant Memorial", "Merry-go-rounds", "Film negatives.", "Photographic prints."]}, {"source_created": "1997-06-25T00:00:00Z", "index": 17, "medium": "1 drawing.", "reproduction_number": "", "links": {"item": "https://www.loc.gov/pictures/item/2016678290/", "resource": "https://www.loc.gov/pictures/item/2016678290/resource/"}, "title": "I think she's something or other to do with the Humane Society", "image": {"alt": "digitized item thumbnail", "full": "https://tile.loc.gov/storage-services/service/pnp/acd/2a05000/2a05700/2a05705_150px.jpg", "square": "https://tile.loc.gov/storage-services/service/pnp/acd/2a05000/2a05700/2a05705_75x75px.jpg", "thumb": "https://tile.loc.gov/storage-services/service/pnp/acd/2a05000/2a05700/2a05705_150px.jpg"}, "created": "2016-08-16T00:00:00Z", "modified": "2016-08-16T00:00:00Z", "collection": ["acd", "minload", "pp"], "creator": "Berger, Hersh", "call_number": "CD 1 - Berger, no. 2 (A size)", "medium_brief": "1 drawing.", "source_modified": "2016-08-03T00:00:00Z", "pk": "2016678290", "created_published_date": "1943 July 7, c1943.", "subjects": ["Merry-go-rounds", "women", "Animal welfare", "Cartoons (Commentary)--American.", "Drawings."]}, {"source_created": "1997-07-17T00:00:00Z", "index": 18, "medium": "1 drawing on paper : crayon, ink, blue pencil, and pencil.", "reproduction_number": "", "links": {"item": "https://www.loc.gov/pictures/item/2016684925/", "resource": null}, "title": "Dark laughter. Okay Hinry, but mind whut Mama said about gettin' too close to them white horses!", "image": {"alt": "item not digitized thumbnail", "full": "https://www.loc.gov/pictures/static/images/item/500x500_notdigitized.png", "square": "https://www.loc.gov/pictures/static/images/item/not_digitized_buttons75X75.png", "thumb": "https://www.loc.gov/pictures/static/images/item/notdigitized_buttons140X120.png"}, "created": "2016-08-16T00:00:00Z", "modified": "2016-08-16T00:00:00Z", "collection": ["2rights", "acd", "acr", "minload", "pp"], "creator": "Harrington, Oliver W. (Oliver Wendell), 1912-1995", "call_number": "CD 1 - Harrington, no. 80 (B size)", "medium_brief": "1 drawing on paper :", "source_modified": "2016-08-05T00:00:00Z", "pk": "2016684925", "created_published_date": "1961 July 8 [publication date]", "subjects": ["Merry-go-rounds--1960-1970.", "Children playing--1960-1970.", "Race relations--1960-1970.", "African Americans--Children--1960-1970.", "Cartoons (Commentary)--1960-1970.", "Drawings--1960-1970."]}, {"source_created": "2016-09-22T00:00:00Z", "index": 19, "medium": "1 photograph : digital, tiff file, color.", "reproduction_number": "LC-DIG-highsm-39497 (original digital file)", "links": {"item": "https://www.loc.gov/pictures/item/2016630315/", "resource": "https://www.loc.gov/pictures/item/2016630315/resource/"}, "title": "A carousel ride, often fondly called a \"merry-go-round,\" at the annual Iowa State Fair in the capital city of Des Moines", "image": {"alt": "digitized item thumbnail", "full": "https://tile.loc.gov/storage-services/service/pnp/highsm/39400/39497r.jpg", "square": "https://tile.loc.gov/storage-services/service/pnp/highsm/39400/39497_75x75px.jpg", "thumb": "https://tile.loc.gov/storage-services/service/pnp/highsm/39400/39497_150px.jpg"}, "created": "2016-10-04T00:00:00Z", "modified": "2016-10-04T00:00:00Z", "collection": ["diof", "highsm", "minload", "pp"], "creator": "Highsmith, Carol M., 1946-", "call_number": "LC-DIG-highsm- 39497 (ONLINE) [P&P]", "medium_brief": "1 photograph :", "source_modified": "2016-10-03T00:00:00Z", "pk": "2016630315", "created_published_date": "2016-08-11.", "subjects": ["United States--Iowa--Polk County--Des Moines.", "America", "Iowa State Fair", "State fairs", "Carousel", "Merry-go-rounds", "Digital photographs--Color--2010-2020."]}, {"source_created": "2016-09-22T00:00:00Z", "index": 20, "medium": "1 photograph : digital, tiff file, color.", "reproduction_number": "LC-DIG-highsm-39498 (original digital file)", "links": {"item": "https://www.loc.gov/pictures/item/2016630316/", "resource": "https://www.loc.gov/pictures/item/2016630316/resource/"}, "title": "A carousel ride, often fondly called a \"merry-go-round,\" at the annual Iowa State Fair in the capital city of Des Moines", "image": {"alt": "digitized item thumbnail", "full": "https://tile.loc.gov/storage-services/service/pnp/highsm/39400/39498r.jpg", "square": "https://tile.loc.gov/storage-services/service/pnp/highsm/39400/39498_75x75px.jpg", "thumb": "https://tile.loc.gov/storage-services/service/pnp/highsm/39400/39498_150px.jpg"}, "created": "2016-10-04T00:00:00Z", "modified": "2016-10-04T00:00:00Z", "collection": ["diof", "highsm", "minload", "pp"], "creator": "Highsmith, Carol M., 1946-", "call_number": "LC-DIG-highsm- 39498 (ONLINE) [P&P]", "medium_brief": "1 photograph :", "source_modified": "2016-10-03T00:00:00Z", "pk": "2016630316", "created_published_date": "2016-08-11.", "subjects": ["United States--Iowa--Polk County--Des Moines.", "America", "Iowa State Fair", "State fairs", "Carousel", "Merry-go-rounds", "Digital photographs--Color--2010-2020."]}]}