{"search": {"field": "subject", "hits": 92, "sort_order": null, "do_facets": true, "focus_item": null, "query": "Paper industry", "type": "search", "sort_by": null}, "focus": null, "views": {"current": "list", "grid": "https://www.loc.gov/pictures/search/?q=Paper+industry&fi=subject&va=exact&st=grid&op=PHRASE", "list": "https://www.loc.gov/pictures/search/?q=Paper+industry&fi=subject&op=PHRASE&va=exact", "gallery": "https://www.loc.gov/pictures/search/?q=Paper+industry&fi=subject&va=exact&st=gallery&op=PHRASE", "slideshow": "https://www.loc.gov/pictures/search/?q=Paper+industry&fi=subject&va=exact&st=slideshow&op=PHRASE"}, "facets": [{"type": "displayed", "filters": [{"count": 78, "on": "https://www.loc.gov/pictures/search/?va=exact&sp=1&q=Paper+industry&fa=displayed%3Aanywhere&fi=subject&op=PHRASE&fo=json", "selected": false, "off": "https://www.loc.gov/pictures/search/?va=exact&sp=1&q=Paper+industry&fi=subject&fo=json&op=PHRASE", "title": "Larger image available anywhere"}, {"count": 11, "on": "https://www.loc.gov/pictures/search/?va=exact&sp=1&q=Paper+industry&fa=displayed%3Alc_only&fi=subject&op=PHRASE&fo=json", "selected": false, "off": "https://www.loc.gov/pictures/search/?va=exact&sp=1&q=Paper+industry&fi=subject&fo=json&op=PHRASE", "title": "Larger image available only at the Library of Congress"}, {"count": 3, "on": "https://www.loc.gov/pictures/search/?va=exact&sp=1&q=Paper+industry&fa=displayed%3Anot_digitized&fi=subject&op=PHRASE&fo=json", "selected": false, "off": "https://www.loc.gov/pictures/search/?va=exact&sp=1&q=Paper+industry&fi=subject&fo=json&op=PHRASE", "title": "Not Digitized"}, {"count": 17, "on": "https://www.loc.gov/pictures/search/?va=exact&sp=1&q=Paper+industry&fa=displayed%3Asurveys_only&fi=subject&op=PHRASE&fo=json", "selected": false, "off": "https://www.loc.gov/pictures/search/?va=exact&sp=1&q=Paper+industry&fi=subject&fo=json&op=PHRASE", "title": "Surveys only"}], "title": "displayed"}], "links": {"json": "//www.loc.gov/pictures/search/?fi=subject&q=Paper+industry&op=PHRASE&va=exact&fo=json", "html": "//www.loc.gov/pictures/search/?fi=subject&q=Paper+industry&op=PHRASE&va=exact", "rss": "//www.loc.gov/pictures/search/?fi=subject&q=Paper+industry&op=PHRASE&va=exact&fo=rss"}, "suggestions": {"possible": []}, "pages": {"current": 1, "next": "https://www.loc.gov/pictures/search/?q=Paper+industry&fi=subject&sp=2&op=PHRASE&va=exact", "perpage": 20, "last": "https://www.loc.gov/pictures/search/?q=Paper+industry&fi=subject&sp=5&op=PHRASE&va=exact", "page_list": [{"url": null, "number": 1}, {"url": "https://www.loc.gov/pictures/search/?q=Paper+industry&fi=subject&sp=2&op=PHRASE&va=exact", "number": 2}, {"url": "https://www.loc.gov/pictures/search/?q=Paper+industry&fi=subject&sp=3&op=PHRASE&va=exact", "number": 3}, {"url": "https://www.loc.gov/pictures/search/?q=Paper+industry&fi=subject&sp=4&op=PHRASE&va=exact", "number": 4}, {"url": "https://www.loc.gov/pictures/search/?q=Paper+industry&fi=subject&sp=5&op=PHRASE&va=exact", "number": 5}], "previous": null, "total": 5, "results": "1 - 20", "first": null}, "collection": null, "results": [{"source_created": "2005-03-22T00:00:00Z", "index": 1, "medium": "1 album (22 photographic prints) ; 23 x 31 cm. (album)", "reproduction_number": "", "links": {"item": "https://www.loc.gov/pictures/item/2005677094/", "resource": null}, "title": "J.M. Voith Maschinenfabriken Heidenheim (Brenz), W\u00fcrttemb. und St. P\u00f6lten, Nied.-Oesterr.", "image": {"alt": "group item thumbnail", "full": "https://www.loc.gov/pictures/static/images/item/500x500_grouprecord.png", "square": "https://www.loc.gov/pictures/static/images/item/grouprecord_square.png", "thumb": "https://www.loc.gov/pictures/static/images/item/grouprecord_thumb_large.jpg"}, "created": "2016-04-20T05:25:49Z", "modified": "2021-04-13T12:08:20Z", "collection": ["coll", "pp", "reconlot"], "creator": "J.M. Voith GmbH (Firm)", "call_number": "LOT 11418 (F) [P&P]", "medium_brief": "1 album (22 photographic prints) ;", "source_modified": "2005-04-19T11:32:55Z", "pk": "2005677094", "created_published_date": "1933.", "subjects": ["J.M. Voith GmbH (Firm)--History--Pictorial works.", "Heidenheim an der Brenz (Germany)--History--Pictorial works.", "Paper industry--Europe--Pictorial works.", "Factories--Germany--Heidenheim an der Brenz--1930-1940.", "Industry--Germany--Heidenheim an der Brenz--1930-1940.", "Hydroelectric power--Germany--1930-1940.", "Paper industry--Europe--1930-1940.", "Photograph albums--1930-1940.", "Photographic prints--1930-1940.", "Presentation albums--1930-1940."]}, {"source_created": "1981-03-13T00:00:00Z", "index": 2, "medium": "246, [1] p., [33] leaves of plates : ill. (some col.), facsims., maps (some col.), sample ; 33 cm.", "reproduction_number": "", "links": {"item": "https://www.loc.gov/pictures/item/11030027/", "resource": null}, "title": "Les arts et les industries du papier en France : 1871-1894 /", "image": {"alt": "item not digitized thumbnail", "full": "https://www.loc.gov/pictures/static/images/item/500x500_notdigitized.png", "square": "https://www.loc.gov/pictures/static/images/item/not_digitized_buttons75X75.png", "thumb": "https://www.loc.gov/pictures/static/images/item/notdigitized_buttons140X120.png"}, "created": "2016-04-20T00:00:00Z", "modified": "2016-04-20T00:00:00Z", "collection": ["pennbk", "pp"], "creator": "Vachon, Marius, 1850-1928.", "call_number": "TS1095.F8 V3 Pennell (STORED OFF SITE - advance notice needed) [P&P] Copy 2  [General Collections] Copy 1", "medium_brief": "246, [1] p., [33] leaves of plates :", "source_modified": "2012-07-25T00:00:00Z", "pk": "11030027", "created_published_date": "[1894]", "subjects": ["Paper industry--France.", "Papermaking--France.", "Printing--France.", "Illustration of books--France.", "Posters."]}, {"source_created": "1990-12-27T00:00:00Z", "index": 3, "medium": "1 photographic print : gelatin silver ; 10 x 32.5 in.", "reproduction_number": "", "links": {"item": "https://www.loc.gov/pictures/item/2007661042/", "resource": "https://www.loc.gov/pictures/item/2007661042/resource/"}, "title": "Parsons Paper Co., Holyoke, Mass.", "image": {"alt": "digitized item thumbnail", "full": "https://tile.loc.gov/storage-services/service/pnp/pan/6a06000/6a06100/6a06174r.jpg", "square": "https://tile.loc.gov/storage-services/service/pnp/pan/6a06000/6a06100/6a06174_75x75px.jpg", "thumb": "https://tile.loc.gov/storage-services/service/pnp/pan/6a06000/6a06100/6a06174_150px.jpg"}, "created": "2016-04-20T00:00:00Z", "modified": "2016-04-20T00:00:00Z", "collection": ["ammem", "diof", "minload", "pan", "pp"], "creator": "Haines Photo Co. (Conneaut, Ohio)", "call_number": "PAN US GEOG - Massachusetts no. 43 (E size) [P&P]", "medium_brief": "1 photographic print :", "source_modified": "2012-12-19T00:00:00Z", "pk": "2007661042", "created_published_date": "c1909.", "subjects": ["Paper industry.", "Industrial facilities.", "United States--Massachusetts--Holyoke.", "Gelatin silver prints.", "Panoramic photographs."]}, {"source_created": "1991-07-22T00:00:00Z", "index": 4, "medium": "1 photographic print : gelatin silver ; 6 x 28.5 in.", "reproduction_number": "LC-USZ62-71827 (b&w film copy neg. of left section)\nLC-USZ62-71828 (b&w film copy neg. of right section)", "links": {"item": "https://www.loc.gov/pictures/item/2007662503/", "resource": "https://www.loc.gov/pictures/item/2007662503/resource/"}, "title": "Plant of Champion Fibre Company (south side) Canton, N.C.", "image": {"alt": "digitized item thumbnail", "full": "https://tile.loc.gov/storage-services/service/pnp/pan/6a08000/6a08000/6a08094r.jpg", "square": "https://tile.loc.gov/storage-services/service/pnp/pan/6a08000/6a08000/6a08094_75x75px.jpg", "thumb": "https://tile.loc.gov/storage-services/service/pnp/pan/6a08000/6a08000/6a08094_150px.jpg"}, "created": "2016-04-20T00:00:00Z", "modified": "2016-04-20T00:00:00Z", "collection": ["ammem", "diof", "minload", "pan", "pp"], "creator": "Pelton, Herbert W.", "call_number": "PAN US GEOG - North Carolina no. 17 (E size) [P&P]", "medium_brief": "1 photographic print :", "source_modified": "2012-12-20T00:00:00Z", "pk": "2007662503", "created_published_date": "c1910.", "subjects": ["Industrial facilities.", "Paper industry.", "United States--North Carolina--Canton.", "Gelatin silver prints.", "Panoramic photographs."]}, {"source_created": "2008-01-28T00:00:00Z", "index": 5, "medium": "1 photographic print.", "reproduction_number": "LC-DIG-ppmsca-17304 (digital file from original photograph)", "links": {"item": "https://www.loc.gov/pictures/item/2008676676/", "resource": "https://www.loc.gov/pictures/item/2008676676/resource/"}, "title": "Industrial scene", "image": {"alt": "digitized item thumbnail", "full": "https://tile.loc.gov/storage-services/service/pnp/ppmsca/17300/17304_150px.jpg", "square": "https://tile.loc.gov/storage-services/service/pnp/ppmsca/17300/17304_75x75px.jpg", "thumb": "https://tile.loc.gov/storage-services/service/pnp/ppmsca/17300/17304_150px.jpg"}, "created": "2016-04-20T00:00:00Z", "modified": "2016-04-20T00:00:00Z", "collection": ["cph", "pp"], "creator": null, "call_number": "U.S. GEOG FILE - Michigan--Grand Rapids [item] [P&P]", "medium_brief": "1 photographic print.", "source_modified": "2008-01-28T00:00:00Z", "pk": "2008676676", "created_published_date": "[between 1900 and 1940]", "subjects": ["Reservoirs--Michigan--Grand Rapids--1900-1940.", "Paper industry--Michigan--Grand Rapids--1900-1940.", "Mills--Michigan--Grand Rapids--1900-1940.", "Grand Rapids (Mich.)--1900-1940.", "Photographic prints--1880-1940."]}, {"source_created": "2008-06-26T00:00:00Z", "index": 6, "medium": "1 photomechanical print : photochrom, color.", "reproduction_number": "LC-DIG-ppmsca-18045 (digital file from original item)", "links": {"item": "https://www.loc.gov/pictures/item/2008678245/", "resource": "https://www.loc.gov/pictures/item/2008678245/resource/"}, "title": "Wisconsin. Appleton Paper Mills", "image": {"alt": "digitized item thumbnail", "full": "https://tile.loc.gov/storage-services/service/pnp/ppmsca/18000/18045r.jpg", "square": "https://tile.loc.gov/storage-services/service/pnp/ppmsca/18000/18045_75x75px.jpg", "thumb": "https://tile.loc.gov/storage-services/service/pnp/ppmsca/18000/18045_150px.jpg"}, "created": "2016-04-20T00:00:00Z", "modified": "2016-04-20T00:00:00Z", "collection": ["diof", "pgz", "pp"], "creator": "Detroit Photographic Co.", "call_number": "LOT 13923, no. 237 [item] [P&P]", "medium_brief": "1 photomechanical print :", "source_modified": "2008-12-17T00:00:00Z", "pk": "2008678245", "created_published_date": "c1898.", "subjects": ["Industrial facilities.", "Paper industry.", "Rivers.", "United States--Wisconsin--Appleton.", "Photochrom prints--Color."]}, {"source_created": "2008-09-11T00:00:00Z", "index": 7, "medium": "1 print (poster) : lithograph, color ; 228.8 x 152.1 cm.", "reproduction_number": "LC-USZC4-13891 (color film copy transparency of top left)\nLC-USZC4-13892 (color film copy transparency of top right)\nLC-USZC4-13893 (color film copy transparency of bottom left)\nLC-USZC4-13894 (color film copy transparency of bottom right)", "links": {"item": "https://www.loc.gov/pictures/item/2008680362/", "resource": "https://www.loc.gov/pictures/item/2008680362/resource/"}, "title": "Das Papier: Jahresschau 1927, Dresden", "image": {"alt": "digitized item thumbnail", "full": "https://tile.loc.gov/storage-services/service/pnp/cph/3g10000/3g13000/3g13800/3g13891_150px.jpg", "square": "https://tile.loc.gov/storage-services/service/pnp/cph/3g10000/3g13000/3g13800/3g13891_75x75px.jpg", "thumb": "https://tile.loc.gov/storage-services/service/pnp/cph/3g10000/3g13000/3g13800/3g13891_150px.jpg"}, "created": "2016-04-20T00:00:00Z", "modified": "2016-04-20T00:00:00Z", "collection": ["pos", "pp"], "creator": "Petzold, Willy, 1885-1978", "call_number": "POS - Ger .P435, no. 9 (C size) [P&P]", "medium_brief": "1 print (poster) :", "source_modified": "2011-05-27T00:00:00Z", "pk": "2008680362", "created_published_date": "1927.", "subjects": ["Exhibitions--Germany--Dresden--1920-1930.", "Paper industry--Germany--Dresden--1920-1930.", "Advertisements--German--1920-1930.", "Lithographs--German--Color--1920-1930.", "Posters--German--1920-1930."]}, {"source_created": "2005-02-03T00:00:00Z", "index": 8, "medium": "1 print : woodcut, color ; 11.2 x 16 cm.", "reproduction_number": "LC-DIG-jpd-00354 (digital file from original print)", "links": {"item": "https://www.loc.gov/pictures/item/2009615344/", "resource": "https://www.loc.gov/pictures/item/2009615344/resource/"}, "title": "Yoshiwara", "image": {"alt": "digitized item thumbnail", "full": "https://tile.loc.gov/storage-services/service/pnp/jpd/00300/00354r.jpg", "square": "https://tile.loc.gov/storage-services/service/pnp/jpd/00300/00354_75x75px.jpg", "thumb": "https://tile.loc.gov/storage-services/service/pnp/jpd/00300/00354_150px.jpg"}, "created": "2016-04-20T00:00:00Z", "modified": "2016-04-20T00:00:00Z", "collection": ["diof", "jpd", "pp"], "creator": "Katsushika, Hokusai, 1760-1849", "call_number": "FP 2 - JPD, no. 351 (A size) [P&P]", "medium_brief": "1 print :", "source_modified": "2009-06-08T00:00:00Z", "pk": "2009615344", "created_published_date": "1804.", "subjects": ["Men--Employment--Japan--1800-1810.", "Women--Employment--Japan--1800-1810.", "Workshops--Japan--1800-1810.", "Paper industry--Japan--1800-1810.", "T\u014dkaid\u014d (Japan)", "Ukiyo-e--Japanese--1800-1810.", "Woodcuts--Japanese--Color--1800-1810."]}, {"source_created": "2009-03-24T00:00:00Z", "index": 9, "medium": "1 print : lithograph.", "reproduction_number": "LC-USZ62-14511 (b&w film copy neg.)", "links": {"item": "https://www.loc.gov/pictures/item/2009631808/", "resource": "https://www.loc.gov/pictures/item/2009631808/resource/"}, "title": "Papier", "image": {"alt": "digitized item thumbnail", "full": "https://tile.loc.gov/storage-services/service/pnp/cph/3a10000/3a16000/3a16700/3a16775r.jpg", "square": "https://tile.loc.gov/storage-services/service/pnp/cph/3a10000/3a16000/3a16700/3a16775_75x75px.jpg", "thumb": "https://tile.loc.gov/storage-services/service/pnp/cph/3a10000/3a16000/3a16700/3a16775_150px.jpg"}, "created": "2016-04-20T00:00:00Z", "modified": "2016-04-20T00:00:00Z", "collection": ["cph", "diof", "pp"], "creator": null, "call_number": "LOT 4770 [item] [P&P]", "medium_brief": "1 print :", "source_modified": "2009-03-24T00:00:00Z", "pk": "2009631808", "created_published_date": "[between 1840 and 1890]", "subjects": ["Paper industry--Germany--1840-1890.", "Paper--Germany--1840-1890.", "Men--Employment--1840-1890.", "Workshops--Germany--1840-1890.", "Book illustrations--1840-1890.", "Lithographs--1840-1890."]}, {"source_created": "2011-04-26T00:00:00Z", "index": 10, "medium": "1 slide : color ; 35mm.", "reproduction_number": "LC-DIG-ppmsca-30770 (digital file from original)", "links": {"item": "https://www.loc.gov/pictures/item/2011646402/", "resource": "https://www.loc.gov/pictures/item/2011646402/resource/"}, "title": "Paper making", "image": {"alt": "digitized item thumbnail", "full": "https://tile.loc.gov/storage-services/service/pnp/ppmsca/30700/30770r.jpg", "square": "https://tile.loc.gov/storage-services/service/pnp/ppmsca/30700/30770_75x75px.jpg", "thumb": "https://tile.loc.gov/storage-services/service/pnp/ppmsca/30700/30770_150px.jpg"}, "created": "2016-04-20T00:00:00Z", "modified": "2016-04-20T00:00:00Z", "collection": ["diof", "kskm", "pp"], "creator": "Kandell, Alice S.", "call_number": "LC-KAN05- 1373 [item] [P&P]", "medium_brief": "1 slide :", "source_modified": "2011-06-07T00:00:00Z", "pk": "2011646402", "created_published_date": "[between 1965 and 1979]", "subjects": ["Paper industry--India--Sikkim--1960-1980.", "Laborers--India--Sikkim--1960-1980.", "Hats--India--Sikkim--1960-1980.", "Slides--Color--1960-1980."]}, {"source_created": "2013-03-18T00:00:00Z", "index": 11, "medium": "1 photographic print (postcard)", "reproduction_number": "LC-DIG-ds-02716 (digital file from original item)", "links": {"item": "https://www.loc.gov/pictures/item/2013646933/", "resource": "https://www.loc.gov/pictures/item/2013646933/resource/"}, "title": "Paper mill, electric light plant and dam, Beloit, Wis.", "image": {"alt": "digitized item thumbnail", "full": "https://tile.loc.gov/storage-services/service/pnp/ds/02700/02716r.jpg", "square": "https://tile.loc.gov/storage-services/service/pnp/ds/02700/02716_75x75px.jpg", "thumb": "https://tile.loc.gov/storage-services/service/pnp/ds/02700/02716_150px.jpg"}, "created": "2016-04-20T00:00:00Z", "modified": "2016-04-20T00:00:00Z", "collection": ["cph", "diof", "pp"], "creator": null, "call_number": "LOT 14058, no. 443 [P&P]", "medium_brief": "1 photographic print (postcard)", "source_modified": "2013-04-03T00:00:00Z", "pk": "2013646933", "created_published_date": "c1908.", "subjects": ["Dams--Wisconsin--Beloit--1900-1910.", "Factories--Wisconsin--Beloit--1900-1910.", "Paper industry--Wisconsin--Beloit--1900-1910.", "Power plants--Wisconsin--Beloit--1900-1910.", "United States--Wisconsin--Beloit.", "Panoramic postcards--1900-1910.", "Photographic postcards--1900-1910.", "Photographic prints--1900-1910."]}, {"source_created": "1993-08-27T00:00:00Z", "index": 12, "medium": "1 photographic print.", "reproduction_number": "LC-USZ62-108421 (b&w film copy neg.)", "links": {"item": "https://www.loc.gov/pictures/item/93511948/", "resource": "https://www.loc.gov/pictures/item/93511948/resource/"}, "title": "[Paper manufacturing machine of the Pusey & Jones Company, at the Bureau of Standards]", "image": {"alt": "digitized item thumbnail", "full": "https://tile.loc.gov/storage-services/service/pnp/cph/3c00000/3c08000/3c08400/3c08421r.jpg", "square": "https://tile.loc.gov/storage-services/service/pnp/cph/3c00000/3c08000/3c08400/3c08421_75x75px.jpg", "thumb": "https://tile.loc.gov/storage-services/service/pnp/cph/3c00000/3c08000/3c08400/3c08421_150px.jpg"}, "created": "2016-04-20T00:00:00Z", "modified": "2016-04-20T00:00:00Z", "collection": ["diof", "npco", "pp"], "creator": null, "call_number": "LOT 12356-3 <item> [P&P]", "medium_brief": "1 photographic print.", "source_modified": "2009-11-02T00:00:00Z", "pk": "93511948", "created_published_date": "[between 1909 and 1932]", "subjects": ["United States.--National Bureau of Standards--Facilities--1900-1940.", "United States.--National Bureau of Standards--Equipment & supplies--1900-1940.", "Paper industry--United States--1900-1940.", "Machinery--1900-1940.", "Photographic prints--1900-1940."]}, {"source_created": "1996-04-08T00:00:00Z", "index": 13, "medium": "1 photographic print.", "reproduction_number": "LC-USZ62-116202 (b&w film copy neg.)", "links": {"item": "https://www.loc.gov/pictures/item/96506846/", "resource": "https://www.loc.gov/pictures/item/96506846/resource/"}, "title": "#7 paper machines at Fort Frances", "image": {"alt": "digitized item thumbnail", "full": "https://tile.loc.gov/storage-services/service/pnp/cph/3c10000/3c16000/3c16200/3c16202_150px.jpg", "square": "https://tile.loc.gov/storage-services/service/pnp/cph/3c10000/3c16000/3c16200/3c16202_75x75px.jpg", "thumb": "https://tile.loc.gov/storage-services/service/pnp/cph/3c10000/3c16000/3c16200/3c16202_150px.jpg"}, "created": "2016-04-20T00:00:00Z", "modified": "2016-04-20T00:00:00Z", "collection": ["cph", "pp"], "creator": null, "call_number": "SSF - Industry--Paper <item> [P&P]", "medium_brief": "1 photographic print.", "source_modified": "2005-03-30T00:00:00Z", "pk": "96506846", "created_published_date": "[between 1910 and 1950]", "subjects": ["Paper industry--Ontario--Fort Frances--1910-1950.", "Factories--Ontario--Fort Frances--1910-1950.", "Photographic prints--1910-1950."]}, {"source_created": "1996-08-06T00:00:00Z", "index": 14, "medium": "1 photographic print.", "reproduction_number": "LC-USZ62-116796 (b&w film copy neg.)", "links": {"item": "https://www.loc.gov/pictures/item/96515359/", "resource": "https://www.loc.gov/pictures/item/96515359/resource/"}, "title": "Dells Paper and Pulp Co., Eau Claire, Wis.", "image": {"alt": "digitized item thumbnail", "full": "https://tile.loc.gov/storage-services/service/pnp/cph/3c10000/3c16000/3c16700/3c16796r.jpg", "square": "https://tile.loc.gov/storage-services/service/pnp/cph/3c10000/3c16000/3c16700/3c16796_75x75px.jpg", "thumb": "https://tile.loc.gov/storage-services/service/pnp/cph/3c10000/3c16000/3c16700/3c16796_150px.jpg"}, "created": "2016-04-20T00:00:00Z", "modified": "2016-04-20T00:00:00Z", "collection": ["cph", "diof", "pp"], "creator": null, "call_number": "SSF - Industry--Paper <item> [P&P]", "medium_brief": "1 photographic print.", "source_modified": "2004-08-18T00:00:00Z", "pk": "96515359", "created_published_date": "[between 1890 and 1940]", "subjects": ["Paper industry--Wisconsin--Eau Claire--1890-1940.", "Rivers--Wisconsin--Eau Claire--1890-1940.", "Factories--Wisconsin--Eau Claire--1890-1940.", "Photographic prints--1890-1940."]}, {"source_created": "1996-12-06T00:00:00Z", "index": 15, "medium": "1 print (poster) : silkscreen, color.", "reproduction_number": "LC-USZC4-5046 (color film copy transparency)\nLC-USZ62-117507 (b&w film copy neg.)", "links": {"item": "https://www.loc.gov/pictures/item/96524723/", "resource": "https://www.loc.gov/pictures/item/96524723/resource/"}, "title": "The paper mill, Los Angeles", "image": {"alt": "digitized item thumbnail", "full": "https://tile.loc.gov/storage-services/service/pnp/cph/3g00000/3g05000/3g05000/3g05046_150px.jpg", "square": "https://tile.loc.gov/storage-services/service/pnp/cph/3g00000/3g05000/3g05000/3g05046_75x75px.jpg", "thumb": "https://tile.loc.gov/storage-services/service/pnp/cph/3g00000/3g05000/3g05000/3g05046_150px.jpg"}, "created": "2016-04-20T00:00:00Z", "modified": "2016-04-20T00:00:00Z", "collection": ["exh", "l4098", "pos", "pp"], "creator": "Nagel, Patrick, 1945-", "call_number": "POS - US .N334, no. 10 (C size) [P&P]", "medium_brief": "1 print (poster) :", "source_modified": "2014-12-10T00:00:00Z", "pk": "96524723", "created_published_date": "c1980.", "subjects": ["Paper industry--1980.", "Advertisements--1980.", "Posters--American--1980.", "Screen prints--Color--1980."]}, {"source_created": "1990-12-26T00:00:00Z", "index": 16, "medium": "1 photographic print : gelatin silver ; 6 x 34 in.", "reproduction_number": "", "links": {"item": "https://www.loc.gov/pictures/item/2007661023/", "resource": "https://www.loc.gov/pictures/item/2007661023/resource/"}, "title": "Strathmore Paper Mill, Woronoco, Mass.", "image": {"alt": "digitized item thumbnail", "full": "https://tile.loc.gov/storage-services/service/pnp/pan/6a06000/6a06000/6a06083r.jpg", "square": "https://tile.loc.gov/storage-services/service/pnp/pan/6a06000/6a06000/6a06083_75x75px.jpg", "thumb": "https://tile.loc.gov/storage-services/service/pnp/pan/6a06000/6a06000/6a06083_150px.jpg"}, "created": "2016-04-21T00:00:00Z", "modified": "2016-04-21T00:00:00Z", "collection": ["ammem", "diof", "minload", "pan", "pp"], "creator": "Roxbury Photo Co.", "call_number": "PAN US GEOG - Massachusetts no. 32 (E size) [P&P]", "medium_brief": "1 photographic print :", "source_modified": "2012-12-20T00:00:00Z", "pk": "2007661023", "created_published_date": "c1912.", "subjects": ["Bridges.", "Paper industry.", "Industrial facilities.", "United States--Massachusetts--Russell.", "Gelatin silver prints.", "Panoramic photographs."]}, {"source_created": "1991-07-22T00:00:00Z", "index": 17, "medium": "1 photographic print : gelatin silver ; 6.5 x 33.5 in.", "reproduction_number": "LC-USZ62-122836 (b&w film copy neg.)", "links": {"item": "https://www.loc.gov/pictures/item/2007662504/", "resource": "https://www.loc.gov/pictures/item/2007662504/resource/"}, "title": "Overlooking plant of Champion Fibre Company, Canton, N.C. (from south side)", "image": {"alt": "digitized item thumbnail", "full": "https://tile.loc.gov/storage-services/service/pnp/pan/6a08000/6a08100/6a08102r.jpg", "square": "https://tile.loc.gov/storage-services/service/pnp/pan/6a08000/6a08100/6a08102_75x75px.jpg", "thumb": "https://tile.loc.gov/storage-services/service/pnp/pan/6a08000/6a08100/6a08102_150px.jpg"}, "created": "2016-04-21T00:00:00Z", "modified": "2016-04-21T00:00:00Z", "collection": ["ammem", "diof", "minload", "pan", "pp"], "creator": "Pelton, Herbert W.", "call_number": "PAN US GEOG - North Carolina no. 18 (E size) [P&P]", "medium_brief": "1 photographic print :", "source_modified": "2012-12-19T00:00:00Z", "pk": "2007662504", "created_published_date": "c1911.", "subjects": ["Industrial facilities.", "Paper industry.", "United States--North Carolina--Canton.", "Cityscape photographs.", "Gelatin silver prints.", "Panoramic photographs."]}, {"source_created": "1983-03-15T00:00:00Z", "index": 18, "medium": "108 p. : ill. ; 27 cm.", "reproduction_number": "", "links": {"item": "https://www.loc.gov/pictures/item/2012646896/", "resource": null}, "title": "Holmens bruks och fabriks aktiebolag : paper mills and cotton manufacturing, Norrk\u00f6ping, Sweden.", "image": {"alt": "item not digitized thumbnail", "full": "https://www.loc.gov/pictures/static/images/item/500x500_notdigitized.png", "square": "https://www.loc.gov/pictures/static/images/item/not_digitized_buttons75X75.png", "thumb": "https://www.loc.gov/pictures/static/images/item/notdigitized_buttons140X120.png"}, "created": "2016-04-21T00:00:00Z", "modified": "2016-04-21T00:00:00Z", "collection": ["eslbk", "pp"], "creator": "Holmens Bruks och Fabriks Aktiebolag.", "call_number": "ESL 562 TS1174.S8 [P&P]", "medium_brief": "108 p. :", "source_modified": "2014-07-11T00:00:00Z", "pk": "2012646896", "created_published_date": "1921.", "subjects": ["Holmens Bruks och Fabriks Aktiebolag--History--Pictorial works.", "Paper industry--Sweden--Pictorial works.", "Cotton manufacture--Sweden--Pictorial works."]}, {"source_created": "2012-06-28T00:00:00Z", "index": 19, "medium": "1 photographic print.", "reproduction_number": "LC-USZ62-41016 (b&w film copy neg.)", "links": {"item": "https://www.loc.gov/pictures/item/2012647893/", "resource": "https://www.loc.gov/pictures/item/2012647893/resource/"}, "title": "The Malone Paper Co. mill at Malone, N.Y.", "image": {"alt": "digitized item thumbnail", "full": "https://tile.loc.gov/storage-services/service/pnp/cph/3a40000/3a41000/3a41300/3a41345r.jpg", "square": "https://tile.loc.gov/storage-services/service/pnp/cph/3a40000/3a41000/3a41300/3a41345_75x75px.jpg", "thumb": "https://tile.loc.gov/storage-services/service/pnp/cph/3a40000/3a41000/3a41300/3a41345_150px.jpg"}, "created": "2016-04-21T00:00:00Z", "modified": "2016-04-21T00:00:00Z", "collection": ["cph", "diof", "pp"], "creator": null, "call_number": "SSF - Industry -- Paper [item] [P&P]", "medium_brief": "1 photographic print.", "source_modified": "2012-07-10T00:00:00Z", "pk": "2012647893", "created_published_date": "[between ca. 1920 and ca. 1930]", "subjects": ["Paper industry--New York (State)--Malone--1920-1930.", "Mills--New York (State)--Malone--1920-1930.", "Aerial views--1920-1930.", "Photographic prints--1920-1930."]}, {"source_created": "2014-04-25T00:00:00Z", "index": 20, "medium": "1 photographic print on stereo card : stereograph.", "reproduction_number": "LC-USZ62-16107 (b&w film copy neg. of half stereo)", "links": {"item": "https://www.loc.gov/pictures/item/2014645121/", "resource": "https://www.loc.gov/pictures/item/2014645121/resource/"}, "title": "Grinding pulp in an immense paper mill", "image": {"alt": "digitized item thumbnail", "full": "https://tile.loc.gov/storage-services/service/pnp/cph/3a10000/3a18000/3a18300/3a18337r.jpg", "square": "https://tile.loc.gov/storage-services/service/pnp/cph/3a10000/3a18000/3a18300/3a18337_75x75px.jpg", "thumb": "https://tile.loc.gov/storage-services/service/pnp/cph/3a10000/3a18000/3a18300/3a18337_150px.jpg"}, "created": "2016-04-21T00:00:00Z", "modified": "2016-04-21T00:00:00Z", "collection": ["diof", "pp", "stereo"], "creator": "H.C. White Co.", "call_number": "LOT 11991 [item] [P&P]", "medium_brief": "1 photographic print on stereo card :", "source_modified": "2015-06-10T00:00:00Z", "pk": "2014645121", "created_published_date": "c1909.", "subjects": ["Paper industry--New England--1900-1910.", "Photographic prints--1900-1910.", "Stereographs--1900-1910."]}]}