{"search": {"field": "subject", "hits": 87, "sort_order": null, "do_facets": true, "focus_item": null, "query": "Chasing", "type": "search", "sort_by": null}, "focus": null, "views": {"current": "list", "grid": "https://www.loc.gov/pictures/search/?q=Chasing&fi=subject&va=exact&st=grid&op=PHRASE", "list": "https://www.loc.gov/pictures/search/?q=Chasing&fi=subject&op=PHRASE&va=exact", "gallery": "https://www.loc.gov/pictures/search/?q=Chasing&fi=subject&va=exact&st=gallery&op=PHRASE", "slideshow": "https://www.loc.gov/pictures/search/?q=Chasing&fi=subject&va=exact&st=slideshow&op=PHRASE"}, "facets": [{"type": "displayed", "filters": [{"count": 35, "on": "https://www.loc.gov/pictures/search/?va=exact&sp=1&q=Chasing&fa=displayed%3Aanywhere&fi=subject&op=PHRASE&fo=json", "selected": false, "off": "https://www.loc.gov/pictures/search/?va=exact&sp=1&q=Chasing&fi=subject&fo=json&op=PHRASE", "title": "Larger image available anywhere"}, {"count": 28, "on": "https://www.loc.gov/pictures/search/?va=exact&sp=1&q=Chasing&fa=displayed%3Alc_only&fi=subject&op=PHRASE&fo=json", "selected": false, "off": "https://www.loc.gov/pictures/search/?va=exact&sp=1&q=Chasing&fi=subject&fo=json&op=PHRASE", "title": "Larger image available only at the Library of Congress"}, {"count": 24, "on": "https://www.loc.gov/pictures/search/?va=exact&sp=1&q=Chasing&fa=displayed%3Anot_digitized&fi=subject&op=PHRASE&fo=json", "selected": false, "off": "https://www.loc.gov/pictures/search/?va=exact&sp=1&q=Chasing&fi=subject&fo=json&op=PHRASE", "title": "Not Digitized"}, {"count": 0, "on": "https://www.loc.gov/pictures/search/?va=exact&sp=1&q=Chasing&fa=displayed%3Asurveys_only&fi=subject&op=PHRASE&fo=json", "selected": false, "off": "https://www.loc.gov/pictures/search/?va=exact&sp=1&q=Chasing&fi=subject&fo=json&op=PHRASE", "title": "Surveys only"}], "title": "displayed"}], "links": {"json": "//www.loc.gov/pictures/search/?fi=subject&q=Chasing&op=PHRASE&va=exact&fo=json", "html": "//www.loc.gov/pictures/search/?fi=subject&q=Chasing&op=PHRASE&va=exact", "rss": "//www.loc.gov/pictures/search/?fi=subject&q=Chasing&op=PHRASE&va=exact&fo=rss"}, "suggestions": {"possible": []}, "pages": {"current": 1, "next": "https://www.loc.gov/pictures/search/?q=Chasing&fi=subject&sp=2&op=PHRASE&va=exact", "perpage": 20, "last": "https://www.loc.gov/pictures/search/?q=Chasing&fi=subject&sp=5&op=PHRASE&va=exact", "page_list": [{"url": null, "number": 1}, {"url": "https://www.loc.gov/pictures/search/?q=Chasing&fi=subject&sp=2&op=PHRASE&va=exact", "number": 2}, {"url": "https://www.loc.gov/pictures/search/?q=Chasing&fi=subject&sp=3&op=PHRASE&va=exact", "number": 3}, {"url": "https://www.loc.gov/pictures/search/?q=Chasing&fi=subject&sp=4&op=PHRASE&va=exact", "number": 4}, {"url": "https://www.loc.gov/pictures/search/?q=Chasing&fi=subject&sp=5&op=PHRASE&va=exact", "number": 5}], "previous": null, "total": 5, "results": "1 - 20", "first": null}, "collection": null, "results": [{"source_created": "2002-07-02T00:00:00Z", "index": 1, "medium": "1 print (poster) : lithograph, color ; 71 x 48 cm.", "reproduction_number": "LC-USZC4-10224 (color film copy transparency)\nLC-USZ62-19924 (b&w film copy neg.)", "links": {"item": "https://www.loc.gov/pictures/item/2002712326/", "resource": "https://www.loc.gov/pictures/item/2002712326/resource/"}, "title": "Teufel hunden, German nickname for U.S. Marines Devil dog recruiting station, 506 Fifth Street /", "image": {"alt": "digitized item thumbnail", "full": "https://tile.loc.gov/storage-services/service/pnp/cph/3g10000/3g10000/3g10200/3g10224r.jpg", "square": "https://tile.loc.gov/storage-services/service/pnp/cph/3g10000/3g10000/3g10200/3g10224_75x75px.jpg", "thumb": "https://tile.loc.gov/storage-services/service/pnp/cph/3g10000/3g10000/3g10200/3g10224_150px.jpg"}, "created": "2016-04-20T00:00:00Z", "modified": "2016-04-20T00:00:00Z", "collection": ["diof", "pos", "pp", "wwipos"], "creator": null, "call_number": "POS - US .H02, no. 1 (C size) [P&P]", "medium_brief": "1 print (poster) :", "source_modified": "2009-10-26T00:00:00Z", "pk": "2002712326", "created_published_date": "[1917]", "subjects": ["United States.--Marine Corps--Recruiting & enlistment--1910-1920.", "World War, 1914-1918--Recruiting & enlistment--United States.", "Bulldogs--1910-1920.", "Dachshunds--1910-1920.", "Chasing--1910-1920.", "Lithographs--Color--1910-1920.", "War posters--American--1910-1920."]}, {"source_created": "2003-01-08T00:00:00Z", "index": 2, "medium": "1 print (2 pages): wood engraving.", "reproduction_number": "LC-USZ62-132574 (b&w film copy neg.)", "links": {"item": "https://www.loc.gov/pictures/item/2003652579/", "resource": "https://www.loc.gov/pictures/item/2003652579/resource/"}, "title": "A strange adventure of farmer Toggle and his goat", "image": {"alt": "digitized item thumbnail", "full": "https://tile.loc.gov/storage-services/service/pnp/cph/3c30000/3c32000/3c32500/3c32574r.jpg", "square": "https://tile.loc.gov/storage-services/service/pnp/cph/3c30000/3c32000/3c32500/3c32574_75x75px.jpg", "thumb": "https://tile.loc.gov/storage-services/service/pnp/cph/3c30000/3c32000/3c32500/3c32574_150px.jpg"}, "created": "2016-04-20T00:00:00Z", "modified": "2016-04-20T00:00:00Z", "collection": ["cph", "diof", "pp"], "creator": "Cox, Palmer, 1840-1924", "call_number": "Illus. in AP101.W6 [Rare Book RR]", "medium_brief": "1 print (2 pages):", "source_modified": "2013-07-03T00:00:00Z", "pk": "2003652579", "created_published_date": "1876.", "subjects": ["Escapes--1870-1880.", "Goats--1870-1880.", "Chasing--1870-1880.", "Comics--1870-1880.", "Periodical illustrations--1870-1880.", "Wood engravings--1870-1880."]}, {"source_created": "2005-02-03T00:00:00Z", "index": 3, "medium": "1 drawing : color.", "reproduction_number": "LC-DIG-jpd-00303 (digital file from original drawing)", "links": {"item": "https://www.loc.gov/pictures/item/2009615293/", "resource": "https://www.loc.gov/pictures/item/2009615293/resource/"}, "title": "[J\u016bichidanme - act eleven of the Ch\u016bshingura - assault on Kira Yoshinaka's home - pursuing the guards]", "image": {"alt": "digitized item thumbnail", "full": "https://tile.loc.gov/storage-services/service/pnp/jpd/00300/00303r.jpg", "square": "https://tile.loc.gov/storage-services/service/pnp/jpd/00300/00303_75x75px.jpg", "thumb": "https://tile.loc.gov/storage-services/service/pnp/jpd/00300/00303_150px.jpg"}, "created": "2016-04-20T00:00:00Z", "modified": "2016-04-20T00:00:00Z", "collection": ["diof", "jpd", "pp"], "creator": null, "call_number": "FP 2 - JPD, no. 300 (A size) [P&P]", "medium_brief": "1 drawing :", "source_modified": "2016-02-10T00:00:00Z", "pk": "2009615293", "created_published_date": "[between 1800 and 1850]", "subjects": ["Kira, Yoshinaka,--1641-1703--Homes & haunts.", "Forty-seven R\u014dnin.", "Samurai--Japan--1700-1710.", "Chasing--1700-1710.", "Fighting--Japan--1700-1710.", "Winter--Japan--1700-1710.", "Drawings--Japanese--Color--1800-1850.", "Ukiyo-e--Japanese--1800-1850."]}, {"source_created": "2005-02-03T00:00:00Z", "index": 4, "medium": "1 drawing : color.", "reproduction_number": "LC-DIG-jpd-00304 (digital file from original drawing)", "links": {"item": "https://www.loc.gov/pictures/item/2009615294/", "resource": "https://www.loc.gov/pictures/item/2009615294/resource/"}, "title": "[J\u016bichidanme - act eleven of the Ch\u016bshingura - assault on Kira Yoshinaka's home - pursuing the guards and searching for Kira]", "image": {"alt": "digitized item thumbnail", "full": "https://tile.loc.gov/storage-services/service/pnp/jpd/00300/00304r.jpg", "square": "https://tile.loc.gov/storage-services/service/pnp/jpd/00300/00304_75x75px.jpg", "thumb": "https://tile.loc.gov/storage-services/service/pnp/jpd/00300/00304_150px.jpg"}, "created": "2016-04-20T00:00:00Z", "modified": "2016-04-20T00:00:00Z", "collection": ["diof", "jpd", "pp"], "creator": null, "call_number": "FP 2 - JPD, no. 301 (A size) [P&P]", "medium_brief": "1 drawing :", "source_modified": "2016-02-10T00:00:00Z", "pk": "2009615294", "created_published_date": "[between 1800 and 1850]", "subjects": ["Kira, Yoshinaka,--1641-1703--Homes & haunts.", "Forty-seven R\u014dnin.", "Samurai--Japan--1700-1710.", "Chasing--1700-1710.", "Fighting--Japan--1700-1710.", "Winter--Japan--1700-1710.", "Drawings--Japanese--Color--1800-1850.", "Ukiyo-e--Japanese--1800-1850."]}, {"source_created": "1993-01-01T00:00:00Z", "index": 5, "medium": "1 drawing : India ink over pencil on bristol board ; 15.5 x 64.1 cm. (sheet)", "reproduction_number": "LC-USZ62-98610 (b&w film copy neg.)", "links": {"item": "https://www.loc.gov/pictures/item/2009615717/", "resource": "https://www.loc.gov/pictures/item/2009615717/resource/"}, "title": "Dickie Dare. \"The sheriff's men will be at our heels, Dickie, we must make for the forest to outwit the", "image": {"alt": "digitized item thumbnail", "full": "https://tile.loc.gov/storage-services/service/pnp/cph/3b40000/3b44000/3b44600/3b44688_150px.jpg", "square": "https://tile.loc.gov/storage-services/service/pnp/cph/3b40000/3b44000/3b44600/3b44688_75x75px.jpg", "thumb": "https://tile.loc.gov/storage-services/service/pnp/cph/3b40000/3b44000/3b44600/3b44688_150px.jpg"}, "created": "2016-04-20T00:00:00Z", "modified": "2016-04-20T00:00:00Z", "collection": ["minload", "pp", "swa"], "creator": "Caniff, Milton Arthur, 1907-1988", "call_number": "SWANN - no. 1470 (C size) [P&P]", "medium_brief": "1 drawing :", "source_modified": "2009-08-05T00:00:00Z", "pk": "2009615717", "created_published_date": "1933 Aug. 19 [publication date]", "subjects": ["Robin Hood (Legendary character)--1930-1940.", "Chasing--1930-1940.", "Legends--1930-1940.", "Adventure comics--American--1930-1940.", "Drawings--American--1930-1940.", "Periodical illustrations--American--1930-1940."]}, {"source_created": "1993-01-01T00:00:00Z", "index": 6, "medium": "1 drawing : India ink, with pencil, printed overlays, and scraping out on bristol board ; 36.3 x 73.1 cm. (sheet)", "reproduction_number": "", "links": {"item": "https://www.loc.gov/pictures/item/2009615793/", "resource": null}, "title": "Cicero's cat. \"Arf!\"", "image": {"alt": "item not digitized thumbnail", "full": "https://www.loc.gov/pictures/static/images/item/500x500_notdigitized.png", "square": "https://www.loc.gov/pictures/static/images/item/not_digitized_buttons75X75.png", "thumb": "https://www.loc.gov/pictures/static/images/item/notdigitized_buttons140X120.png"}, "created": "2016-04-20T00:00:00Z", "modified": "2016-04-20T00:00:00Z", "collection": ["minload", "pp", "swa"], "creator": "Fisher, Bud, 1885-1954", "call_number": "SWANN - no. 1748 (D size) [P&P]", "medium_brief": "1 drawing :", "source_modified": "2009-08-05T00:00:00Z", "pk": "2009615793", "created_published_date": "1939 Mar. 12 [publication date]", "subjects": ["Cats--1930-1940.", "Chasing--1930-1940.", "Dogs--1930-1940.", "Comics--American--1930-1940.", "Drawings--American--1930-1940.", "Periodical illustrations--American--1930-1940."]}, {"source_created": "1993-01-01T00:00:00Z", "index": 7, "medium": "1 drawing : India ink over pencil, with black crayon on bristol board ; 45.1 x 34.5 cm. (sheet)", "reproduction_number": "", "links": {"item": "https://www.loc.gov/pictures/item/2009616141/", "resource": null}, "title": "[Policeman chasing criminal]", "image": {"alt": "item not digitized thumbnail", "full": "https://www.loc.gov/pictures/static/images/item/500x500_notdigitized.png", "square": "https://www.loc.gov/pictures/static/images/item/not_digitized_buttons75X75.png", "thumb": "https://www.loc.gov/pictures/static/images/item/notdigitized_buttons140X120.png"}, "created": "2016-04-20T00:00:00Z", "modified": "2016-04-20T00:00:00Z", "collection": ["minload", "pp", "swa"], "creator": "Soglow, Otto, 1900-1975", "call_number": "SWANN - no. 1354 (B size) [P&P]", "medium_brief": "1 drawing :", "source_modified": "2009-08-05T00:00:00Z", "pk": "2009616141", "created_published_date": "1929 July 13 [publication date]", "subjects": ["Chasing--1920-1930.", "Criminals--1920-1930.", "Police--1920-1930.", "Cartoons (Commentary)--American--1920-1930.", "Drawings--American--1920-1930.", "Periodical illustrations--American--1920-1930."]}, {"source_created": "1993-01-01T00:00:00Z", "index": 8, "medium": "1 drawing : India ink over pencil, with blue pencil on bristol board ; 14.6 x 43.0 cm. (sheet)", "reproduction_number": "", "links": {"item": "https://www.loc.gov/pictures/item/2009616780/", "resource": null}, "title": "[Who says that the police ... ]", "image": {"alt": "item not digitized thumbnail", "full": "https://www.loc.gov/pictures/static/images/item/500x500_notdigitized.png", "square": "https://www.loc.gov/pictures/static/images/item/not_digitized_buttons75X75.png", "thumb": "https://www.loc.gov/pictures/static/images/item/notdigitized_buttons140X120.png"}, "created": "2016-04-20T00:00:00Z", "modified": "2016-04-20T00:00:00Z", "collection": ["diof", "minload", "pp", "swa"], "creator": "Glackens, L. M. (Louis M.), 1866-1933", "call_number": "SWANN - no. 1020 (B size) [P&P]", "medium_brief": "1 drawing :", "source_modified": "2009-08-18T00:00:00Z", "pk": "2009616780", "created_published_date": "1912 Aug. 14 [publication date]", "subjects": ["Chasing--1910-1920.", "Police--1910-1920.", "Cartoons (Commentary)--American--1910-1920.", "Drawings--American--1910-1920.", "Periodical illustrations--American--1910-1920."]}, {"source_created": "1993-01-01T00:00:00Z", "index": 9, "medium": "1 drawing : India ink on illustration board ; 38.3 x 50.7 cm. (sheet)", "reproduction_number": "", "links": {"item": "https://www.loc.gov/pictures/item/2009616888/", "resource": null}, "title": "\"I'm gonna beat it! I know when I'm licked!\"", "image": {"alt": "item not digitized thumbnail", "full": "https://www.loc.gov/pictures/static/images/item/500x500_notdigitized.png", "square": "https://www.loc.gov/pictures/static/images/item/not_digitized_buttons75X75.png", "thumb": "https://www.loc.gov/pictures/static/images/item/notdigitized_buttons140X120.png"}, "created": "2016-04-20T00:00:00Z", "modified": "2016-04-20T00:00:00Z", "collection": ["minload", "pp", "swa"], "creator": "Inwood, G. B. (G. Burr)", "call_number": "SWANN - no. 1113 (B size) [P&P]", "medium_brief": "1 drawing :", "source_modified": "2009-08-05T00:00:00Z", "pk": "2009616888", "created_published_date": "1930 July 19 [publication date]", "subjects": ["Chasing--1930.", "Fighting--1930.", "Piers & wharves--1930.", "Cartoons (Commentary)--American--1930.", "Drawings--American--1930.", "Periodical illustrations--American--1930."]}, {"source_created": "1993-01-01T00:00:00Z", "index": 10, "medium": "1 drawing : India ink over pencil on bristol board ; 25.3 x 19.1 cm. (sheet)", "reproduction_number": "", "links": {"item": "https://www.loc.gov/pictures/item/2009617289/", "resource": null}, "title": "The irate father", "image": {"alt": "item not digitized thumbnail", "full": "https://www.loc.gov/pictures/static/images/item/500x500_notdigitized.png", "square": "https://www.loc.gov/pictures/static/images/item/not_digitized_buttons75X75.png", "thumb": "https://www.loc.gov/pictures/static/images/item/notdigitized_buttons140X120.png"}, "created": "2016-04-20T00:00:00Z", "modified": "2016-04-20T00:00:00Z", "collection": ["diof", "minload", "pp", "swa"], "creator": "Herford, Oliver, 1863-1935", "call_number": "SWANN - no. 111 (AA size) [P&P]", "medium_brief": "1 drawing :", "source_modified": "2009-08-18T00:00:00Z", "pk": "2009617289", "created_published_date": "1897 Oct. [publication date]", "subjects": ["Carriages & coaches--1890-1900.", "Chasing--1890-1900.", "Horseback riding--1890-1900.", "Cartoons (Commentary)--American--1890-1900.", "Drawings--American--1890-1900.", "Periodical illustrations--American--1890-1900."]}, {"source_created": "1993-01-01T00:00:00Z", "index": 11, "medium": "1 drawing : India ink over pencil on bristol board ; 25.4 x 38.2 cm. (sheet)", "reproduction_number": "", "links": {"item": "https://www.loc.gov/pictures/item/2009617313/", "resource": null}, "title": "The romantic life of the plains", "image": {"alt": "item not digitized thumbnail", "full": "https://www.loc.gov/pictures/static/images/item/500x500_notdigitized.png", "square": "https://www.loc.gov/pictures/static/images/item/not_digitized_buttons75X75.png", "thumb": "https://www.loc.gov/pictures/static/images/item/notdigitized_buttons140X120.png"}, "created": "2016-04-20T00:00:00Z", "modified": "2016-04-20T00:00:00Z", "collection": ["diof", "minload", "pp", "swa"], "creator": "Herford, Oliver, 1863-1935", "call_number": "SWANN - no. 483 (A size) [P&P]", "medium_brief": "1 drawing :", "source_modified": "2009-08-05T00:00:00Z", "pk": "2009617313", "created_published_date": "[between ca. 1890 and ca. 1900]", "subjects": ["Indians of North America--1880-1910.", "Chasing--1880-1910.", "Cowboys--1880-1910.", "Horseback riding--1880-1910.", "Cartoons (Commentary)--American--1880-1910.", "Drawings--American--1880-1910.", "Periodical illustrations--American--1880-1910."]}, {"source_created": "2010-01-07T00:00:00Z", "index": 12, "medium": "1 photographic print ; 11.8 x 16.5 cm, on mount 35.6 x 28 cm.", "reproduction_number": "LC-USZ62-39413 (b&w film copy neg.)", "links": {"item": "https://www.loc.gov/pictures/item/2010646031/", "resource": "https://www.loc.gov/pictures/item/2010646031/resource/"}, "title": "German troops pursuing Russians", "image": {"alt": "digitized item thumbnail", "full": "https://tile.loc.gov/storage-services/service/pnp/cph/3a30000/3a39000/3a39700/3a39758r.jpg", "square": "https://tile.loc.gov/storage-services/service/pnp/cph/3a30000/3a39000/3a39700/3a39758_75x75px.jpg", "thumb": "https://tile.loc.gov/storage-services/service/pnp/cph/3a30000/3a39000/3a39700/3a39758_150px.jpg"}, "created": "2016-04-20T00:00:00Z", "modified": "2016-04-20T00:00:00Z", "collection": ["cph", "diof", "pp"], "creator": null, "call_number": "LOT 8880 [item] [P&P]", "medium_brief": "1 photographic print ;", "source_modified": "2010-01-07T00:00:00Z", "pk": "2010646031", "created_published_date": "[1915?], c1915 Jul. 29.", "subjects": ["World War, 1914-1918--Campaigns & battles.", "Soldiers--1910-1920.", "Chasing--1910-1920.", "Photographic prints--1910-1920."]}, {"source_created": "2006-01-23T00:00:00Z", "index": 13, "medium": "1 drawing : pen and ink.", "reproduction_number": "", "links": {"item": "https://www.loc.gov/pictures/item/2010717432/", "resource": "https://www.loc.gov/pictures/item/2010717432/resource/"}, "title": "And then they went on in full cry", "image": {"alt": "digitized item thumbnail", "full": "https://tile.loc.gov/storage-services/service/pnp/cai/2a14000/2a14100/2a14169r.jpg", "square": "https://tile.loc.gov/storage-services/service/pnp/cai/2a14000/2a14100/2a14169_75x75px.jpg", "thumb": "https://tile.loc.gov/storage-services/service/pnp/cai/2a14000/2a14100/2a14169_150px.jpg"}, "created": "2016-04-20T00:00:00Z", "modified": "2016-04-20T00:00:00Z", "collection": ["cai", "diof", "minload", "pp"], "creator": "Post, Charles Johnson, 1873-1956", "call_number": "CAI - Post, no. 5 (A size) [P&P]", "medium_brief": "1 drawing :", "source_modified": "2010-12-03T00:00:00Z", "pk": "2010717432", "created_published_date": "[1911?]", "subjects": ["African Americans--Women.", "Chasing.", "Chickens.", "Drawings.", "Periodical illustrations."]}, {"source_created": "2012-06-21T00:00:00Z", "index": 14, "medium": "1 drawing.", "reproduction_number": "LC-DIG-hlb-04419 (digital file from original drawing)", "links": {"item": "https://www.loc.gov/pictures/item/2012633719/", "resource": "https://www.loc.gov/pictures/item/2012633719/resource/"}, "title": "\"Now how do I keep the goose that lays the golden eggs from killing me?\"", "image": {"alt": "digitized item thumbnail", "full": "https://tile.loc.gov/storage-services/service/pnp/hlb/04400/04419_150px.jpg", "square": "https://tile.loc.gov/storage-services/service/pnp/hlb/04400/04419_75x75px.jpg", "thumb": "https://tile.loc.gov/storage-services/service/pnp/hlb/04400/04419_150px.jpg"}, "created": "2016-04-20T00:00:00Z", "modified": "2016-04-20T00:00:00Z", "collection": ["hlb", "minload", "pp"], "creator": "Block, Herbert, 1909-2001", "call_number": "BLOCK, no. 4419 (BB size) [P&P]", "medium_brief": "1 drawing.", "source_modified": "2013-03-19T00:00:00Z", "pk": "2012633719", "created_published_date": "7-17-[19]57.", "subjects": ["Competitive system", "Big business", "Geese", "Chasing", "Drawings--American.", "Editorial cartoons--American."]}, {"source_created": "2012-06-21T00:00:00Z", "index": 15, "medium": "1 drawing.", "reproduction_number": "LC-DIG-hlb-04465 (digital file from original drawing)", "links": {"item": "https://www.loc.gov/pictures/item/2012633769/", "resource": "https://www.loc.gov/pictures/item/2012633769/resource/"}, "title": "\"I'm trying not to\"", "image": {"alt": "digitized item thumbnail", "full": "https://tile.loc.gov/storage-services/service/pnp/hlb/04400/04465_150px.jpg", "square": "https://tile.loc.gov/storage-services/service/pnp/hlb/04400/04465_75x75px.jpg", "thumb": "https://tile.loc.gov/storage-services/service/pnp/hlb/04400/04465_150px.jpg"}, "created": "2016-04-20T00:00:00Z", "modified": "2016-04-20T00:00:00Z", "collection": ["hlb", "minload", "pp"], "creator": "Block, Herbert, 1909-2001", "call_number": "BLOCK, no. 4465 (BB size) [P&P]", "medium_brief": "1 drawing.", "source_modified": "2013-03-18T00:00:00Z", "pk": "2012633769", "created_published_date": "9-8-[19]57.", "subjects": ["Eisenhower, Dwight D.--(Dwight David),--1890-1969.", "Inflation", "Prices", "Chasing", "Bears", "Drawings--American.", "Editorial cartoons--American."]}, {"source_created": "2012-06-21T00:00:00Z", "index": 16, "medium": "1 drawing.", "reproduction_number": "LC-DIG-hlb-01662 (digital file from original drawing)", "links": {"item": "https://www.loc.gov/pictures/item/2012634141/", "resource": "https://www.loc.gov/pictures/item/2012634141/resource/"}, "title": "The wayward bus", "image": {"alt": "digitized item thumbnail", "full": "https://tile.loc.gov/storage-services/service/pnp/hlb/01600/01662_150px.jpg", "square": "https://tile.loc.gov/storage-services/service/pnp/hlb/01600/01662_75x75px.jpg", "thumb": "https://tile.loc.gov/storage-services/service/pnp/hlb/01600/01662_150px.jpg"}, "created": "2016-04-20T00:00:00Z", "modified": "2016-04-20T00:00:00Z", "collection": ["hlb", "minload", "pp"], "creator": "Block, Herbert, 1909-2001", "call_number": "BLOCK, no. 1662 (BB size) [P&P]", "medium_brief": "1 drawing.", "source_modified": "2013-03-21T00:00:00Z", "pk": "2012634141", "created_published_date": "4-13-[19]47.", "subjects": ["United States.--Congress.", "White House (Washington, D.C.)", "Chasing", "labor unions", "buses", "Legislation", "Drawings--American.", "Editorial cartoons--American."]}, {"source_created": "2012-11-19T00:00:00Z", "index": 17, "medium": "1 drawing.", "reproduction_number": "LC-DIG-hlb-10935 (digital file from original drawing)", "links": {"item": "https://www.loc.gov/pictures/item/2012640999/", "resource": "https://www.loc.gov/pictures/item/2012640999/resource/"}, "title": "[Santa Claus running with a big bag labeled \"tax reform\"]", "image": {"alt": "digitized item thumbnail", "full": "https://tile.loc.gov/storage-services/service/pnp/hlb/10900/10935_150px.jpg", "square": "https://tile.loc.gov/storage-services/service/pnp/hlb/10900/10935_75x75px.jpg", "thumb": "https://tile.loc.gov/storage-services/service/pnp/hlb/10900/10935_150px.jpg"}, "created": "2016-04-20T00:00:00Z", "modified": "2016-04-20T00:00:00Z", "collection": ["hlb", "minload", "pp"], "creator": "Block, Herbert, 1909-2001", "call_number": "BLOCK, no. 10935 (BB size)", "medium_brief": "1 drawing.", "source_modified": "2015-02-26T00:00:00Z", "pk": "2012640999", "created_published_date": "12/4/1984.", "subjects": ["White House (Washington, D.C.)", "Tax reform", "Santa Claus", "Chasing", "Criminals", "Drawings--American.", "Editorial cartoons--American."]}, {"source_created": "2012-11-19T00:00:00Z", "index": 18, "medium": "1 drawing.", "reproduction_number": "LC-DIG-hlb-12044 (digital file from original drawing)", "links": {"item": "https://www.loc.gov/pictures/item/2012641641/", "resource": "https://www.loc.gov/pictures/item/2012641641/resource/"}, "title": "Patient has regained voice and use of limbs--obviously much improved--seems very restless and hungry--", "image": {"alt": "digitized item thumbnail", "full": "https://tile.loc.gov/storage-services/service/pnp/hlb/12000/12044_150px.jpg", "square": "https://tile.loc.gov/storage-services/service/pnp/hlb/12000/12044_75x75px.jpg", "thumb": "https://tile.loc.gov/storage-services/service/pnp/hlb/12000/12044_150px.jpg"}, "created": "2016-04-20T00:00:00Z", "modified": "2016-04-20T00:00:00Z", "collection": ["hlb", "minload", "pp"], "creator": "Block, Herbert, 1909-2001", "call_number": "BLOCK, no. 12044 (BB size)", "medium_brief": "1 drawing.", "source_modified": "2015-02-27T00:00:00Z", "pk": "2012641641", "created_published_date": "5/3/1990.", "subjects": ["Gorbachev, Mikhail Sergeevich,--1931-", "Physicians", "Glasnost", "Politics & government--Soviet Union", "sick persons", "Chasing", "medicine", "Drawings--American.", "Editorial cartoons--American."]}, {"source_created": "2012-11-19T00:00:00Z", "index": 19, "medium": "1 drawing.", "reproduction_number": "LC-DIG-hlb-11625 (digital file from original drawing)", "links": {"item": "https://www.loc.gov/pictures/item/2012642180/", "resource": "https://www.loc.gov/pictures/item/2012642180/resource/"}, "title": "\"The attorney general is very busy right now -- would you care to take a number?\"", "image": {"alt": "digitized item thumbnail", "full": "https://tile.loc.gov/storage-services/service/pnp/hlb/11600/11625_150px.jpg", "square": "https://tile.loc.gov/storage-services/service/pnp/hlb/11600/11625_75x75px.jpg", "thumb": "https://tile.loc.gov/storage-services/service/pnp/hlb/11600/11625_150px.jpg"}, "created": "2016-04-20T00:00:00Z", "modified": "2016-04-20T00:00:00Z", "collection": ["hlb", "minload", "pp"], "creator": "Block, Herbert, 1909-2001", "call_number": "BLOCK, no. 11625 (BB size) [P&P]", "medium_brief": "1 drawing.", "source_modified": "2015-02-24T00:00:00Z", "pk": "2012642180", "created_published_date": "2/24/1988.", "subjects": ["Meese, Edwin.", "United States.--Department of Justice.", "Wedtech (Firm)", "Tramps", "Corruption", "Iran-Contra Affair, 1985-1990", "dogs", "Chasing", "Governmental investigations", "Drawings--American.", "Editorial cartoons--American."]}, {"source_created": "2012-11-19T00:00:00Z", "index": 20, "medium": "1 drawing.", "reproduction_number": "LC-DIG-HLB-12411 (digital file from original drawing)", "links": {"item": "https://www.loc.gov/pictures/item/2012643013/", "resource": "https://www.loc.gov/pictures/item/2012643013/resource/"}, "title": "[Wolves chasing Russian women with baby labeled \"Democracy\"]", "image": {"alt": "digitized item thumbnail", "full": "https://tile.loc.gov/storage-services/service/pnp/hlb/12400/12411_150px.jpg", "square": "https://tile.loc.gov/storage-services/service/pnp/hlb/12400/12411_75x75px.jpg", "thumb": "https://tile.loc.gov/storage-services/service/pnp/hlb/12400/12411_150px.jpg"}, "created": "2016-04-20T00:00:00Z", "modified": "2016-04-20T00:00:00Z", "collection": ["hlb", "minload", "pp"], "creator": "Block, Herbert, 1909-2001", "call_number": "BLOCK, no. 12411 (BB size)", "medium_brief": "1 drawing.", "source_modified": "2015-02-26T00:00:00Z", "pk": "2012643013", "created_published_date": "12/31/1991.", "subjects": ["Democracy--Soviet Union", "maps", "women", "Wolves", "Chasing", "Winter", "Ice", "Political issues", "Starvation", "Infants", "Drawings--American.", "Editorial cartoons--American."]}]}