{"search": {"field": "subject", "hits": 1, "sort_order": null, "do_facets": true, "focus_item": null, "query": "Cretinism", "type": "search", "sort_by": null}, "focus": null, "views": {"current": "list", "grid": "https://www.loc.gov/pictures/search/?q=Cretinism&fi=subject&va=exact&st=grid&op=PHRASE", "list": "https://www.loc.gov/pictures/search/?q=Cretinism&fi=subject&op=PHRASE&va=exact", "gallery": "https://www.loc.gov/pictures/search/?q=Cretinism&fi=subject&va=exact&st=gallery&op=PHRASE", "slideshow": "https://www.loc.gov/pictures/search/?q=Cretinism&fi=subject&va=exact&st=slideshow&op=PHRASE"}, "facets": [{"type": "displayed", "filters": [{"count": 0, "on": "https://www.loc.gov/pictures/search/?va=exact&sp=1&q=Cretinism&fa=displayed%3Aanywhere&fi=subject&op=PHRASE&fo=json", "selected": false, "off": "https://www.loc.gov/pictures/search/?va=exact&sp=1&q=Cretinism&fi=subject&fo=json&op=PHRASE", "title": "Larger image available anywhere"}, {"count": 1, "on": "https://www.loc.gov/pictures/search/?va=exact&sp=1&q=Cretinism&fa=displayed%3Alc_only&fi=subject&op=PHRASE&fo=json", "selected": false, "off": "https://www.loc.gov/pictures/search/?va=exact&sp=1&q=Cretinism&fi=subject&fo=json&op=PHRASE", "title": "Larger image available only at the Library of Congress"}, {"count": 0, "on": "https://www.loc.gov/pictures/search/?va=exact&sp=1&q=Cretinism&fa=displayed%3Anot_digitized&fi=subject&op=PHRASE&fo=json", "selected": false, "off": "https://www.loc.gov/pictures/search/?va=exact&sp=1&q=Cretinism&fi=subject&fo=json&op=PHRASE", "title": "Not Digitized"}], "title": "displayed"}], "links": {"json": "//www.loc.gov/pictures/search/?fi=subject&q=Cretinism&op=PHRASE&va=exact&fo=json", "html": "//www.loc.gov/pictures/search/?fi=subject&q=Cretinism&op=PHRASE&va=exact", "rss": "//www.loc.gov/pictures/search/?fi=subject&q=Cretinism&op=PHRASE&va=exact&fo=rss"}, "suggestions": {"possible": []}, "pages": {"current": 1, "next": null, "perpage": 20, "last": null, "page_list": [{"url": null, "number": 1}], "previous": null, "total": 1, "results": "1 - 1", "first": null}, "collection": null, "results": [{"source_created": "2002-08-05T00:00:00Z", "index": 1, "medium": "1 photographic print.", "reproduction_number": "LC-USZ62-131761 (b&w film copy neg.)", "links": {"item": "https://www.loc.gov/pictures/item/2002716861/", "resource": "https://www.loc.gov/pictures/item/2002716861/resource/"}, "title": "[Composite photograph of Baby Marilyn born with cretinism, before (l) and after (r) radioactive thyroid treatment]", "image": {"alt": "digitized item thumbnail", "full": "https://tile.loc.gov/storage-services/service/pnp/cph/3c30000/3c31000/3c31700/3c31761_150px.jpg", "square": "https://tile.loc.gov/storage-services/service/pnp/cph/3c30000/3c31000/3c31700/3c31761_75x75px.jpg", "thumb": "https://tile.loc.gov/storage-services/service/pnp/cph/3c30000/3c31000/3c31700/3c31761_150px.jpg"}, "created": "2016-04-20T00:00:00Z", "modified": "2016-04-20T00:00:00Z", "collection": ["cph", "pp"], "creator": null, "call_number": "NYWTS - SUBJ/GEOG--Atomic Energy--Medical [item] [P&P]", "medium_brief": "1 photographic print.", "source_modified": "2004-09-11T00:00:00Z", "pk": "2002716861", "created_published_date": "1953 October 1.", "subjects": ["Cretinism--1950-1960.", "Nuclear medicine--1950-1960.", "Montages--1950-1960.", "Photographic prints--1950-1960.", "Portrait photographs--1950-1960."]}]}