{"search": {"field": "subject", "hits": 49, "sort_order": null, "do_facets": true, "focus_item": null, "query": "Whipping", "type": "search", "sort_by": null}, "focus": null, "views": {"current": "list", "grid": "https://www.loc.gov/pictures/search/?q=Whipping&fi=subject&va=exact&st=grid&op=PHRASE", "list": "https://www.loc.gov/pictures/search/?q=Whipping&fi=subject&op=PHRASE&va=exact", "gallery": "https://www.loc.gov/pictures/search/?q=Whipping&fi=subject&va=exact&st=gallery&op=PHRASE", "slideshow": "https://www.loc.gov/pictures/search/?q=Whipping&fi=subject&va=exact&st=slideshow&op=PHRASE"}, "facets": [{"type": "displayed", "filters": [{"count": 35, "on": "https://www.loc.gov/pictures/search/?va=exact&sp=1&q=Whipping&fa=displayed%3Aanywhere&fi=subject&op=PHRASE&fo=json", "selected": false, "off": "https://www.loc.gov/pictures/search/?va=exact&sp=1&q=Whipping&fi=subject&fo=json&op=PHRASE", "title": "Larger image available anywhere"}, {"count": 8, "on": "https://www.loc.gov/pictures/search/?va=exact&sp=1&q=Whipping&fa=displayed%3Alc_only&fi=subject&op=PHRASE&fo=json", "selected": false, "off": "https://www.loc.gov/pictures/search/?va=exact&sp=1&q=Whipping&fi=subject&fo=json&op=PHRASE", "title": "Larger image available only at the Library of Congress"}, {"count": 6, "on": "https://www.loc.gov/pictures/search/?va=exact&sp=1&q=Whipping&fa=displayed%3Anot_digitized&fi=subject&op=PHRASE&fo=json", "selected": false, "off": "https://www.loc.gov/pictures/search/?va=exact&sp=1&q=Whipping&fi=subject&fo=json&op=PHRASE", "title": "Not Digitized"}], "title": "displayed"}], "links": {"json": "//www.loc.gov/pictures/search/?fi=subject&q=Whipping&op=PHRASE&va=exact&fo=json", "html": "//www.loc.gov/pictures/search/?fi=subject&q=Whipping&op=PHRASE&va=exact", "rss": "//www.loc.gov/pictures/search/?fi=subject&q=Whipping&op=PHRASE&va=exact&fo=rss"}, "suggestions": {"possible": []}, "pages": {"current": 1, "next": "https://www.loc.gov/pictures/search/?q=Whipping&fi=subject&sp=2&op=PHRASE&va=exact", "perpage": 20, "last": "https://www.loc.gov/pictures/search/?q=Whipping&fi=subject&sp=3&op=PHRASE&va=exact", "page_list": [{"url": null, "number": 1}, {"url": "https://www.loc.gov/pictures/search/?q=Whipping&fi=subject&sp=2&op=PHRASE&va=exact", "number": 2}, {"url": "https://www.loc.gov/pictures/search/?q=Whipping&fi=subject&sp=3&op=PHRASE&va=exact", "number": 3}], "previous": null, "total": 3, "results": "1 - 20", "first": null}, "collection": null, "results": [{"source_created": "2002-09-24T00:00:00Z", "index": 1, "medium": "1 print : etching.", "reproduction_number": "LC-USZ62-132016 (b&w film copy neg.)", "links": {"item": "https://www.loc.gov/pictures/item/2002719529/", "resource": "https://www.loc.gov/pictures/item/2002719529/resource/"}, "title": "Whipping John of Islington", "image": {"alt": "digitized item thumbnail", "full": "https://tile.loc.gov/storage-services/service/pnp/cph/3c30000/3c32000/3c32000/3c32016r.jpg", "square": "https://tile.loc.gov/storage-services/service/pnp/cph/3c30000/3c32000/3c32000/3c32016_75x75px.jpg", "thumb": "https://tile.loc.gov/storage-services/service/pnp/cph/3c30000/3c32000/3c32000/3c32016_150px.jpg"}, "created": "2016-04-20T00:00:00Z", "modified": "2016-04-20T00:00:00Z", "collection": ["cpbr", "diof", "pp"], "creator": null, "call_number": "PC 3 - 1748 - Whipping John ... (A size) [P&P]", "medium_brief": "1 print :", "source_modified": "2006-09-05T00:00:00Z", "pk": "2002719529", "created_published_date": "1748 July 11th.", "subjects": ["Whipping--England--1740-1750.", "Women--Punishment & torture--England--1740-1750.", "Relations between the sexes--England--1740-1750.", "Cartoons (Commentary)--British--1740-1750.", "Etchings--British--1740-1750."]}, {"source_created": "2002-11-15T00:00:00Z", "index": 2, "medium": "1 print : etching.", "reproduction_number": "LC-DIG-ppmsca-02327 (digital file from original print)", "links": {"item": "https://www.loc.gov/pictures/item/2002722384/", "resource": "https://www.loc.gov/pictures/item/2002722384/resource/"}, "title": "Dees Nederlandsche Koe, altoos door Waereld-grooten ...", "image": {"alt": "digitized item thumbnail", "full": "https://tile.loc.gov/storage-services/service/pnp/ppmsca/02300/02327r.jpg", "square": "https://tile.loc.gov/storage-services/service/pnp/ppmsca/02300/02327_75x75px.jpg", "thumb": "https://tile.loc.gov/storage-services/service/pnp/ppmsca/02300/02327_150px.jpg"}, "created": "2016-04-20T00:00:00Z", "modified": "2016-04-20T00:00:00Z", "collection": ["diof", "pp", "rlgcmi", "tisc"], "creator": null, "call_number": "LOT 13402, no. 7 [P&P]", "medium_brief": "1 print :", "source_modified": "2009-10-17T00:00:00Z", "pk": "2002722384", "created_published_date": "180-]", "subjects": ["Autonomy--Netherlands--1800-1810.", "Cows--Netherlands--1800-1810.", "Whipping--Netherlands--1800-1810.", "Balloons (Aircraft)--1800-1810.", "Netherlands--History--1800-1810.", "Etchings--1800-1810.", "Political cartoons--Dutch--1800-1810."]}, {"source_created": "2003-09-22T00:00:00Z", "index": 3, "medium": "1 print : engraving.", "reproduction_number": "LC-USZ62-59613 (b&w film copy neg.)", "links": {"item": "https://www.loc.gov/pictures/item/2003675464/", "resource": "https://www.loc.gov/pictures/item/2003675464/resource/"}, "title": "Flagellation", "image": {"alt": "digitized item thumbnail", "full": "https://tile.loc.gov/storage-services/service/pnp/cph/3b00000/3b07000/3b07300/3b07355r.jpg", "square": "https://tile.loc.gov/storage-services/service/pnp/cph/3b00000/3b07000/3b07300/3b07355_75x75px.jpg", "thumb": "https://tile.loc.gov/storage-services/service/pnp/cph/3b00000/3b07000/3b07300/3b07355_150px.jpg"}, "created": "2016-04-20T00:00:00Z", "modified": "2016-04-20T00:00:00Z", "collection": ["cpbr", "diof", "pp"], "creator": "June, John", "call_number": "PC 3 - 1752--Flagellation (A size) [P&P]", "medium_brief": "1 print :", "source_modified": "2007-05-18T00:00:00Z", "pk": "2003675464", "created_published_date": "1752 March 26.", "subjects": ["Whipping--England--1750-1760.", "Masochism--1750-1760.", "Buttocks--1750-1760.", "Relations between the sexes--England--1750-1760.", "Engravings--1750-1760.", "Satires (Visual works)--British--1750-1760."]}, {"source_created": "2004-08-19T00:00:00Z", "index": 4, "medium": "1 print : etching, hand-colored.", "reproduction_number": "LC-USZC2-3579 (color film copy slide)\nLC-USZ62-17286 (b&w film copy neg.)", "links": {"item": "https://www.loc.gov/pictures/item/2004673509/", "resource": "https://www.loc.gov/pictures/item/2004673509/resource/"}, "title": "L'Anglais corrig\u00e9 comme un enfant", "image": {"alt": "digitized item thumbnail", "full": "https://tile.loc.gov/storage-services/service/pnp/cph/3a10000/3a19000/3a19400/3a19483r.jpg", "square": "https://tile.loc.gov/storage-services/service/pnp/cph/3a10000/3a19000/3a19400/3a19483_75x75px.jpg", "thumb": "https://tile.loc.gov/storage-services/service/pnp/cph/3a10000/3a19000/3a19400/3a19483_150px.jpg"}, "created": "2016-04-20T00:00:00Z", "modified": "2016-04-20T00:00:00Z", "collection": ["cph", "diof", "pp"], "creator": null, "call_number": "PC 5 - 1782, no. 1 (A size) [P&P]", "medium_brief": "1 print :", "source_modified": "2009-09-15T00:00:00Z", "pk": "2004673509", "created_published_date": "[1782?]", "subjects": ["International relations--Great Britain--1780-1790.", "International relations--France--1780-1790.", "International relations--Spain--1780-1790.", "International relations--Netherlands--1780-1790.", "Whipping--1780-1790.", "United States--History--Revolution, 1775-1783.", "Cartoons (Commentary)--French--1780-1790.", "Etchings--French--Hand-colored--1780-1790."]}, {"source_created": "2008-08-28T00:00:00Z", "index": 5, "medium": "1 print (poster) : offset photomechanical, color ; 72 x 48 cm.", "reproduction_number": "LC-USZC4-13633 (color film copy transparency)", "links": {"item": "https://www.loc.gov/pictures/item/2008679882/", "resource": "https://www.loc.gov/pictures/item/2008679882/resource/"}, "title": "69 Jahre Tribut!", "image": {"alt": "digitized item thumbnail", "full": "https://tile.loc.gov/storage-services/service/pnp/cph/3g10000/3g13000/3g13600/3g13633_150px.jpg", "square": "https://tile.loc.gov/storage-services/service/pnp/cph/3g10000/3g13000/3g13600/3g13633_75x75px.jpg", "thumb": "https://tile.loc.gov/storage-services/service/pnp/cph/3g10000/3g13000/3g13600/3g13633_150px.jpg"}, "created": "2016-04-20T00:00:00Z", "modified": "2016-04-20T00:00:00Z", "collection": ["pos", "pp"], "creator": "Rehse Archiv f\u00fcr Zeitgeschichte und Publizistik, DLC", "call_number": "POS - Ger .R01, no. 3 (C size) [P&P]", "medium_brief": "1 print (poster) :", "source_modified": "2011-05-27T00:00:00Z", "pk": "2008679882", "created_published_date": "1929.", "subjects": ["World War, 1914-1918--Reparations.", "Propaganda--German--1920-1930.", "Reparations--German--1920-1930.", "Plowing--Germany--1920-1930.", "Whipping--Germany--1920-1930.", "Offset photomechanical prints--German--Color--1920-1930.", "Political posters--German--1920-1930."]}, {"source_created": "1993-01-01T00:00:00Z", "index": 6, "medium": "1 print : engraving on wove paper ; 7.8 x 9.8 cm. (sheet)", "reproduction_number": "", "links": {"item": "https://www.loc.gov/pictures/item/2009617709/", "resource": null}, "title": "[Man ignored by others]", "image": {"alt": "item not digitized thumbnail", "full": "https://www.loc.gov/pictures/static/images/item/500x500_notdigitized.png", "square": "https://www.loc.gov/pictures/static/images/item/not_digitized_buttons75X75.png", "thumb": "https://www.loc.gov/pictures/static/images/item/notdigitized_buttons140X120.png"}, "created": "2016-04-20T00:00:00Z", "modified": "2016-04-20T00:00:00Z", "collection": ["diof", "minload", "pp", "swa"], "creator": "Seymour, Robert, approximately 1800-1836", "call_number": "SWANN - no. 775rrrr (A size) [P&P]", "medium_brief": "1 print :", "source_modified": "2013-06-04T00:00:00Z", "pk": "2009617709", "created_published_date": "[between ca. 1830 and 1836]", "subjects": ["Public speaking--1820-1840.", "Whipping--1820-1840.", "Artists' proofs--British--1820-1840.", "Periodical illustrations--British--1820-1840.", "Prints--British--1820-1840."]}, {"source_created": "2009-12-02T00:00:00Z", "index": 7, "medium": "1 drawing.", "reproduction_number": "LC-DIG-hlb-00929 (digital file from original drawing)", "links": {"item": "https://www.loc.gov/pictures/item/2010636416/", "resource": "https://www.loc.gov/pictures/item/2010636416/resource/"}, "title": "Under the lash", "image": {"alt": "digitized item thumbnail", "full": "https://tile.loc.gov/storage-services/service/pnp/hlb/00900/00929_150px.jpg", "square": "https://tile.loc.gov/storage-services/service/pnp/hlb/00900/00929_75x75px.jpg", "thumb": "https://tile.loc.gov/storage-services/service/pnp/hlb/00900/00929_150px.jpg"}, "created": "2016-04-20T00:00:00Z", "modified": "2016-04-20T00:00:00Z", "collection": ["hlb", "minload", "pp"], "creator": "Block, Herbert, 1909-2001", "call_number": "BLOCK, no. 929 (BB size) [P&P]", "medium_brief": "1 drawing.", "source_modified": "2013-01-03T00:00:00Z", "pk": "2010636416", "created_published_date": "[1942 Oct.]", "subjects": ["World War, 1939-1945--Military occupations--German.", "Fear.", "Whipping.", "Drawings--American.", "Editorial cartoons--American."]}, {"source_created": "1998-05-01T00:00:00Z", "index": 8, "medium": "1 print : lithograph ; 8.6 x 13.5 cm. (sheet)", "reproduction_number": "", "links": {"item": "https://www.loc.gov/pictures/item/2010642635/", "resource": null}, "title": "Oligarchy - political prisoners", "image": {"alt": "item not digitized thumbnail", "full": "https://www.loc.gov/pictures/static/images/item/500x500_notdigitized.png", "square": "https://www.loc.gov/pictures/static/images/item/not_digitized_buttons75X75.png", "thumb": "https://www.loc.gov/pictures/static/images/item/notdigitized_buttons140X120.png"}, "created": "2016-04-20T00:00:00Z", "modified": "2016-04-20T00:00:00Z", "collection": ["bbgfc", "minload", "pp"], "creator": "Becker, Maurice, 1889-1975", "call_number": "Goldstein, no. 55 (AA size) [P&P]", "medium_brief": "1 print :", "source_modified": "2011-07-12T00:00:00Z", "pk": "2010642635", "created_published_date": "[19]10.", "subjects": ["Big business--1910.", "Liberty--1910.", "Oligarchy--1910.", "Political prisoners--1910.", "Whipping--1910.", "Cartoons (Commentary)--American--1910.", "Lithographs--American--1910."]}, {"source_created": "1998-05-01T00:00:00Z", "index": 9, "medium": "1 print : wood engraving ; 15.1 x 9.3 cm. (sheet)", "reproduction_number": "", "links": {"item": "https://www.loc.gov/pictures/item/2010643807/", "resource": null}, "title": "Flogging American women", "image": {"alt": "item not digitized thumbnail", "full": "https://www.loc.gov/pictures/static/images/item/500x500_notdigitized.png", "square": "https://www.loc.gov/pictures/static/images/item/not_digitized_buttons75X75.png", "thumb": "https://www.loc.gov/pictures/static/images/item/notdigitized_buttons140X120.png"}, "created": "2016-04-20T00:00:00Z", "modified": "2016-04-20T00:00:00Z", "collection": ["bbgfc", "minload", "pp"], "creator": null, "call_number": "Goldstein, no. 947 (AA size) [P&P]", "medium_brief": "1 print :", "source_modified": "2011-07-21T00:00:00Z", "pk": "2010643807", "created_published_date": "[1834]", "subjects": ["African Americans--Punishment & torture--1830-1840.", "Slavery--United States--1830-1840.", "Whipping--United States--1830-1840.", "Women--Punishment & torture--United States--1830-1840.", "Book illustrations--1830-1840.", "Wood engravings--1830-1840."]}, {"source_created": "2005-10-27T00:00:00Z", "index": 10, "medium": "1 print : wood engraving ; 15 x 9 cm. (sheet)", "reproduction_number": "", "links": {"item": "https://www.loc.gov/pictures/item/2010643891/", "resource": null}, "title": "Torturing American citizens", "image": {"alt": "item not digitized thumbnail", "full": "https://www.loc.gov/pictures/static/images/item/500x500_notdigitized.png", "square": "https://www.loc.gov/pictures/static/images/item/not_digitized_buttons75X75.png", "thumb": "https://www.loc.gov/pictures/static/images/item/notdigitized_buttons140X120.png"}, "created": "2016-04-20T00:00:00Z", "modified": "2016-04-20T00:00:00Z", "collection": ["bbgfc", "minload", "pp"], "creator": "Munson, Henry A., 1814-", "call_number": "Goldstein, no. 755 (AA size) [P&P]", "medium_brief": "1 print :", "source_modified": "2013-06-07T00:00:00Z", "pk": "2010643891", "created_published_date": "[1834]", "subjects": ["African Americans--Punishment & torture--United States--1830-1840.", "Slavery--United States--1830-1840.", "Whipping--United States--1830-1840.", "Book illustrations--1830-1840.", "Wood engravings--1830-1840."]}, {"source_created": "2015-11-16T00:00:00Z", "index": 11, "medium": "1 print : color lithograph ; sheet 10.2 x 6.7 cm.", "reproduction_number": "LC-DIG-ppmsca-39623 (digital file from original print)", "links": {"item": "https://www.loc.gov/pictures/item/2015651608/", "resource": "https://www.loc.gov/pictures/item/2015651608/resource/"}, "title": "Scream of tarta[r]. Use Patapsco baking powder. For sale everywhere", "image": {"alt": "digitized item thumbnail", "full": "https://tile.loc.gov/storage-services/service/pnp/ppmsca/39600/39623r.jpg", "square": "https://tile.loc.gov/storage-services/service/pnp/ppmsca/39600/39623_75x75px.jpg", "thumb": "https://tile.loc.gov/storage-services/service/pnp/ppmsca/39600/39623_150px.jpg"}, "created": "2016-04-20T00:00:00Z", "modified": "2016-04-20T00:00:00Z", "collection": ["cph", "diof", "pp"], "creator": null, "call_number": "LOT 14100, no. 446 [P&P]", "medium_brief": "1 print :", "source_modified": "2015-11-16T00:00:00Z", "pk": "2015651608", "created_published_date": "[between 1870 and 1890]", "subjects": ["Baking powder--1870-1890.", "Whipping--1870-1890.", "Child discipline--1870-1890.", "Advertisements--1870-1890.", "Lithographs--Color--1870-1890.", "Trade cards--1870-1890."]}, {"source_created": "1989-06-20T00:00:00Z", "index": 12, "medium": "1 print : lithograph.", "reproduction_number": "LC-USZ62-97224 (b&w film copy neg.)", "links": {"item": "https://www.loc.gov/pictures/item/89711174/", "resource": "https://www.loc.gov/pictures/item/89711174/resource/"}, "title": "L'ex\u00e9cution de la punition de fouet ; N\u00e8gres \u00e0o tronco", "image": {"alt": "digitized item thumbnail", "full": "https://tile.loc.gov/storage-services/service/pnp/cph/3b40000/3b43000/3b43300/3b43325r.jpg", "square": "https://tile.loc.gov/storage-services/service/pnp/cph/3b40000/3b43000/3b43300/3b43325_75x75px.jpg", "thumb": "https://tile.loc.gov/storage-services/service/pnp/cph/3b40000/3b43000/3b43300/3b43325_150px.jpg"}, "created": "2016-04-20T00:00:00Z", "modified": "2016-04-20T00:00:00Z", "collection": ["cph", "diof", "pp"], "creator": "Thierry Fr\u00e8res", "call_number": "Illus. in F2513.D28 Folio [Rare Book RR]", "medium_brief": "1 print :", "source_modified": "2013-12-06T00:00:00Z", "pk": "89711174", "created_published_date": "[between 1834 and 1839?]", "subjects": ["Whipping--Brazil--1830-1840.", "Executions--Brazil--1830-1840.", "Stocks (Punishment)--Brazil--1830-1840.", "Blacks--Brazil--Punishment & torture--1830-1840.", "Book illustrations--1830-1840.", "Lithographs--1830-1840."]}, {"source_created": "1991-05-16T00:00:00Z", "index": 13, "medium": "1 print (poster) : color.", "reproduction_number": "LC-USZ62-102352 (b&w film copy neg.)", "links": {"item": "https://www.loc.gov/pictures/item/91726510/", "resource": "https://www.loc.gov/pictures/item/91726510/resource/"}, "title": "Calamity Jane", "image": {"alt": "digitized item thumbnail", "full": "https://tile.loc.gov/storage-services/service/pnp/cph/3c00000/3c02000/3c02300/3c02352_150px.jpg", "square": "https://tile.loc.gov/storage-services/service/pnp/cph/3c00000/3c02000/3c02300/3c02352_75x75px.jpg", "thumb": "https://tile.loc.gov/storage-services/service/pnp/cph/3c00000/3c02000/3c02300/3c02352_150px.jpg"}, "created": "2016-04-20T00:00:00Z", "modified": "2016-04-20T00:00:00Z", "collection": ["cph", "pp"], "creator": null, "call_number": "POS - MOT. PIC. - 1953 .C20, no. 1 (C size) [P&P]", "medium_brief": "1 print (poster) :", "source_modified": "2014-07-02T00:00:00Z", "pk": "91726510", "created_published_date": "c1953.", "subjects": ["Calamity Jane,--1856-1903.", "Whipping.", "Cowgirls.", "Motion picture posters--1950-1960.", "Prints--Color--1950-1960."]}, {"source_created": "1993-04-14T00:00:00Z", "index": 14, "medium": "1 print : lithograph, color.", "reproduction_number": "LC-USZC4-2524 (color film copy transparency)\nLC-USZ62-41839 (b&w film copy neg.)\nLC-USZCN4-253 (color film copy neg.)", "links": {"item": "https://www.loc.gov/pictures/item/93505071/", "resource": "https://www.loc.gov/pictures/item/93505071/resource/"}, "title": "The Lash", "image": {"alt": "digitized item thumbnail", "full": "https://tile.loc.gov/storage-services/service/pnp/cph/3g00000/3g02000/3g02500/3g02524r.jpg", "square": "https://tile.loc.gov/storage-services/service/pnp/cph/3g00000/3g02000/3g02500/3g02524_75x75px.jpg", "thumb": "https://tile.loc.gov/storage-services/service/pnp/cph/3g00000/3g02000/3g02500/3g02524_150px.jpg"}, "created": "2016-04-20T00:00:00Z", "modified": "2016-04-20T00:00:00Z", "collection": ["cph", "diof", "pp"], "creator": "Stephens, H. L. (Henry Louis), 1824-1882", "call_number": "LOT 5174 [item] [P&P]", "medium_brief": "1 print :", "source_modified": "2004-04-09T00:00:00Z", "pk": "93505071", "created_published_date": "c1863.", "subjects": ["African Americans--Punishment & torture--1860-1870.", "Slaves--United States--1860-1870.", "Whipping--United States--1860-1870.", "Collecting cards--1860-1870.", "Lithographs--Color--1860-1870."]}, {"source_created": "1995-02-13T00:00:00Z", "index": 15, "medium": "1 photomechanical print : halftone.", "reproduction_number": "LC-USZ62-112466 (b&w film copy neg.)", "links": {"item": "https://www.loc.gov/pictures/item/95502311/", "resource": "https://www.loc.gov/pictures/item/95502311/resource/"}, "title": "He stooped to pick up the scourge which his constable had refused to wield", "image": {"alt": "digitized item thumbnail", "full": "https://tile.loc.gov/storage-services/service/pnp/cph/3c10000/3c12000/3c12400/3c12466r.jpg", "square": "https://tile.loc.gov/storage-services/service/pnp/cph/3c10000/3c12000/3c12400/3c12466_75x75px.jpg", "thumb": "https://tile.loc.gov/storage-services/service/pnp/cph/3c10000/3c12000/3c12400/3c12466_150px.jpg"}, "created": "2016-04-20T00:00:00Z", "modified": "2016-04-20T00:00:00Z", "collection": ["cph", "diof", "pp"], "creator": "P\u00e9rard, Victor Semon, 1870-1957", "call_number": "Illus. in PZ3.S129Ma [General Collections]", "medium_brief": "1 photomechanical print :", "source_modified": "2005-02-09T00:00:00Z", "pk": "95502311", "created_published_date": "[c1915]", "subjects": ["Whipping--1670-1680.", "Punishment & torture--1670-1680.", "Women--Punishment & torture--1670-1680.", "Pillories--1670-1680.", "Book illustrations--1910-1920.", "Frontispieces--1910-1920.", "Halftone photomechanical prints--1910-1920."]}, {"source_created": "1996-08-01T00:00:00Z", "index": 16, "medium": "1 print : wood engraving.", "reproduction_number": "LC-USZ62-90726 (b&w film copy neg.)", "links": {"item": "https://www.loc.gov/pictures/item/96515199/", "resource": "https://www.loc.gov/pictures/item/96515199/resource/"}, "title": "Common mode of whipping with the paddle", "image": {"alt": "digitized item thumbnail", "full": "https://tile.loc.gov/storage-services/service/pnp/cph/3b30000/3b37000/3b37000/3b37075r.jpg", "square": "https://tile.loc.gov/storage-services/service/pnp/cph/3b30000/3b37000/3b37000/3b37075_75x75px.jpg", "thumb": "https://tile.loc.gov/storage-services/service/pnp/cph/3b30000/3b37000/3b37000/3b37075_150px.jpg"}, "created": "2016-04-20T00:00:00Z", "modified": "2016-04-20T00:00:00Z", "collection": ["cph", "diof", "pp"], "creator": null, "call_number": "Illus. in E450.W19 [Rare Book RR]", "medium_brief": "1 print :", "source_modified": "2013-07-22T00:00:00Z", "pk": "96515199", "created_published_date": "1845.", "subjects": ["Whipping--Florida--Pensacola--1840-1850.", "Book illustrations--1840-1850.", "Wood engravings--1840-1850."]}, {"source_created": "1996-08-12T00:00:00Z", "index": 17, "medium": "1 print : engraving.", "reproduction_number": "LC-USZ62-90731 (b&w film copy neg.)", "links": {"item": "https://www.loc.gov/pictures/item/96515621/", "resource": "https://www.loc.gov/pictures/item/96515621/resource/"}, "title": "[Potter Jackson, a free black man who worked as a seaman, tied to riggings of ship and being whipped by the ship's captain and another man; and view of his back after beating]", "image": {"alt": "digitized item thumbnail", "full": "https://tile.loc.gov/storage-services/service/pnp/cph/3b30000/3b37000/3b37000/3b37080r.jpg", "square": "https://tile.loc.gov/storage-services/service/pnp/cph/3b30000/3b37000/3b37000/3b37080_75x75px.jpg", "thumb": "https://tile.loc.gov/storage-services/service/pnp/cph/3b30000/3b37000/3b37000/3b37080_150px.jpg"}, "created": "2016-04-20T00:00:00Z", "modified": "2016-04-20T00:00:00Z", "collection": ["cph", "diof", "pp"], "creator": null, "call_number": "Illus. in HT857.S5 v. 6, no. 5a [General Collections]", "medium_brief": "1 print :", "source_modified": "2013-05-23T00:00:00Z", "pk": "96515621", "created_published_date": "[1807(?)]", "subjects": ["Jackson, Potter,--1774-", "Whipping--1800-1810.", "Book illustrations--1800-1810.", "Engravings--1800-1810."]}, {"source_created": "1998-06-30T00:00:00Z", "index": 18, "medium": "1 print : woodcut.", "reproduction_number": "LC-USZ62-30825 (b&w film copy neg.)", "links": {"item": "https://www.loc.gov/pictures/item/98510284/", "resource": "https://www.loc.gov/pictures/item/98510284/resource/"}, "title": "Ladies whipping girls", "image": {"alt": "digitized item thumbnail", "full": "https://tile.loc.gov/storage-services/service/pnp/cph/3a30000/3a31000/3a31300/3a31392r.jpg", "square": "https://tile.loc.gov/storage-services/service/pnp/cph/3a30000/3a31000/3a31300/3a31392_75x75px.jpg", "thumb": "https://tile.loc.gov/storage-services/service/pnp/cph/3a30000/3a31000/3a31300/3a31392_150px.jpg"}, "created": "2016-04-20T00:00:00Z", "modified": "2016-04-20T00:00:00Z", "collection": ["cph", "diof", "pp", "slav"], "creator": null, "call_number": "Illus. in E449 .B772 [Rare Book RR]", "medium_brief": "1 print :", "source_modified": "2014-01-03T00:00:00Z", "pk": "98510284", "created_published_date": "[published 1834]", "subjects": ["African Americans--Punishment & torture--1830-1840.", "Whipping--1830-1840.", "Slaves--1830-1840.", "Book illustrations--1830-1840.", "Woodcuts--1830-1840."]}, {"source_created": "2002-03-21T00:00:00Z", "index": 19, "medium": "1 print : lithograph, color.", "reproduction_number": "LC-USZC4-10086 (color film copy transparency)", "links": {"item": "https://www.loc.gov/pictures/item/2002699227/", "resource": "https://www.loc.gov/pictures/item/2002699227/resource/"}, "title": "Sensible Roosevelt--A whipping-post for wife-beaters", "image": {"alt": "digitized item thumbnail", "full": "https://tile.loc.gov/storage-services/service/pnp/cph/3g10000/3g10000/3g10000/3g10086r.jpg", "square": "https://tile.loc.gov/storage-services/service/pnp/cph/3g10000/3g10000/3g10000/3g10086_75x75px.jpg", "thumb": "https://tile.loc.gov/storage-services/service/pnp/cph/3g10000/3g10000/3g10000/3g10086_150px.jpg"}, "created": "2016-04-21T00:00:00Z", "modified": "2016-04-21T00:00:00Z", "collection": ["cph", "diof", "pp"], "creator": "Worth, Thomas, 1834-1917", "call_number": "Illus. in AP101.J8 1882-83 (Case X) [P&P]", "medium_brief": "1 print :", "source_modified": "2005-01-10T00:00:00Z", "pk": "2002699227", "created_published_date": "1883 Mar. 3.", "subjects": ["Roosevelt, Theodore,--1858-1919.", "Abused women--1880-1890.", "Whipping--1880-1890.", "Punishment & torture--1880-1890.", "Covers (Illustration)--1880-1890.", "Lithographs--Color--1880-1890.", "Periodical illustrations--1880-1890."]}, {"source_created": "2002-11-18T00:00:00Z", "index": 20, "medium": "1 print : etching with aquatint.", "reproduction_number": "LC-DIG-ppmsca-02331 (digital file from original print)", "links": {"item": "https://www.loc.gov/pictures/item/2002722388/", "resource": "https://www.loc.gov/pictures/item/2002722388/resource/"}, "title": "La physique confond l'ignorance Dedi\u00e9 aux souscripteurs.", "image": {"alt": "digitized item thumbnail", "full": "https://tile.loc.gov/storage-services/service/pnp/ppmsca/02300/02331r.jpg", "square": "https://tile.loc.gov/storage-services/service/pnp/ppmsca/02300/02331_75x75px.jpg", "thumb": "https://tile.loc.gov/storage-services/service/pnp/ppmsca/02300/02331_150px.jpg"}, "created": "2016-04-21T00:00:00Z", "modified": "2016-04-21T00:00:00Z", "collection": ["diof", "pp", "rlgcmi", "tisc"], "creator": null, "call_number": "LOT 13402, no. 11 [P&P]", "medium_brief": "1 print :", "source_modified": "2009-10-17T00:00:00Z", "pk": "2002722388", "created_published_date": "1784?]", "subjects": ["Balloon ascensions--France--Paris--1780-1790.", "Ballooning accidents--France--Paris--1780-1790.", "Whipping--France--1780-1790.", "Fires--France--Paris--1780-1790.", "Cartoons (Commentary)--French--1780-1790.", "Etchings--Color--1780-1790."]}]}