{"search": {"field": "subject", "hits": 22, "sort_order": null, "do_facets": true, "focus_item": null, "query": "Straw hats", "type": "search", "sort_by": null}, "focus": null, "views": {"current": "list", "grid": "https://www.loc.gov/pictures/search/?q=Straw+hats&fi=subject&va=exact&st=grid&op=PHRASE", "list": "https://www.loc.gov/pictures/search/?q=Straw+hats&fi=subject&op=PHRASE&va=exact", "gallery": "https://www.loc.gov/pictures/search/?q=Straw+hats&fi=subject&va=exact&st=gallery&op=PHRASE", "slideshow": "https://www.loc.gov/pictures/search/?q=Straw+hats&fi=subject&va=exact&st=slideshow&op=PHRASE"}, "facets": [{"type": "displayed", "filters": [{"count": 10, "on": "https://www.loc.gov/pictures/search/?va=exact&sp=1&q=Straw+hats&fa=displayed%3Aanywhere&fi=subject&op=PHRASE&fo=json", "selected": false, "off": "https://www.loc.gov/pictures/search/?va=exact&sp=1&q=Straw+hats&fi=subject&fo=json&op=PHRASE", "title": "Larger image available anywhere"}, {"count": 6, "on": "https://www.loc.gov/pictures/search/?va=exact&sp=1&q=Straw+hats&fa=displayed%3Alc_only&fi=subject&op=PHRASE&fo=json", "selected": false, "off": "https://www.loc.gov/pictures/search/?va=exact&sp=1&q=Straw+hats&fi=subject&fo=json&op=PHRASE", "title": "Larger image available only at the Library of Congress"}, {"count": 6, "on": "https://www.loc.gov/pictures/search/?va=exact&sp=1&q=Straw+hats&fa=displayed%3Anot_digitized&fi=subject&op=PHRASE&fo=json", "selected": false, "off": "https://www.loc.gov/pictures/search/?va=exact&sp=1&q=Straw+hats&fi=subject&fo=json&op=PHRASE", "title": "Not Digitized"}, {"count": 0, "on": "https://www.loc.gov/pictures/search/?va=exact&sp=1&q=Straw+hats&fa=displayed%3Asurveys_only&fi=subject&op=PHRASE&fo=json", "selected": false, "off": "https://www.loc.gov/pictures/search/?va=exact&sp=1&q=Straw+hats&fi=subject&fo=json&op=PHRASE", "title": "Surveys only"}], "title": "displayed"}], "links": {"json": "//www.loc.gov/pictures/search/?fi=subject&q=Straw+hats&op=PHRASE&va=exact&fo=json", "html": "//www.loc.gov/pictures/search/?fi=subject&q=Straw+hats&op=PHRASE&va=exact", "rss": "//www.loc.gov/pictures/search/?fi=subject&q=Straw+hats&op=PHRASE&va=exact&fo=rss"}, "suggestions": {"possible": []}, "pages": {"current": 1, "next": null, "perpage": 20, "last": null, "page_list": [{"url": null, "number": 1}], "previous": null, "total": 1, "results": "1 - 22", "first": null}, "collection": null, "results": [{"source_created": "2001-11-21T00:00:00Z", "index": 1, "medium": "1 photographic print.", "reproduction_number": "LC-USZ62-129772 (b&w film copy neg.)", "links": {"item": "https://www.loc.gov/pictures/item/2001701632/", "resource": "https://www.loc.gov/pictures/item/2001701632/resource/"}, "title": "Lucille Burroughs picking cotton", "image": {"alt": "digitized item thumbnail", "full": "https://tile.loc.gov/storage-services/service/pnp/cph/3c20000/3c29000/3c29700/3c29772_150px.jpg", "square": "https://tile.loc.gov/storage-services/service/pnp/cph/3c20000/3c29000/3c29700/3c29772_75x75px.jpg", "thumb": "https://tile.loc.gov/storage-services/service/pnp/cph/3c20000/3c29000/3c29700/3c29772_150px.jpg"}, "created": "2016-04-20T00:00:00Z", "modified": "2016-04-20T00:00:00Z", "collection": ["cph", "pp"], "creator": "Evans, Walker, 1903-1975", "call_number": "LOT 3422, v. 1 [item] [P&P]", "medium_brief": "1 photographic print.", "source_modified": "2002-11-11T00:00:00Z", "pk": "2001701632", "created_published_date": "[1938?]", "subjects": ["Straw hats--1930-1940.", "Cotton pickers--1930-1940.", "Photographic prints--1930-1940."]}, {"source_created": "2001-11-21T00:00:00Z", "index": 2, "medium": "1 photographic print.", "reproduction_number": "LC-USZ62-129773 (b&w film copy neg.)", "links": {"item": "https://www.loc.gov/pictures/item/2001701633/", "resource": "https://www.loc.gov/pictures/item/2001701633/resource/"}, "title": "Lucille Burroughs picking cotton", "image": {"alt": "digitized item thumbnail", "full": "https://tile.loc.gov/storage-services/service/pnp/cph/3c20000/3c29000/3c29700/3c29773_150px.jpg", "square": "https://tile.loc.gov/storage-services/service/pnp/cph/3c20000/3c29000/3c29700/3c29773_75x75px.jpg", "thumb": "https://tile.loc.gov/storage-services/service/pnp/cph/3c20000/3c29000/3c29700/3c29773_150px.jpg"}, "created": "2016-04-20T00:00:00Z", "modified": "2016-04-20T00:00:00Z", "collection": ["cph", "pp"], "creator": "Evans, Walker, 1903-1975", "call_number": "LOT 3422, v. 1 [item] [P&P]", "medium_brief": "1 photographic print.", "source_modified": "2002-11-11T00:00:00Z", "pk": "2001701633", "created_published_date": "[1938?]", "subjects": ["Straw hats--1930-1940.", "Cotton pickers--1930-1940.", "Photographic prints--1930-1940."]}, {"source_created": "2002-03-26T00:00:00Z", "index": 3, "medium": "1 photomechanical print : photogravure.", "reproduction_number": "LC-USZ62-79453 (b&w film copy neg.)", "links": {"item": "https://www.loc.gov/pictures/item/2002707157/", "resource": "https://www.loc.gov/pictures/item/2002707157/resource/"}, "title": "Girl in straw hat", "image": {"alt": "digitized item thumbnail", "full": "https://tile.loc.gov/storage-services/service/pnp/cph/3b40000/3b46000/3b46800/3b46831r.jpg", "square": "https://tile.loc.gov/storage-services/service/pnp/cph/3b40000/3b46000/3b46800/3b46831_75x75px.jpg", "thumb": "https://tile.loc.gov/storage-services/service/pnp/cph/3b40000/3b46000/3b46800/3b46831_150px.jpg"}, "created": "2016-04-20T00:00:00Z", "modified": "2016-04-20T00:00:00Z", "collection": ["cph", "diof", "pp"], "creator": "Hill, David Octavius, 1802-1870", "call_number": "Illus. in TR1.C5 1912 (Case X) [P&P]", "medium_brief": "1 photomechanical print :", "source_modified": "2013-01-02T00:00:00Z", "pk": "2002707157", "created_published_date": "1912.", "subjects": ["Straw hats--1910-1920.", "Periodical illustrations--1910-1920.", "Photogravures--1910-1920."]}, {"source_created": "2012-06-21T00:00:00Z", "index": 4, "medium": "1 drawing.", "reproduction_number": "LC-DIG-hlb-03071 (digital file from original drawing)", "links": {"item": "https://www.loc.gov/pictures/item/2012632657/", "resource": "https://www.loc.gov/pictures/item/2012632657/resource/"}, "title": "\"Okay, pal -- you're on next\"", "image": {"alt": "digitized item thumbnail", "full": "https://tile.loc.gov/storage-services/service/pnp/hlb/03000/03071_150px.jpg", "square": "https://tile.loc.gov/storage-services/service/pnp/hlb/03000/03071_75x75px.jpg", "thumb": "https://tile.loc.gov/storage-services/service/pnp/hlb/03000/03071_150px.jpg"}, "created": "2016-04-20T00:00:00Z", "modified": "2016-04-20T00:00:00Z", "collection": ["hlb", "minload", "pp"], "creator": "Block, Herbert, 1909-2001", "call_number": "BLOCK, no. 3071 (BB size) [P&P]", "medium_brief": "1 drawing.", "source_modified": "2013-03-20T00:00:00Z", "pk": "2012632657", "created_published_date": "7-13-[19]52.", "subjects": ["Eisenhower, Dwight D.--(Dwight David),--1890-1969.", "Democratic Party (U.S.)", "Republican Party (U.S. : 1854- )", "Political elections--1950-1960", "political conventions", "televisions", "Democratic donkey (Symbolic character)", "Republican elephant (Symbolic character)", "Pennants", "Straw hats", "Drawings--American.", "Editorial cartoons--American."]}, {"source_created": "2012-05-08T00:00:00Z", "index": 5, "medium": "1 photographic print.", "reproduction_number": "LC-DIG-ds-01852 (digital file from original item)", "links": {"item": "https://www.loc.gov/pictures/item/2012647038/", "resource": "https://www.loc.gov/pictures/item/2012647038/resource/"}, "title": "Panama hat industry, Ecuador Workmen inspect drying hats, trimming loose ends. In foreground, straw used for making of braid is shown hanging from lines.", "image": {"alt": "digitized item thumbnail", "full": "https://tile.loc.gov/storage-services/service/pnp/ds/01800/01852_150px.jpg", "square": "https://tile.loc.gov/storage-services/service/pnp/ds/01800/01852_75x75px.jpg", "thumb": "https://tile.loc.gov/storage-services/service/pnp/ds/01800/01852_150px.jpg"}, "created": "2016-04-20T00:00:00Z", "modified": "2016-04-20T00:00:00Z", "collection": ["cph", "pp"], "creator": "United States. Office of the Coordinator of Inter-American Affairs.", "call_number": "FOREIGN GEOG FILE - Ecuador [item] [P&P]", "medium_brief": "1 photographic print.", "source_modified": "2012-05-08T00:00:00Z", "pk": "2012647038", "created_published_date": "[1944?]", "subjects": ["Ecuadorians--Arts & crafts--Ecuador--1940-1950.", "Ecuadorians--Employment--Ecuador--1940-1950.", "Hat industry--Ecuador--1940-1950.", "Straw hats--1940-1950.", "Laborers--Ecuador--1940-1950.", "Photographic prints--1940-1950."]}, {"source_created": "1993-08-03T00:00:00Z", "index": 6, "medium": "1 print : color lithograph ; sheet 53 x 34 cm. (poster format)", "reproduction_number": "", "links": {"item": "https://www.loc.gov/pictures/item/2014635590/", "resource": "https://www.loc.gov/pictures/item/2014635590/resource/"}, "title": "Plantation banjo player", "image": {"alt": "digitized item thumbnail", "full": "https://tile.loc.gov/storage-services/service/pnp/var/0200/0241/0241r.jpg", "square": "https://tile.loc.gov/storage-services/service/pnp/var/0200/0241/0241_75x75px.jpg", "thumb": "https://tile.loc.gov/storage-services/service/pnp/var/0200/0241/0241_150px.jpg"}, "created": "2016-04-20T00:00:00Z", "modified": "2016-04-20T00:00:00Z", "collection": ["ammem", "diof", "minload", "pp", "var"], "creator": "Courier Company.", "call_number": "POS - MIN - .U5, no. 2 (B size) [P&P]", "medium_brief": "1 print :", "source_modified": "2015-01-06T00:00:00Z", "pk": "2014635590", "created_published_date": "c1875.", "subjects": ["African Americans--Music.", "African Americans--Performances & portrayals.", "Banjos.", "Minstrel shows.", "Straw hats.", "Lithographs--Color.", "Theatrical posters--American."]}, {"source_created": "1994-02-01T00:00:00Z", "index": 7, "medium": "1 photographic print : albumen.", "reproduction_number": "LC-USZ62-109524 (b&w film copy neg.)", "links": {"item": "https://www.loc.gov/pictures/item/94500848/", "resource": "https://www.loc.gov/pictures/item/94500848/resource/"}, "title": "[Straw hat makers in Javanese Village seated before Javanese house, Paris Exposition, 1889]", "image": {"alt": "digitized item thumbnail", "full": "https://tile.loc.gov/storage-services/service/pnp/cph/3c00000/3c09000/3c09500/3c09524r.jpg", "square": "https://tile.loc.gov/storage-services/service/pnp/cph/3c00000/3c09000/3c09500/3c09524_75x75px.jpg", "thumb": "https://tile.loc.gov/storage-services/service/pnp/cph/3c00000/3c09000/3c09500/3c09524_150px.jpg"}, "created": "2016-04-20T00:00:00Z", "modified": "2016-04-20T00:00:00Z", "collection": ["cph", "diof", "pp"], "creator": null, "call_number": "LOT 6634, no. 285 (M) USE SURROGATE [P&P]", "medium_brief": "1 photographic print :", "source_modified": "2004-07-15T00:00:00Z", "pk": "94500848", "created_published_date": "[1889]", "subjects": ["Exposition universelle de 1889--(Paris, France)", "Exhibitions--France--Paris--1880-1890.", "Straw hats--1880-1890.", "Albumen prints--1880-1890.", "Group portraits--1880-1890.", "Portrait photographs--1880-1890."]}, {"source_created": "2016-12-13T00:00:00Z", "index": 8, "medium": "1 photograph : digital, tiff file, color.", "reproduction_number": "LC-DIG-highsm-41497 (original digital file)", "links": {"item": "https://www.loc.gov/pictures/item/2016632315/", "resource": "https://www.loc.gov/pictures/item/2016632315/resource/"}, "title": "Men's straw hats, hanging inside the farmhouse at Yoder's Amish Home, an authentic Amish farm that began accepting visitors in 1983 near Walnut Creek in central Ohio, along the \"Amish Country Byway\"", "image": {"alt": "digitized item thumbnail", "full": "https://tile.loc.gov/storage-services/service/pnp/highsm/41400/41497r.jpg", "square": "https://tile.loc.gov/storage-services/service/pnp/highsm/41400/41497_75x75px.jpg", "thumb": "https://tile.loc.gov/storage-services/service/pnp/highsm/41400/41497_150px.jpg"}, "created": "2016-12-20T00:00:00Z", "modified": "2016-12-20T00:00:00Z", "collection": ["diof", "highsm", "minload", "pp"], "creator": "Highsmith, Carol M., 1946-", "call_number": "LC-DIG-highsm- 41497 (ONLINE) [P&P]", "medium_brief": "1 photograph :", "source_modified": "2016-12-15T00:00:00Z", "pk": "2016632315", "created_published_date": "2016-10-08.", "subjects": ["United States--Ohio--Holmes County--Walnut Creek.", "America", "Amish", "Ohio Amish country", "Amish country byway", "Yoder's Amish home", "Amish houses", "Amish hats", "Straw hats", "Digital photographs--Color--2010-2020."]}, {"source_created": "1996-01-04T00:00:00Z", "index": 9, "medium": "30 photographic prints (contact sheets).", "reproduction_number": "", "links": {"item": "https://www.loc.gov/pictures/item/2016714035/", "resource": null}, "title": "Crushable straws", "image": {"alt": "Look magazine thumbnail", "full": "https://www.loc.gov/pictures/static/images/item/500x500_look.png", "square": "https://www.loc.gov/pictures/static/images/item/lmc_square.png", "thumb": "https://www.loc.gov/pictures/static/images/item/lmc_thumb_large.jpg"}, "created": "2017-01-17T00:00:00Z", "modified": "2017-01-17T00:00:00Z", "collection": ["lmc", "pp"], "creator": "Jones, Douglas, 1916-1987", "call_number": "LOOK - Job 57-7247 [P&P]", "medium_brief": "30 photographic prints (contact sheets).", "source_modified": "2017-01-12T00:00:00Z", "pk": "2016714035", "created_published_date": "1957 May 7 (date added to Look's library)", "subjects": ["Straw hats.", "Men--Clothing & dress.", "Contact sheets.", "Fashion photographs."]}, {"source_created": "1996-09-13T00:00:00Z", "index": 10, "medium": "3 photographic prints (contact sheets).", "reproduction_number": "", "links": {"item": "https://www.loc.gov/pictures/item/2016715074/", "resource": null}, "title": "For women only -- John Frederics hats", "image": {"alt": "Look magazine thumbnail", "full": "https://www.loc.gov/pictures/static/images/item/500x500_look.png", "square": "https://www.loc.gov/pictures/static/images/item/lmc_square.png", "thumb": "https://www.loc.gov/pictures/static/images/item/lmc_thumb_large.jpg"}, "created": "2017-01-17T00:00:00Z", "modified": "2017-01-17T00:00:00Z", "collection": ["lmc", "pp"], "creator": "Vaccaro, Michael A.", "call_number": "LOOK - Job 60-8644 [P&P]", "medium_brief": "3 photographic prints (contact sheets).", "source_modified": "2017-01-12T00:00:00Z", "pk": "2016715074", "created_published_date": "1960 Jan. 11 (date added to Look's library)", "subjects": ["Women--Clothing & dress.", "Straw hats.", "Contact sheets.", "Fashion photographs."]}, {"source_created": "1997-01-28T00:00:00Z", "index": 11, "medium": "published 8 transparencies : color.", "reproduction_number": "", "links": {"item": "https://www.loc.gov/pictures/item/2016715811/", "resource": null}, "title": "Men's fashion -- Florida resort wear", "image": {"alt": "Look magazine thumbnail", "full": "https://www.loc.gov/pictures/static/images/item/500x500_look.png", "square": "https://www.loc.gov/pictures/static/images/item/lmc_square.png", "thumb": "https://www.loc.gov/pictures/static/images/item/lmc_thumb_large.jpg"}, "created": "2017-01-17T00:00:00Z", "modified": "2017-01-17T00:00:00Z", "collection": ["lmc", "pp"], "creator": "Kirkland, Douglas, 1934-", "call_number": "LOOK - Job 61-9272 [P&P]", "medium_brief": "8 transparencies :\n2 slides :\nca. 140 slides :\nca. 645 transparencies :", "source_modified": "2017-01-12T00:00:00Z", "pk": "2016715811", "created_published_date": "1961 May 4 (date added to Look's library)", "subjects": ["Men--Clothing & dress.", "Women--Clothing & dress.", "Straw hats.", "Contact sheets.", "Fashion photographs.", "Slides--Color.", "Transparencies--Color."]}, {"source_created": "1999-04-07T00:00:00Z", "index": 12, "medium": "8 photographic prints (contact sheets).", "reproduction_number": "", "links": {"item": "https://www.loc.gov/pictures/item/2016720041/", "resource": null}, "title": "Sleeveless suit", "image": {"alt": "Look magazine thumbnail", "full": "https://www.loc.gov/pictures/static/images/item/500x500_look.png", "square": "https://www.loc.gov/pictures/static/images/item/lmc_square.png", "thumb": "https://www.loc.gov/pictures/static/images/item/lmc_thumb_large.jpg"}, "created": "2017-01-17T00:00:00Z", "modified": "2017-01-17T00:00:00Z", "collection": ["lmc", "pp"], "creator": "Brooks, Charlotte, 1918-2014", "call_number": "LOOK - Job 55-3920 [P&P]", "medium_brief": "8 photographic prints (contact sheets).", "source_modified": "2017-01-12T00:00:00Z", "pk": "2016720041", "created_published_date": "1955 Apr. 21 (date added to Look's library)", "subjects": ["Women--Clothing & dress.", "Straw hats.", "Contact sheets.", "Fashion photographs."]}, {"source_created": "1999-05-06T00:00:00Z", "index": 13, "medium": "published 5 transparencies : color.", "reproduction_number": "", "links": {"item": "https://www.loc.gov/pictures/item/2016720178/", "resource": null}, "title": "Men's fashions", "image": {"alt": "Look magazine thumbnail", "full": "https://www.loc.gov/pictures/static/images/item/500x500_look.png", "square": "https://www.loc.gov/pictures/static/images/item/lmc_square.png", "thumb": "https://www.loc.gov/pictures/static/images/item/lmc_thumb_large.jpg"}, "created": "2017-01-17T00:00:00Z", "modified": "2017-01-17T00:00:00Z", "collection": ["lmc", "pp"], "creator": "Morgan, Bert, 1904-1986", "call_number": "LOOK - Job 53-2322 [P&P]", "medium_brief": "5 transparencies :\n2 transparencies :\n15 negatives :", "source_modified": "2017-01-12T00:00:00Z", "pk": "2016720178", "created_published_date": "1953 June 30 (date added to Look's library)", "subjects": ["Straw hats.", "Men--Clothing & dress.", "Fashion photographs.", "Safety film negatives.", "Transparencies--Color."]}, {"source_created": "2000-08-18T00:00:00Z", "index": 14, "medium": "3 photographic prints (contact sheets).", "reproduction_number": "", "links": {"item": "https://www.loc.gov/pictures/item/2016722067/", "resource": null}, "title": "Hat headed look -- men's fashion", "image": {"alt": "Look magazine thumbnail", "full": "https://www.loc.gov/pictures/static/images/item/500x500_look.png", "square": "https://www.loc.gov/pictures/static/images/item/lmc_square.png", "thumb": "https://www.loc.gov/pictures/static/images/item/lmc_thumb_large.jpg"}, "created": "2017-01-17T00:00:00Z", "modified": "2017-01-17T00:00:00Z", "collection": ["lmc", "pp"], "creator": "Vaccaro, Michael A.", "call_number": "LOOK - Job 52-1084 [P&P]", "medium_brief": "3 photographic prints (contact sheets).", "source_modified": "2017-01-12T00:00:00Z", "pk": "2016722067", "created_published_date": "1952 Apr. 29 (date added to Look's library)", "subjects": ["Men--Clothing & dress.", "Straw hats.", "Contact sheets.", "Fashion photographs."]}, {"source_created": "1996-10-17T00:00:00Z", "index": 15, "medium": "1 photographic print.", "reproduction_number": "LC-USZ62-117314 (b&w film copy neg.)", "links": {"item": "https://www.loc.gov/pictures/item/96521713/", "resource": "https://www.loc.gov/pictures/item/96521713/resource/"}, "title": "[Young man, wearing straw hat, reading to two men, Harper's Ferry]", "image": {"alt": "digitized item thumbnail", "full": "https://tile.loc.gov/storage-services/service/pnp/cph/3c10000/3c17000/3c17300/3c17314_150px.jpg", "square": "https://tile.loc.gov/storage-services/service/pnp/cph/3c10000/3c17000/3c17300/3c17314_75x75px.jpg", "thumb": "https://tile.loc.gov/storage-services/service/pnp/cph/3c10000/3c17000/3c17300/3c17314_150px.jpg"}, "created": "2017-06-06T00:00:00Z", "modified": "2017-06-06T00:00:00Z", "collection": ["cph", "pp"], "creator": "Jung, Theodor, 1906-1996", "call_number": "LOT 8048 <item> [P&P]", "medium_brief": "1 photographic print.", "source_modified": "2017-05-31T00:00:00Z", "pk": "96521713", "created_published_date": "[ca. 1942]", "subjects": ["Straw hats--1940-1950.", "Men--Clothing & dress--West Virginia--Harpers Ferry--1940-1950.", "Photographic prints--1940-1950."]}, {"source_created": "2016-09-26T00:00:00Z", "index": 16, "medium": "1 print ; (poster format)", "reproduction_number": "LC-DIG-ds-13197 (digital file from original)", "links": {"item": "https://www.loc.gov/pictures/item/2016651213/", "resource": "https://www.loc.gov/pictures/item/2016651213/resource/"}, "title": "Todos con Viet Nam, del 13 al 19 de marzo", "image": {"alt": "digitized item thumbnail", "full": "https://tile.loc.gov/storage-services/service/pnp/ds/13100/13197_150px.jpg", "square": "https://tile.loc.gov/storage-services/service/pnp/ds/13100/13197_75x75px.jpg", "thumb": "https://tile.loc.gov/storage-services/service/pnp/ds/13100/13197_150px.jpg"}, "created": "2019-09-17T00:00:00Z", "modified": "2019-09-17T00:00:00Z", "collection": ["pp", "yan"], "creator": "OSPAAAL (Organization)", "call_number": "POS 6 - Cuba, no. 21 (C size) [P&P]", "medium_brief": "1 print ;", "source_modified": "2019-07-02T00:00:00Z", "pk": "2016651213", "created_published_date": "1971.", "subjects": ["Vietnam War, 1961-1975.", "Solidarity--1970-1980.", "Straw hats--1970-1980.", "Vietnam.", "Posters--Cuban--1970-1980.", "Prints--Color--1970-1980."]}, {"source_created": "2019-02-14T00:00:00Z", "index": 17, "medium": "1 print : chromolithograph ; sheet 92 x 122 cm. or less.", "reproduction_number": "LC-DIG-ppmsca-44524 (digital file from original item)", "links": {"item": "https://www.loc.gov/pictures/item/2018695174/", "resource": "https://www.loc.gov/pictures/item/2018695174/resource/"}, "title": "First premium, [child in straw hat sitting on a watermelon]", "image": {"alt": "digitized item thumbnail", "full": "https://tile.loc.gov/storage-services/service/pnp/ppmsca/44500/44524r.jpg", "square": "https://tile.loc.gov/storage-services/service/pnp/ppmsca/44500/44524_75x75px.jpg", "thumb": "https://tile.loc.gov/storage-services/service/pnp/ppmsca/44500/44524_150px.jpg"}, "created": "2019-09-17T00:00:00Z", "modified": "2019-09-17T00:00:00Z", "collection": ["diof", "pga", "pp"], "creator": null, "call_number": "PAGA 7, no. 1124 (E size) [P&P]", "medium_brief": "1 print :", "source_modified": "2019-06-15T00:00:00Z", "pk": "2018695174", "created_published_date": "1900.", "subjects": ["children", "Watermelons", "Straw hats", "Prints."]}, {"source_created": "2019-02-14T00:00:00Z", "index": 18, "medium": "1 print : chromolithograph ; sheet 92 x 122 cm. or less.", "reproduction_number": "LC-DIG-ppmsca-45489 (digital file from original item)", "links": {"item": "https://www.loc.gov/pictures/item/2018696116/", "resource": "https://www.loc.gov/pictures/item/2018696116/resource/"}, "title": "Cherries in a hat", "image": {"alt": "digitized item thumbnail", "full": "https://tile.loc.gov/storage-services/service/pnp/ppmsca/45400/45489r.jpg", "square": "https://tile.loc.gov/storage-services/service/pnp/ppmsca/45400/45489_75x75px.jpg", "thumb": "https://tile.loc.gov/storage-services/service/pnp/ppmsca/45400/45489_150px.jpg"}, "created": "2019-09-17T00:00:00Z", "modified": "2019-09-17T00:00:00Z", "collection": ["diof", "pga", "pp"], "creator": null, "call_number": "PAGA 7, no. 2089 (E size) [P&P]", "medium_brief": "1 print :", "source_modified": "2019-06-15T00:00:00Z", "pk": "2018696116", "created_published_date": "c1868.", "subjects": ["Cherries", "Straw hats", "Prints."]}, {"source_created": "2019-02-14T00:00:00Z", "index": 19, "medium": "1 print : chromolithograph ; sheet 92 x 122 cm. or less.", "reproduction_number": "LC-DIG-ppmsca-45591 (digital file from original item)", "links": {"item": "https://www.loc.gov/pictures/item/2018696218/", "resource": "https://www.loc.gov/pictures/item/2018696218/resource/"}, "title": "\"Lying in wait\"", "image": {"alt": "digitized item thumbnail", "full": "https://tile.loc.gov/storage-services/service/pnp/ppmsca/45500/45591r.jpg", "square": "https://tile.loc.gov/storage-services/service/pnp/ppmsca/45500/45591_75x75px.jpg", "thumb": "https://tile.loc.gov/storage-services/service/pnp/ppmsca/45500/45591_150px.jpg"}, "created": "2019-09-17T00:00:00Z", "modified": "2019-09-17T00:00:00Z", "collection": ["diof", "pga", "pp"], "creator": null, "call_number": "PAGA 7, no. 2191 (E size) [P&P]", "medium_brief": "1 print :", "source_modified": "2019-06-15T00:00:00Z", "pk": "2018696218", "created_published_date": "c1886.", "subjects": ["women", "Straw hats", "Prints."]}, {"source_created": "2007-03-19T00:00:00Z", "index": 20, "medium": "1 drawing : watercolor and grey ink ; 21 x 13.2 cm. (sheet)", "reproduction_number": "LC-DIG-ppmsca-13417 (digital file from original drawing)\nLC-USZC4-13403 (color film copy transparency)", "links": {"item": "https://www.loc.gov/pictures/item/2007675694/", "resource": "https://www.loc.gov/pictures/item/2007675694/resource/"}, "title": "[Negro man in straw hat, standing, stripping cane]", "image": {"alt": "digitized item thumbnail", "full": "https://tile.loc.gov/storage-services/service/pnp/ppmsca/13400/13417r.jpg", "square": "https://tile.loc.gov/storage-services/service/pnp/ppmsca/13400/13417_75x75px.jpg", "thumb": "https://tile.loc.gov/storage-services/service/pnp/ppmsca/13400/13417_150px.jpg"}, "created": "2020-06-24T00:00:00Z", "modified": "2020-06-24T00:00:00Z", "collection": ["8", "cph", "diof", "drwg", "exh", "l4622", "pp"], "creator": "Berryman, William", "call_number": "DRWG 1 - Berryman, no. 127 (AA size) [P&P]", "medium_brief": "1 drawing :", "source_modified": "2020-05-26T00:00:00Z", "pk": "2007675694", "created_published_date": "[between 1808 and 1815]", "subjects": ["Men--Jamaica--1800-1820.", "Straw hats--Jamaica--1800-1820.", "Sugarcane--Jamaica--1800-1820.", "Watercolors--1800-1820."]}, {"source_created": "2020-10-20T00:00:00Z", "index": 21, "medium": "1 photograph : gelatin silver print ; sheet 28 x 23 cm (8 x 10 in. format)", "reproduction_number": "LC-DIG-ppmsca-70424 (digital file from original)", "links": {"item": "https://www.loc.gov/pictures/item/2020636596/", "resource": "https://www.loc.gov/pictures/item/2020636596/resource/"}, "title": "[Man in straw hat seated on milk crate, reading]", "image": {"alt": "digitized item thumbnail", "full": "https://tile.loc.gov/storage-services/service/pnp/ppmsca/70400/70424r.jpg", "square": "https://tile.loc.gov/storage-services/service/pnp/ppmsca/70400/70424_75x75px.jpg", "thumb": "https://tile.loc.gov/storage-services/service/pnp/ppmsca/70400/70424_150px.jpg"}, "created": "2020-12-15T07:48:38Z", "modified": "2020-12-15T07:48:40Z", "collection": ["cph", "diof", "pp"], "creator": "Rizzuto, Angelo, 1906-1967", "call_number": "LOT 15144-J, no. 111 [P&P]", "medium_brief": "1 photograph :", "source_modified": "2020-12-08T14:18:08Z", "pk": "2020636596", "created_published_date": "08/1958 [August 1958]", "subjects": ["Men--New York (State)--New York--1950-1960.", "Straw hats--New York (State)--New York--1950-1960.", "Periodicals--New York (State)--New York--1950-1960.", "United States--New York (State)--New York.", "Gelatin silver prints--1950-1960.", "Portrait photographs--1950-1960."]}, {"source_created": "2020-10-26T00:00:00Z", "index": 22, "medium": "1 photograph : gelatin silver print ; sheet 26 x 21 cm (8 x 10 in. format)", "reproduction_number": "LC-DIG-ppmsca-70582 (digital file from original)", "links": {"item": "https://www.loc.gov/pictures/item/2020636754/", "resource": "https://www.loc.gov/pictures/item/2020636754/resource/"}, "title": "[Unidentified man in straw hat on the corner of 5th Avenue and E 55th Street, New York City]", "image": {"alt": "digitized item thumbnail", "full": "https://tile.loc.gov/storage-services/service/pnp/ppmsca/70500/70582r.jpg", "square": "https://tile.loc.gov/storage-services/service/pnp/ppmsca/70500/70582_75x75px.jpg", "thumb": "https://tile.loc.gov/storage-services/service/pnp/ppmsca/70500/70582_150px.jpg"}, "created": "2020-12-15T07:36:28Z", "modified": "2020-12-15T07:36:30Z", "collection": ["cph", "diof", "pp"], "creator": "Rizzuto, Angelo, 1906-1967", "call_number": "LOT 15144-K, no. 79 [P&P]", "medium_brief": "1 photograph :", "source_modified": "2020-12-08T19:15:38Z", "pk": "2020636754", "created_published_date": "06/1959 [June 1959]", "subjects": ["Men--New York (State)--New York--1950-1960.", "Straw hats--New York (State)--New York--1950-1960.", "Cigars--New York (State)--New York--1950-1960.", "City & town life--New York (State)--New York--1950-1960.", "United States--New York (State)--New York.", "Gelatin silver prints--1950-1960.", "Portrait photographs--1950-1960."]}]}