{"search": {"field": "subject", "hits": 4, "sort_order": null, "do_facets": true, "focus_item": null, "query": "Surplus government property", "type": "search", "sort_by": null}, "focus": null, "views": {"current": "list", "grid": "https://www.loc.gov/pictures/search/?q=Surplus+government+property&fi=subject&va=exact&st=grid&op=PHRASE", "list": "https://www.loc.gov/pictures/search/?q=Surplus+government+property&fi=subject&op=PHRASE&va=exact", "gallery": "https://www.loc.gov/pictures/search/?q=Surplus+government+property&fi=subject&va=exact&st=gallery&op=PHRASE", "slideshow": "https://www.loc.gov/pictures/search/?q=Surplus+government+property&fi=subject&va=exact&st=slideshow&op=PHRASE"}, "facets": [{"type": "displayed", "filters": [{"count": 1, "on": "https://www.loc.gov/pictures/search/?va=exact&sp=1&q=Surplus+government+property&fa=displayed%3Aanywhere&fi=subject&op=PHRASE&fo=json", "selected": false, "off": "https://www.loc.gov/pictures/search/?va=exact&sp=1&q=Surplus+government+property&fi=subject&fo=json&op=PHRASE", "title": "Larger image available anywhere"}, {"count": 2, "on": "https://www.loc.gov/pictures/search/?va=exact&sp=1&q=Surplus+government+property&fa=displayed%3Alc_only&fi=subject&op=PHRASE&fo=json", "selected": false, "off": "https://www.loc.gov/pictures/search/?va=exact&sp=1&q=Surplus+government+property&fi=subject&fo=json&op=PHRASE", "title": "Larger image available only at the Library of Congress"}, {"count": 1, "on": "https://www.loc.gov/pictures/search/?va=exact&sp=1&q=Surplus+government+property&fa=displayed%3Anot_digitized&fi=subject&op=PHRASE&fo=json", "selected": false, "off": "https://www.loc.gov/pictures/search/?va=exact&sp=1&q=Surplus+government+property&fi=subject&fo=json&op=PHRASE", "title": "Not Digitized"}], "title": "displayed"}], "links": {"json": "//www.loc.gov/pictures/search/?fi=subject&q=Surplus+government+property&op=PHRASE&va=exact&fo=json", "html": "//www.loc.gov/pictures/search/?fi=subject&q=Surplus+government+property&op=PHRASE&va=exact", "rss": "//www.loc.gov/pictures/search/?fi=subject&q=Surplus+government+property&op=PHRASE&va=exact&fo=rss"}, "suggestions": {"possible": []}, "pages": {"current": 1, "next": null, "perpage": 20, "last": null, "page_list": [{"url": null, "number": 1}], "previous": null, "total": 1, "results": "1 - 4", "first": null}, "collection": null, "results": [{"source_created": "2012-11-19T00:00:00Z", "index": 1, "medium": "1 drawing.", "reproduction_number": "LC-DIG-hlb-13986 (digital file from original drawing)", "links": {"item": "https://www.loc.gov/pictures/item/2012643308/", "resource": "https://www.loc.gov/pictures/item/2012643308/resource/"}, "title": "\"He's big on education\"", "image": {"alt": "digitized item thumbnail", "full": "https://tile.loc.gov/storage-services/service/pnp/hlb/13900/13986_150px.jpg", "square": "https://tile.loc.gov/storage-services/service/pnp/hlb/13900/13986_75x75px.jpg", "thumb": "https://tile.loc.gov/storage-services/service/pnp/hlb/13900/13986_150px.jpg"}, "created": "2016-04-20T00:00:00Z", "modified": "2016-04-20T00:00:00Z", "collection": ["hlb", "minload", "pp"], "creator": "Block, Herbert, 1909-2001", "call_number": "BLOCK, no. 13986 (BB size)", "medium_brief": "1 drawing.", "source_modified": "2015-07-16T00:00:00Z", "pk": "2012643308", "created_published_date": "10/27/2000.", "subjects": ["Bush, George W.--(George Walker),--1946-", "Presidential elections", "Mathematics", "Surplus government property", "Teachers", "Drawings--American.", "Editorial cartoons--American."]}, {"source_created": "2012-11-19T00:00:00Z", "index": 2, "medium": "1 drawing.", "reproduction_number": "LC-DIG-hlb-13773 (digital file from original drawing)", "links": {"item": "https://www.loc.gov/pictures/item/2012644119/", "resource": "https://www.loc.gov/pictures/item/2012644119/resource/"}, "title": "\"How would you like a nice slab of beef right now?\"", "image": {"alt": "digitized item thumbnail", "full": "https://tile.loc.gov/storage-services/service/pnp/hlb/13700/13773_150px.jpg", "square": "https://tile.loc.gov/storage-services/service/pnp/hlb/13700/13773_75x75px.jpg", "thumb": "https://tile.loc.gov/storage-services/service/pnp/hlb/13700/13773_150px.jpg"}, "created": "2016-04-20T00:00:00Z", "modified": "2016-04-20T00:00:00Z", "collection": ["hlb", "minload", "pp"], "creator": "Block, Herbert, 1909-2001", "call_number": "BLOCK, no. 13773 (BB size)", "medium_brief": "1 drawing.", "source_modified": "2015-06-29T00:00:00Z", "pk": "2012644119", "created_published_date": "6/30/1999.", "subjects": ["United States.--Congress.", "Surplus government property", "Social security", "Public debt", "Tax cuts", "cows", "Medicare", "Farmers", "Axes", "Drawings--American.", "Editorial cartoons--American."]}, {"source_created": "2012-01-11T00:00:00Z", "index": 3, "medium": "1 print : chromolithograph.", "reproduction_number": "LC-DIG-ppmsca-28321 (digital file from original print)", "links": {"item": "https://www.loc.gov/pictures/item/2012645203/", "resource": "https://www.loc.gov/pictures/item/2012645203/resource/"}, "title": "Puck's plan to relieve the country of two embarrassments - give Grant the surplus, and let him spend it on a little court of his own", "image": {"alt": "digitized item thumbnail", "full": "https://tile.loc.gov/storage-services/service/pnp/ppmsca/28300/28321r.jpg", "square": "https://tile.loc.gov/storage-services/service/pnp/ppmsca/28300/28321_75x75px.jpg", "thumb": "https://tile.loc.gov/storage-services/service/pnp/ppmsca/28300/28321_150px.jpg"}, "created": "2019-05-06T00:00:00Z", "modified": "2019-05-06T00:00:00Z", "collection": ["cph", "diof", "pp"], "creator": "Gillam, Bernhard, 1856-1896", "call_number": "Illus. in AP101.P7 1884 (Case X) [P&P]", "medium_brief": "1 print :", "source_modified": "2012-01-11T00:00:00Z", "pk": "2012645203", "created_published_date": "1884 May 21.", "subjects": ["Newman, John Philip,--1826-1899.", "Beecher, Henry Ward,--1813-1887.", "Conkling, Roscoe,--1829-1888.", "Grant, Ulysses S.--(Ulysses Simpson),--1822-1885.", "Gould, Jay,--1836-1892.", "Childs, George William,--1829-1894.", "Belknap, William W.--(William Worth),--1829-1890.", "Jones, John P.--(John Percival),--1829-1912.", "Cameron, Simon,--1799-1889.", "Cameron, J. D.--(James Donald),--1833-1918.", "Fish, James Dean,--1819-1912.", "Logan, John Alexander,--1826-1886.", "Ward, Ferdinand De Wilton,--1851-1925.", "Platt, Thomas Collier,--1833-1910.", "Robeson, George M.--(George Maxwell),--1829-1897.", "Keifer, Joseph Warren,--1836-1932.", "Corruption--1880-1890.", "Scandals--1880-1890.", "Surplus government property--1880-1890.", "Fools & jesters--1880-1890.", "Kings--1880-1890.", "Cartoons (Commentary)--1880-1890.", "Chromolithographs--Color--1880-1890.", "Periodical illustrations--1880-1890."]}, {"source_created": "2012-05-02T00:00:00Z", "index": 4, "medium": "1 print : chromolithograph.", "reproduction_number": "", "links": {"item": "https://www.loc.gov/pictures/item/2012647312/", "resource": null}, "title": "The pension swindle", "image": {"alt": "item not digitized thumbnail", "full": "https://www.loc.gov/pictures/static/images/item/500x500_notdigitized.png", "square": "https://www.loc.gov/pictures/static/images/item/not_digitized_buttons75X75.png", "thumb": "https://www.loc.gov/pictures/static/images/item/notdigitized_buttons140X120.png"}, "created": "2019-05-06T00:00:00Z", "modified": "2019-05-06T00:00:00Z", "collection": ["cph", "diof", "pp"], "creator": null, "call_number": "Illus. in AP101.P7 1881 (Case X) [P&P]", "medium_brief": "1 print :", "source_modified": "2012-05-02T00:00:00Z", "pk": "2012647312", "created_published_date": "1881 December 7.", "subjects": ["Folger, Charles J.--(Charles James),--1818-1884.", "United States.--Dept. of the Treasury--1880-1890.", "Uncle Sam (Symbolic character)--1880-1890.", "Pensions--1880-1890.", "Swindlers--1880-1890.", "Surplus government property--1880-1890.", "Widows--1880-1890.", "Cartoons (Commentary)--1880-1890.", "Chromolithographs--Color--1880-1890.", "Periodical illustrations--1880-1890."]}]}