{"search": {"field": "subject", "hits": 2, "sort_order": null, "do_facets": true, "focus_item": null, "query": "Steam donkeys", "type": "search", "sort_by": null}, "focus": null, "views": {"current": "list", "grid": "https://www.loc.gov/pictures/search/?q=Steam+donkeys&fi=subject&va=exact&st=grid&op=PHRASE", "list": "https://www.loc.gov/pictures/search/?q=Steam+donkeys&fi=subject&op=PHRASE&va=exact", "gallery": "https://www.loc.gov/pictures/search/?q=Steam+donkeys&fi=subject&va=exact&st=gallery&op=PHRASE", "slideshow": "https://www.loc.gov/pictures/search/?q=Steam+donkeys&fi=subject&va=exact&st=slideshow&op=PHRASE"}, "facets": [{"type": "displayed", "filters": [{"count": 2, "on": "https://www.loc.gov/pictures/search/?va=exact&sp=1&q=Steam+donkeys&fa=displayed%3Aanywhere&fi=subject&op=PHRASE&fo=json", "selected": false, "off": "https://www.loc.gov/pictures/search/?va=exact&sp=1&q=Steam+donkeys&fi=subject&fo=json&op=PHRASE", "title": "Larger image available anywhere"}, {"count": 0, "on": "https://www.loc.gov/pictures/search/?va=exact&sp=1&q=Steam+donkeys&fa=displayed%3Alc_only&fi=subject&op=PHRASE&fo=json", "selected": false, "off": "https://www.loc.gov/pictures/search/?va=exact&sp=1&q=Steam+donkeys&fi=subject&fo=json&op=PHRASE", "title": "Larger image available only at the Library of Congress"}, {"count": 0, "on": "https://www.loc.gov/pictures/search/?va=exact&sp=1&q=Steam+donkeys&fa=displayed%3Anot_digitized&fi=subject&op=PHRASE&fo=json", "selected": false, "off": "https://www.loc.gov/pictures/search/?va=exact&sp=1&q=Steam+donkeys&fi=subject&fo=json&op=PHRASE", "title": "Not Digitized"}], "title": "displayed"}], "links": {"json": "//www.loc.gov/pictures/search/?fi=subject&q=Steam+donkeys&op=PHRASE&va=exact&fo=json", "html": "//www.loc.gov/pictures/search/?fi=subject&q=Steam+donkeys&op=PHRASE&va=exact", "rss": "//www.loc.gov/pictures/search/?fi=subject&q=Steam+donkeys&op=PHRASE&va=exact&fo=rss"}, "suggestions": {"possible": []}, "pages": {"current": 1, "next": null, "perpage": 20, "last": null, "page_list": [{"url": null, "number": 1}], "previous": null, "total": 1, "results": "1 - 2", "first": null}, "collection": null, "results": [{"source_created": "2012-06-25T00:00:00Z", "index": 1, "medium": "1 photographic print.", "reproduction_number": "LC-USZ62-16865 (b&w film copy neg.)", "links": {"item": "https://www.loc.gov/pictures/item/2012647880/", "resource": "https://www.loc.gov/pictures/item/2012647880/resource/"}, "title": "Logging scene near Tacoma", "image": {"alt": "digitized item thumbnail", "full": "https://tile.loc.gov/storage-services/service/pnp/cph/3a10000/3a19000/3a19000/3a19064r.jpg", "square": "https://tile.loc.gov/storage-services/service/pnp/cph/3a10000/3a19000/3a19000/3a19064_75x75px.jpg", "thumb": "https://tile.loc.gov/storage-services/service/pnp/cph/3a10000/3a19000/3a19000/3a19064_150px.jpg"}, "created": "2016-04-20T00:00:00Z", "modified": "2016-04-20T00:00:00Z", "collection": ["cph", "diof", "pp"], "creator": null, "call_number": "SSF - Industry -- Lumber -- Washington [item] [P&P]", "medium_brief": "1 photographic print.", "source_modified": "2012-06-27T00:00:00Z", "pk": "2012647880", "created_published_date": "[between ca. 1910 and ca. 1920]", "subjects": ["Logs--Washington (State)--Tacoma--1910-1920.", "Loggers--Washington (State)--Tacoma--1910-1920.", "Lumber industry--Washington (State)--Tacoma--1910-1920.", "Steam donkeys--Washington (State)--Tacoma--1910-1920.", "Photographic prints--1910-1920."]}, {"source_created": "2012-06-27T00:00:00Z", "index": 2, "medium": "1 photographic print.", "reproduction_number": "LC-USZ62-16559 (b&w film copy neg.)", "links": {"item": "https://www.loc.gov/pictures/item/2012647886/", "resource": "https://www.loc.gov/pictures/item/2012647886/resource/"}, "title": "Skidding logs with steam jammer", "image": {"alt": "digitized item thumbnail", "full": "https://tile.loc.gov/storage-services/service/pnp/cph/3a10000/3a18000/3a18700/3a18766r.jpg", "square": "https://tile.loc.gov/storage-services/service/pnp/cph/3a10000/3a18000/3a18700/3a18766_75x75px.jpg", "thumb": "https://tile.loc.gov/storage-services/service/pnp/cph/3a10000/3a18000/3a18700/3a18766_150px.jpg"}, "created": "2016-04-20T00:00:00Z", "modified": "2016-04-20T00:00:00Z", "collection": ["cph", "diof", "pp"], "creator": null, "call_number": "SSF - Industry -- Lumber -- Washington [item] [P&P]", "medium_brief": "1 photographic print.", "source_modified": "2012-06-27T00:00:00Z", "pk": "2012647886", "created_published_date": "[between ca. 1910 and ca. 1920]", "subjects": ["Logs--Washington (State)--Bellingham--1910-1920.", "Loggers--Washington (State)--Bellingham--1910-1920.", "Lumber industry--Washington (State)--Bellingham--1910-1920.", "Steam donkeys--Washington (State)--Bellingham--1910-1920.", "Photographic prints--1910-1920."]}]}