{"search": {"field": "subject", "hits": 143, "sort_order": null, "do_facets": true, "focus_item": null, "query": "Demons", "type": "search", "sort_by": null}, "focus": null, "views": {"current": "list", "grid": "https://www.loc.gov/pictures/search/?q=Demons&fi=subject&va=exact&st=grid&op=PHRASE", "list": "https://www.loc.gov/pictures/search/?q=Demons&fi=subject&op=PHRASE&va=exact", "gallery": "https://www.loc.gov/pictures/search/?q=Demons&fi=subject&va=exact&st=gallery&op=PHRASE", "slideshow": "https://www.loc.gov/pictures/search/?q=Demons&fi=subject&va=exact&st=slideshow&op=PHRASE"}, "facets": [{"type": "displayed", "filters": [{"count": 106, "on": "https://www.loc.gov/pictures/search/?va=exact&sp=1&q=Demons&fa=displayed%3Aanywhere&fi=subject&op=PHRASE&fo=json", "selected": false, "off": "https://www.loc.gov/pictures/search/?va=exact&sp=1&q=Demons&fi=subject&fo=json&op=PHRASE", "title": "Larger image available anywhere"}, {"count": 14, "on": "https://www.loc.gov/pictures/search/?va=exact&sp=1&q=Demons&fa=displayed%3Alc_only&fi=subject&op=PHRASE&fo=json", "selected": false, "off": "https://www.loc.gov/pictures/search/?va=exact&sp=1&q=Demons&fi=subject&fo=json&op=PHRASE", "title": "Larger image available only at the Library of Congress"}, {"count": 23, "on": "https://www.loc.gov/pictures/search/?va=exact&sp=1&q=Demons&fa=displayed%3Anot_digitized&fi=subject&op=PHRASE&fo=json", "selected": false, "off": "https://www.loc.gov/pictures/search/?va=exact&sp=1&q=Demons&fi=subject&fo=json&op=PHRASE", "title": "Not Digitized"}], "title": "displayed"}], "links": {"json": "//www.loc.gov/pictures/search/?fi=subject&q=Demons&op=PHRASE&va=exact&fo=json", "html": "//www.loc.gov/pictures/search/?fi=subject&q=Demons&op=PHRASE&va=exact", "rss": "//www.loc.gov/pictures/search/?fi=subject&q=Demons&op=PHRASE&va=exact&fo=rss"}, "suggestions": {"possible": []}, "pages": {"current": 1, "next": "https://www.loc.gov/pictures/search/?q=Demons&fi=subject&sp=2&op=PHRASE&va=exact", "perpage": 20, "last": "https://www.loc.gov/pictures/search/?q=Demons&fi=subject&sp=7&op=PHRASE&va=exact", "page_list": [{"url": null, "number": 1}, {"url": "https://www.loc.gov/pictures/search/?q=Demons&fi=subject&sp=2&op=PHRASE&va=exact", "number": 2}, {"url": "https://www.loc.gov/pictures/search/?q=Demons&fi=subject&sp=3&op=PHRASE&va=exact", "number": 3}, {"url": "https://www.loc.gov/pictures/search/?q=Demons&fi=subject&sp=4&op=PHRASE&va=exact", "number": 4}, {"url": "https://www.loc.gov/pictures/search/?q=Demons&fi=subject&sp=5&op=PHRASE&va=exact", "number": 5}, {"url": "https://www.loc.gov/pictures/search/?q=Demons&fi=subject&sp=6&op=PHRASE&va=exact", "number": "..."}, {"url": "https://www.loc.gov/pictures/search/?q=Demons&fi=subject&sp=7&op=PHRASE&va=exact", "number": 7}], "previous": null, "total": 7, "results": "1 - 20", "first": null}, "collection": null, "results": [{"source_created": "2003-07-03T00:00:00Z", "index": 1, "medium": "1 drawing : gouache over graphite underdrawing, color ; 13 x 14 cm (sheet)", "reproduction_number": "LC-DIG-ppmsca-03349 (digital file from original drawing)", "links": {"item": "https://www.loc.gov/pictures/item/2003674027/", "resource": "https://www.loc.gov/pictures/item/2003674027/resource/"}, "title": "[Alcohol, Death, and the Devil]", "image": {"alt": "digitized item thumbnail", "full": "https://tile.loc.gov/storage-services/service/pnp/ppmsca/03300/03349r.jpg", "square": "https://tile.loc.gov/storage-services/service/pnp/ppmsca/03300/03349_75x75px.jpg", "thumb": "https://tile.loc.gov/storage-services/service/pnp/ppmsca/03300/03349_150px.jpg"}, "created": "2016-04-20T00:00:00Z", "modified": "2016-04-20T00:00:00Z", "collection": ["46", "cph", "diof", "exh", "l4610", "pp"], "creator": "Cruikshank, George, 1792-1878", "call_number": "Unprocessed in PR 13 CN 2001:055-4 [item] [P&P]", "medium_brief": "1 drawing :", "source_modified": "2006-10-24T00:00:00Z", "pk": "2003674027", "created_published_date": "[between 1830 and 1840]", "subjects": ["Temperance--Great Britain--1830-1840.", "Demons--1830-1860.", "Death's head--1830-1840.", "Cartoons (Commentary)--1830-1840.", "Drawings--1830-1840."]}, {"source_created": "2004-11-10T00:00:00Z", "index": 2, "medium": "1 print (2 pages) : woodcut, color.", "reproduction_number": "LC-USZC4-8719 (color film copy transparency)", "links": {"item": "https://www.loc.gov/pictures/item/2004666383/", "resource": "https://www.loc.gov/pictures/item/2004666383/resource/"}, "title": "[Two long-necked creatures accosting a noodle shop customer]", "image": {"alt": "digitized item thumbnail", "full": "https://tile.loc.gov/storage-services/service/pnp/cph/3g00000/3g08000/3g08700/3g08719r.jpg", "square": "https://tile.loc.gov/storage-services/service/pnp/cph/3g00000/3g08000/3g08700/3g08719_75x75px.jpg", "thumb": "https://tile.loc.gov/storage-services/service/pnp/cph/3g00000/3g08000/3g08700/3g08719_150px.jpg"}, "created": "2016-04-20T00:00:00Z", "modified": "2016-04-20T00:00:00Z", "collection": ["cph", "diof", "pp"], "creator": "Kawanabe, Ky\u014dsai, 1831-1889", "call_number": "Illus. in H25 [Asian RR]", "medium_brief": "1 print (2 pages) :", "source_modified": "2015-12-14T00:00:00Z", "pk": "2004666383", "created_published_date": "[1863?]", "subjects": ["Demons--Japan--1860-1870.", "Proverbs--1860-1870.", "Book illustrations--1860-1870.", "Ukiyo-e--1860-1870.", "Woodcuts--Japanese--Color--1860-1870."]}, {"source_created": "2006-04-04T00:00:00Z", "index": 3, "medium": "1 print : etching ; 24.7 x 34 cm.", "reproduction_number": "LC-DIG-ppmsca-10742 (digital file from original print)", "links": {"item": "https://www.loc.gov/pictures/item/2006680657/", "resource": "https://www.loc.gov/pictures/item/2006680657/resource/"}, "title": "Hell broke loose, or, The murder of Louis, vide, the account of that unfortunate monarch's execution", "image": {"alt": "digitized item thumbnail", "full": "https://tile.loc.gov/storage-services/service/pnp/ppmsca/10700/10742r.jpg", "square": "https://tile.loc.gov/storage-services/service/pnp/ppmsca/10700/10742_75x75px.jpg", "thumb": "https://tile.loc.gov/storage-services/service/pnp/ppmsca/10700/10742_150px.jpg"}, "created": "2016-04-20T00:00:00Z", "modified": "2016-04-20T00:00:00Z", "collection": ["cpbr", "diof", "pp", "reconpc3"], "creator": "Dent, William, active 1783-1793", "call_number": "PC 3 - 1793--Hell broke loose ... (A size) [P&P]", "medium_brief": "1 print :", "source_modified": "2013-05-31T00:00:00Z", "pk": "2006680657", "created_published_date": "1793.", "subjects": ["Louis--XVI,--King of France,--1754-1793--Death & burial.", "Decapitations--France--Paris--1790-1800.", "Guillotines (Punishment devices)--France--Paris--1790-1800.", "Demons--1790-1800.", "Cartoons (Commentary)--British--1790-1800.", "Etchings--1790-1800."]}, {"source_created": "2005-02-03T00:00:00Z", "index": 4, "medium": "1 print : woodcut, color ; 31 x 20.8 cm.", "reproduction_number": "LC-DIG-jpd-01505 (digital file from original print)", "links": {"item": "https://www.loc.gov/pictures/item/2008660320/", "resource": "https://www.loc.gov/pictures/item/2008660320/resource/"}, "title": "Tsuchigumo", "image": {"alt": "digitized item thumbnail", "full": "https://tile.loc.gov/storage-services/service/pnp/jpd/01500/01505r.jpg", "square": "https://tile.loc.gov/storage-services/service/pnp/jpd/01500/01505_75x75px.jpg", "thumb": "https://tile.loc.gov/storage-services/service/pnp/jpd/01500/01505_150px.jpg"}, "created": "2016-04-20T00:00:00Z", "modified": "2016-04-20T00:00:00Z", "collection": ["diof", "jpd", "minload", "pp"], "creator": "Taiso, Yoshitoshi, 1839-1892", "call_number": "FP 2 - JPD, no. 1360 (A size) [P&P]", "medium_brief": "1 print :", "source_modified": "2008-08-27T00:00:00Z", "pk": "2008660320", "created_published_date": "[188-]", "subjects": ["Warriors--Japan--1880-1890.", "Demons--1880-1890.", "Spiders--Japan--1880-1890.", "Ukiyo-e--Japanese--Color--1880-1890.", "Woodcuts--Japanese--Color--1880-1890."]}, {"source_created": "2005-02-03T00:00:00Z", "index": 5, "medium": "1 print : woodcut, color ; 27.5 x 21.4 cm.", "reproduction_number": "LC-DIG-jpd-01501 (digital file from original print)", "links": {"item": "https://www.loc.gov/pictures/item/2008660368/", "resource": "https://www.loc.gov/pictures/item/2008660368/resource/"}, "title": "Ibaraki", "image": {"alt": "digitized item thumbnail", "full": "https://tile.loc.gov/storage-services/service/pnp/jpd/01500/01501r.jpg", "square": "https://tile.loc.gov/storage-services/service/pnp/jpd/01500/01501_75x75px.jpg", "thumb": "https://tile.loc.gov/storage-services/service/pnp/jpd/01500/01501_150px.jpg"}, "created": "2016-04-20T00:00:00Z", "modified": "2016-04-20T00:00:00Z", "collection": ["diof", "jpd", "minload", "pp"], "creator": "Taiso, Yoshitoshi, 1839-1892", "call_number": "FP 2 - JPD, no. 1356 (A size) [P&P]", "medium_brief": "1 print :", "source_modified": "2008-08-27T00:00:00Z", "pk": "2008660368", "created_published_date": "[188-]", "subjects": ["Demons--1880-1890.", "Flying--Japan--1880-1890.", "Clothing & dress--Japan--1880-1890.", "Ukiyo-e--Japanese--Color--1880-1890.", "Woodcuts--Japanese--Color--1880-1890."]}, {"source_created": "2005-02-03T00:00:00Z", "index": 6, "medium": "1 print : woodcut, color ; 32.7 x 21.7 cm.", "reproduction_number": "LC-DIG-jpd-01504 (digital file from original print)", "links": {"item": "https://www.loc.gov/pictures/item/2008660371/", "resource": "https://www.loc.gov/pictures/item/2008660371/resource/"}, "title": "Omori Hikoshichi", "image": {"alt": "digitized item thumbnail", "full": "https://tile.loc.gov/storage-services/service/pnp/jpd/01500/01504r.jpg", "square": "https://tile.loc.gov/storage-services/service/pnp/jpd/01500/01504_75x75px.jpg", "thumb": "https://tile.loc.gov/storage-services/service/pnp/jpd/01500/01504_150px.jpg"}, "created": "2016-04-20T00:00:00Z", "modified": "2016-04-20T00:00:00Z", "collection": ["diof", "jpd", "minload", "pp"], "creator": "Taiso, Yoshitoshi, 1839-1892", "call_number": "FP 2 - JPD, no. 1359 (A size) [P&P]", "medium_brief": "1 print :", "source_modified": "2008-08-27T00:00:00Z", "pk": "2008660371", "created_published_date": "[188-]", "subjects": ["Warriors--Japan--1880-1890.", "Demons--1880-1890.", "Reflections--1880-1890.", "Fords (Stream crossings)--Japan--1880-1890.", "Clothing & dress--Japan--1880-1890.", "Ukiyo-e--Japanese--Color--1880-1890.", "Woodcuts--Japanese--Color--1880-1890."]}, {"source_created": "2005-02-03T00:00:00Z", "index": 7, "medium": "1 print : woodcut, color ; 26.9 x 21.1 cm.", "reproduction_number": "LC-DIG-jpd-01509 (digital file from original print)", "links": {"item": "https://www.loc.gov/pictures/item/2008660375/", "resource": "https://www.loc.gov/pictures/item/2008660375/resource/"}, "title": "Taira no Kiyomori", "image": {"alt": "digitized item thumbnail", "full": "https://tile.loc.gov/storage-services/service/pnp/jpd/01500/01509r.jpg", "square": "https://tile.loc.gov/storage-services/service/pnp/jpd/01500/01509_75x75px.jpg", "thumb": "https://tile.loc.gov/storage-services/service/pnp/jpd/01500/01509_150px.jpg"}, "created": "2016-04-20T00:00:00Z", "modified": "2016-04-20T00:00:00Z", "collection": ["diof", "jpd", "minload", "pp"], "creator": "Taiso, Yoshitoshi, 1839-1892", "call_number": "FP 2 - JPD, no. 1364 (A size) [P&P]", "medium_brief": "1 print :", "source_modified": "2008-08-27T00:00:00Z", "pk": "2008660375", "created_published_date": "[188-]", "subjects": ["Taira, Kiyomori,--1118-1181.", "Warriors--Japan--1880-1890.", "Demons--1880-1890.", "Ukiyo-e--Japanese--Color--1880-1890.", "Woodcuts--Japanese--Color--1880-1890."]}, {"source_created": "2005-02-03T00:00:00Z", "index": 8, "medium": "1 print : woodcut, color ; 23.5 x 19.5 cm.", "reproduction_number": "LC-DIG-jpd-01520 (digital file from original print)", "links": {"item": "https://www.loc.gov/pictures/item/2008660386/", "resource": "https://www.loc.gov/pictures/item/2008660386/resource/"}, "title": "Watanabe no tsuna to ibaraki", "image": {"alt": "digitized item thumbnail", "full": "https://tile.loc.gov/storage-services/service/pnp/jpd/01500/01520r.jpg", "square": "https://tile.loc.gov/storage-services/service/pnp/jpd/01500/01520_75x75px.jpg", "thumb": "https://tile.loc.gov/storage-services/service/pnp/jpd/01500/01520_150px.jpg"}, "created": "2016-04-20T00:00:00Z", "modified": "2016-04-20T00:00:00Z", "collection": ["diof", "jpd", "minload", "pp"], "creator": "Taiso, Yoshitoshi, 1839-1892", "call_number": "FP 2 - JPD, no. 1375 (A size) [P&P]", "medium_brief": "1 print :", "source_modified": "2008-08-28T00:00:00Z", "pk": "2008660386", "created_published_date": "[188-]", "subjects": ["Older people--Japan--1880-1890.", "Demons--1880-1890.", "Women--Clothing & dress--Japan--1880-1890.", "Ukiyo-e--Japanese--Color--1880-1890.", "Woodcuts--Japanese--Color--1880-1890."]}, {"source_created": "2005-02-03T00:00:00Z", "index": 9, "medium": "1 print : woodcut, color.", "reproduction_number": "LC-DIG-jpd-02092 (digital file from original print)", "links": {"item": "https://www.loc.gov/pictures/item/2008660708/", "resource": "https://www.loc.gov/pictures/item/2008660708/resource/"}, "title": "Raj\u014dmon", "image": {"alt": "digitized item thumbnail", "full": "https://tile.loc.gov/storage-services/service/pnp/jpd/02000/02092r.jpg", "square": "https://tile.loc.gov/storage-services/service/pnp/jpd/02000/02092_75x75px.jpg", "thumb": "https://tile.loc.gov/storage-services/service/pnp/jpd/02000/02092_150px.jpg"}, "created": "2016-04-20T00:00:00Z", "modified": "2016-04-20T00:00:00Z", "collection": ["diof", "jpd", "minload", "pp"], "creator": "Torii, Kiyonobu, 1664-1729", "call_number": "FP 2 - JPD, no. 1756 (B size) [P&P]", "medium_brief": "1 print :", "source_modified": "2008-10-02T00:00:00Z", "pk": "2008660708", "created_published_date": "[1711, printed later]", "subjects": ["Warriors--Japan--1710-1720.", "Demons--Japan--1710-1720.", "Ukiyo-e--Japanese--Color--1710-1720.", "Woodcuts--Japanese--Color--1710-1720--Reproductions--1890-1940."]}, {"source_created": "2005-02-03T00:00:00Z", "index": 10, "medium": "1 print : woodcut, color ; 35.1 x 24 cm.", "reproduction_number": "LC-DIG-jpd-02377 (digital file from original print)", "links": {"item": "https://www.loc.gov/pictures/item/2008660940/", "resource": "https://www.loc.gov/pictures/item/2008660940/resource/"}, "title": "Tobidashita \u014dtsue", "image": {"alt": "digitized item thumbnail", "full": "https://tile.loc.gov/storage-services/service/pnp/jpd/02300/02377r.jpg", "square": "https://tile.loc.gov/storage-services/service/pnp/jpd/02300/02377_75x75px.jpg", "thumb": "https://tile.loc.gov/storage-services/service/pnp/jpd/02300/02377_150px.jpg"}, "created": "2016-04-20T00:00:00Z", "modified": "2016-04-20T00:00:00Z", "collection": ["diof", "jpd", "minload", "pp"], "creator": null, "call_number": "FP 2 - JPD, no. 2030 (B size) [P&P]", "medium_brief": "1 print :", "source_modified": "2008-10-23T00:00:00Z", "pk": "2008660940", "created_published_date": "[between 1854 and 1868]", "subjects": ["Demons--Japan--1850-1870.", "Samurai--Japan--1850-1870.", "Artists--Japan--1850-1870.", "Ukiyo-e--Japanese--Color--1850-1870.", "Woodcuts--Japanese--Color--1850-1870."]}, {"source_created": "1996-05-03T00:00:00Z", "index": 11, "medium": "1 print : lithograph.", "reproduction_number": "LC-USZ62-1981 (b&w film copy neg.)", "links": {"item": "https://www.loc.gov/pictures/item/2008661789/", "resource": "https://www.loc.gov/pictures/item/2008661789/resource/"}, "title": "Whig bazaar", "image": {"alt": "digitized item thumbnail", "full": "https://tile.loc.gov/storage-services/service/pnp/cph/3a00000/3a05000/3a05700/3a05721r.jpg", "square": "https://tile.loc.gov/storage-services/service/pnp/cph/3a00000/3a05000/3a05700/3a05721_75x75px.jpg", "thumb": "https://tile.loc.gov/storage-services/service/pnp/cph/3a00000/3a05000/3a05700/3a05721_150px.jpg"}, "created": "2016-04-20T00:00:00Z", "modified": "2016-04-20T00:00:00Z", "collection": ["app", "diof", "minload", "pcus", "pp"], "creator": "Clay, Edward Williams, 1799-1857.", "call_number": "PC/US - 1837.C619, no. 2 (A size) [P&P]", "medium_brief": "1 print :", "source_modified": "2013-06-04T00:00:00Z", "pk": "2008661789", "created_published_date": "1837.", "subjects": ["Van Buren, Martin,--1782-1862.", "Equal Rights Party (New York, N.Y.)--1830-1840.", "Demons--1830-1840.", "Wigs--1830-1840.", "Lithographs--1830-1840.", "Political cartoons--1830-1840."]}, {"source_created": "1996-05-07T00:00:00Z", "index": 12, "medium": "1 print : lithograph.", "reproduction_number": "LC-USZ62-19196 (b&w film copy neg.)", "links": {"item": "https://www.loc.gov/pictures/item/2008661817/", "resource": "https://www.loc.gov/pictures/item/2008661817/resource/"}, "title": "Sub-treasury system, or Office holders elysium", "image": {"alt": "digitized item thumbnail", "full": "https://tile.loc.gov/storage-services/service/pnp/cph/3a20000/3a20000/3a20400/3a20451r.jpg", "square": "https://tile.loc.gov/storage-services/service/pnp/cph/3a20000/3a20000/3a20400/3a20451_75x75px.jpg", "thumb": "https://tile.loc.gov/storage-services/service/pnp/cph/3a20000/3a20000/3a20400/3a20451_150px.jpg"}, "created": "2016-04-20T00:00:00Z", "modified": "2016-04-20T00:00:00Z", "collection": ["app", "diof", "minload", "pcus", "pp"], "creator": "Robinson, Henry R., -1850.", "call_number": "PC/US - 1838.R661, no. 55 (B size) [P&P]", "medium_brief": "1 print :", "source_modified": "2013-06-04T00:00:00Z", "pk": "2008661817", "created_published_date": "1838.", "subjects": ["Van Buren, Martin,--1782-1862.", "Banking--1830-1840.", "Demons--1830-1840.", "Economic policy--1830-1840.", "Lithographs--1830-1840.", "Political cartoons--1830-1840."]}, {"source_created": "2005-02-03T00:00:00Z", "index": 13, "medium": "1 print (3 sheets) : woodcut, color.", "reproduction_number": "LC-DIG-jpd-00664 (digital file from original print)\nLC-DIG-jpd-00665 (digital file of 627a, left panel, from original print)\nLC-DIG-jpd-00666 (digital file of 627b, center panel, from original print)\nLC-DIG-jpd-00667 (digital file of 627c, right panel, from original print)", "links": {"item": "https://www.loc.gov/pictures/item/2009615620/", "resource": "https://www.loc.gov/pictures/item/2009615620/resource/"}, "title": "Raik\u014d sitenn\u014d to shutend\u014dji no kubi", "image": {"alt": "digitized item thumbnail", "full": "https://tile.loc.gov/storage-services/service/pnp/jpd/00600/00664r.jpg", "square": "https://tile.loc.gov/storage-services/service/pnp/jpd/00600/00664_75x75px.jpg", "thumb": "https://tile.loc.gov/storage-services/service/pnp/jpd/00600/00664_150px.jpg"}, "created": "2016-04-20T00:00:00Z", "modified": "2016-04-20T00:00:00Z", "collection": ["diof", "jpd", "pp"], "creator": null, "call_number": "FP 2 - JPD, no. 627 a, b, c (A size) [P&P]", "medium_brief": "1 print (3 sheets) :", "source_modified": "2009-06-17T00:00:00Z", "pk": "2009615620", "created_published_date": "[between 1818 and 1830]", "subjects": ["Minamoto, Yorimitsu,--948?-1021.", "Warriors--Japan--1810-1830.", "Demons--1810-1830.", "Legends--1810-1830.", "Triptychs--1810-1830.", "Ukiyo-e--Japanese--1810-1830.", "Woodcuts--Japanese--Color--1810-1830."]}, {"source_created": "1993-01-01T00:00:00Z", "index": 14, "medium": "1 drawing : India ink over pencil, with scraping out on bristol board ; 16.7 x 53.7 cm. (sheet)", "reproduction_number": "LC-USZ62-94622 (b&w film copy neg.)", "links": {"item": "https://www.loc.gov/pictures/item/2009615910/", "resource": "https://www.loc.gov/pictures/item/2009615910/resource/"}, "title": "Alley Oop. \"Awright, boys, we've pestered ol' Fuzz-Back enough for today!\"", "image": {"alt": "digitized item thumbnail", "full": "https://tile.loc.gov/storage-services/service/pnp/cph/3b40000/3b40000/3b40700/3b40790_150px.jpg", "square": "https://tile.loc.gov/storage-services/service/pnp/cph/3b40000/3b40000/3b40700/3b40790_75x75px.jpg", "thumb": "https://tile.loc.gov/storage-services/service/pnp/cph/3b40000/3b40000/3b40700/3b40790_150px.jpg"}, "created": "2016-04-20T00:00:00Z", "modified": "2016-04-20T00:00:00Z", "collection": ["minload", "pp", "swa"], "creator": "Hamlin, V. T., (Vincent T.), 1900-1993", "call_number": "SWANN - no. 1062 (B size) [P&P]", "medium_brief": "1 drawing :", "source_modified": "2009-08-05T00:00:00Z", "pk": "2009615910", "created_published_date": "1948 Sept. 24 [publication date]", "subjects": ["Cave dwellers--1940-1950.", "Courtship--1940-1950.", "Demons--1940-1950.", "Kings--1940-1950.", "Comics--American--1940-1950.", "Drawings--American--1940-1950.", "Periodical illustrations--American--1940-1950."]}, {"source_created": "1993-01-01T00:00:00Z", "index": 15, "medium": "1 drawing : charcoal, and gray wash on white wove paper ; 26.8 x 26.1 cm. (sheet)", "reproduction_number": "", "links": {"item": "https://www.loc.gov/pictures/item/2009616655/", "resource": null}, "title": "\"I think I should tell you, this isn't a costume\"", "image": {"alt": "item not digitized thumbnail", "full": "https://www.loc.gov/pictures/static/images/item/500x500_notdigitized.png", "square": "https://www.loc.gov/pictures/static/images/item/not_digitized_buttons75X75.png", "thumb": "https://www.loc.gov/pictures/static/images/item/notdigitized_buttons140X120.png"}, "created": "2016-04-20T00:00:00Z", "modified": "2016-04-20T00:00:00Z", "collection": ["minload", "pp", "swa"], "creator": "Farris, Joseph", "call_number": "SWANN - no. 394 (A size) [P&P]", "medium_brief": "1 drawing :", "source_modified": "2009-08-05T00:00:00Z", "pk": "2009616655", "created_published_date": "1959 July 18 [publication date]", "subjects": ["Dance--1950-1960.", "Demons--1950-1960.", "Masquerades--1950-1960.", "Cartoons (Commentary)--American--1950-1960.", "Drawings--American--1950-1960.", "Periodical illustrations--American--1950-1960."]}, {"source_created": "1993-01-01T00:00:00Z", "index": 16, "medium": "1 print : silkscreen on white wove paper ; 77.0 x 56.6 cm. (sheet)", "reproduction_number": "", "links": {"item": "https://www.loc.gov/pictures/item/2009616690/", "resource": null}, "title": "[Demons and skyscrapers]", "image": {"alt": "item not digitized thumbnail", "full": "https://www.loc.gov/pictures/static/images/item/500x500_notdigitized.png", "square": "https://www.loc.gov/pictures/static/images/item/not_digitized_buttons75X75.png", "thumb": "https://www.loc.gov/pictures/static/images/item/notdigitized_buttons140X120.png"}, "created": "2016-04-20T00:00:00Z", "modified": "2016-04-20T00:00:00Z", "collection": ["minload", "pp", "swa"], "creator": "Folon, Jean-Michel", "call_number": "SWANN - no. 1752 (D size) [P&P]", "medium_brief": "1 print :", "source_modified": "2014-09-23T00:00:00Z", "pk": "2009616690", "created_published_date": "[between ca. 1954 and 1977]", "subjects": ["Demons--1950-1980.", "Skyscrapers--1950-1980.", "Prints--French--Color--1950-1980."]}, {"source_created": "1993-01-01T00:00:00Z", "index": 17, "medium": "1 drawing : India ink over pencil, with red coloring on off-white wove paper ; 22.6 x 19.0 cm. (sheet)", "reproduction_number": "", "links": {"item": "https://www.loc.gov/pictures/item/2009616709/", "resource": null}, "title": "[Cert the devil]", "image": {"alt": "item not digitized thumbnail", "full": "https://www.loc.gov/pictures/static/images/item/500x500_notdigitized.png", "square": "https://www.loc.gov/pictures/static/images/item/not_digitized_buttons75X75.png", "thumb": "https://www.loc.gov/pictures/static/images/item/notdigitized_buttons140X120.png"}, "created": "2016-04-20T00:00:00Z", "modified": "2016-04-20T00:00:00Z", "collection": ["minload", "pp", "swa"], "creator": "Fran\u00e7ois, Andr\u00e9", "call_number": "SWANN - no. 81 (AA size) [P&P]", "medium_brief": "1 drawing :", "source_modified": "2009-08-05T00:00:00Z", "pk": "2009616709", "created_published_date": "1957 Dec. [publication date]", "subjects": ["Christmas--1950-1960.", "Demons--1950-1960.", "Drawings--French--Color--1950-1960.", "Periodical illustrations--American--1950-1960."]}, {"source_created": "1993-01-01T00:00:00Z", "index": 18, "medium": "1 drawing : pencil and ink wash on wove paper ; 22.5 x 18.2 cm. (sheet)", "reproduction_number": "", "links": {"item": "https://www.loc.gov/pictures/item/2009617633/", "resource": null}, "title": "[Demon over a city]", "image": {"alt": "item not digitized thumbnail", "full": "https://www.loc.gov/pictures/static/images/item/500x500_notdigitized.png", "square": "https://www.loc.gov/pictures/static/images/item/not_digitized_buttons75X75.png", "thumb": "https://www.loc.gov/pictures/static/images/item/notdigitized_buttons140X120.png"}, "created": "2016-04-20T00:00:00Z", "modified": "2016-04-20T00:00:00Z", "collection": ["diof", "minload", "pp", "swa"], "creator": "Seymour, Robert, approximately 1800-1836", "call_number": "SWANN - no. 775q (A size) [P&P]", "medium_brief": "1 drawing :", "source_modified": "2013-06-04T00:00:00Z", "pk": "2009617633", "created_published_date": "[between ca. 1830 and 1836]", "subjects": ["Demons--1820-1840.", "Drawings--British--1820-1840."]}, {"source_created": "2009-09-14T00:00:00Z", "index": 19, "medium": "1 print : etching, hand-colored ; 14.3 x 20 cm (sheet)", "reproduction_number": "", "links": {"item": "https://www.loc.gov/pictures/item/2009633411/", "resource": null}, "title": "Pour avoir pass\u00e9 les bornes, il s'est cass\u00e9 le nez", "image": {"alt": "item not digitized thumbnail", "full": "https://www.loc.gov/pictures/static/images/item/500x500_notdigitized.png", "square": "https://www.loc.gov/pictures/static/images/item/not_digitized_buttons75X75.png", "thumb": "https://www.loc.gov/pictures/static/images/item/notdigitized_buttons140X120.png"}, "created": "2016-04-20T00:00:00Z", "modified": "2016-04-20T00:00:00Z", "collection": ["cph", "diof", "pp"], "creator": null, "call_number": "PC 5 - Pour avoir pass\u00e9 ... (AA size) [P&P]", "medium_brief": "1 print :", "source_modified": "2009-09-14T00:00:00Z", "pk": "2009633411", "created_published_date": "between 1790 and 1793]", "subjects": ["Clergy--France--1790-1800.", "Falling--1790-1800.", "Wounds & injuries--France--1790-1800.", "Working class--France--1790-1800.", "Demons--1790-1800.", "Religion--France--1790-1800.", "France--History--Revolution, 1789-1799.", "Etchings--French--Hand-colored--1790-1800.", "Satires (Visual works)--French--1790-1800."]}, {"source_created": "2009-09-29T00:00:00Z", "index": 20, "medium": "1 print : etching on off-white laid paper, hand-colored ; on sheet 26.2 x 40 cm.", "reproduction_number": "", "links": {"item": "https://www.loc.gov/pictures/item/2009633476/", "resource": null}, "title": "L'envie - le desespoir - la rage", "image": {"alt": "item not digitized thumbnail", "full": "https://www.loc.gov/pictures/static/images/item/500x500_notdigitized.png", "square": "https://www.loc.gov/pictures/static/images/item/not_digitized_buttons75X75.png", "thumb": "https://www.loc.gov/pictures/static/images/item/notdigitized_buttons140X120.png"}, "created": "2016-04-20T00:00:00Z", "modified": "2016-04-20T00:00:00Z", "collection": ["cph", "diof", "pp"], "creator": null, "call_number": "PC 5 - 1792, no. 3 (A size) [P&P]", "medium_brief": "1 print :", "source_modified": "2009-09-29T00:00:00Z", "pk": "2009633476", "created_published_date": "1792]", "subjects": ["Epr\u00e9mesnil,--M. d'--(Jean-Jacques),--1745-1794.", "France.--\u00c9tats g\u00e9n\u00e9raux.", "Nobility--France--1790-1800.", "Clergy--France--1790-1800.", "Demons--1790-1800.", "Punishment & torture--France--1790-1800.", "France--History--Revolution, 1789-1799.", "Etchings--French--Hand-colored--1790-1800.", "Satires (Visual works)--French--1790-1800."]}]}