{"search": {"field": "subject", "hits": 37, "sort_order": null, "do_facets": true, "focus_item": null, "query": "Ferns", "type": "search", "sort_by": null}, "focus": null, "views": {"current": "list", "grid": "https://www.loc.gov/pictures/search/?q=Ferns&fi=subject&va=exact&st=grid&op=PHRASE", "list": "https://www.loc.gov/pictures/search/?q=Ferns&fi=subject&op=PHRASE&va=exact", "gallery": "https://www.loc.gov/pictures/search/?q=Ferns&fi=subject&va=exact&st=gallery&op=PHRASE", "slideshow": "https://www.loc.gov/pictures/search/?q=Ferns&fi=subject&va=exact&st=slideshow&op=PHRASE"}, "facets": [{"type": "displayed", "filters": [{"count": 34, "on": "https://www.loc.gov/pictures/search/?va=exact&sp=1&q=Ferns&fa=displayed%3Aanywhere&fi=subject&op=PHRASE&fo=json", "selected": false, "off": "https://www.loc.gov/pictures/search/?va=exact&sp=1&q=Ferns&fi=subject&fo=json&op=PHRASE", "title": "Larger image available anywhere"}, {"count": 1, "on": "https://www.loc.gov/pictures/search/?va=exact&sp=1&q=Ferns&fa=displayed%3Alc_only&fi=subject&op=PHRASE&fo=json", "selected": false, "off": "https://www.loc.gov/pictures/search/?va=exact&sp=1&q=Ferns&fi=subject&fo=json&op=PHRASE", "title": "Larger image available only at the Library of Congress"}, {"count": 2, "on": "https://www.loc.gov/pictures/search/?va=exact&sp=1&q=Ferns&fa=displayed%3Anot_digitized&fi=subject&op=PHRASE&fo=json", "selected": false, "off": "https://www.loc.gov/pictures/search/?va=exact&sp=1&q=Ferns&fi=subject&fo=json&op=PHRASE", "title": "Not Digitized"}], "title": "displayed"}], "links": {"json": "//www.loc.gov/pictures/search/?fi=subject&q=Ferns&op=PHRASE&va=exact&fo=json", "html": "//www.loc.gov/pictures/search/?fi=subject&q=Ferns&op=PHRASE&va=exact", "rss": "//www.loc.gov/pictures/search/?fi=subject&q=Ferns&op=PHRASE&va=exact&fo=rss"}, "suggestions": {"possible": []}, "pages": {"current": 1, "next": "https://www.loc.gov/pictures/search/?q=Ferns&fi=subject&sp=2&op=PHRASE&va=exact", "perpage": 20, "last": "https://www.loc.gov/pictures/search/?q=Ferns&fi=subject&sp=2&op=PHRASE&va=exact", "page_list": [{"url": null, "number": 1}, {"url": "https://www.loc.gov/pictures/search/?q=Ferns&fi=subject&sp=2&op=PHRASE&va=exact", "number": 2}], "previous": null, "total": 2, "results": "1 - 20", "first": null}, "collection": null, "results": [{"source_created": "1994-01-01T00:00:00Z", "index": 1, "medium": "1 photographic print : gelatin silver ; 8 x 10 in. or smaller.", "reproduction_number": "LC-D426-672 (b&w glass neg.)", "links": {"item": "https://www.loc.gov/pictures/item/2004707421/", "resource": "https://www.loc.gov/pictures/item/2004707421/resource/"}, "title": "Man standing beside mass of large ferns, Fern Gulch - Launceston", "image": {"alt": "digitized item thumbnail", "full": "https://tile.loc.gov/storage-services/service/pnp/wtc/4a00000/4a02000/4a02600/4a02687r.jpg", "square": "https://tile.loc.gov/storage-services/service/pnp/wtc/4a00000/4a02000/4a02600/4a02687_75x75px.jpg", "thumb": "https://tile.loc.gov/storage-services/service/pnp/wtc/4a00000/4a02000/4a02600/4a02687_150px.jpg"}, "created": "2016-04-20T00:00:00Z", "modified": "2016-04-20T00:00:00Z", "collection": ["ammem", "diof", "minload", "pp", "wtc"], "creator": "Jackson, William Henry, 1843-1942", "call_number": "LOT 11948, no. 672 [P&P]", "medium_brief": "1 photographic print :", "source_modified": "2013-06-19T00:00:00Z", "pk": "2004707421", "created_published_date": "[1895]", "subjects": ["Ferns.", "Tasmania--Launceston.", "Photographic prints."]}, {"source_created": "1994-01-01T00:00:00Z", "index": 2, "medium": "1 photographic print : gelatin silver ; 8 x 10 in. or smaller.", "reproduction_number": "LC-D426-714 (b&w glass neg.)", "links": {"item": "https://www.loc.gov/pictures/item/2004707439/", "resource": "https://www.loc.gov/pictures/item/2004707439/resource/"}, "title": "Large ferns beside railroad tracks", "image": {"alt": "digitized item thumbnail", "full": "https://tile.loc.gov/storage-services/service/pnp/wtc/4a00000/4a02000/4a02700/4a02706r.jpg", "square": "https://tile.loc.gov/storage-services/service/pnp/wtc/4a00000/4a02000/4a02700/4a02706_75x75px.jpg", "thumb": "https://tile.loc.gov/storage-services/service/pnp/wtc/4a00000/4a02000/4a02700/4a02706_150px.jpg"}, "created": "2016-04-20T00:00:00Z", "modified": "2016-04-20T00:00:00Z", "collection": ["ammem", "diof", "minload", "pp", "wtc"], "creator": "Jackson, William Henry, 1843-1942", "call_number": "LOT 11948, no. 714 [P&P]", "medium_brief": "1 photographic print :", "source_modified": "2013-06-19T00:00:00Z", "pk": "2004707439", "created_published_date": "1895 Summer.", "subjects": ["Ferns.", "New Zealand.", "Photographic prints."]}, {"source_created": "2015-07-22T00:00:00Z", "index": 3, "medium": "1 print : color photomechanical ; sheet 36 x 26 cm.", "reproduction_number": "LC-DIG-ds-07586 (digital file from original item)", "links": {"item": "https://www.loc.gov/pictures/item/2015648936/", "resource": "https://www.loc.gov/pictures/item/2015648936/resource/"}, "title": "Filicinae. - Laubfarne", "image": {"alt": "digitized item thumbnail", "full": "https://tile.loc.gov/storage-services/service/pnp/ds/07500/07586r.jpg", "square": "https://tile.loc.gov/storage-services/service/pnp/ds/07500/07586_75x75px.jpg", "thumb": "https://tile.loc.gov/storage-services/service/pnp/ds/07500/07586_150px.jpg"}, "created": "2016-04-20T00:00:00Z", "modified": "2016-04-20T00:00:00Z", "collection": ["cph", "diof", "pp"], "creator": "Giltsch, Adolf, 1852-1911", "call_number": "Illus. in QH46 .H18 (Case Y) [P&P]", "medium_brief": "1 print :", "source_modified": "2015-07-23T00:00:00Z", "pk": "2015648936", "created_published_date": "[1904]", "subjects": ["Platycerium.", "Ferns--1900-1910.", "Book illustrations--1900-1910.", "Photomechanical prints--Color--1900-1910.", "Scientific illustrations--1900-1910."]}, {"source_created": "2015-07-24T00:00:00Z", "index": 4, "medium": "1 print : color photomechanical ; sheet 36 x 26 cm.", "reproduction_number": "LC-DIG-ds-07622 (digital file from original item)", "links": {"item": "https://www.loc.gov/pictures/item/2015648972/", "resource": "https://www.loc.gov/pictures/item/2015648972/resource/"}, "title": "Filicinae. - Laubfarne", "image": {"alt": "digitized item thumbnail", "full": "https://tile.loc.gov/storage-services/service/pnp/ds/07600/07622r.jpg", "square": "https://tile.loc.gov/storage-services/service/pnp/ds/07600/07622_75x75px.jpg", "thumb": "https://tile.loc.gov/storage-services/service/pnp/ds/07600/07622_150px.jpg"}, "created": "2016-04-20T00:00:00Z", "modified": "2016-04-20T00:00:00Z", "collection": ["cph", "diof", "pp"], "creator": "Giltsch, Adolf, 1852-1911", "call_number": "Illus. in QH46 .H18 (Case Y) [P&P]", "medium_brief": "1 print :", "source_modified": "2015-07-24T00:00:00Z", "pk": "2015648972", "created_published_date": "[1904]", "subjects": ["Cyatheaceae.", "Ferns--1900-1910.", "Book illustrations--1900-1910.", "Photomechanical prints--Color--1900-1910.", "Scientific illustrations--1900-1910."]}, {"source_created": "2000-08-15T00:00:00Z", "index": 5, "medium": "1 photographic print.", "reproduction_number": "LC-USZ62-126819 (b&w film copy neg.)", "links": {"item": "https://www.loc.gov/pictures/item/00651250/", "resource": "https://www.loc.gov/pictures/item/00651250/resource/"}, "title": "[David Berry Gamble house, 4 Westmoreland Place, Pasadena, California. View to sleeping porch]", "image": {"alt": "digitized item thumbnail", "full": "https://tile.loc.gov/storage-services/service/pnp/cph/3c20000/3c26000/3c26800/3c26819r.jpg", "square": "https://tile.loc.gov/storage-services/service/pnp/cph/3c20000/3c26000/3c26800/3c26819_75x75px.jpg", "thumb": "https://tile.loc.gov/storage-services/service/pnp/cph/3c20000/3c26000/3c26800/3c26819_150px.jpg"}, "created": "2016-04-21T00:00:00Z", "modified": "2016-04-21T00:00:00Z", "collection": ["diof", "fbj", "pp"], "creator": "Johnston, Frances Benjamin, 1864-1952", "call_number": "LOT 11729-2 [item] [P&P]", "medium_brief": "1 photographic print.", "source_modified": "2013-12-10T00:00:00Z", "pk": "00651250", "created_published_date": "[1917 spring]", "subjects": ["Gardens--California--Pasadena--1910-1920.", "Houses--California--Pasadena--1910-1920.", "Porches--California--Pasadena--1910-1920.", "Ferns--California--Pasadena--1910-1920.", "Photographic prints--1910-1920."]}, {"source_created": "1994-01-01T00:00:00Z", "index": 6, "medium": "1 slide : lantern, hand colored ; 3.25 x 4 in.", "reproduction_number": "", "links": {"item": "https://www.loc.gov/pictures/item/2004707866/", "resource": "https://www.loc.gov/pictures/item/2004707866/resource/"}, "title": "Large ferns beside railroad track", "image": {"alt": "digitized item thumbnail", "full": "https://tile.loc.gov/storage-services/service/pnp/wtc/4a00000/4a03000/4a03100/4a03157r.jpg", "square": "https://tile.loc.gov/storage-services/service/pnp/wtc/4a00000/4a03000/4a03100/4a03157_75x75px.jpg", "thumb": "https://tile.loc.gov/storage-services/service/pnp/wtc/4a00000/4a03000/4a03100/4a03157_150px.jpg"}, "created": "2016-04-21T00:00:00Z", "modified": "2016-04-21T00:00:00Z", "collection": ["ammem", "diof", "minload", "pp", "wtc"], "creator": "Jackson, William Henry, 1843-1942", "call_number": "LC-W7- 714 [P&P]", "medium_brief": "1 slide :", "source_modified": "2013-07-11T00:00:00Z", "pk": "2004707866", "created_published_date": "1895 Summer.", "subjects": ["Ferns.", "New Zealand.", "Lantern slides--Hand colored."]}, {"source_created": "2015-06-03T00:00:00Z", "index": 7, "medium": "1 print : color silkscreen ; sheet 102 x 64 cm (poster format)", "reproduction_number": "LC-DIG-ds-07348 (digital file from original item)", "links": {"item": "https://www.loc.gov/pictures/item/2015647596/", "resource": "https://www.loc.gov/pictures/item/2015647596/resource/"}, "title": "New Zealand Tree fern.", "image": {"alt": "digitized item thumbnail", "full": "https://tile.loc.gov/storage-services/service/pnp/ds/07300/07348_150px.jpg", "square": "https://tile.loc.gov/storage-services/service/pnp/ds/07300/07348_75x75px.jpg", "thumb": "https://tile.loc.gov/storage-services/service/pnp/ds/07300/07348_150px.jpg"}, "created": "2016-04-21T00:00:00Z", "modified": "2016-04-21T00:00:00Z", "collection": ["pos", "pp"], "creator": "King, Marcus, 1891-1983", "call_number": "POS - New Z .K5, no. 4 (C size) [P&P]", "medium_brief": "1 print :", "source_modified": "2015-06-04T00:00:00Z", "pk": "2015647596", "created_published_date": "[ca. 1950]", "subjects": ["Tourism--New Zealand--1940-1960.", "Ferns--New Zealand--1940-1960.", "Trees--New Zealand--1940-1960.", "Mountains--Zealand--1940-1960.", "Screen prints--Color--1940-1960.", "Travel posters--New Zealander--1940-1960."]}, {"source_created": "1970-01-01T00:00:00Z", "index": 8, "medium": "6", "reproduction_number": null, "links": {"item": "https://www.loc.gov/pictures/item/ca3672/", "resource": null}, "title": "Captain Fletcher's Inn and Mill Manager's House, River Road off Highway One immediately south of the Navarro River & Route 128, Albion, Mendocino County, CA", "image": {"alt": "habs/haer thumbnail", "full": "https://www.loc.gov/pictures/static/images/item/500x500_HABS.png", "square": "https://www.loc.gov/pictures/static/images/item/HABS_buttons75X75.png", "thumb": "https://www.loc.gov/pictures/static/images/item/habs_thumb_large.jpg"}, "created": "2016-04-18T00:00:00Z", "modified": "2016-04-18T00:00:00Z", "collection": ["diof", "hh", "survey"], "creator": "Historic American Landscapes Survey", "call_number": "HALS CA-41", "medium_brief": "Data Page(s): 6", "source_modified": "2016-04-18T00:00:00Z", "pk": "ca3672", "created_published_date": "Documentation compiled after 2000", "subjects": ["state parks & reserves", "campgrounds", "houses", "water tanks", "sawmills", "taverns (inns)", "wharves", "fishing", "redwood", "ferns"]}, {"source_created": "2016-10-13T00:00:00Z", "index": 9, "medium": "1 print : chromolithograph ; sheet 31.5 x 27 cm.", "reproduction_number": "LC-DIG-pga-14150 (digital file from original item)", "links": {"item": "https://www.loc.gov/pictures/item/2016652304/", "resource": "https://www.loc.gov/pictures/item/2016652304/resource/"}, "title": "Chipmunk and ferns", "image": {"alt": "digitized item thumbnail", "full": "https://tile.loc.gov/storage-services/service/pnp/pga/14100/14150r.jpg", "square": "https://tile.loc.gov/storage-services/service/pnp/pga/14100/14150_75x75px.jpg", "thumb": "https://tile.loc.gov/storage-services/service/pnp/pga/14100/14150_150px.jpg"}, "created": "2017-06-06T00:00:00Z", "modified": "2017-06-06T00:00:00Z", "collection": ["diof", "pga", "pp"], "creator": "L. Prang & Co.", "call_number": "PGA - Prang--Chipmunk and ferns (AA size) [P&P]", "medium_brief": "1 print :", "source_modified": "2017-05-31T00:00:00Z", "pk": "2016652304", "created_published_date": "[1874]", "subjects": ["Chipmunks--1870-1880.", "Ferns--1870-1880.", "Chromolithographs--Color--1870-1880.", "Watercolors--Reproductions--1870-1880."]}, {"source_created": "2016-10-17T00:00:00Z", "index": 10, "medium": "1 print : chromolithograph ; sheet 26.6 x 18.8 cm.", "reproduction_number": "LC-DIG-pga-14157 (digital file from original item)", "links": {"item": "https://www.loc.gov/pictures/item/2016652311/", "resource": "https://www.loc.gov/pictures/item/2016652311/resource/"}, "title": "No. 38, Prang's crosses in mats", "image": {"alt": "digitized item thumbnail", "full": "https://tile.loc.gov/storage-services/service/pnp/pga/14100/14157r.jpg", "square": "https://tile.loc.gov/storage-services/service/pnp/pga/14100/14157_75x75px.jpg", "thumb": "https://tile.loc.gov/storage-services/service/pnp/pga/14100/14157_150px.jpg"}, "created": "2017-06-20T00:00:00Z", "modified": "2017-06-20T00:00:00Z", "collection": ["diof", "pga", "pp"], "creator": "L. Prang & Co.", "call_number": "PGA - Prang--No. 38, Prang's crosses ... (AA size) [P&P]", "medium_brief": "1 print :", "source_modified": "2017-05-31T00:00:00Z", "pk": "2016652311", "created_published_date": "[1876]", "subjects": ["Crosses--1870-1880.", "Ferns--1870-1880.", "Flower arrangements--1870-1880.", "Chromolithographs--Color--1870-1880.", "Watercolors--Reproductions--1870-1880."]}, {"source_created": "2005-12-02T00:00:00Z", "index": 11, "medium": "1 photograph : print on card mount ; mount 9 x 18 cm (stereograph format)", "reproduction_number": "LC-USZ62-53353 (b&w film copy neg.)\nLC-DIG-stereo-1s06163 (digital file from original)", "links": {"item": "https://www.loc.gov/pictures/item/2005696258/", "resource": "https://www.loc.gov/pictures/item/2005696258/resource/"}, "title": "Ferns in Agricultural Department Greenhouse, Washington, D.C.", "image": {"alt": "digitized item thumbnail", "full": "https://tile.loc.gov/storage-services/service/pnp/stereo/1s00000/1s06000/1s06100/1s06163r.jpg", "square": "https://tile.loc.gov/storage-services/service/pnp/stereo/1s00000/1s06000/1s06100/1s06163_75x75px.jpg", "thumb": "https://tile.loc.gov/storage-services/service/pnp/stereo/1s00000/1s06000/1s06100/1s06163_150px.jpg"}, "created": "2017-08-22T00:00:00Z", "modified": "2017-08-22T00:00:00Z", "collection": ["diof", "pp", "stereo"], "creator": "Keystone View Company.", "call_number": "STEREO U.S. GEOG FILE - Washington, D.C. -- U.S. Government Buildings -- Department of Agriculture [item] [P&P]", "medium_brief": "1 photograph :", "source_modified": "2017-08-17T00:00:00Z", "pk": "2005696258", "created_published_date": "c1926 Dec. 16.", "subjects": ["United States.--Department of Agriculture.", "Greenhouses--Washington (D.C.)--1920-1930.", "Ferns--Washington (D.C.)--1920-1930.", "Washington (D.C.)--1920-1930.", "Photographic prints--1920-1930.", "Stereographs--1920-1930."]}, {"source_created": "2017-03-13T00:00:00Z", "index": 12, "medium": "1 photograph : print on card mount ; mount 9 x 18 cm (stereograph format)", "reproduction_number": "LC-DIG-stereo-1s06167 (digital file from original)", "links": {"item": "https://www.loc.gov/pictures/item/2017647125/", "resource": "https://www.loc.gov/pictures/item/2017647125/resource/"}, "title": "U.S. Agriculture Department-Greenhouse-Ferns", "image": {"alt": "digitized item thumbnail", "full": "https://tile.loc.gov/storage-services/service/pnp/stereo/1s00000/1s06000/1s06100/1s06167r.jpg", "square": "https://tile.loc.gov/storage-services/service/pnp/stereo/1s00000/1s06000/1s06100/1s06167_75x75px.jpg", "thumb": "https://tile.loc.gov/storage-services/service/pnp/stereo/1s00000/1s06000/1s06100/1s06167_150px.jpg"}, "created": "2017-08-22T00:00:00Z", "modified": "2017-08-22T00:00:00Z", "collection": ["diof", "pp", "stereo"], "creator": "Ingersoll, T. W. (Truman Ward), 1862-1922.", "call_number": "STEREO U.S. GEOG FILE - Washington, D.C. -- U.S. Government Buildings -- Department of Agriculture [item] [P&P]", "medium_brief": "1 photograph :", "source_modified": "2017-08-17T00:00:00Z", "pk": "2017647125", "created_published_date": "1898.", "subjects": ["United States.--Department of Agriculture.", "Greenhouses--Washington (D.C.)--1890-1900.", "Ferns--Washington (D.C.)--1890-1900.", "Washington (D.C.)--1890-1900.", "Photographic prints--1890-1900.", "Stereographs--1890-1900."]}, {"source_created": "2017-03-13T00:00:00Z", "index": 13, "medium": "1 photograph : print on card mount ; mount 9 x 18 cm (stereograph format)", "reproduction_number": "LC-DIG-stereo-1s06169 (digital file from original)", "links": {"item": "https://www.loc.gov/pictures/item/2017647127/", "resource": "https://www.loc.gov/pictures/item/2017647127/resource/"}, "title": "Ferns in the Agricultural Dept. Greenhouse, Wash.", "image": {"alt": "digitized item thumbnail", "full": "https://tile.loc.gov/storage-services/service/pnp/stereo/1s00000/1s06000/1s06100/1s06169r.jpg", "square": "https://tile.loc.gov/storage-services/service/pnp/stereo/1s00000/1s06000/1s06100/1s06169_75x75px.jpg", "thumb": "https://tile.loc.gov/storage-services/service/pnp/stereo/1s00000/1s06000/1s06100/1s06169_150px.jpg"}, "created": "2017-08-22T00:00:00Z", "modified": "2017-08-22T00:00:00Z", "collection": ["diof", "pp", "stereo"], "creator": "Ingersoll View Company.", "call_number": "STEREO U.S. GEOG FILE - Washington, D.C. -- U.S. Government Buildings -- Department of Agriculture [item] [P&P]", "medium_brief": "1 photograph :", "source_modified": "2017-08-17T00:00:00Z", "pk": "2017647127", "created_published_date": "1903.", "subjects": ["United States.--Department of Agriculture.", "Greenhouses--Washington (D.C.)--1900-1910.", "Ferns--Washington (D.C.)--1900-1910.", "Washington (D.C.)--1900-1910.", "Photographic prints--1900-1910.", "Stereographs--1900-1910."]}, {"source_created": "1994-01-01T00:00:00Z", "index": 14, "medium": "1 negative : glass ; 11 x 7 in.", "reproduction_number": "LC-DIG-det-4a09389 (digital file from original)", "links": {"item": "https://www.loc.gov/pictures/item/2016809010/", "resource": "https://www.loc.gov/pictures/item/2016809010/resource/"}, "title": "Ferns in Deer Park, Maryland", "image": {"alt": "digitized item thumbnail", "full": "https://tile.loc.gov/storage-services/service/pnp/det/4a00000/4a09000/4a09300/4a09389r.jpg", "square": "https://tile.loc.gov/storage-services/service/pnp/det/4a00000/4a09000/4a09300/4a09389_75x75px.jpg", "thumb": "https://tile.loc.gov/storage-services/service/pnp/det/4a00000/4a09000/4a09300/4a09389_150px.jpg"}, "created": "2017-11-21T00:00:00Z", "modified": "2017-11-21T00:00:00Z", "collection": ["ammem", "det", "diof", "pp"], "creator": "Jackson, William Henry, 1843-1942", "call_number": "LC-D4-14138 [P&P]", "medium_brief": "1 negative :", "source_modified": "2017-10-30T00:00:00Z", "pk": "2016809010", "created_published_date": "[ca. 1890]", "subjects": ["Ferns.", "United States--Maryland--Deer Park.", "Dry plate negatives."]}, {"source_created": "1994-01-01T00:00:00Z", "index": 15, "medium": "1 negative : glass ; 8 x 10 in.", "reproduction_number": "LC-DIG-det-4a18248 (digital file from original)", "links": {"item": "https://www.loc.gov/pictures/item/2016809949/", "resource": "https://www.loc.gov/pictures/item/2016809949/resource/"}, "title": "[Fernery, Horticultural Building, Belle Isle Park, Detroit, Mich.]", "image": {"alt": "digitized item thumbnail", "full": "https://tile.loc.gov/storage-services/service/pnp/det/4a10000/4a18000/4a18200/4a18248r.jpg", "square": "https://tile.loc.gov/storage-services/service/pnp/det/4a10000/4a18000/4a18200/4a18248_75x75px.jpg", "thumb": "https://tile.loc.gov/storage-services/service/pnp/det/4a10000/4a18000/4a18200/4a18248_150px.jpg"}, "created": "2017-11-21T00:00:00Z", "modified": "2017-11-21T00:00:00Z", "collection": ["ammem", "det", "diof", "pp"], "creator": "Detroit Publishing Co.", "call_number": "LC-D4-34820 [P&P]", "medium_brief": "1 negative :", "source_modified": "2017-11-02T00:00:00Z", "pk": "2016809949", "created_published_date": "[between 1900 and 1910]", "subjects": ["Greenhouses.", "Interiors.", "Ferns.", "Parks.", "United States--Michigan--Detroit.", "Dry plate negatives."]}, {"source_created": "1994-01-01T00:00:00Z", "index": 16, "medium": "1 negative : glass ; 8 x 10 in.", "reproduction_number": "LC-DIG-det-4a17798 (digital file from original)", "links": {"item": "https://www.loc.gov/pictures/item/2016811684/", "resource": "https://www.loc.gov/pictures/item/2016811684/resource/"}, "title": "Conservatory on Belle Isle [Park], interior, Detroit, Mich.", "image": {"alt": "digitized item thumbnail", "full": "https://tile.loc.gov/storage-services/service/pnp/det/4a10000/4a17000/4a17700/4a17798r.jpg", "square": "https://tile.loc.gov/storage-services/service/pnp/det/4a10000/4a17000/4a17700/4a17798_75x75px.jpg", "thumb": "https://tile.loc.gov/storage-services/service/pnp/det/4a10000/4a17000/4a17700/4a17798_150px.jpg"}, "created": "2017-11-21T00:00:00Z", "modified": "2017-11-21T00:00:00Z", "collection": ["ammem", "det", "diof", "pp"], "creator": "Detroit Publishing Co.", "call_number": "LC-D4-34042 [P&P]", "medium_brief": "1 negative :", "source_modified": "2017-11-02T00:00:00Z", "pk": "2016811684", "created_published_date": "[1905?]", "subjects": ["Greenhouses.", "Interiors.", "Ferns.", "United States--Michigan--Detroit.", "Dry plate negatives."]}, {"source_created": "2017-03-17T00:00:00Z", "index": 17, "medium": "1 photograph : print on card mount ; mount 9 x 18 cm (stereograph format)", "reproduction_number": "LC-DIG-stereo-1s06221 (digital file from original)", "links": {"item": "https://www.loc.gov/pictures/item/2017647615/", "resource": "https://www.loc.gov/pictures/item/2017647615/resource/"}, "title": "The fern-clad fountain and the Inaugural ball room, Pension Building, Washington, D.C.", "image": {"alt": "digitized item thumbnail", "full": "https://tile.loc.gov/storage-services/service/pnp/stereo/1s00000/1s06000/1s06200/1s06221r.jpg", "square": "https://tile.loc.gov/storage-services/service/pnp/stereo/1s00000/1s06000/1s06200/1s06221_75x75px.jpg", "thumb": "https://tile.loc.gov/storage-services/service/pnp/stereo/1s00000/1s06000/1s06200/1s06221_150px.jpg"}, "created": "2017-11-21T00:00:00Z", "modified": "2017-11-21T00:00:00Z", "collection": ["diof", "pp", "stereo"], "creator": "International View Co.", "call_number": "STEREO U.S. GEOG FILE - Washington, D.C. -- U.S. Government Buildings -- Pension Building [item] [P&P]", "medium_brief": "1 photograph :", "source_modified": "2017-11-09T00:00:00Z", "pk": "2017647615", "created_published_date": "1905.", "subjects": ["Pension Building (Washington, D.C.)--1900-1910.", "Ferns--Washington (D.C.)--1900-1910.", "Ballrooms--Washington (D.C.)--1900-1910.", "Interiors--Washington (D.C.)--1900-1910.", "Washington (D.C.)--1900-1910.", "Photographic prints--1900-1910.", "Stereographs--1900-1910."]}, {"source_created": "2017-04-21T00:00:00Z", "index": 18, "medium": "1 photograph : print on card mount ; mount 9 x 18 cm (stereograph format)", "reproduction_number": "LC-DIG-stereo-1s07056 (digital file from original)", "links": {"item": "https://www.loc.gov/pictures/item/2017649983/", "resource": "https://www.loc.gov/pictures/item/2017649983/resource/"}, "title": "Tropic charms in northern climes -- in the Fern House, Central Park, New York", "image": {"alt": "digitized item thumbnail", "full": "https://tile.loc.gov/storage-services/service/pnp/stereo/1s00000/1s07000/1s07000/1s07056r.jpg", "square": "https://tile.loc.gov/storage-services/service/pnp/stereo/1s00000/1s07000/1s07000/1s07056_75x75px.jpg", "thumb": "https://tile.loc.gov/storage-services/service/pnp/stereo/1s00000/1s07000/1s07000/1s07056_150px.jpg"}, "created": "2018-02-20T00:00:00Z", "modified": "2018-02-20T00:00:00Z", "collection": ["diof", "pp", "stereo"], "creator": "Underwood & Underwood.", "call_number": "STEREO U.S. GEOG FILE - New York -- New York  City -- Central Park -- Conservatory [item] [P&P]", "medium_brief": "1 photograph :", "source_modified": "2018-02-14T00:00:00Z", "pk": "2017649983", "created_published_date": "1901.", "subjects": ["Greenhouses--New York (State)--New York--1900-1910.", "Ferns--New York (State)--New York--1900-1910.", "Central Park (New York, N.Y.)--1900-1910.", "Photographic prints--1900-1910.", "Stereographs--1900-1910."]}, {"source_created": "2017-04-21T00:00:00Z", "index": 19, "medium": "1 photograph : print on card mount ; mount 9 x 18 cm (stereograph format)", "reproduction_number": "LC-DIG-stereo-1s07057 (digital file from original)", "links": {"item": "https://www.loc.gov/pictures/item/2017649984/", "resource": "https://www.loc.gov/pictures/item/2017649984/resource/"}, "title": "Tropic charms in northern climes -- in the Fern House, Central Park, New York", "image": {"alt": "digitized item thumbnail", "full": "https://tile.loc.gov/storage-services/service/pnp/stereo/1s00000/1s07000/1s07000/1s07057r.jpg", "square": "https://tile.loc.gov/storage-services/service/pnp/stereo/1s00000/1s07000/1s07000/1s07057_75x75px.jpg", "thumb": "https://tile.loc.gov/storage-services/service/pnp/stereo/1s00000/1s07000/1s07000/1s07057_150px.jpg"}, "created": "2018-02-20T00:00:00Z", "modified": "2018-02-20T00:00:00Z", "collection": ["diof", "pp", "stereo"], "creator": "Underwood & Underwood.", "call_number": "STEREO U.S. GEOG FILE - New York -- New York  City -- Central Park -- Conservatory [item] [P&P]", "medium_brief": "1 photograph :", "source_modified": "2018-02-14T00:00:00Z", "pk": "2017649984", "created_published_date": "1901.", "subjects": ["Greenhouses--New York (State)--New York--1900-1910.", "Ferns--New York (State)--New York--1900-1910.", "Central Park (New York, N.Y.)--1900-1910.", "Photographic prints--1900-1910.", "Stereographs--1900-1910."]}, {"source_created": "2008-11-04T00:00:00Z", "index": 20, "medium": "1 negative : safety film ; 8 x 10 in.", "reproduction_number": "LC-DIG-csas-01203 (digital file from original negative)", "links": {"item": "https://www.loc.gov/pictures/item/2017886914/", "resource": "https://www.loc.gov/pictures/item/2017886914/resource/"}, "title": "Tricou residence, 711 Bourbon St., New Orleans, Orleans Parish, Louisiana", "image": {"alt": "digitized item thumbnail", "full": "https://tile.loc.gov/storage-services/service/pnp/csas/01200/01203r.jpg", "square": "https://tile.loc.gov/storage-services/service/pnp/csas/01200/01203_75x75px.jpg", "thumb": "https://tile.loc.gov/storage-services/service/pnp/csas/01200/01203_150px.jpg"}, "created": "2018-03-13T00:00:00Z", "modified": "2018-03-13T00:00:00Z", "collection": ["csas", "diof", "minload", "pp"], "creator": "Johnston, Frances Benjamin, 1864-1952", "call_number": "LC-J7-LA- 1012 [P&P]", "medium_brief": "1 negative :", "source_modified": "2018-03-12T00:00:00Z", "pk": "2017886914", "created_published_date": "1937-1938.", "subjects": ["United States--Louisiana--Orleans Parish--New Orleans.", "Dwellings.", "Ferns.", "Palms.", "Vines.", "Safety film negatives."]}]}