{"search": {"field": "subject", "hits": 296, "sort_order": null, "do_facets": true, "focus_item": null, "query": "Living rooms", "type": "search", "sort_by": null}, "focus": null, "views": {"current": "list", "grid": "https://www.loc.gov/pictures/search/?q=Living+rooms&fi=subject&va=exact&st=grid&op=PHRASE", "list": "https://www.loc.gov/pictures/search/?q=Living+rooms&fi=subject&op=PHRASE&va=exact", "gallery": "https://www.loc.gov/pictures/search/?q=Living+rooms&fi=subject&va=exact&st=gallery&op=PHRASE", "slideshow": "https://www.loc.gov/pictures/search/?q=Living+rooms&fi=subject&va=exact&st=slideshow&op=PHRASE"}, "facets": [{"type": "displayed", "filters": [{"count": 233, "on": "https://www.loc.gov/pictures/search/?va=exact&sp=1&q=Living+rooms&fa=displayed%3Aanywhere&fi=subject&op=PHRASE&fo=json", "selected": false, "off": "https://www.loc.gov/pictures/search/?va=exact&sp=1&q=Living+rooms&fi=subject&fo=json&op=PHRASE", "title": "Larger image available anywhere"}, {"count": 55, "on": "https://www.loc.gov/pictures/search/?va=exact&sp=1&q=Living+rooms&fa=displayed%3Alc_only&fi=subject&op=PHRASE&fo=json", "selected": false, "off": "https://www.loc.gov/pictures/search/?va=exact&sp=1&q=Living+rooms&fi=subject&fo=json&op=PHRASE", "title": "Larger image available only at the Library of Congress"}, {"count": 8, "on": "https://www.loc.gov/pictures/search/?va=exact&sp=1&q=Living+rooms&fa=displayed%3Anot_digitized&fi=subject&op=PHRASE&fo=json", "selected": false, "off": "https://www.loc.gov/pictures/search/?va=exact&sp=1&q=Living+rooms&fi=subject&fo=json&op=PHRASE", "title": "Not Digitized"}], "title": "displayed"}], "links": {"json": "//www.loc.gov/pictures/search/?fi=subject&q=Living+rooms&op=PHRASE&va=exact&fo=json", "html": "//www.loc.gov/pictures/search/?fi=subject&q=Living+rooms&op=PHRASE&va=exact", "rss": "//www.loc.gov/pictures/search/?fi=subject&q=Living+rooms&op=PHRASE&va=exact&fo=rss"}, "suggestions": {"possible": []}, "pages": {"current": 1, "next": "https://www.loc.gov/pictures/search/?q=Living+rooms&fi=subject&sp=2&op=PHRASE&va=exact", "perpage": 20, "last": "https://www.loc.gov/pictures/search/?q=Living+rooms&fi=subject&sp=15&op=PHRASE&va=exact", "page_list": [{"url": null, "number": 1}, {"url": "https://www.loc.gov/pictures/search/?q=Living+rooms&fi=subject&sp=2&op=PHRASE&va=exact", "number": 2}, {"url": "https://www.loc.gov/pictures/search/?q=Living+rooms&fi=subject&sp=3&op=PHRASE&va=exact", "number": 3}, {"url": "https://www.loc.gov/pictures/search/?q=Living+rooms&fi=subject&sp=4&op=PHRASE&va=exact", "number": 4}, {"url": "https://www.loc.gov/pictures/search/?q=Living+rooms&fi=subject&sp=5&op=PHRASE&va=exact", "number": 5}, {"url": "https://www.loc.gov/pictures/search/?q=Living+rooms&fi=subject&sp=6&op=PHRASE&va=exact", "number": "..."}, {"url": "https://www.loc.gov/pictures/search/?q=Living+rooms&fi=subject&sp=15&op=PHRASE&va=exact", "number": 15}], "previous": null, "total": 15, "results": "1 - 20", "first": null}, "collection": null, "results": [{"source_created": "2000-02-15T00:00:00Z", "index": 1, "medium": "1 drawing : graphite on tracing paper ; 26 x 51 cm.", "reproduction_number": "LC-DIG-ppmsca-39688 (digital file from original drawing)\nLC-USZ62-121514 (b&w film copy neg.)", "links": {"item": "https://www.loc.gov/pictures/item/00650051/", "resource": "https://www.loc.gov/pictures/item/00650051/resource/"}, "title": "[Case Study House No. 9 for John Entenza (Pacific Palisades, Los Angeles, California). Living room. Perspective rendering]", "image": {"alt": "digitized item thumbnail", "full": "https://tile.loc.gov/storage-services/service/pnp/ppmsca/39600/39688_150px.jpg", "square": "https://tile.loc.gov/storage-services/service/pnp/ppmsca/39600/39688_75x75px.jpg", "thumb": "https://tile.loc.gov/storage-services/service/pnp/ppmsca/39600/39688_150px.jpg"}, "created": "2016-04-20T00:00:00Z", "modified": "2016-04-20T00:00:00Z", "collection": ["42", "cph", "eam", "exh", "l5041", "pp"], "creator": "Eames, Charles", "call_number": "Unprocessed in PR 13 CN 1995:033, no. 5 [item] [P&P]", "medium_brief": "1 drawing :", "source_modified": "2015-06-25T00:00:00Z", "pk": "00650051", "created_published_date": "[ca. 1948]", "subjects": ["Entenza, John--1903---Homes & haunts--California--Los Angeles.", "Case Study House No. 9 (Los Angeles, Calif.)--1940-1950.", "Houses--California--Los Angeles--1940-1950.", "Living rooms--California--Los Angeles--1940-1950.", "Architectural drawings--1940-1950.", "Perspective projections--1940-1950."]}, {"source_created": "2001-04-16T00:00:00Z", "index": 2, "medium": "1 drawing on tracing paper : ochre pencil.", "reproduction_number": "LC-USZC4-6243 (color film copy transparency)", "links": {"item": "https://www.loc.gov/pictures/item/2001695781/", "resource": "https://www.loc.gov/pictures/item/2001695781/resource/"}, "title": "[Case Study House No. 9 for John Entenza (Pacific Palisades, Los Angeles, California). Living room. Perspective. Sketch]", "image": {"alt": "digitized item thumbnail", "full": "https://tile.loc.gov/storage-services/service/pnp/cph/3g00000/3g06000/3g06200/3g06243_150px.jpg", "square": "https://tile.loc.gov/storage-services/service/pnp/cph/3g00000/3g06000/3g06200/3g06243_75x75px.jpg", "thumb": "https://tile.loc.gov/storage-services/service/pnp/cph/3g00000/3g06000/3g06200/3g06243_150px.jpg"}, "created": "2016-04-20T00:00:00Z", "modified": "2016-04-20T00:00:00Z", "collection": ["cph", "eam", "exh", "l3992", "l4105", "pp"], "creator": "Eames, Charles", "call_number": "Unprocessed in PR 13 CN 1995:033, no. 3 [item] [P&P]", "medium_brief": "1 drawing on tracing paper :", "source_modified": "2012-05-18T00:00:00Z", "pk": "2001695781", "created_published_date": "[ca. 1948]", "subjects": ["Entenza, John--1903---Homes & haunts--California--Los Angeles.", "Case Study House No. 9 (Los Angeles, Calif.)--1940-1950.", "Houses--California--Los Angeles--1940-1950.", "Living rooms--California--Los Angeles--1940-1950.", "Architectural drawings--1940-1950.", "Perspective projections--1940-1950."]}, {"source_created": "2001-12-17T00:00:00Z", "index": 3, "medium": "1 photograph : print ; 11 x 16 cm.", "reproduction_number": "LC-DIG-ds-07407 (digital file from original item)\nLC-USZ62-51558 (b&w film copy neg.)", "links": {"item": "https://www.loc.gov/pictures/item/2001705857/", "resource": "https://www.loc.gov/pictures/item/2001705857/resource/"}, "title": "[Corner in the home of African American teachers, New Orleans, Louisiana]", "image": {"alt": "digitized item thumbnail", "full": "https://tile.loc.gov/storage-services/service/pnp/ds/07400/07407r.jpg", "square": "https://tile.loc.gov/storage-services/service/pnp/ds/07400/07407_75x75px.jpg", "thumb": "https://tile.loc.gov/storage-services/service/pnp/ds/07400/07407_150px.jpg"}, "created": "2016-04-20T00:00:00Z", "modified": "2016-04-20T00:00:00Z", "collection": ["anedub", "diof", "pp"], "creator": null, "call_number": "LOT 11308 [item] [P&P]", "medium_brief": "1 photograph :", "source_modified": "2015-06-29T00:00:00Z", "pk": "2001705857", "created_published_date": "[1899?]", "subjects": ["African Americans--Structures--Louisiana--New Orleans--1890-1900.", "Living rooms--Louisiana--New Orleans--1890-1900.", "Photographic prints--1890-1900."]}, {"source_created": "2002-01-09T00:00:00Z", "index": 4, "medium": "1 photographic print : gelatin silver.", "reproduction_number": "LC-DIG-ppprs-00250 (b&w digital file from original print)\nLC-DIG-ppprs-00236 (b&w digital file from original neg.)\nLC-USZC2-3697 (color film copy slide)\nLC-A351-T01-3-M-37 (b&w film dup. neg.)", "links": {"item": "https://www.loc.gov/pictures/item/2002695405/", "resource": "https://www.loc.gov/pictures/item/2002695405/resource/"}, "title": "Tojo Miatake [i.e., T\u014dy\u014d Miyatake] Family, Manzanar Relocation Center", "image": {"alt": "digitized item thumbnail", "full": "https://tile.loc.gov/storage-services/service/pnp/ppprs/00200/00250r.jpg", "square": "https://tile.loc.gov/storage-services/service/pnp/ppprs/00200/00250_75x75px.jpg", "thumb": "https://tile.loc.gov/storage-services/service/pnp/ppprs/00200/00250_150px.jpg"}, "created": "2016-04-20T00:00:00Z", "modified": "2016-04-20T00:00:00Z", "collection": ["3", "diof", "exh", "l4541", "manz", "pp"], "creator": "Adams, Ansel, 1902-1984", "call_number": "LOT 10479-1, no. 33 [P&P]", "medium_brief": "1 photographic print :\n1 negative :", "source_modified": "2009-05-26T00:00:00Z", "pk": "2002695405", "created_published_date": "[1943]", "subjects": ["Miyatake, T\u014dy\u014d--Family.", "Manzanar War Relocation Center--People--1940-1950.", "World War, 1939-1945--Japanese Americans--California--Manzanar.", "Japanese Americans--California--Manzanar--1940-1950.", "Families--California--Manzanar--1940-1950.", "Living rooms--California--Manzanar--1940-1950.", "Gelatin silver prints--1940-1950.", "Group portraits--1940-1950.", "Portrait photographs--1940-1950.", "Safety film negatives--1940-1950."]}, {"source_created": "2002-01-04T00:00:00Z", "index": 5, "medium": "1 photographic print : gelatin silver.", "reproduction_number": "LC-DIG-ppprs-00767 (b&w digital file from original print)\nLC-DIG-ppprs-00198 (b&w digital file from original neg.)\nLC-A351-T01-3-M-3 (b&w film dup. neg.)", "links": {"item": "https://www.loc.gov/pictures/item/2002695951/", "resource": "https://www.loc.gov/pictures/item/2002695951/resource/"}, "title": "Yonemitsu Family, son - Michael, sister - Lucy Toshiko, father - Francis, Manzanar Relocation Center", "image": {"alt": "digitized item thumbnail", "full": "https://tile.loc.gov/storage-services/service/pnp/ppprs/00700/00767r.jpg", "square": "https://tile.loc.gov/storage-services/service/pnp/ppprs/00700/00767_75x75px.jpg", "thumb": "https://tile.loc.gov/storage-services/service/pnp/ppprs/00700/00767_150px.jpg"}, "created": "2016-04-20T00:00:00Z", "modified": "2016-04-20T00:00:00Z", "collection": ["diof", "manz", "pp"], "creator": "Adams, Ansel, 1902-1984", "call_number": "LOT 10479-1, no. 28 [P&P]", "medium_brief": "1 photographic print :\n1 negative :", "source_modified": "2009-05-28T00:00:00Z", "pk": "2002695951", "created_published_date": "[1943]", "subjects": ["Yonemitsu, Michael.", "Yonemitsu, Francis.", "Yonemitsu, Lucy Toshiko.", "Manzanar War Relocation Center--Buildings--1940-1950.", "World War, 1939-1945--Japanese Americans--California--Manzanar.", "Japanese Americans--California--Manzanar--1940-1950.", "Living rooms--California--Manzanar--1940-1950.", "Radios--1940-1950.", "Gelatin silver prints--1940-1950.", "Group portraits--1940-1950.", "Portrait photographs--1940-1950.", "Safety film negatives--1940-1950."]}, {"source_created": "2002-05-09T00:00:00Z", "index": 6, "medium": "1 photographic print.", "reproduction_number": "LC-USZ62-130909 (b&w film copy neg.)", "links": {"item": "https://www.loc.gov/pictures/item/2002709164/", "resource": "https://www.loc.gov/pictures/item/2002709164/resource/"}, "title": "[\"The Causeway,\" James Parmelee house, 3100 Macomb Street, Washington, D.C. Interior, living room]", "image": {"alt": "digitized item thumbnail", "full": "https://tile.loc.gov/storage-services/service/pnp/cph/3c30000/3c30000/3c30900/3c30909r.jpg", "square": "https://tile.loc.gov/storage-services/service/pnp/cph/3c30000/3c30000/3c30900/3c30909_75x75px.jpg", "thumb": "https://tile.loc.gov/storage-services/service/pnp/cph/3c30000/3c30000/3c30900/3c30909_150px.jpg"}, "created": "2016-04-20T00:00:00Z", "modified": "2016-04-20T00:00:00Z", "collection": ["diof", "fbj", "pp"], "creator": "Johnston, Frances Benjamin, 1864-1952", "call_number": "LOT 11727 [item] [P&P]", "medium_brief": "1 photographic print.", "source_modified": "2013-03-07T00:00:00Z", "pk": "2002709164", "created_published_date": "[between 1910 and 1948]", "subjects": ["Parmelee, James--Homes & haunts.", "Furnishings--Washington (D.C.)--1910-1920.", "Living rooms--Washington (D.C.)--1910-1920.", "Photographic prints--1910-1920."]}, {"source_created": "2004-03-24T00:00:00Z", "index": 7, "medium": "1 photographic print.", "reproduction_number": "LC-USZ62-133983 (b&w film copy neg.)", "links": {"item": "https://www.loc.gov/pictures/item/2004669759/", "resource": "https://www.loc.gov/pictures/item/2004669759/resource/"}, "title": "[\"El Fureidis,\" James Waldron Gillespie house, Parra Grande Lane, Montecito, California. Sitting room with Caravaggio, Supper of Eumeaus, 1606]", "image": {"alt": "digitized item thumbnail", "full": "https://tile.loc.gov/storage-services/service/pnp/cph/3c30000/3c33000/3c33900/3c33983r.jpg", "square": "https://tile.loc.gov/storage-services/service/pnp/cph/3c30000/3c33000/3c33900/3c33983_75x75px.jpg", "thumb": "https://tile.loc.gov/storage-services/service/pnp/cph/3c30000/3c33000/3c33900/3c33983_150px.jpg"}, "created": "2016-04-20T00:00:00Z", "modified": "2016-04-20T00:00:00Z", "collection": ["diof", "fbj", "pp"], "creator": "Johnston, Frances Benjamin, 1864-1952", "call_number": "LOT 11729-8 [item] [P&P]", "medium_brief": "1 photographic print.", "source_modified": "2013-12-10T00:00:00Z", "pk": "2004669759", "created_published_date": "[1917 spring]", "subjects": ["Living rooms--California--Santa Barbara--1910-1920.", "Chairs--1910-1920.", "Architectural decorations & ornaments--California--Santa Barbara--1910-1920.", "Photographic prints--1910-1920."]}, {"source_created": "2004-12-06T00:00:00Z", "index": 8, "medium": "1 photographic print : gelatin silver ; 22.3 x 21.3 cm.", "reproduction_number": "LC-DIG-ppmsca-22175 (digital file from original photo)\nLC-RG15-B016-06 (b&w film neg.)", "links": {"item": "https://www.loc.gov/pictures/item/2004680001/", "resource": "https://www.loc.gov/pictures/item/2004680001/resource/"}, "title": "[African American woman reclining, East Side, Buffalo]", "image": {"alt": "digitized item thumbnail", "full": "https://tile.loc.gov/storage-services/service/pnp/ppmsca/22100/22175_150px.jpg", "square": "https://tile.loc.gov/storage-services/service/pnp/ppmsca/22100/22175_75x75px.jpg", "thumb": "https://tile.loc.gov/storage-services/service/pnp/ppmsca/22100/22175_150px.jpg"}, "created": "2016-04-20T00:00:00Z", "modified": "2016-04-20T00:00:00Z", "collection": ["ph", "pp"], "creator": "Rogovin, Milton, 1909-2011", "call_number": "PH - Rogovin (M.), no. 10 (A size) [P&P]", "medium_brief": "1 photographic print :", "source_modified": "2011-01-19T00:00:00Z", "pk": "2004680001", "created_published_date": "[ca. 1962]", "subjects": ["African Americans--Women--New York (State)--Buffalo--1960-1970.", "Living rooms--New York (State)--Buffalo--1960-1970.", "Gelatin silver prints--1960.", "Photographic prints--1960-1970."]}, {"source_created": "2006-03-16T00:00:00Z", "index": 9, "medium": "1 drawing on tracing paper : graphite.", "reproduction_number": "LC-DIG-ppmsca-11560 (digital file from original drawing)", "links": {"item": "https://www.loc.gov/pictures/item/2006678917/", "resource": "https://www.loc.gov/pictures/item/2006678917/resource/"}, "title": "[Case Study House No. 9 for John Entenza, Pacific Palisades, Los Angeles, California. Eye-level perspective of living area]", "image": {"alt": "digitized item thumbnail", "full": "https://tile.loc.gov/storage-services/service/pnp/ppmsca/11500/11560_150px.jpg", "square": "https://tile.loc.gov/storage-services/service/pnp/ppmsca/11500/11560_75x75px.jpg", "thumb": "https://tile.loc.gov/storage-services/service/pnp/ppmsca/11500/11560_150px.jpg"}, "created": "2016-04-20T00:00:00Z", "modified": "2016-04-20T00:00:00Z", "collection": ["cph", "pp"], "creator": "Saarinen, Eero, 1910-1961", "call_number": "Unprocessed in PR 13 CN 1995:033, no. 2 [item] [P&P]", "medium_brief": "1 drawing on tracing paper :", "source_modified": "2012-05-18T00:00:00Z", "pk": "2006678917", "created_published_date": "[1949]", "subjects": ["Entenza, John,--1903---Homes & haunts--California--Los Angeles.", "Case Study House No. 9 (Los Angeles, Calif.)--1940-1950.", "Living rooms--California--Los Angeles--1940-1950.", "Houses--California--Los Angeles--1940-1950.", "Architectural drawings--1940-1950.", "Perspective projections--1940-1950."]}, {"source_created": "2006-03-17T00:00:00Z", "index": 10, "medium": "1 drawing on tracing paper : graphite.", "reproduction_number": "LC-DIG-ppmsca-11559 (digital file from original drawing)", "links": {"item": "https://www.loc.gov/pictures/item/2006678918/", "resource": "https://www.loc.gov/pictures/item/2006678918/resource/"}, "title": "[Case Study House No. 9 for John Entenza, Pacific Palisades, Los Angeles, California. Precise perspective sketch of sunken portion of living area]", "image": {"alt": "digitized item thumbnail", "full": "https://tile.loc.gov/storage-services/service/pnp/ppmsca/11500/11559_150px.jpg", "square": "https://tile.loc.gov/storage-services/service/pnp/ppmsca/11500/11559_75x75px.jpg", "thumb": "https://tile.loc.gov/storage-services/service/pnp/ppmsca/11500/11559_150px.jpg"}, "created": "2016-04-20T00:00:00Z", "modified": "2016-04-20T00:00:00Z", "collection": ["cph", "pp"], "creator": "Saarinen, Eero, 1910-1961", "call_number": "Unprocessed in PR 13 CN 1995:033, no. 4 [item] [P&P]", "medium_brief": "1 drawing on tracing paper :", "source_modified": "2012-05-18T00:00:00Z", "pk": "2006678918", "created_published_date": "[1949]", "subjects": ["Entenza, John,--1903---Homes & haunts--California--Los Angeles.", "Case Study House No. 9 (Los Angeles, Calif.)--1940-1950.", "Fireplaces--California--Los Angeles--1940-1950.", "Living rooms--California--Los Angeles--1940-1950.", "Houses--California--Los Angeles--1940-1950.", "Architectural drawings--1940-1950.", "Perspective projections--1940-1950."]}, {"source_created": "1998-05-01T00:00:00Z", "index": 11, "medium": "1 drawing : pen and ink on paper ; 27.6 x 35.4 cm. (sheet)", "reproduction_number": "", "links": {"item": "https://www.loc.gov/pictures/item/2010643469/", "resource": null}, "title": "[Family scene with a young woman standing, as though reciting, before six people sitting in a semi-circle in a room]", "image": {"alt": "item not digitized thumbnail", "full": "https://www.loc.gov/pictures/static/images/item/500x500_notdigitized.png", "square": "https://www.loc.gov/pictures/static/images/item/not_digitized_buttons75X75.png", "thumb": "https://www.loc.gov/pictures/static/images/item/notdigitized_buttons140X120.png"}, "created": "2016-04-20T00:00:00Z", "modified": "2016-04-20T00:00:00Z", "collection": ["bbgfc", "minload", "pp"], "creator": "Toney, Anthony", "call_number": "Goldstein, no. 1467 (A size) [P&P]", "medium_brief": "1 drawing :", "source_modified": "2011-07-19T00:00:00Z", "pk": "2010643469", "created_published_date": "1946.", "subjects": ["Families--1940-1950.", "Living rooms--1940-1950.", "Ink drawings--1940-1950."]}, {"source_created": "2010-03-04T00:00:00Z", "index": 12, "medium": "1 photographic print.", "reproduction_number": "LC-USZ62-138893 (b&w film copy neg.)", "links": {"item": "https://www.loc.gov/pictures/item/2010645754/", "resource": null}, "title": "[Daisy Bates and companion visit with friends]", "image": {"alt": "item not digitized thumbnail", "full": "https://www.loc.gov/pictures/static/images/item/500x500_notdigitized.png", "square": "https://www.loc.gov/pictures/static/images/item/not_digitized_buttons75X75.png", "thumb": "https://www.loc.gov/pictures/static/images/item/notdigitized_buttons140X120.png"}, "created": "2016-04-20T00:00:00Z", "modified": "2016-04-20T00:00:00Z", "collection": ["cph", "pp"], "creator": null, "call_number": "LOT 13074 no. 34 [P&P]", "medium_brief": "1 photographic print.", "source_modified": "2010-03-04T00:00:00Z", "pk": "2010645754", "created_published_date": "[1957].", "subjects": ["Bates, Daisy.", "African Americans--Women--1950-1960.", "Civil rights leaders--1950-1960.", "Visiting--1950-1960.", "Guests--1950-1960.", "Living rooms--1950-1960.", "Group portraits--1950-1960.", "Photographic prints--1950-1960."]}, {"source_created": "2006-01-23T00:00:00Z", "index": 13, "medium": "1 drawing : pencil.", "reproduction_number": "", "links": {"item": "https://www.loc.gov/pictures/item/2010715490/", "resource": "https://www.loc.gov/pictures/item/2010715490/resource/"}, "title": "[Meeting in living room]", "image": {"alt": "digitized item thumbnail", "full": "https://tile.loc.gov/storage-services/service/pnp/cai/2a12000/2a12100/2a12114r.jpg", "square": "https://tile.loc.gov/storage-services/service/pnp/cai/2a12000/2a12100/2a12114_75x75px.jpg", "thumb": "https://tile.loc.gov/storage-services/service/pnp/cai/2a12000/2a12100/2a12114_150px.jpg"}, "created": "2016-04-20T00:00:00Z", "modified": "2016-04-20T00:00:00Z", "collection": ["cai", "diof", "minload", "pp"], "creator": "Clark, Walter Appleton, 1876-1906", "call_number": "CAI - Clark, no. 95 (A size) [P&P]", "medium_brief": "1 drawing :", "source_modified": "2010-12-03T00:00:00Z", "pk": "2010715490", "created_published_date": "[between 1890 and 1906]", "subjects": ["Living rooms.", "Meetings.", "Drawings.", "Illustrations.", "Sketches."]}, {"source_created": "2006-01-23T00:00:00Z", "index": 14, "medium": "1 drawing : pencil.", "reproduction_number": "", "links": {"item": "https://www.loc.gov/pictures/item/2010715494/", "resource": "https://www.loc.gov/pictures/item/2010715494/resource/"}, "title": "[Gathering in the living room]", "image": {"alt": "digitized item thumbnail", "full": "https://tile.loc.gov/storage-services/service/pnp/cai/2a12000/2a12100/2a12118r.jpg", "square": "https://tile.loc.gov/storage-services/service/pnp/cai/2a12000/2a12100/2a12118_75x75px.jpg", "thumb": "https://tile.loc.gov/storage-services/service/pnp/cai/2a12000/2a12100/2a12118_150px.jpg"}, "created": "2016-04-20T00:00:00Z", "modified": "2016-04-20T00:00:00Z", "collection": ["cai", "diof", "minload", "pp"], "creator": "Clark, Walter Appleton, 1876-1906", "call_number": "CAI - Clark, no. 99 (A size) [P&P]", "medium_brief": "1 drawing :", "source_modified": "2010-12-03T00:00:00Z", "pk": "2010715494", "created_published_date": "[between 1890 and 1906]", "subjects": ["Conversation.", "Living rooms.", "Meetings.", "Drawings.", "Illustrations."]}, {"source_created": "2006-01-23T00:00:00Z", "index": 15, "medium": "1 drawing : pencil.", "reproduction_number": "", "links": {"item": "https://www.loc.gov/pictures/item/2010715499/", "resource": "https://www.loc.gov/pictures/item/2010715499/resource/"}, "title": "[Party in living room]", "image": {"alt": "digitized item thumbnail", "full": "https://tile.loc.gov/storage-services/service/pnp/cai/2a12000/2a12100/2a12123r.jpg", "square": "https://tile.loc.gov/storage-services/service/pnp/cai/2a12000/2a12100/2a12123_75x75px.jpg", "thumb": "https://tile.loc.gov/storage-services/service/pnp/cai/2a12000/2a12100/2a12123_150px.jpg"}, "created": "2016-04-20T00:00:00Z", "modified": "2016-04-20T00:00:00Z", "collection": ["cai", "diof", "minload", "pp"], "creator": "Clark, Walter Appleton, 1876-1906", "call_number": "CAI - Clark, no. 104 (A size) [P&P]", "medium_brief": "1 drawing :", "source_modified": "2010-12-03T00:00:00Z", "pk": "2010715499", "created_published_date": "[between 1890 and 1906]", "subjects": ["Living rooms.", "Parties.", "Drawings.", "Illustrations.", "Sketches."]}, {"source_created": "2006-01-23T00:00:00Z", "index": 16, "medium": "1 drawing : crayon and wash.", "reproduction_number": "", "links": {"item": "https://www.loc.gov/pictures/item/2010716027/", "resource": "https://www.loc.gov/pictures/item/2010716027/resource/"}, "title": "You know I always used to think that it was cleverness that made men rich", "image": {"alt": "digitized item thumbnail", "full": "https://tile.loc.gov/storage-services/service/pnp/cai/2a12000/2a12600/2a12684r.jpg", "square": "https://tile.loc.gov/storage-services/service/pnp/cai/2a12000/2a12600/2a12684_75x75px.jpg", "thumb": "https://tile.loc.gov/storage-services/service/pnp/cai/2a12000/2a12600/2a12684_150px.jpg"}, "created": "2016-04-20T00:00:00Z", "modified": "2016-04-20T00:00:00Z", "collection": ["cai", "diof", "minload", "pp"], "creator": "Fuhr, Ernest, 1874-1933", "call_number": "CAI - Fuhr, no. 22 (B size) [P&P]", "medium_brief": "1 drawing :", "source_modified": "2011-08-18T00:00:00Z", "pk": "2010716027", "created_published_date": "[1920?]", "subjects": ["Conversation.", "Couples.", "Living rooms.", "Wealth.", "Drawings.", "Periodical illustrations."]}, {"source_created": "2006-01-23T00:00:00Z", "index": 17, "medium": "1 drawing : charcoal.", "reproduction_number": "", "links": {"item": "https://www.loc.gov/pictures/item/2010716028/", "resource": "https://www.loc.gov/pictures/item/2010716028/resource/"}, "title": "I'll say he's some first baseman --", "image": {"alt": "digitized item thumbnail", "full": "https://tile.loc.gov/storage-services/service/pnp/cai/2a12000/2a12600/2a12685r.jpg", "square": "https://tile.loc.gov/storage-services/service/pnp/cai/2a12000/2a12600/2a12685_75x75px.jpg", "thumb": "https://tile.loc.gov/storage-services/service/pnp/cai/2a12000/2a12600/2a12685_150px.jpg"}, "created": "2016-04-20T00:00:00Z", "modified": "2016-04-20T00:00:00Z", "collection": ["cai", "diof", "minload", "pp"], "creator": "Fuhr, Ernest, 1874-1933", "call_number": "CAI - Fuhr, no. 23 (B size) [P&P]", "medium_brief": "1 drawing :", "source_modified": "2011-08-18T00:00:00Z", "pk": "2010716028", "created_published_date": "[1920?]", "subjects": ["Families.", "Infants.", "Living rooms.", "Soldiers.", "Drawings.", "Periodical illustrations."]}, {"source_created": "2006-01-23T00:00:00Z", "index": 18, "medium": "1 drawing : charcoal.", "reproduction_number": "", "links": {"item": "https://www.loc.gov/pictures/item/2010716061/", "resource": "https://www.loc.gov/pictures/item/2010716061/resource/"}, "title": "If you breathe a word of this you're no child of mine", "image": {"alt": "digitized item thumbnail", "full": "https://tile.loc.gov/storage-services/service/pnp/cai/2a12000/2a12700/2a12718r.jpg", "square": "https://tile.loc.gov/storage-services/service/pnp/cai/2a12000/2a12700/2a12718_75x75px.jpg", "thumb": "https://tile.loc.gov/storage-services/service/pnp/cai/2a12000/2a12700/2a12718_150px.jpg"}, "created": "2016-04-20T00:00:00Z", "modified": "2016-04-20T00:00:00Z", "collection": ["cai", "diof", "minload", "pp"], "creator": "Fuhr, Ernest, 1874-1933", "call_number": "CAI - Fuhr, no. 56 (B size) [P&P]", "medium_brief": "1 drawing :", "source_modified": "2011-10-13T00:00:00Z", "pk": "2010716061", "created_published_date": "[1921?]", "subjects": ["Discussion.", "Families.", "Living rooms.", "Drawings.", "Periodical illustrations."]}, {"source_created": "2006-01-23T00:00:00Z", "index": 19, "medium": "1 drawing : charcoal.", "reproduction_number": "", "links": {"item": "https://www.loc.gov/pictures/item/2010716077/", "resource": "https://www.loc.gov/pictures/item/2010716077/resource/"}, "title": "I don't mind, Henry : what is your invention?", "image": {"alt": "digitized item thumbnail", "full": "https://tile.loc.gov/storage-services/service/pnp/cai/2a12000/2a12700/2a12734r.jpg", "square": "https://tile.loc.gov/storage-services/service/pnp/cai/2a12000/2a12700/2a12734_75x75px.jpg", "thumb": "https://tile.loc.gov/storage-services/service/pnp/cai/2a12000/2a12700/2a12734_150px.jpg"}, "created": "2016-04-20T00:00:00Z", "modified": "2016-04-20T00:00:00Z", "collection": ["cai", "diof", "minload", "pp"], "creator": "Fuhr, Ernest, 1874-1933", "call_number": "CAI - Fuhr, no. 72 (B size) [P&P]", "medium_brief": "1 drawing :", "source_modified": "2011-10-13T00:00:00Z", "pk": "2010716077", "created_published_date": "[1922?]", "subjects": ["Conversation.", "Inventions.", "Living rooms.", "Spouses.", "Drawings.", "Periodical illustrations."]}, {"source_created": "2006-01-23T00:00:00Z", "index": 20, "medium": "1 drawing : charcoal and wash.", "reproduction_number": "", "links": {"item": "https://www.loc.gov/pictures/item/2010716085/", "resource": "https://www.loc.gov/pictures/item/2010716085/resource/"}, "title": "Jim's face told them no more --", "image": {"alt": "digitized item thumbnail", "full": "https://tile.loc.gov/storage-services/service/pnp/cai/2a12000/2a12700/2a12742r.jpg", "square": "https://tile.loc.gov/storage-services/service/pnp/cai/2a12000/2a12700/2a12742_75x75px.jpg", "thumb": "https://tile.loc.gov/storage-services/service/pnp/cai/2a12000/2a12700/2a12742_150px.jpg"}, "created": "2016-04-20T00:00:00Z", "modified": "2016-04-20T00:00:00Z", "collection": ["cai", "diof", "minload", "pp"], "creator": "Fuhr, Ernest, 1874-1933", "call_number": "CAI - Fuhr, no. 80 (B size) [P&P]", "medium_brief": "1 drawing :", "source_modified": "2011-10-13T00:00:00Z", "pk": "2010716085", "created_published_date": "[1922?]", "subjects": ["Couples.", "Emotions.", "Living rooms.", "Drawings.", "Periodical illustrations."]}]}