{"search": {"field": "subject", "hits": 4, "sort_order": null, "do_facets": true, "focus_item": null, "query": "Sacristies", "type": "search", "sort_by": null}, "focus": null, "views": {"current": "list", "grid": "https://www.loc.gov/pictures/search/?q=Sacristies&fi=subject&va=exact&st=grid&op=PHRASE", "list": "https://www.loc.gov/pictures/search/?q=Sacristies&fi=subject&op=PHRASE&va=exact", "gallery": "https://www.loc.gov/pictures/search/?q=Sacristies&fi=subject&va=exact&st=gallery&op=PHRASE", "slideshow": "https://www.loc.gov/pictures/search/?q=Sacristies&fi=subject&va=exact&st=slideshow&op=PHRASE"}, "facets": [{"type": "displayed", "filters": [{"count": 2, "on": "https://www.loc.gov/pictures/search/?va=exact&sp=1&q=Sacristies&fa=displayed%3Aanywhere&fi=subject&op=PHRASE&fo=json", "selected": false, "off": "https://www.loc.gov/pictures/search/?va=exact&sp=1&q=Sacristies&fi=subject&fo=json&op=PHRASE", "title": "Larger image available anywhere"}, {"count": 1, "on": "https://www.loc.gov/pictures/search/?va=exact&sp=1&q=Sacristies&fa=displayed%3Alc_only&fi=subject&op=PHRASE&fo=json", "selected": false, "off": "https://www.loc.gov/pictures/search/?va=exact&sp=1&q=Sacristies&fi=subject&fo=json&op=PHRASE", "title": "Larger image available only at the Library of Congress"}, {"count": 1, "on": "https://www.loc.gov/pictures/search/?va=exact&sp=1&q=Sacristies&fa=displayed%3Anot_digitized&fi=subject&op=PHRASE&fo=json", "selected": false, "off": "https://www.loc.gov/pictures/search/?va=exact&sp=1&q=Sacristies&fi=subject&fo=json&op=PHRASE", "title": "Not Digitized"}], "title": "displayed"}], "links": {"json": "//www.loc.gov/pictures/search/?fi=subject&q=Sacristies&op=PHRASE&va=exact&fo=json", "html": "//www.loc.gov/pictures/search/?fi=subject&q=Sacristies&op=PHRASE&va=exact", "rss": "//www.loc.gov/pictures/search/?fi=subject&q=Sacristies&op=PHRASE&va=exact&fo=rss"}, "suggestions": {"possible": []}, "pages": {"current": 1, "next": null, "perpage": 20, "last": null, "page_list": [{"url": null, "number": 1}], "previous": null, "total": 1, "results": "1 - 4", "first": null}, "collection": null, "results": [{"source_created": "1993-05-28T00:00:00Z", "index": 1, "medium": "1 photographic print.", "reproduction_number": "LC-USZ62-107939 (b&w film copy neg.)", "links": {"item": "https://www.loc.gov/pictures/item/93506988/", "resource": "https://www.loc.gov/pictures/item/93506988/resource/"}, "title": "Firenze - Chiesa di S. Lorenzo.  La Sagrestia vecchia vista internamente.  (Brunelleschi)", "image": {"alt": "digitized item thumbnail", "full": "https://tile.loc.gov/storage-services/service/pnp/cph/3c00000/3c07000/3c07900/3c07939_150px.jpg", "square": "https://tile.loc.gov/storage-services/service/pnp/cph/3c00000/3c07000/3c07900/3c07939_75x75px.jpg", "thumb": "https://tile.loc.gov/storage-services/service/pnp/cph/3c00000/3c07000/3c07900/3c07939_150px.jpg"}, "created": "2016-04-20T00:00:00Z", "modified": "2016-04-20T00:00:00Z", "collection": ["cph", "pp"], "creator": "Brunelleschi, Filippo, 1377-1446", "call_number": "FOREIGN GEOG FILE - Italy--Florence  <item> [P&P]", "medium_brief": "1 photographic print.", "source_modified": "2002-11-09T00:00:00Z", "pk": "93506988", "created_published_date": "[between 1880 and 1930(?)]", "subjects": ["San Lorenzo (Church : Florence, Italy).--Sagrestia vecchia.", "Sacristies--Italy--Florence--1880-1930.", "Catholic churches--Italy--Florence--1880-1930.", "Photographic prints--1880-1930."]}, {"source_created": "1994-01-01T00:00:00Z", "index": 2, "medium": "1 negative : glass ; 8 x 10 in.", "reproduction_number": "LC-DIG-det-4a26276 (digital file from original)", "links": {"item": "https://www.loc.gov/pictures/item/2016817160/", "resource": "https://www.loc.gov/pictures/item/2016817160/resource/"}, "title": "In a sacristy in Aragon", "image": {"alt": "digitized item thumbnail", "full": "https://tile.loc.gov/storage-services/service/pnp/det/4a20000/4a26000/4a26200/4a26276r.jpg", "square": "https://tile.loc.gov/storage-services/service/pnp/det/4a20000/4a26000/4a26200/4a26276_75x75px.jpg", "thumb": "https://tile.loc.gov/storage-services/service/pnp/det/4a20000/4a26000/4a26200/4a26276_150px.jpg"}, "created": "2017-11-21T00:00:00Z", "modified": "2017-11-21T00:00:00Z", "collection": ["ammem", "det", "diof", "pp"], "creator": "Dannat, William T. (William Turner), 1853-1929", "call_number": "LC-D416-655 [P&P]", "medium_brief": "1 negative :", "source_modified": "2017-11-03T00:00:00Z", "pk": "2016817160", "created_published_date": "c[between 1900 and 1912]", "subjects": ["Priests.", "Interiors.", "Sacristies.", "Dry plate negatives.", "Paintings--Reproductions."]}, {"source_created": "1970-01-01T00:00:00Z", "index": 3, "medium": "11", "reproduction_number": null, "links": {"item": "https://www.loc.gov/pictures/item/nm0152/", "resource": "https://www.loc.gov/pictures/item/nm0152/resource/"}, "title": "Missions of San Buenaventura & San Isidro, New Mexico Highway 14, Mountainair vicinity, Mountainair, Torrance County, NM", "image": {"alt": "digitized item thumbnail", "full": "https://tile.loc.gov/storage-services/service/pnp/habshaer/nm/nm0100/nm0152/sheet/00001r.jpg", "square": "https://tile.loc.gov/storage-services/service/pnp/habshaer/nm/nm0100/nm0152/sheet/00001_75x75px.jpg", "thumb": "https://tile.loc.gov/storage-services/service/pnp/habshaer/nm/nm0100/nm0152/sheet/00001_150px.jpg"}, "created": "2016-04-17T00:00:00Z", "modified": "2020-03-21T00:00:00Z", "collection": ["diof", "hh", "survey"], "creator": "Historic American Buildings Survey", "call_number": "HABS NM,27-GRAQI,1-", "medium_brief": "Measured Drawing(s): 11", "source_modified": "2016-04-17T00:00:00Z", "pk": "nm0152", "created_published_date": "Documentation compiled after 1933", "subjects": ["missions", "stone buildings", "ruins", "missionaries", "religions", "Franciscan (Christian order)", "Indians of North America", "mission churches", "baptistries", "sacristies"]}, {"source_created": "1995-07-20T00:00:00Z", "index": 4, "medium": "8 items : graphite, colored pencil, wash, ink, and colored ink ; in folder(s) 71 x 102 cm. or smaller.", "reproduction_number": "", "links": {"item": "https://www.loc.gov/pictures/item/95858477/", "resource": null}, "title": "Architectural drawings for a rectory and sacristy for St. Thomas Church, 1324 New Hampshire Avenue, Washington, D.C.", "image": {"alt": "item not digitized thumbnail", "full": "https://www.loc.gov/pictures/static/images/item/500x500_notdigitized.png", "square": "https://www.loc.gov/pictures/static/images/item/not_digitized_buttons75X75.png", "thumb": "https://www.loc.gov/pictures/static/images/item/notdigitized_buttons140X120.png"}, "created": "2016-04-21T05:51:09Z", "modified": "2021-04-13T12:07:14Z", "collection": ["ade", "pp", "wii"], "creator": "Waggaman, Clarke, 1877-1919", "call_number": "ADE - UNIT 218 [P&P]", "medium_brief": "8 items :", "source_modified": "2003-08-04T18:06:38Z", "pk": "95858477", "created_published_date": "1914-1918.", "subjects": ["Religious dwellings--Washington (D.C.)--1910-1920.", "Sacristies--Washington (D.C.)--1910-1920.", "Architectural drawings--1910-1920."]}]}