{"search": {"field": "subject", "hits": 7, "sort_order": null, "do_facets": true, "focus_item": null, "query": "Grenades", "type": "search", "sort_by": null}, "focus": null, "views": {"current": "list", "grid": "https://www.loc.gov/pictures/search/?q=Grenades&fi=subject&va=exact&st=grid&op=PHRASE", "list": "https://www.loc.gov/pictures/search/?q=Grenades&fi=subject&op=PHRASE&va=exact", "gallery": "https://www.loc.gov/pictures/search/?q=Grenades&fi=subject&va=exact&st=gallery&op=PHRASE", "slideshow": "https://www.loc.gov/pictures/search/?q=Grenades&fi=subject&va=exact&st=slideshow&op=PHRASE"}, "facets": [{"type": "displayed", "filters": [{"count": 2, "on": "https://www.loc.gov/pictures/search/?va=exact&sp=1&q=Grenades&fa=displayed%3Aanywhere&fi=subject&op=PHRASE&fo=json", "selected": false, "off": "https://www.loc.gov/pictures/search/?va=exact&sp=1&q=Grenades&fi=subject&fo=json&op=PHRASE", "title": "Larger image available anywhere"}, {"count": 2, "on": "https://www.loc.gov/pictures/search/?va=exact&sp=1&q=Grenades&fa=displayed%3Alc_only&fi=subject&op=PHRASE&fo=json", "selected": false, "off": "https://www.loc.gov/pictures/search/?va=exact&sp=1&q=Grenades&fi=subject&fo=json&op=PHRASE", "title": "Larger image available only at the Library of Congress"}, {"count": 3, "on": "https://www.loc.gov/pictures/search/?va=exact&sp=1&q=Grenades&fa=displayed%3Anot_digitized&fi=subject&op=PHRASE&fo=json", "selected": false, "off": "https://www.loc.gov/pictures/search/?va=exact&sp=1&q=Grenades&fi=subject&fo=json&op=PHRASE", "title": "Not Digitized"}], "title": "displayed"}], "links": {"json": "//www.loc.gov/pictures/search/?fi=subject&q=Grenades&op=PHRASE&va=exact&fo=json", "html": "//www.loc.gov/pictures/search/?fi=subject&q=Grenades&op=PHRASE&va=exact", "rss": "//www.loc.gov/pictures/search/?fi=subject&q=Grenades&op=PHRASE&va=exact&fo=rss"}, "suggestions": {"possible": []}, "pages": {"current": 1, "next": null, "perpage": 20, "last": null, "page_list": [{"url": null, "number": 1}], "previous": null, "total": 1, "results": "1 - 7", "first": null}, "collection": null, "results": [{"source_created": "2008-07-14T00:00:00Z", "index": 1, "medium": "1 print (poster) : lithograph, color ; 98.2 x 68.2 cm.", "reproduction_number": "LC-DIG-ppmsca-18610 (digital file from original print)", "links": {"item": "https://www.loc.gov/pictures/item/2008679024/", "resource": "https://www.loc.gov/pictures/item/2008679024/resource/"}, "title": "Deutschlands Sieg, Europas Freiheit", "image": {"alt": "digitized item thumbnail", "full": "https://tile.loc.gov/storage-services/service/pnp/ppmsca/18600/18610_150px.jpg", "square": "https://tile.loc.gov/storage-services/service/pnp/ppmsca/18600/18610_75x75px.jpg", "thumb": "https://tile.loc.gov/storage-services/service/pnp/ppmsca/18600/18610_150px.jpg"}, "created": "2016-04-20T00:00:00Z", "modified": "2016-04-20T00:00:00Z", "collection": ["26", "exh", "l4662", "pos", "pp"], "creator": "Rehse Archiv f\u00fcr Zeitgeschichte und Publizistik, DLC", "call_number": "POS - Ger .A01, no. 27 (C size) [P&P]", "medium_brief": "1 print (poster) :", "source_modified": "2008-11-18T00:00:00Z", "pk": "2008679024", "created_published_date": "[1941]", "subjects": ["World War, 1939-1945.", "Soldiers--German--1940-1950.", "Liberty--Europe--1940-1950.", "Anti-communism--Germany--1940-1950.", "Dragons--1940-1950.", "Grenades--1940-1950.", "Lightning--1940-1950.", "Lithographs--Color--1940-1950.", "Political posters--German--1940-1950."]}, {"source_created": "2015-11-24T00:00:00Z", "index": 2, "medium": "1 photograph : gelatin silver print ; mount 9 x 18 cm (stereograph format)", "reproduction_number": "LC-DIG-stereo-1s04054 (digital file from front of original item)\nLC-DIG-stereo-2s04054 (digital file from back of original item)", "links": {"item": "https://www.loc.gov/pictures/item/2015651914/", "resource": "https://www.loc.gov/pictures/item/2015651914/resource/"}, "title": "Rifle grenade in a British line trench in the Balkans", "image": {"alt": "digitized item thumbnail", "full": "https://tile.loc.gov/storage-services/service/pnp/stereo/1s00000/1s04000/1s04000/1s04054r.jpg", "square": "https://tile.loc.gov/storage-services/service/pnp/stereo/1s00000/1s04000/1s04000/1s04054_75x75px.jpg", "thumb": "https://tile.loc.gov/storage-services/service/pnp/stereo/1s00000/1s04000/1s04000/1s04054_150px.jpg"}, "created": "2016-04-20T00:00:00Z", "modified": "2016-04-20T00:00:00Z", "collection": ["diof", "pp", "stereo"], "creator": "Keystone View Company", "call_number": "LOT 14008, no. 56 [P&P]", "medium_brief": "1 photograph :", "source_modified": "2015-11-24T00:00:00Z", "pk": "2015651914", "created_published_date": "[photographed between 1914 and 1918, published 1923]", "subjects": ["World War, 1914-1918.", "Soldiers--British--Balkan Peninsula--1920-1930.", "Trench warfare--Balkan Peninsula--1920-1930.", "Grenades--Balkan Peninsula--1920-1930.", "Gelatin silver prints--1920-1930.", "Stereographs--1920-1930."]}, {"source_created": "1999-09-27T00:00:00Z", "index": 3, "medium": "1 print (poster) : lithograph, color ; 99 x 71 cm.", "reproduction_number": "LC-USZC4-7472 (color film copy transparency)", "links": {"item": "https://www.loc.gov/pictures/item/99615768/", "resource": "https://www.loc.gov/pictures/item/99615768/resource/"}, "title": "No pasareis - C.N.T./F.A.I.", "image": {"alt": "digitized item thumbnail", "full": "https://tile.loc.gov/storage-services/service/pnp/cph/3g00000/3g07000/3g07400/3g07472_150px.jpg", "square": "https://tile.loc.gov/storage-services/service/pnp/cph/3g00000/3g07000/3g07400/3g07472_75x75px.jpg", "thumb": "https://tile.loc.gov/storage-services/service/pnp/cph/3g00000/3g07000/3g07400/3g07472_150px.jpg"}, "created": "2016-04-20T00:00:00Z", "modified": "2016-04-20T00:00:00Z", "collection": ["pp", "ppminload", "spcw"], "creator": "Gim\u00ednez", "call_number": "POS - SP. CIV. WAR - .G47, no. 1 (C size) [P&P]", "medium_brief": "1 print (poster) :", "source_modified": "2002-11-11T00:00:00Z", "pk": "99615768", "created_published_date": "[between 1936 and 1939]", "subjects": ["Grenades--1930-1940.", "Spain--History--Civil War, 1936-1939--Military personnel.", "Lithographs--Color--1930-1940.", "War posters--Spanish--1930-1940."]}, {"source_created": "2000-11-03T00:00:00Z", "index": 4, "medium": "1 print (poster) : lithograph, color ; 69 x 99 cm.", "reproduction_number": "LC-USZC4-8068 (color film copy transparency)", "links": {"item": "https://www.loc.gov/pictures/item/00652849/", "resource": "https://www.loc.gov/pictures/item/00652849/resource/"}, "title": "Lend the way they fight--Buy bonds to your utmost Music makes for morale--A singing army is a fighting army /", "image": {"alt": "digitized item thumbnail", "full": "https://tile.loc.gov/storage-services/service/pnp/cph/3g00000/3g08000/3g08000/3g08068r.jpg", "square": "https://tile.loc.gov/storage-services/service/pnp/cph/3g00000/3g08000/3g08000/3g08068_75x75px.jpg", "thumb": "https://tile.loc.gov/storage-services/service/pnp/cph/3g00000/3g08000/3g08000/3g08068_150px.jpg"}, "created": "2016-04-21T00:00:00Z", "modified": "2016-04-21T00:00:00Z", "collection": ["diof", "pp", "wwipos"], "creator": null, "call_number": "POS - WWI - US, no. 257 (C size) [P&P]", "medium_brief": "1 print (poster) :", "source_modified": "2009-10-22T00:00:00Z", "pk": "00652849", "created_published_date": "[1917]", "subjects": ["World War, 1914-1918--Economic & industrial aspects--United States.", "War bonds & funds--United States--1910-1920.", "Grenades--1910-1920.", "Bugles--1910-1920.", "Singing--1910-1920.", "Lithographs--Color--1910-1920.", "War posters--American--1910-1920."]}, {"source_created": "1999-10-15T00:00:00Z", "index": 5, "medium": "1 drawing on layered paper board : crayon, ink, blue pencil, and white out over pencil.", "reproduction_number": "", "links": {"item": "https://www.loc.gov/pictures/item/2016686502/", "resource": null}, "title": "Returned goods", "image": {"alt": "item not digitized thumbnail", "full": "https://www.loc.gov/pictures/static/images/item/500x500_notdigitized.png", "square": "https://www.loc.gov/pictures/static/images/item/not_digitized_buttons75X75.png", "thumb": "https://www.loc.gov/pictures/static/images/item/notdigitized_buttons140X120.png"}, "created": "2016-08-16T00:00:00Z", "modified": "2016-08-16T00:00:00Z", "collection": ["acd", "minload", "pp"], "creator": "Mauldin, Bill, 1921-2003", "call_number": "CD 1 - Mauldin, no. 950 (A size)", "medium_brief": "1 drawing on layered paper board :", "source_modified": "2016-08-05T00:00:00Z", "pk": "2016686502", "created_published_date": "1963 Apr. 24 [publication date]", "subjects": ["Cardona, J.M.--(Jos\u00e9 Miro)", "White House (Washington, D.C.)", "Grenades--1960-1970.", "International relations--Cuba--1960-1970.", "International relations--United States--1960-1970.", "Refugees--Cuba--1960-1970.", "Drawings--1960-1970.", "Editorial cartoons--1960-1970."]}, {"source_created": "1999-10-15T00:00:00Z", "index": 6, "medium": "1 drawing on layered paper board : crayon, ink, blue pencil, and white out over pencil.", "reproduction_number": "", "links": {"item": "https://www.loc.gov/pictures/item/2016686619/", "resource": null}, "title": "An apple for teacher", "image": {"alt": "item not digitized thumbnail", "full": "https://www.loc.gov/pictures/static/images/item/500x500_notdigitized.png", "square": "https://www.loc.gov/pictures/static/images/item/not_digitized_buttons75X75.png", "thumb": "https://www.loc.gov/pictures/static/images/item/notdigitized_buttons140X120.png"}, "created": "2016-08-16T00:00:00Z", "modified": "2016-08-16T00:00:00Z", "collection": ["acd", "minload", "pp"], "creator": "Mauldin, Bill, 1921-2003", "call_number": "CD 1 - Mauldin, no. 1078 (A size)", "medium_brief": "1 drawing on layered paper board :", "source_modified": "2016-08-05T00:00:00Z", "pk": "2016686619", "created_published_date": "1964 Mar. 14 [publication date]", "subjects": ["Violence--1960-1970.", "Schools--1960-1970.", "Grenades--1960-1970.", "Drawings--1960-1970.", "Editorial cartoons--1960-1970."]}, {"source_created": "2012-11-19T00:00:00Z", "index": 7, "medium": "1 drawing.", "reproduction_number": "", "links": {"item": "https://www.loc.gov/pictures/item/2012636368/", "resource": null}, "title": "Scorched-earth campaign", "image": {"alt": "item not digitized thumbnail", "full": "https://www.loc.gov/pictures/static/images/item/500x500_notdigitized.png", "square": "https://www.loc.gov/pictures/static/images/item/not_digitized_buttons75X75.png", "thumb": "https://www.loc.gov/pictures/static/images/item/notdigitized_buttons140X120.png"}, "created": "2020-06-24T00:00:00Z", "modified": "2020-06-24T00:00:00Z", "collection": ["hlb", "minload", "pp"], "creator": "Block, Herbert, 1909-2001", "call_number": "BLOCK, no. 5623 (BB size)", "medium_brief": "1 drawing.", "source_modified": "2020-06-17T00:00:00Z", "pk": "2012636368", "created_published_date": "6/19/1962.", "subjects": ["United States.--Congress.", "Taxpayers", "reform", "agriculture", "farms", "politics & government", "Wounds & injuries", "Grenades", "Republican elephant (Symbolic character)", "Drawings--American.", "Editorial cartoons--American."]}]}