{"search": {"field": "subject", "hits": 163, "sort_order": null, "do_facets": true, "focus_item": null, "query": "Clock towers", "type": "search", "sort_by": null}, "focus": null, "views": {"current": "list", "grid": "https://www.loc.gov/pictures/search/?q=Clock+towers&fi=subject&va=exact&st=grid&op=PHRASE", "list": "https://www.loc.gov/pictures/search/?q=Clock+towers&fi=subject&op=PHRASE&va=exact", "gallery": "https://www.loc.gov/pictures/search/?q=Clock+towers&fi=subject&va=exact&st=gallery&op=PHRASE", "slideshow": "https://www.loc.gov/pictures/search/?q=Clock+towers&fi=subject&va=exact&st=slideshow&op=PHRASE"}, "facets": [{"type": "displayed", "filters": [{"count": 133, "on": "https://www.loc.gov/pictures/search/?va=exact&sp=1&q=Clock+towers&fa=displayed%3Aanywhere&fi=subject&op=PHRASE&fo=json", "selected": false, "off": "https://www.loc.gov/pictures/search/?va=exact&sp=1&q=Clock+towers&fi=subject&fo=json&op=PHRASE", "title": "Larger image available anywhere"}, {"count": 25, "on": "https://www.loc.gov/pictures/search/?va=exact&sp=1&q=Clock+towers&fa=displayed%3Alc_only&fi=subject&op=PHRASE&fo=json", "selected": false, "off": "https://www.loc.gov/pictures/search/?va=exact&sp=1&q=Clock+towers&fi=subject&fo=json&op=PHRASE", "title": "Larger image available only at the Library of Congress"}, {"count": 5, "on": "https://www.loc.gov/pictures/search/?va=exact&sp=1&q=Clock+towers&fa=displayed%3Anot_digitized&fi=subject&op=PHRASE&fo=json", "selected": false, "off": "https://www.loc.gov/pictures/search/?va=exact&sp=1&q=Clock+towers&fi=subject&fo=json&op=PHRASE", "title": "Not Digitized"}], "title": "displayed"}], "links": {"json": "//www.loc.gov/pictures/search/?fi=subject&q=Clock+towers&op=PHRASE&va=exact&fo=json", "html": "//www.loc.gov/pictures/search/?fi=subject&q=Clock+towers&op=PHRASE&va=exact", "rss": "//www.loc.gov/pictures/search/?fi=subject&q=Clock+towers&op=PHRASE&va=exact&fo=rss"}, "suggestions": {"possible": []}, "pages": {"current": 1, "next": "https://www.loc.gov/pictures/search/?q=Clock+towers&fi=subject&sp=2&op=PHRASE&va=exact", "perpage": 20, "last": "https://www.loc.gov/pictures/search/?q=Clock+towers&fi=subject&sp=8&op=PHRASE&va=exact", "page_list": [{"url": null, "number": 1}, {"url": "https://www.loc.gov/pictures/search/?q=Clock+towers&fi=subject&sp=2&op=PHRASE&va=exact", "number": 2}, {"url": "https://www.loc.gov/pictures/search/?q=Clock+towers&fi=subject&sp=3&op=PHRASE&va=exact", "number": 3}, {"url": "https://www.loc.gov/pictures/search/?q=Clock+towers&fi=subject&sp=4&op=PHRASE&va=exact", "number": 4}, {"url": "https://www.loc.gov/pictures/search/?q=Clock+towers&fi=subject&sp=5&op=PHRASE&va=exact", "number": 5}, {"url": "https://www.loc.gov/pictures/search/?q=Clock+towers&fi=subject&sp=6&op=PHRASE&va=exact", "number": "..."}, {"url": "https://www.loc.gov/pictures/search/?q=Clock+towers&fi=subject&sp=8&op=PHRASE&va=exact", "number": 8}], "previous": null, "total": 8, "results": "1 - 20", "first": null}, "collection": null, "results": [{"source_created": "2000-03-06T00:00:00Z", "index": 1, "medium": "1 photographic print.", "reproduction_number": "LC-USZ62-123583 (b&w film copy neg.)", "links": {"item": "https://www.loc.gov/pictures/item/00650138/", "resource": "https://www.loc.gov/pictures/item/00650138/resource/"}, "title": "Metropolitan Life Ins. Bldg.", "image": {"alt": "digitized item thumbnail", "full": "https://tile.loc.gov/storage-services/service/pnp/cph/3c20000/3c23000/3c23500/3c23583r.jpg", "square": "https://tile.loc.gov/storage-services/service/pnp/cph/3c20000/3c23000/3c23500/3c23583_75x75px.jpg", "thumb": "https://tile.loc.gov/storage-services/service/pnp/cph/3c20000/3c23000/3c23500/3c23583_150px.jpg"}, "created": "2016-04-20T00:00:00Z", "modified": "2016-04-20T00:00:00Z", "collection": ["cph", "diof", "pp"], "creator": "Underhill, Irving, -1960", "call_number": "LOT 3788, box 5 [item] [P&P]", "medium_brief": "1 photographic print.", "source_modified": "2013-05-23T00:00:00Z", "pk": "00650138", "created_published_date": "c1910.", "subjects": ["Metropolitan Life Insurance Company--Buildings--New York (State)--New York--1910.", "Clock towers--New York (State)--New York--1910.", "Insurance companies--New York (State)--New York--1910.", "Parks--New York (State)--New York--1910.", "Photographic prints--1910."]}, {"source_created": "2000-03-06T00:00:00Z", "index": 2, "medium": "1 photographic print.", "reproduction_number": "LC-USZ62-123582 (b&w film copy neg.)", "links": {"item": "https://www.loc.gov/pictures/item/00650139/", "resource": "https://www.loc.gov/pictures/item/00650139/resource/"}, "title": "Metropolitan Life Ins. Bldg.", "image": {"alt": "digitized item thumbnail", "full": "https://tile.loc.gov/storage-services/service/pnp/cph/3c20000/3c23000/3c23500/3c23582r.jpg", "square": "https://tile.loc.gov/storage-services/service/pnp/cph/3c20000/3c23000/3c23500/3c23582_75x75px.jpg", "thumb": "https://tile.loc.gov/storage-services/service/pnp/cph/3c20000/3c23000/3c23500/3c23582_150px.jpg"}, "created": "2016-04-20T00:00:00Z", "modified": "2016-04-20T00:00:00Z", "collection": ["cph", "diof", "pp"], "creator": "Underhill, Irving, -1960", "call_number": "LOT 3788, box 5 [item] [P&P]", "medium_brief": "1 photographic print.", "source_modified": "2013-05-23T00:00:00Z", "pk": "00650139", "created_published_date": "c1912.", "subjects": ["Metropolitan Life Insurance Company--Buildings--New York (State)--New York--1910-1920.", "Clock towers--New York (State)--New York--1910-1920.", "Photographic prints--1910-1920."]}, {"source_created": "2000-03-07T00:00:00Z", "index": 3, "medium": "1 photographic print.", "reproduction_number": "LC-USZ62-124938 (b&w film copy neg.)", "links": {"item": "https://www.loc.gov/pictures/item/00650141/", "resource": "https://www.loc.gov/pictures/item/00650141/resource/"}, "title": "Metropolitan Life Bldg.", "image": {"alt": "digitized item thumbnail", "full": "https://tile.loc.gov/storage-services/service/pnp/cph/3c20000/3c24000/3c24900/3c24938r.jpg", "square": "https://tile.loc.gov/storage-services/service/pnp/cph/3c20000/3c24000/3c24900/3c24938_75x75px.jpg", "thumb": "https://tile.loc.gov/storage-services/service/pnp/cph/3c20000/3c24000/3c24900/3c24938_150px.jpg"}, "created": "2016-04-20T00:00:00Z", "modified": "2016-04-20T00:00:00Z", "collection": ["cph", "diof", "pp"], "creator": "Underhill, Irving, -1960", "call_number": "LOT 3788, box 5 [item] [P&P]", "medium_brief": "1 photographic print.", "source_modified": "2013-05-23T00:00:00Z", "pk": "00650141", "created_published_date": "c1911.", "subjects": ["Metropolitan Life Insurance Company--Buildings--New York (State)--New York--1910-1920.", "Clock towers--New York (State)--New York--1910-1920.", "Photographic prints--1910-1920."]}, {"source_created": "2000-10-17T00:00:00Z", "index": 4, "medium": "1 photographic print.", "reproduction_number": "LC-USZ62-127144 (b&w film copy neg.)", "links": {"item": "https://www.loc.gov/pictures/item/00652495/", "resource": "https://www.loc.gov/pictures/item/00652495/resource/"}, "title": "Hundreds of school-age Selma, Ala., youngsters are marched away to detention compound yesterday after demonstration outside the county courthouse", "image": {"alt": "digitized item thumbnail", "full": "https://tile.loc.gov/storage-services/service/pnp/cph/3c20000/3c27000/3c27100/3c27144_150px.jpg", "square": "https://tile.loc.gov/storage-services/service/pnp/cph/3c20000/3c27000/3c27100/3c27144_75x75px.jpg", "thumb": "https://tile.loc.gov/storage-services/service/pnp/cph/3c20000/3c27000/3c27100/3c27144_150px.jpg"}, "created": "2016-04-20T00:00:00Z", "modified": "2016-04-20T00:00:00Z", "collection": ["cph", "pp"], "creator": null, "call_number": "NYWTS - SUBJ/GEOG--Racism--1965 [item] [P&P]", "medium_brief": "1 photographic print.", "source_modified": "2006-04-03T00:00:00Z", "pk": "00652495", "created_published_date": "1965.", "subjects": ["African Americans--Capture & imprisonment--1960-1970.", "Civil rights demonstrations--Alabama--Selma--1960-1970.", "Clock towers--Alabama--Selma--1960-1970.", "Racism--Alabama--Selma--1960-1970.", "Students--Alabama--Selma--1960-1970.", "Photographic prints--1960-1970.", "Transmitted images--1960-1970."]}, {"source_created": "2002-06-18T00:00:00Z", "index": 5, "medium": "1 photographic print.", "reproduction_number": "LC-USZ62-131091 (b&w film copy neg.)", "links": {"item": "https://www.loc.gov/pictures/item/2002712291/", "resource": "https://www.loc.gov/pictures/item/2002712291/resource/"}, "title": "[Chung Chen Road, a busy street in the Chongqing banking district]", "image": {"alt": "digitized item thumbnail", "full": "https://tile.loc.gov/storage-services/service/pnp/cph/3c30000/3c31000/3c31000/3c31091_150px.jpg", "square": "https://tile.loc.gov/storage-services/service/pnp/cph/3c30000/3c31000/3c31000/3c31091_75x75px.jpg", "thumb": "https://tile.loc.gov/storage-services/service/pnp/cph/3c30000/3c31000/3c31000/3c31091_150px.jpg"}, "created": "2016-04-20T00:00:00Z", "modified": "2016-04-20T00:00:00Z", "collection": ["cph", "pp"], "creator": null, "call_number": "NYWTS - SUBJ/GEOG--China Chungking [item] [P&P]", "medium_brief": "1 photographic print.", "source_modified": "2002-11-16T00:00:00Z", "pk": "2002712291", "created_published_date": "1944 Jan 15.", "subjects": ["World War, 1939-1945--Destruction & pillage--Japanese--China--Chongqing.", "Clock towers--China--Chongqing--1940-1950.", "City & town life--China--Chongqing--1940-1950.", "Commercial streets--China--Chongqing--1940-1950.", "War damage--China--Chongqing--1940-1950.", "Rickshaws--China--Chongqing--1940-1950.", "Photographic prints--1940-1950."]}, {"source_created": "2002-12-05T00:00:00Z", "index": 6, "medium": "1 photographic print.", "reproduction_number": "LC-USZ62-132361 (b&w film copy neg.)", "links": {"item": "https://www.loc.gov/pictures/item/2002735755/", "resource": "https://www.loc.gov/pictures/item/2002735755/resource/"}, "title": "The harbor of Halifax where the \"Titanic\" victims were taken", "image": {"alt": "digitized item thumbnail", "full": "https://tile.loc.gov/storage-services/service/pnp/cph/3c30000/3c32000/3c32300/3c32361r.jpg", "square": "https://tile.loc.gov/storage-services/service/pnp/cph/3c30000/3c32000/3c32300/3c32361_75x75px.jpg", "thumb": "https://tile.loc.gov/storage-services/service/pnp/cph/3c30000/3c32000/3c32300/3c32361_150px.jpg"}, "created": "2016-04-20T00:00:00Z", "modified": "2016-04-20T00:00:00Z", "collection": ["cph", "diof", "pp"], "creator": null, "call_number": "NYWTS - SUBJ/GEOG--Canada--Halifax [item] [P&P]", "medium_brief": "1 photographic print.", "source_modified": "2011-04-15T00:00:00Z", "pk": "2002735755", "created_published_date": "1917 Dec. 6.", "subjects": ["Titanic (Steamship)--Disasters.", "Clock towers--Nova Scotia--Halifax--1910-1920.", "Harbors--Nova Scotia--Halifax--1910-1920.", "Buildings--Nova Scotia--Halifax--1910-1920.", "Photographic prints--1910-1920."]}, {"source_created": "2004-03-22T00:00:00Z", "index": 7, "medium": "1 photographic print.", "reproduction_number": "LC-USZ62-133840 (b&w film copy neg.)", "links": {"item": "https://www.loc.gov/pictures/item/2004669715/", "resource": "https://www.loc.gov/pictures/item/2004669715/resource/"}, "title": "Flood scene on Main St., Montpelier, Vt., Nov. 4, 1927", "image": {"alt": "digitized item thumbnail", "full": "https://tile.loc.gov/storage-services/service/pnp/cph/3c30000/3c33000/3c33800/3c33840_150px.jpg", "square": "https://tile.loc.gov/storage-services/service/pnp/cph/3c30000/3c33000/3c33800/3c33840_75x75px.jpg", "thumb": "https://tile.loc.gov/storage-services/service/pnp/cph/3c30000/3c33000/3c33800/3c33840_150px.jpg"}, "created": "2016-04-20T00:00:00Z", "modified": "2016-04-20T00:00:00Z", "collection": ["cph", "pp"], "creator": null, "call_number": "LOT 6676 [item] [P&P]", "medium_brief": "1 photographic print.", "source_modified": "2005-05-12T00:00:00Z", "pk": "2004669715", "created_published_date": "1927 Nov. 4", "subjects": ["Floods--Vermont--Montpelier--1920-1930.", "Disasters--Vermont--Montpelier--1920-1930.", "Streets--Vermont--Montpelier--1920-1930.", "Debris--Vermont--Montpelier--1920-1930.", "Clock towers--Vermont--Montpelier--1920-1930.", "Commercial facilities--Vermont--Montpelier--1920-1930.", "Montpelier (Vt.)--1920-1930.", "Aerial views--1920-1930.", "Photographic prints--1920-1930."]}, {"source_created": "1994-01-01T00:00:00Z", "index": 8, "medium": "1 slide : lantern, hand colored ; 3.25 x 4 in.", "reproduction_number": "", "links": {"item": "https://www.loc.gov/pictures/item/2004707644/", "resource": "https://www.loc.gov/pictures/item/2004707644/resource/"}, "title": "Colombo - clock tower and street scene", "image": {"alt": "digitized item thumbnail", "full": "https://tile.loc.gov/storage-services/service/pnp/wtc/4a00000/4a02000/4a02900/4a02928r.jpg", "square": "https://tile.loc.gov/storage-services/service/pnp/wtc/4a00000/4a02000/4a02900/4a02928_75x75px.jpg", "thumb": "https://tile.loc.gov/storage-services/service/pnp/wtc/4a00000/4a02000/4a02900/4a02928_150px.jpg"}, "created": "2016-04-20T00:00:00Z", "modified": "2016-04-20T00:00:00Z", "collection": ["ammem", "diof", "minload", "pp", "wtc"], "creator": "Jackson, William Henry, 1843-1942", "call_number": "LC-W7- 270 [P&P]", "medium_brief": "1 slide :", "source_modified": "2013-06-20T00:00:00Z", "pk": "2004707644", "created_published_date": "[1895]", "subjects": ["Clock towers.", "Streets.", "Sri Lanka--Colombo.", "Lantern slides--Hand colored."]}, {"source_created": "2008-03-03T00:00:00Z", "index": 9, "medium": "1 photographic print.", "reproduction_number": "LC-DIG-ppmsca-17491 (digital file from original photograph)", "links": {"item": "https://www.loc.gov/pictures/item/2008677098/", "resource": "https://www.loc.gov/pictures/item/2008677098/resource/"}, "title": "[Hampton Normal and Agricultural Institute, Hampton, Va. -- church and academic hall]", "image": {"alt": "digitized item thumbnail", "full": "https://tile.loc.gov/storage-services/service/pnp/ppmsca/17400/17491r.jpg", "square": "https://tile.loc.gov/storage-services/service/pnp/ppmsca/17400/17491_75x75px.jpg", "thumb": "https://tile.loc.gov/storage-services/service/pnp/ppmsca/17400/17491_150px.jpg"}, "created": "2016-04-20T00:00:00Z", "modified": "2016-04-20T00:00:00Z", "collection": ["diof", "fbj", "pp"], "creator": "Johnston, Frances Benjamin, 1864-1952", "call_number": "LOT 11051-5 [item] [P&P]", "medium_brief": "1 photographic print.", "source_modified": "2009-09-18T00:00:00Z", "pk": "2008677098", "created_published_date": "[1899 or 1900]", "subjects": ["Hampton Normal and Agricultural Institute (Va.)--Buildings--1890-1900.", "Educational facilities--Virginia--Hampton--1890-1900.", "Churches--Virginia--Hampton--1890-1900.", "Clock towers--Virginia--Hampton--1890-1900.", "Photographic prints--1890-1900."]}, {"source_created": "2008-03-14T00:00:00Z", "index": 10, "medium": "1 photographic print : color.", "reproduction_number": "LC-DIG-ppmsca-15987 (digital file from original photo)\nLC-S3C7-SS3-1 (color transparency)", "links": {"item": "https://www.loc.gov/pictures/item/2008677161/", "resource": "https://www.loc.gov/pictures/item/2008677161/resource/"}, "title": "Colbert County court house", "image": {"alt": "digitized item thumbnail", "full": "https://tile.loc.gov/storage-services/service/pnp/ppmsca/15900/15987_150px.jpg", "square": "https://tile.loc.gov/storage-services/service/pnp/ppmsca/15900/15987_75x75px.jpg", "thumb": "https://tile.loc.gov/storage-services/service/pnp/ppmsca/15900/15987_150px.jpg"}, "created": "2016-04-20T00:00:00Z", "modified": "2016-04-20T00:00:00Z", "collection": ["cph", "pp"], "creator": "Shore, Stephen, 1947-", "call_number": "LOT 11936-19, no. 5 [P&P]", "medium_brief": "1 photographic print :", "source_modified": "2008-03-14T00:00:00Z", "pk": "2008677161", "created_published_date": "[between 1974 and 1977]", "subjects": ["Courthouses--Alabama--Tuscumbia--1970-1980.", "Clock towers--Alabama--Tuscumbia--1970-1980.", "Dye coupler prints--Color--1970-1980."]}, {"source_created": "2008-03-17T00:00:00Z", "index": 11, "medium": "1 photographic print : color.", "reproduction_number": "LC-DIG-ppmsca-15988 (digital file from original photo)\nLC-S3C7-SS4-2 (color transparency)", "links": {"item": "https://www.loc.gov/pictures/item/2008677162/", "resource": "https://www.loc.gov/pictures/item/2008677162/resource/"}, "title": "Dallas County court house", "image": {"alt": "digitized item thumbnail", "full": "https://tile.loc.gov/storage-services/service/pnp/ppmsca/15900/15988_150px.jpg", "square": "https://tile.loc.gov/storage-services/service/pnp/ppmsca/15900/15988_75x75px.jpg", "thumb": "https://tile.loc.gov/storage-services/service/pnp/ppmsca/15900/15988_150px.jpg"}, "created": "2016-04-20T00:00:00Z", "modified": "2016-04-20T00:00:00Z", "collection": ["cph", "pp"], "creator": "Shore, Stephen, 1947-", "call_number": "LOT 11936-19, no. 7 [P&P]", "medium_brief": "1 photographic print :", "source_modified": "2008-03-17T00:00:00Z", "pk": "2008677162", "created_published_date": "[between 1974 and 1977]", "subjects": ["Courthouses--Alabama--Selma--1970-1980.", "Clock towers--Alabama--Selma--1970-1980.", "Streets--Alabama--Selma--1970-1980.", "Dye coupler prints--Color--1970-1980."]}, {"source_created": "2011-08-10T00:00:00Z", "index": 12, "medium": "1 transparency : color ; 4 x 5 in. or smaller.", "reproduction_number": "LC-DIG-highsm-12355 (digital file from original)\nLC-HS503-1094 (color film transparency)", "links": {"item": "https://www.loc.gov/pictures/item/2011630552/", "resource": "https://www.loc.gov/pictures/item/2011630552/resource/"}, "title": "Clock tower, Dubuque, Iowa", "image": {"alt": "digitized item thumbnail", "full": "https://tile.loc.gov/storage-services/service/pnp/highsm/12300/12355r.jpg", "square": "https://tile.loc.gov/storage-services/service/pnp/highsm/12300/12355_75x75px.jpg", "thumb": "https://tile.loc.gov/storage-services/service/pnp/highsm/12300/12355_150px.jpg"}, "created": "2016-04-20T00:00:00Z", "modified": "2016-04-20T00:00:00Z", "collection": ["diof", "highsm", "minload", "pp"], "creator": "Highsmith, Carol M., 1946-", "call_number": "LC-HS503- 1094 (ONLINE) [P&P]", "medium_brief": "1 transparency :", "source_modified": "2015-04-13T00:00:00Z", "pk": "2011630552", "created_published_date": "[between 1980 and 2006]", "subjects": ["United States--Iowa--Dubuque.", "America.", "Clock towers.", "Transparencies--color--1980-2010."]}, {"source_created": "2011-06-27T00:00:00Z", "index": 13, "medium": "1 photographic print : gelatin silver developing-out paper print.", "reproduction_number": "LC-USZC4-14602 (color film copy transparency)", "links": {"item": "https://www.loc.gov/pictures/item/2011648736/", "resource": "https://www.loc.gov/pictures/item/2011648736/resource/"}, "title": "Central tower, Bilibid Prison", "image": {"alt": "digitized item thumbnail", "full": "https://tile.loc.gov/storage-services/service/pnp/cph/3g10000/3g14000/3g14600/3g14602_150px.jpg", "square": "https://tile.loc.gov/storage-services/service/pnp/cph/3g10000/3g14000/3g14600/3g14602_75x75px.jpg", "thumb": "https://tile.loc.gov/storage-services/service/pnp/cph/3g10000/3g14000/3g14600/3g14602_150px.jpg"}, "created": "2016-04-20T00:00:00Z", "modified": "2016-04-20T00:00:00Z", "collection": ["cph", "pp"], "creator": null, "call_number": "LOT 6766 [item] [P&P]", "medium_brief": "1 photographic print :", "source_modified": "2011-08-01T00:00:00Z", "pk": "2011648736", "created_published_date": "[ca. 1916]", "subjects": ["Bilibid Prison (Manila, Philippines)--Buildings--1910-1920.", "Prisons--Philippines--Manila--1910-1920.", "Walkways--Philippines--Manila--1910-1920.", "Clock towers--Philippines--Manila--1910-1920.", "Gelatin silver printing-out paper prints--1910-1920."]}, {"source_created": "2011-07-18T00:00:00Z", "index": 14, "medium": "1 drawing : graphite ; 10.5 x 25.7 cm (sheet)", "reproduction_number": "", "links": {"item": "https://www.loc.gov/pictures/item/2011648931/", "resource": null}, "title": "Epsom town", "image": {"alt": "item not digitized thumbnail", "full": "https://www.loc.gov/pictures/static/images/item/500x500_notdigitized.png", "square": "https://www.loc.gov/pictures/static/images/item/not_digitized_buttons75X75.png", "thumb": "https://www.loc.gov/pictures/static/images/item/notdigitized_buttons140X120.png"}, "created": "2016-04-20T00:00:00Z", "modified": "2016-04-20T00:00:00Z", "collection": ["diof", "drwg", "pp"], "creator": "Pollard, James, 1792-1867", "call_number": "DRWG 1 - Pollard, no. 43 (A size) [P&P]", "medium_brief": "1 drawing :", "source_modified": "2011-07-18T00:00:00Z", "pk": "2011648931", "created_published_date": "[between 1820 and 1850]", "subjects": ["Streets--England--Epsom--1820-1850.", "Buildings--England--Epsom--1820-1850.", "Clock towers--England--Epsom--1820-1850.", "City & town life--England--Epsom--1820-1850.", "Graphite drawings--1820-1850."]}, {"source_created": "2011-07-18T00:00:00Z", "index": 15, "medium": "1 drawing : graphite ; 10.8 x 16.9 cm (sheet)", "reproduction_number": "", "links": {"item": "https://www.loc.gov/pictures/item/2011648935/", "resource": null}, "title": "Oblisk [sic] in Epsom town", "image": {"alt": "item not digitized thumbnail", "full": "https://www.loc.gov/pictures/static/images/item/500x500_notdigitized.png", "square": "https://www.loc.gov/pictures/static/images/item/not_digitized_buttons75X75.png", "thumb": "https://www.loc.gov/pictures/static/images/item/notdigitized_buttons140X120.png"}, "created": "2016-04-20T00:00:00Z", "modified": "2016-04-20T00:00:00Z", "collection": ["diof", "drwg", "pp"], "creator": "Pollard, James, 1792-1867", "call_number": "DRWG 1 - Pollard, no. 47 (A size) [P&P]", "medium_brief": "1 drawing :", "source_modified": "2011-07-18T00:00:00Z", "pk": "2011648935", "created_published_date": "[between 1820 and 1850]", "subjects": ["Clock towers--England--Epsom--1820-1850.", "Obelisks--England--Epsom--1820-1850.", "City & town life--England--Epsom--1820-1850.", "Graphite drawings--1820-1850."]}, {"source_created": "2011-07-22T00:00:00Z", "index": 16, "medium": "1 drawing : graphite ; 17.3 x 29.8 cm (sheet)", "reproduction_number": "", "links": {"item": "https://www.loc.gov/pictures/item/2011649002/", "resource": null}, "title": "[Horse-drawn coach departing station]", "image": {"alt": "item not digitized thumbnail", "full": "https://www.loc.gov/pictures/static/images/item/500x500_notdigitized.png", "square": "https://www.loc.gov/pictures/static/images/item/not_digitized_buttons75X75.png", "thumb": "https://www.loc.gov/pictures/static/images/item/notdigitized_buttons140X120.png"}, "created": "2016-04-20T00:00:00Z", "modified": "2016-04-20T00:00:00Z", "collection": ["diof", "drwg", "pp"], "creator": "Pollard, James, 1792-1867", "call_number": "DRWG 1 - Pollard, no. 107 (A size) [P&P]", "medium_brief": "1 drawing :", "source_modified": "2011-07-22T00:00:00Z", "pk": "2011649002", "created_published_date": "[between 1820 and 1850]", "subjects": ["Carriages & coaches--England--1820-1850.", "Horse teams--England--1820-1850.", "Horseback riding--England--1820-1850.", "Pedestrians--England--1820-1850.", "City & town life--England--1820-1850.", "Clock towers--England--1820-1850.", "Transportation facilities--England--1820-1850.", "Graphite drawings--1820-1850."]}, {"source_created": "2011-09-09T00:00:00Z", "index": 17, "medium": "1 drawing : graphite ; 16.4 x 34.2 cm (sheet)", "reproduction_number": "", "links": {"item": "https://www.loc.gov/pictures/item/2011649574/", "resource": null}, "title": "Buckland church", "image": {"alt": "item not digitized thumbnail", "full": "https://www.loc.gov/pictures/static/images/item/500x500_notdigitized.png", "square": "https://www.loc.gov/pictures/static/images/item/not_digitized_buttons75X75.png", "thumb": "https://www.loc.gov/pictures/static/images/item/notdigitized_buttons140X120.png"}, "created": "2016-04-20T00:00:00Z", "modified": "2016-04-20T00:00:00Z", "collection": ["diof", "drwg", "pp"], "creator": "Pollard, James, 1792-1867", "call_number": "DRWG 1 - Pollard, no. 267 (A size) [P&P]", "medium_brief": "1 drawing :", "source_modified": "2011-09-23T00:00:00Z", "pk": "2011649574", "created_published_date": "[between 1820 and 1850]", "subjects": ["Churches--England--1820-1850.", "Clock towers--England--1820-1850.", "Graphite drawings--1820-1850."]}, {"source_created": "2011-11-02T00:00:00Z", "index": 18, "medium": "1 drawing : graphite ; 23.4 x 29 cm (sheet)", "reproduction_number": "LC-USZ62-86082 (b&w film copy neg.)", "links": {"item": "https://www.loc.gov/pictures/item/2011660670/", "resource": "https://www.loc.gov/pictures/item/2011660670/resource/"}, "title": "[Catholic church with walled courtyard garden in Beijing]", "image": {"alt": "digitized item thumbnail", "full": "https://tile.loc.gov/storage-services/service/pnp/cph/3b30000/3b32000/3b32500/3b32596r.jpg", "square": "https://tile.loc.gov/storage-services/service/pnp/cph/3b30000/3b32000/3b32500/3b32596_75x75px.jpg", "thumb": "https://tile.loc.gov/storage-services/service/pnp/cph/3b30000/3b32000/3b32500/3b32596_150px.jpg"}, "created": "2016-04-20T00:00:00Z", "modified": "2016-04-20T00:00:00Z", "collection": ["diof", "drwg", "pp"], "creator": "I\ufe20U\ufe21din, G. V. (Gennadi\u012d Vasil\u02b9evich), 1840-1912", "call_number": "DRWG 1 - Russian, no. 140 (A size) [P&P]", "medium_brief": "1 drawing :", "source_modified": "2011-11-02T00:00:00Z", "pk": "2011660670", "created_published_date": "[between 1860 and 1900]", "subjects": ["Catholic churches--China--Beijing--1860-1900.", "Gardens--China--1860-1900.", "Courtyards--China--1860-1900.", "Clock towers--China--1860-1900.", "Charcoal drawings--1860-1900."]}, {"source_created": "2014-10-22T00:00:00Z", "index": 19, "medium": "1 photograph : digital, tiff file, color.", "reproduction_number": "LC-DIG-highsm-29196 (original digital file)", "links": {"item": "https://www.loc.gov/pictures/item/2014633396/", "resource": "https://www.loc.gov/pictures/item/2014633396/resource/"}, "title": "Clock tower of the Tarrant County Courthouse and adjacent buildings in Fort Worth, Texas", "image": {"alt": "digitized item thumbnail", "full": "https://tile.loc.gov/storage-services/service/pnp/highsm/29100/29196r.jpg", "square": "https://tile.loc.gov/storage-services/service/pnp/highsm/29100/29196_75x75px.jpg", "thumb": "https://tile.loc.gov/storage-services/service/pnp/highsm/29100/29196_150px.jpg"}, "created": "2016-04-20T00:00:00Z", "modified": "2016-04-20T00:00:00Z", "collection": ["diof", "highsm", "minload", "pp"], "creator": "Highsmith, Carol M., 1946-", "call_number": "LC-DIG-highsm- 29196 (ONLINE) [P&P]", "medium_brief": "1 photograph :", "source_modified": "2014-11-20T00:00:00Z", "pk": "2014633396", "created_published_date": "2014-05-24.", "subjects": ["United States--Texas--Tarrant County--Fort Worth.", "Tarrant County Courthouse.", "Courthouses.", "Frederick C. Gunn.", "Louis Curtiss.", "Clock towers.", "America.", "Digital photographs--Color--2010-2020."]}, {"source_created": "1990-08-10T00:00:00Z", "index": 20, "medium": "1 photomechanical print (postcard)", "reproduction_number": "LC-USZ62-100484 (b&w film copy neg.)", "links": {"item": "https://www.loc.gov/pictures/item/90712604/", "resource": "https://www.loc.gov/pictures/item/90712604/resource/"}, "title": "[Kremlin. Spasshai\ufe20a\ufe21bashni\ufe20a\ufe21, Shater, Moscow]", "image": {"alt": "digitized item thumbnail", "full": "https://tile.loc.gov/storage-services/service/pnp/cph/3c00000/3c00000/3c00400/3c00484_150px.jpg", "square": "https://tile.loc.gov/storage-services/service/pnp/cph/3c00000/3c00000/3c00400/3c00484_75x75px.jpg", "thumb": "https://tile.loc.gov/storage-services/service/pnp/cph/3c00000/3c00000/3c00400/3c00484_150px.jpg"}, "created": "2016-04-20T00:00:00Z", "modified": "2016-04-20T00:00:00Z", "collection": ["cph", "pp"], "creator": null, "call_number": "LOT 8074  <item> [P&P]", "medium_brief": "1 photomechanical print (postcard)", "source_modified": "2002-11-08T00:00:00Z", "pk": "90712604", "created_published_date": "[1958]", "subjects": ["Forts & fortifications--Russia (Federation)--Moscow--1950-1960.", "Clock towers--Russia (Federation)--Moscow--1950-1960.", "Kremlin (Moscow, Russia)--1950-1960.", "Photomechanical prints--1950-1960.", "Postcards--1950-1960."]}]}