{"search": {"field": "subject", "hits": 5, "sort_order": null, "do_facets": true, "focus_item": null, "query": "Anthropology", "type": "search", "sort_by": null}, "focus": null, "views": {"current": "list", "grid": "https://www.loc.gov/pictures/search/?q=Anthropology&fi=subject&va=exact&st=grid&op=PHRASE", "list": "https://www.loc.gov/pictures/search/?q=Anthropology&fi=subject&op=PHRASE&va=exact", "gallery": "https://www.loc.gov/pictures/search/?q=Anthropology&fi=subject&va=exact&st=gallery&op=PHRASE", "slideshow": "https://www.loc.gov/pictures/search/?q=Anthropology&fi=subject&va=exact&st=slideshow&op=PHRASE"}, "facets": [{"type": "displayed", "filters": [{"count": 3, "on": "https://www.loc.gov/pictures/search/?va=exact&sp=1&q=Anthropology&fa=displayed%3Aanywhere&fi=subject&op=PHRASE&fo=json", "selected": false, "off": "https://www.loc.gov/pictures/search/?va=exact&sp=1&q=Anthropology&fi=subject&fo=json&op=PHRASE", "title": "Larger image available anywhere"}, {"count": 1, "on": "https://www.loc.gov/pictures/search/?va=exact&sp=1&q=Anthropology&fa=displayed%3Alc_only&fi=subject&op=PHRASE&fo=json", "selected": false, "off": "https://www.loc.gov/pictures/search/?va=exact&sp=1&q=Anthropology&fi=subject&fo=json&op=PHRASE", "title": "Larger image available only at the Library of Congress"}, {"count": 1, "on": "https://www.loc.gov/pictures/search/?va=exact&sp=1&q=Anthropology&fa=displayed%3Anot_digitized&fi=subject&op=PHRASE&fo=json", "selected": false, "off": "https://www.loc.gov/pictures/search/?va=exact&sp=1&q=Anthropology&fi=subject&fo=json&op=PHRASE", "title": "Not Digitized"}], "title": "displayed"}], "links": {"json": "//www.loc.gov/pictures/search/?fi=subject&q=Anthropology&op=PHRASE&va=exact&fo=json", "html": "//www.loc.gov/pictures/search/?fi=subject&q=Anthropology&op=PHRASE&va=exact", "rss": "//www.loc.gov/pictures/search/?fi=subject&q=Anthropology&op=PHRASE&va=exact&fo=rss"}, "suggestions": {"possible": []}, "pages": {"current": 1, "next": null, "perpage": 20, "last": null, "page_list": [{"url": null, "number": 1}], "previous": null, "total": 1, "results": "1 - 5", "first": null}, "collection": null, "results": [{"source_created": "1996-06-03T00:00:00Z", "index": 1, "medium": "1 photographic print.", "reproduction_number": "LC-USZ62-116400 (b&w film copy neg.)", "links": {"item": "https://www.loc.gov/pictures/item/96510197/", "resource": "https://www.loc.gov/pictures/item/96510197/resource/"}, "title": "Prehistoric, \"first California man\" discovered", "image": {"alt": "digitized item thumbnail", "full": "https://tile.loc.gov/storage-services/service/pnp/cph/3c10000/3c16000/3c16400/3c16400_150px.jpg", "square": "https://tile.loc.gov/storage-services/service/pnp/cph/3c10000/3c16000/3c16400/3c16400_75x75px.jpg", "thumb": "https://tile.loc.gov/storage-services/service/pnp/cph/3c10000/3c16000/3c16400/3c16400_150px.jpg"}, "created": "2016-04-21T00:00:00Z", "modified": "2016-04-21T00:00:00Z", "collection": ["cph", "pp"], "creator": null, "call_number": "SSF - Archaeology--California--1937 <item> [P&P]", "medium_brief": "1 photographic print.", "source_modified": "2005-05-21T00:00:00Z", "pk": "96510197", "created_published_date": "[19]37.", "subjects": ["Skeletons--1930-1940.", "Archaeology--California--Lodi--1930-1940.", "Anthropology--California--Lodi--1930-1940.", "Photographic prints--1930-1940."]}, {"source_created": "1970-01-01T00:00:00Z", "index": 2, "medium": "2", "reproduction_number": null, "links": {"item": "https://www.loc.gov/pictures/item/ca0589/", "resource": "https://www.loc.gov/pictures/item/ca0589/resource/"}, "title": "Balboa Park, California Tower, Balboa Park, El Prado Area, San Diego, San Diego County, CA", "image": {"alt": "digitized item thumbnail", "full": "https://tile.loc.gov/storage-services/service/pnp/habshaer/ca/ca0500/ca0589/photos/015325pr.jpg", "square": "https://tile.loc.gov/storage-services/service/pnp/habshaer/ca/ca0500/ca0589/photos/015325p_75x75px.jpg", "thumb": "https://tile.loc.gov/storage-services/service/pnp/habshaer/ca/ca0500/ca0589/photos/015325p_150px.jpg"}, "created": "2016-04-16T00:00:00Z", "modified": "2020-03-20T00:00:00Z", "collection": ["diof", "hh", "survey"], "creator": "Historic American Buildings Survey", "call_number": "HABS CAL,37-SANDI,16-A-", "medium_brief": "Photo(s): 2, Data Page(s): 4, Photo Caption Page(s): 1", "source_modified": "2016-04-16T00:00:00Z", "pk": "ca0589", "created_published_date": "Documentation compiled after 1933", "subjects": ["towers", "galleries & museums", "medical offices", "exhibition buildings", "stone buildings", "exhibitions", "indigenous peoples", "people associated with education & communication", "international relations", "education", "anthropology"]}, {"source_created": "1970-01-01T00:00:00Z", "index": 3, "medium": "10", "reproduction_number": null, "links": {"item": "https://www.loc.gov/pictures/item/ks0152/", "resource": "https://www.loc.gov/pictures/item/ks0152/resource/"}, "title": "Spooner Hall, Fourteenth Street & Jayhawk Road, Lawrence, Douglas County, KS", "image": {"alt": "digitized item thumbnail", "full": "https://tile.loc.gov/storage-services/service/pnp/habshaer/ks/ks0100/ks0152/photos/048724pr.jpg", "square": "https://tile.loc.gov/storage-services/service/pnp/habshaer/ks/ks0100/ks0152/photos/048724p_75x75px.jpg", "thumb": "https://tile.loc.gov/storage-services/service/pnp/habshaer/ks/ks0100/ks0152/photos/048724p_150px.jpg"}, "created": "2016-04-17T00:00:00Z", "modified": "2020-03-20T00:00:00Z", "collection": ["diof", "hh", "survey"], "creator": "Historic American Buildings Survey", "call_number": "HABS KANS,23-LAWR,12-", "medium_brief": "Photo(s): 10, Measured Drawing(s): 14, Photo Caption Page(s): 1", "source_modified": "2016-04-17T00:00:00Z", "pk": "ks0152", "created_published_date": "Documentation compiled after 1933", "subjects": ["libraries", "galleries & museums", "stone buildings", "reading", "education", "anthropology"]}, {"source_created": "1970-01-01T00:00:00Z", "index": 4, "medium": "20", "reproduction_number": null, "links": {"item": "https://www.loc.gov/pictures/item/pa0218/", "resource": "https://www.loc.gov/pictures/item/pa0218/resource/"}, "title": "Moravian Pottery & Tile Works, Southwest side of State Route 313 (Swamp Road), Northwest of East Court Street, Doylestown, Bucks County, PA", "image": {"alt": "digitized item thumbnail", "full": "https://tile.loc.gov/storage-services/service/pnp/habshaer/pa/pa0200/pa0218/photos/142971pr.jpg", "square": "https://tile.loc.gov/storage-services/service/pnp/habshaer/pa/pa0200/pa0218/photos/142971p_75x75px.jpg", "thumb": "https://tile.loc.gov/storage-services/service/pnp/habshaer/pa/pa0200/pa0218/photos/142971p_150px.jpg"}, "created": "2016-04-16T00:00:00Z", "modified": "2020-03-20T00:00:00Z", "collection": ["diof", "hh", "survey"], "creator": "Historic American Buildings Survey", "call_number": "HABS PA,9-DOYLT.V,8-", "medium_brief": "Photo(s): 20, Data Page(s): 5, Photo Caption Page(s): 2", "source_modified": "2016-04-16T00:00:00Z", "pk": "pa0218", "created_published_date": "Documentation compiled after 1933", "subjects": ["factories", "galleries & museums", "U-plan buildings", "adaptive reuse", "textile industry", "anthropology", "archaeology", "potteries"]}, {"source_created": "2005-03-01T00:00:00Z", "index": 5, "medium": "24 photographic prints ; 24 x 18 cm.", "reproduction_number": "", "links": {"item": "https://www.loc.gov/pictures/item/2005678683/", "resource": null}, "title": "Photographs, 1933-36(?), collected by Nazis, depicting undesirable racial strains", "image": {"alt": "group item thumbnail", "full": "https://www.loc.gov/pictures/static/images/item/500x500_grouprecord.png", "square": "https://www.loc.gov/pictures/static/images/item/grouprecord_square.png", "thumb": "https://www.loc.gov/pictures/static/images/item/grouprecord_thumb_large.jpg"}, "created": "2016-04-20T15:54:32Z", "modified": "2021-04-13T12:11:12Z", "collection": ["coll", "pp", "reconlot2"], "creator": "Lendvai-Dircksen, Erna, 1883-1962", "call_number": "LOT 2711 (F) [P&P]", "medium_brief": "24 photographic prints ;\n1 photomechanical print :", "source_modified": "2008-05-29T12:10:17Z", "pk": "2005678683", "created_published_date": "1933-1936.", "subjects": ["Physical anthropology--Germany--History.", "Jews--1930-1940.", "Skulls--1930-1940.", "Photographic prints--1930-1940.", "Photomechanical prints--Color--1930-1940.", "Portraits--1930-1940."]}]}