{"search": {"field": "subject", "hits": 47, "sort_order": null, "do_facets": true, "focus_item": null, "query": "Scrapbooks", "type": "search", "sort_by": null}, "focus": null, "views": {"current": "list", "grid": "https://www.loc.gov/pictures/search/?q=Scrapbooks&fi=subject&va=exact&st=grid&op=PHRASE", "list": "https://www.loc.gov/pictures/search/?q=Scrapbooks&fi=subject&op=PHRASE&va=exact", "gallery": "https://www.loc.gov/pictures/search/?q=Scrapbooks&fi=subject&va=exact&st=gallery&op=PHRASE", "slideshow": "https://www.loc.gov/pictures/search/?q=Scrapbooks&fi=subject&va=exact&st=slideshow&op=PHRASE"}, "facets": [{"type": "displayed", "filters": [{"count": 14, "on": "https://www.loc.gov/pictures/search/?va=exact&sp=1&q=Scrapbooks&fa=displayed%3Aanywhere&fi=subject&op=PHRASE&fo=json", "selected": false, "off": "https://www.loc.gov/pictures/search/?va=exact&sp=1&q=Scrapbooks&fi=subject&fo=json&op=PHRASE", "title": "Larger image available anywhere"}, {"count": 13, "on": "https://www.loc.gov/pictures/search/?va=exact&sp=1&q=Scrapbooks&fa=displayed%3Alc_only&fi=subject&op=PHRASE&fo=json", "selected": false, "off": "https://www.loc.gov/pictures/search/?va=exact&sp=1&q=Scrapbooks&fi=subject&fo=json&op=PHRASE", "title": "Larger image available only at the Library of Congress"}, {"count": 20, "on": "https://www.loc.gov/pictures/search/?va=exact&sp=1&q=Scrapbooks&fa=displayed%3Anot_digitized&fi=subject&op=PHRASE&fo=json", "selected": false, "off": "https://www.loc.gov/pictures/search/?va=exact&sp=1&q=Scrapbooks&fi=subject&fo=json&op=PHRASE", "title": "Not Digitized"}], "title": "displayed"}], "links": {"json": "//www.loc.gov/pictures/search/?fi=subject&q=Scrapbooks&op=PHRASE&va=exact&fo=json", "html": "//www.loc.gov/pictures/search/?fi=subject&q=Scrapbooks&op=PHRASE&va=exact", "rss": "//www.loc.gov/pictures/search/?fi=subject&q=Scrapbooks&op=PHRASE&va=exact&fo=rss"}, "suggestions": {"possible": []}, "pages": {"current": 1, "next": "https://www.loc.gov/pictures/search/?q=Scrapbooks&fi=subject&sp=2&op=PHRASE&va=exact", "perpage": 20, "last": "https://www.loc.gov/pictures/search/?q=Scrapbooks&fi=subject&sp=3&op=PHRASE&va=exact", "page_list": [{"url": null, "number": 1}, {"url": "https://www.loc.gov/pictures/search/?q=Scrapbooks&fi=subject&sp=2&op=PHRASE&va=exact", "number": 2}, {"url": "https://www.loc.gov/pictures/search/?q=Scrapbooks&fi=subject&sp=3&op=PHRASE&va=exact", "number": 3}], "previous": null, "total": 3, "results": "1 - 20", "first": null}, "collection": null, "results": [{"source_created": "2002-10-30T00:00:00Z", "index": 1, "medium": "1 album (2 pages)", "reproduction_number": "LC-DIG-ppmsca-02966 (scan from color copy photo in Publishing Office)", "links": {"item": "https://www.loc.gov/pictures/item/2002719620/", "resource": "https://www.loc.gov/pictures/item/2002719620/resource/"}, "title": "[Men's League for Woman Suffrage, Miller Scrapbook]", "image": {"alt": "digitized item thumbnail", "full": "https://tile.loc.gov/storage-services/service/pnp/ppmsca/02900/02966r.jpg", "square": "https://tile.loc.gov/storage-services/service/pnp/ppmsca/02900/02966_75x75px.jpg", "thumb": "https://tile.loc.gov/storage-services/service/pnp/ppmsca/02900/02966_150px.jpg"}, "created": "2016-04-20T00:00:00Z", "modified": "2016-04-20T00:00:00Z", "collection": ["ammem", "awh", "cph", "diof", "pp"], "creator": null, "call_number": "Illus. in JK1881 .N357 sec. 16, No. 9 NAWSA Coll [Rare Book RR]", "medium_brief": "1 album (2 pages)", "source_modified": "2003-12-19T00:00:00Z", "pk": "2002719620", "created_published_date": "[1910 and 1911]", "subjects": ["Men--New York (State)--1910-1920.", "Women's suffrage--New York (State)--1910-1920.", "Ephemera--1910-1920.", "Photographic prints--1910-1920.", "Portrait photographs--1910-1920.", "Scrapbooks--1910-1920."]}, {"source_created": "2009-12-02T00:00:00Z", "index": 2, "medium": "1 drawing.", "reproduction_number": "LC-DIG-hlb-00278 (digital file from original drawing)", "links": {"item": "https://www.loc.gov/pictures/item/2010635767/", "resource": "https://www.loc.gov/pictures/item/2010635767/resource/"}, "title": "At home with his scrapbooks", "image": {"alt": "digitized item thumbnail", "full": "https://tile.loc.gov/storage-services/service/pnp/hlb/00200/00278_150px.jpg", "square": "https://tile.loc.gov/storage-services/service/pnp/hlb/00200/00278_75x75px.jpg", "thumb": "https://tile.loc.gov/storage-services/service/pnp/hlb/00200/00278_150px.jpg"}, "created": "2016-04-20T00:00:00Z", "modified": "2016-04-20T00:00:00Z", "collection": ["hlb", "minload", "pp"], "creator": "Block, Herbert, 1909-2001", "call_number": "BLOCK, no. 278 (BB size) [P&P]", "medium_brief": "1 drawing.", "source_modified": "2013-01-07T00:00:00Z", "pk": "2010635767", "created_published_date": "[1942?]", "subjects": ["Hitler, Adolf,--1889-1945.", "Mussolini, Benito,--1883-1945.", "Scrapbooks.", "Drawings--American.", "Editorial cartoons--American."]}, {"source_created": "2010-09-08T00:00:00Z", "index": 3, "medium": "1 page (album) : photographic print with typescript.", "reproduction_number": "LC-DIG-ppmsca-30591 (digital file from original item)", "links": {"item": "https://www.loc.gov/pictures/item/2010651022/", "resource": "https://www.loc.gov/pictures/item/2010651022/resource/"}, "title": "New Deal needlework designed and executed by Eleanor B. Roosevelt", "image": {"alt": "digitized item thumbnail", "full": "https://tile.loc.gov/storage-services/service/pnp/ppmsca/30500/30591r.jpg", "square": "https://tile.loc.gov/storage-services/service/pnp/ppmsca/30500/30591_75x75px.jpg", "thumb": "https://tile.loc.gov/storage-services/service/pnp/ppmsca/30500/30591_150px.jpg"}, "created": "2016-04-20T00:00:00Z", "modified": "2016-04-20T00:00:00Z", "collection": ["cph", "diof", "pp"], "creator": "Roosevelt, Eleanor Butler, 1889-1960", "call_number": "LOT 13455, v. 16, opp. p. 40 [P&P]", "medium_brief": "1 page (album) :", "source_modified": "2010-11-15T00:00:00Z", "pk": "2010651022", "created_published_date": "[ca. 1940 Oct. 28]", "subjects": ["Roosevelt, Eleanor Butler,--1889-1960.", "Roosevelt, Theodore,--1887-1944.", "Byrd, Richard Evelyn,--1888-1957", "Reisenberg, Felix,--1879-1939.", "Andrews, Roy Chapman,--1884-1960.", "Radio broadcasting--1940-1950.", "Needlework--1940-1950.", "Group portraits--1940-1950.", "Photographical prints--1940-1950.", "Scrapbooks--1940-1950."]}, {"source_created": "2010-09-09T00:00:00Z", "index": 4, "medium": "1 page (album) : photographic print with typescript.", "reproduction_number": "LC-DIG-ppmsca-30592 (digital file from original item)", "links": {"item": "https://www.loc.gov/pictures/item/2010651023/", "resource": "https://www.loc.gov/pictures/item/2010651023/resource/"}, "title": "Scrapbook page of some of the photos of houses in New Jersey that appeared in LIFE magazine", "image": {"alt": "digitized item thumbnail", "full": "https://tile.loc.gov/storage-services/service/pnp/ppmsca/30500/30592r.jpg", "square": "https://tile.loc.gov/storage-services/service/pnp/ppmsca/30500/30592_75x75px.jpg", "thumb": "https://tile.loc.gov/storage-services/service/pnp/ppmsca/30500/30592_150px.jpg"}, "created": "2016-04-20T00:00:00Z", "modified": "2016-04-20T00:00:00Z", "collection": ["cph", "diof", "pp"], "creator": "Roosevelt, Eleanor Butler, 1889-1960", "call_number": "LOT 13455, v. 16, opp. p. 52 [P&P]", "medium_brief": "1 page (album) :", "source_modified": "2010-11-15T00:00:00Z", "pk": "2010651023", "created_published_date": "[ca. 1942 Sept.]", "subjects": ["Roosevelt, Eleanor Butler,--1889-1960--Homes & haunts.", "Houses--New Jersey--1940-1950.", "Photographical prints--1940-1950.", "Scrapbooks--1940-1950."]}, {"source_created": "2010-09-10T00:00:00Z", "index": 5, "medium": "1 page (album) : photographic print with typescript.", "reproduction_number": "LC-DIG-ppmsca-30594 (digital file from original item)", "links": {"item": "https://www.loc.gov/pictures/item/2010651025/", "resource": "https://www.loc.gov/pictures/item/2010651025/resource/"}, "title": "The great snow at Old Orchard", "image": {"alt": "digitized item thumbnail", "full": "https://tile.loc.gov/storage-services/service/pnp/ppmsca/30500/30594r.jpg", "square": "https://tile.loc.gov/storage-services/service/pnp/ppmsca/30500/30594_75x75px.jpg", "thumb": "https://tile.loc.gov/storage-services/service/pnp/ppmsca/30500/30594_150px.jpg"}, "created": "2016-04-20T00:00:00Z", "modified": "2016-04-20T00:00:00Z", "collection": ["cph", "diof", "pp"], "creator": "Roosevelt, Eleanor Butler, 1889-1960", "call_number": "LOT 13455, v. 22, opp. p. 73 [P&P]", "medium_brief": "1 page (album) :", "source_modified": "2010-11-15T00:00:00Z", "pk": "2010651025", "created_published_date": "1947 Dec.", "subjects": ["Roosevelt, Eleanor Butler,--1889-1960--Homes and haunts--New York (State)--Oyster Bay.", "Snow--New York (State)--Oyster Bay--1940-1950.", "Winter--New York (State)--Oyster Bay--1940-1950.", "Photographical prints--1940-1950.", "Scrapbooks--1940-1950."]}, {"source_created": "2010-09-03T00:00:00Z", "index": 6, "medium": "1 page (album) : 2 photographic prints with typescript.", "reproduction_number": "LC-DIG-ppmsca-30589 (digital file from original item)", "links": {"item": "https://www.loc.gov/pictures/item/2010651239/", "resource": "https://www.loc.gov/pictures/item/2010651239/resource/"}, "title": "Woodside Farm & staircase", "image": {"alt": "digitized item thumbnail", "full": "https://tile.loc.gov/storage-services/service/pnp/ppmsca/30500/30589r.jpg", "square": "https://tile.loc.gov/storage-services/service/pnp/ppmsca/30500/30589_75x75px.jpg", "thumb": "https://tile.loc.gov/storage-services/service/pnp/ppmsca/30500/30589_150px.jpg"}, "created": "2016-04-20T00:00:00Z", "modified": "2016-04-20T00:00:00Z", "collection": ["cph", "diof", "pp"], "creator": null, "call_number": "LOT 13455, v. 7, p. 37 [P&P]", "medium_brief": "1 page (album) :", "source_modified": "2010-11-15T00:00:00Z", "pk": "2010651239", "created_published_date": "1929.", "subjects": ["Roosevelt, Theodore,--1887-1944--Homes & haunts.", "Roosevelt, Eleanor Butler,--1889-1960--Homes & haunts.", "Houses--New York (State)--Oyster Bay--1920-1930.", "Stairways--New York (State)--Oyster Bay--1920-1930.", "Correspondence--1920-1930.", "Photographic prints--1920-1930.", "Scrapbooks--1920-1930."]}, {"source_created": "2010-09-07T00:00:00Z", "index": 7, "medium": "1 page (album) : photograph.", "reproduction_number": "LC-DIG-ppmsca-30586 (digital file from original item)", "links": {"item": "https://www.loc.gov/pictures/item/2010651241/", "resource": "https://www.loc.gov/pictures/item/2010651241/resource/"}, "title": "[Eleanor Butler Roosevelt with her camera at a leper colony on Culion Island, Philippines]", "image": {"alt": "digitized item thumbnail", "full": "https://tile.loc.gov/storage-services/service/pnp/ppmsca/30500/30586r.jpg", "square": "https://tile.loc.gov/storage-services/service/pnp/ppmsca/30500/30586_75x75px.jpg", "thumb": "https://tile.loc.gov/storage-services/service/pnp/ppmsca/30500/30586_150px.jpg"}, "created": "2016-04-20T00:00:00Z", "modified": "2016-04-20T00:00:00Z", "collection": ["cph", "diof", "pp"], "creator": null, "call_number": "LOT 13455, v. 10, p. 12 (bottom left) [P&P]", "medium_brief": "1 page (album) :", "source_modified": "2010-11-15T00:00:00Z", "pk": "2010651241", "created_published_date": "[1932]", "subjects": ["Roosevelt, Eleanor Butler,--1889-1960--Travel.", "Culion Leper Colony--1930-1940.", "Public speaking--Philippines--Culion Island--1930-1940.", "Leprosy--Philippines--Culion Island--1930-1940.", "Photographic prints--1930-1940.", "Scrapbooks--1930-1940."]}, {"source_created": "2010-09-09T00:00:00Z", "index": 8, "medium": "1 page (album) : photographic print.", "reproduction_number": "LC-DIG-ppmsca-30597 (digital file from original item)", "links": {"item": "https://www.loc.gov/pictures/item/2010651244/", "resource": "https://www.loc.gov/pictures/item/2010651244/resource/"}, "title": "Wat Phra Keo or Temple of the Emerald Buddha Bangkok", "image": {"alt": "digitized item thumbnail", "full": "https://tile.loc.gov/storage-services/service/pnp/ppmsca/30500/30597r.jpg", "square": "https://tile.loc.gov/storage-services/service/pnp/ppmsca/30500/30597_75x75px.jpg", "thumb": "https://tile.loc.gov/storage-services/service/pnp/ppmsca/30500/30597_150px.jpg"}, "created": "2016-04-20T00:00:00Z", "modified": "2016-04-20T00:00:00Z", "collection": ["cph", "diof", "pp"], "creator": "Roosevelt, Eleanor Butler, 1889-1960", "call_number": "LOT 13455, v. 25, p. 23 [P&P]", "medium_brief": "1 page (album) :", "source_modified": "2010-11-15T00:00:00Z", "pk": "2010651244", "created_published_date": "[1948]", "subjects": ["Wat Phra K\u01e3o (Bangkok, Thailand)", "Buddhist temples--Thailand--Bangkok--1940-1950.", "Sculpture--Thailand--Bangkok--1940-1950.", "Guards--Thailand--Bangkok--1940-1950.", "Photographic prints--1940-1950.", "Scrapbooks--1940-1950."]}, {"source_created": "2012-06-21T00:00:00Z", "index": 9, "medium": "1 drawing.", "reproduction_number": "LC-DIG-hlb-02041 (digital file from original drawing)", "links": {"item": "https://www.loc.gov/pictures/item/2012632144/", "resource": "https://www.loc.gov/pictures/item/2012632144/resource/"}, "title": "\"Nice going, boss -- you made the headlines again!\"", "image": {"alt": "digitized item thumbnail", "full": "https://tile.loc.gov/storage-services/service/pnp/hlb/02000/02041_150px.jpg", "square": "https://tile.loc.gov/storage-services/service/pnp/hlb/02000/02041_75x75px.jpg", "thumb": "https://tile.loc.gov/storage-services/service/pnp/hlb/02000/02041_150px.jpg"}, "created": "2016-04-20T00:00:00Z", "modified": "2016-04-20T00:00:00Z", "collection": ["hlb", "minload", "pp"], "creator": "Block, Herbert, 1909-2001", "call_number": "BLOCK, no. 2041 (BB size) [P&P]", "medium_brief": "1 drawing.", "source_modified": "2013-03-19T00:00:00Z", "pk": "2012632144", "created_published_date": "9-30-[19]48.", "subjects": ["Thomas, J. Parnell--(John Parnell),--1895-1970.", "Newspaper headlines", "Investigations", "Scrapbooks", "Drawings--American.", "Editorial cartoons--American."]}, {"source_created": "2012-06-21T00:00:00Z", "index": 10, "medium": "1 drawing.", "reproduction_number": "LC-DIG-hlb-02937 (digital file from original drawing)", "links": {"item": "https://www.loc.gov/pictures/item/2012632785/", "resource": "https://www.loc.gov/pictures/item/2012632785/resource/"}, "title": "Pre-session warmup", "image": {"alt": "digitized item thumbnail", "full": "https://tile.loc.gov/storage-services/service/pnp/hlb/02900/02937_150px.jpg", "square": "https://tile.loc.gov/storage-services/service/pnp/hlb/02900/02937_75x75px.jpg", "thumb": "https://tile.loc.gov/storage-services/service/pnp/hlb/02900/02937_150px.jpg"}, "created": "2016-04-20T00:00:00Z", "modified": "2016-04-20T00:00:00Z", "collection": ["hlb", "minload", "pp"], "creator": "Block, Herbert, 1909-2001", "call_number": "BLOCK, no. 2937 (BB size) [P&P]", "medium_brief": "1 drawing.", "source_modified": "2013-03-20T00:00:00Z", "pk": "2012632785", "created_published_date": "1-7-[19]52.", "subjects": ["United States.--Congress.", "travel", "Scrapbooks", "Drawings--American.", "Editorial cartoons--American."]}, {"source_created": "1983-04-19T00:00:00Z", "index": 11, "medium": "[10] leaves : chiefly ill., facsims. ; 44 cm.", "reproduction_number": "", "links": {"item": "https://www.loc.gov/pictures/item/42047518/", "resource": null}, "title": "Some tradecards from the Landauer aeronautical collection.", "image": {"alt": "item not digitized thumbnail", "full": "https://www.loc.gov/pictures/static/images/item/500x500_notdigitized.png", "square": "https://www.loc.gov/pictures/static/images/item/not_digitized_buttons75X75.png", "thumb": "https://www.loc.gov/pictures/static/images/item/notdigitized_buttons140X120.png"}, "created": "2016-04-20T00:00:00Z", "modified": "2016-04-20T00:00:00Z", "collection": ["casebk", "pp"], "creator": "Landauer, Bella Clara, 1874-", "call_number": "NE965 .L354 (Case Y) [P&P] Copy 1", "medium_brief": "[10] leaves :", "source_modified": "2002-07-05T00:00:00Z", "pk": "42047518", "created_published_date": "c1940.", "subjects": ["Advertising cards--United States.", "Aeronautics in art.", "Flight--Pictorial works.", "Balloons in art.", "Kites--United States--Pictorial works.", "Commercial art--United States.", "Scrapbooks--United States--1940.", "Trade cards--United States--Reproductions--1940."]}, {"source_created": "2000-05-10T00:00:00Z", "index": 12, "medium": "[1], 134 leaves : ill. (chiefly photographs), maps, ports. ; 30 cm.", "reproduction_number": "", "links": {"item": "https://www.loc.gov/pictures/item/00517364/", "resource": null}, "title": "Bericht \u00fcber die Ausstellung \"Kampf und Aufbau im Wartheland\" : in Posen, Kaiser Friedrich Museum, vom 29.1.1943 - 21.3.1943 /", "image": {"alt": "item not digitized thumbnail", "full": "https://www.loc.gov/pictures/static/images/item/500x500_notdigitized.png", "square": "https://www.loc.gov/pictures/static/images/item/not_digitized_buttons75X75.png", "thumb": "https://www.loc.gov/pictures/static/images/item/notdigitized_buttons140X120.png"}, "created": "2016-04-21T00:00:00Z", "modified": "2016-04-21T00:00:00Z", "collection": ["casebk", "pp"], "creator": "Kreye, Herbert.", "call_number": "D802.P62 W556 1943 (Case X) [P&P]", "medium_brief": "[1], 134 leaves :", "source_modified": "2015-06-08T00:00:00Z", "pk": "00517364", "created_published_date": "[1943]", "subjects": ["Nationalsozialistische Deutsche Arbeiter-Partei.--Gau Wartheland--Exhibitions.", "World War, 1939-1945--Poland--Wielkopolska--Exhibitions.", "Wielkopolska (Poland)--Exhibitions.", "Pozna\u0144 (Poland : Voivodeship)--Exhibitions.", "Poland--History--Occupation, 1939-1945--Exhibitions.", "Germany--Politics and government--1933-1945.", "Nazi propaganda--Poland.", "Photograph albums--Polish--1940-1950.", "Photographic prints--Polish--1940-1950.", "Scrapbooks--Polish--1940-1950."]}, {"source_created": "2010-09-09T00:00:00Z", "index": 13, "medium": "1 page (album) : photographic print with typescript.", "reproduction_number": "LC-DIG-ppmsca-30593 (digital file from original item)", "links": {"item": "https://www.loc.gov/pictures/item/2010651024/", "resource": "https://www.loc.gov/pictures/item/2010651024/resource/"}, "title": "The Photographic Roosevelts", "image": {"alt": "digitized item thumbnail", "full": "https://tile.loc.gov/storage-services/service/pnp/ppmsca/30500/30593r.jpg", "square": "https://tile.loc.gov/storage-services/service/pnp/ppmsca/30500/30593_75x75px.jpg", "thumb": "https://tile.loc.gov/storage-services/service/pnp/ppmsca/30500/30593_150px.jpg"}, "created": "2016-04-21T00:00:00Z", "modified": "2016-04-21T00:00:00Z", "collection": ["cph", "diof", "pp"], "creator": "Roosevelt, Eleanor Butler, 1889-1960", "call_number": "LOT 13455, v. 21, opp. p. 31 [P&P]", "medium_brief": "1 page (album) :", "source_modified": "2010-11-15T00:00:00Z", "pk": "2010651024", "created_published_date": "[ca. 1945]", "subjects": ["Roosevelt, Eleanor Butler,--1889-1960--Family.", "Stagg, Mildred.", "Photojournalists--1940-1950.", "Clippings--1940-1950.", "Halftone photomechanical prints--1940-1950.", "Photographical prints--1940-1950.", "Scrapbooks--1940-1950."]}, {"source_created": "2010-09-03T00:00:00Z", "index": 14, "medium": "1 page (album) : 1 photomechanical print with letterpress.", "reproduction_number": "LC-DIG-ppmsca-30588 (digital file from original item)", "links": {"item": "https://www.loc.gov/pictures/item/2010651238/", "resource": "https://www.loc.gov/pictures/item/2010651238/resource/"}, "title": "We go hunting in Kashmir", "image": {"alt": "digitized item thumbnail", "full": "https://tile.loc.gov/storage-services/service/pnp/ppmsca/30500/30588r.jpg", "square": "https://tile.loc.gov/storage-services/service/pnp/ppmsca/30500/30588_75x75px.jpg", "thumb": "https://tile.loc.gov/storage-services/service/pnp/ppmsca/30500/30588_150px.jpg"}, "created": "2016-04-21T00:00:00Z", "modified": "2016-04-21T00:00:00Z", "collection": ["cph", "diof", "pp"], "creator": null, "call_number": "LOT 13455, v. 6, p. 64 [P&P]", "medium_brief": "1 page (album) :", "source_modified": "2010-11-15T00:00:00Z", "pk": "2010651238", "created_published_date": "[1925]", "subjects": ["Roosevelt, Theodore,--1887-1944.", "Roosevelt, Eleanor Butler,--1889-1960.", "Big game hunting--Nepal--1920-1930.", "Elephants--Nepal--1920-1930.", "Transportation--Nepal--1920-1930.", "Halftone photomechanical prints--1920-1930.", "Letterpress works--1920-1930.", "Scrapbooks--1920-1930."]}, {"source_created": "2010-09-07T00:00:00Z", "index": 15, "medium": "1 page (album) : photographic print with typescript.", "reproduction_number": "LC-DIG-ppmsca-30590 (digital file from original item)", "links": {"item": "https://www.loc.gov/pictures/item/2010651240/", "resource": "https://www.loc.gov/pictures/item/2010651240/resource/"}, "title": "View from E[leanor]'s window looking northwest", "image": {"alt": "digitized item thumbnail", "full": "https://tile.loc.gov/storage-services/service/pnp/ppmsca/30500/30590r.jpg", "square": "https://tile.loc.gov/storage-services/service/pnp/ppmsca/30500/30590_75x75px.jpg", "thumb": "https://tile.loc.gov/storage-services/service/pnp/ppmsca/30500/30590_150px.jpg"}, "created": "2016-04-21T00:00:00Z", "modified": "2016-04-21T00:00:00Z", "collection": ["cph", "diof", "pp"], "creator": "Roosevelt, Eleanor Butler, 1889-1960", "call_number": "LOT 13455, v. 8, opp. p. 1 [P&P]", "medium_brief": "1 page (album) :", "source_modified": "2010-11-15T00:00:00Z", "pk": "2010651240", "created_published_date": "1929.", "subjects": ["Roosevelt, Eleanor Butler,--1889-1960--Homes & haunts.", "Sunrises & sunsets--Puerto Rico--San Juan--1920-1930.", "Photographic prints--1920-1930.", "Scrapbooks--1920-1930."]}, {"source_created": "2010-09-09T00:00:00Z", "index": 16, "medium": "1 page (album) : photographic print.", "reproduction_number": "LC-DIG-ppmsca-30595 (digital file from original item)", "links": {"item": "https://www.loc.gov/pictures/item/2010651242/", "resource": "https://www.loc.gov/pictures/item/2010651242/resource/"}, "title": "Market scene - Taxco", "image": {"alt": "digitized item thumbnail", "full": "https://tile.loc.gov/storage-services/service/pnp/ppmsca/30500/30595r.jpg", "square": "https://tile.loc.gov/storage-services/service/pnp/ppmsca/30500/30595_75x75px.jpg", "thumb": "https://tile.loc.gov/storage-services/service/pnp/ppmsca/30500/30595_150px.jpg"}, "created": "2016-04-21T00:00:00Z", "modified": "2016-04-21T00:00:00Z", "collection": ["cph", "diof", "pp"], "creator": "Roosevelt, Eleanor Butler, 1889-1960", "call_number": "LOT 13455, v. 23, p. 43 [P&P]", "medium_brief": "1 page (album) :", "source_modified": "2010-11-15T00:00:00Z", "pk": "2010651242", "created_published_date": "[1949]", "subjects": ["Markets--Mexico--Taxco de Alarc\u00f3n--1940-1950.", "Street vendors--Mexico--Taxco de Alarc\u00f3n--1940-1950.", "Photographic prints--1940-1950.", "Scrapbooks--1940-1950."]}, {"source_created": "2010-09-09T00:00:00Z", "index": 17, "medium": "1 page (album) : photographic print.", "reproduction_number": "LC-DIG-ppmsca-30596 (digital file from original item)", "links": {"item": "https://www.loc.gov/pictures/item/2010651243/", "resource": "https://www.loc.gov/pictures/item/2010651243/resource/"}, "title": "Carcassone", "image": {"alt": "digitized item thumbnail", "full": "https://tile.loc.gov/storage-services/service/pnp/ppmsca/30500/30596r.jpg", "square": "https://tile.loc.gov/storage-services/service/pnp/ppmsca/30500/30596_75x75px.jpg", "thumb": "https://tile.loc.gov/storage-services/service/pnp/ppmsca/30500/30596_150px.jpg"}, "created": "2016-04-21T00:00:00Z", "modified": "2016-04-21T00:00:00Z", "collection": ["cph", "diof", "pp"], "creator": "Roosevelt, Eleanor Butler, 1889-1960", "call_number": "LOT 13455, v. 24, p. 22 [P&P]", "medium_brief": "1 page (album) :", "source_modified": "2010-11-15T00:00:00Z", "pk": "2010651243", "created_published_date": "[1950]", "subjects": ["City walls--France--Carcassonne--1950.", "Towers--France--Carcassonne--1950.", "Photographic prints--1950.", "Scrapbooks--1950."]}, {"source_created": "2010-11-15T00:00:00Z", "index": 18, "medium": "1 page (album) : photograph.", "reproduction_number": "LC-DIG-ppmsca-30587 (digital file from original item)", "links": {"item": "https://www.loc.gov/pictures/item/2010651760/", "resource": "https://www.loc.gov/pictures/item/2010651760/resource/"}, "title": "[Eleanor Butler Roosevelt as a young girl, posed on a sidewalk with hat and parasol and on a train in France, with one photo of her mother Grace Green Alexander]", "image": {"alt": "digitized item thumbnail", "full": "https://tile.loc.gov/storage-services/service/pnp/ppmsca/30500/30587r.jpg", "square": "https://tile.loc.gov/storage-services/service/pnp/ppmsca/30500/30587_75x75px.jpg", "thumb": "https://tile.loc.gov/storage-services/service/pnp/ppmsca/30500/30587_150px.jpg"}, "created": "2016-04-21T00:00:00Z", "modified": "2016-04-21T00:00:00Z", "collection": ["cph", "diof", "pp"], "creator": null, "call_number": "LOT 13455, v. 2, p. 41 [P&P]", "medium_brief": "1 page (album) :", "source_modified": "2010-11-15T00:00:00Z", "pk": "2010651760", "created_published_date": "[1900?]", "subjects": ["Roosevelt, Eleanor Butler,--1889-1960--Childhood & youth.", "Girls--1900.", "Clothing & dress--1900.", "Photographic prints--1900.", "Scrapbooks--1900."]}, {"source_created": "1997-04-16T00:00:00Z", "index": 19, "medium": "1 v. (100 p.) ; 30 x 28 cm.", "reproduction_number": "", "links": {"item": "https://www.loc.gov/pictures/item/97506426/", "resource": null}, "title": "Scrapbook documenting the history of the Lindens, 2401 Kalorama Road, Washington, D.C., during the ownership of Mr. and Mrs. George Maurice Morris", "image": {"alt": "item not digitized thumbnail", "full": "https://www.loc.gov/pictures/static/images/item/500x500_notdigitized.png", "square": "https://www.loc.gov/pictures/static/images/item/not_digitized_buttons75X75.png", "thumb": "https://www.loc.gov/pictures/static/images/item/notdigitized_buttons140X120.png"}, "created": "2016-04-21T00:00:00Z", "modified": "2016-04-21T00:00:00Z", "collection": ["pp", "wii"], "creator": null, "call_number": "LOT 13048 (G) [P&P]", "medium_brief": "1 v. (100 p.) ;", "source_modified": "2002-11-10T00:00:00Z", "pk": "97506426", "created_published_date": "1934-1983.", "subjects": ["Morris, George M.--(George Maurice),--b. 1889--Homes & haunts--Washington (D.C.)", "Morris, Miriam Warren Hubbard,--d. 1982--Homes & haunts--Washington (D.C.).", "Houses--Washington (D.C.)--1930-1990.", "Conservation & restoration--Washington (D.C.)--1930-1990.", "Historic buildings--Washington (D.C.)--1930-1990.", "Moving of structures--Washington (D.C.)--1930-1990.", "Moving of structures--Massachusetts--Danvers--1930-1990.", "Photomechanical prints--1930-1990.", "Scrapbooks--1930-1990."]}, {"source_created": "2003-02-25T00:00:00Z", "index": 20, "medium": "1 print : chromolithograph ; sheet 46 x 38 cm.", "reproduction_number": "LC-DIG-pga-07273 (digital file from original print)", "links": {"item": "https://www.loc.gov/pictures/item/2003656536/", "resource": "https://www.loc.gov/pictures/item/2003656536/resource/"}, "title": "Making the scrap book", "image": {"alt": "digitized item thumbnail", "full": "https://tile.loc.gov/storage-services/service/pnp/pga/07200/07273r.jpg", "square": "https://tile.loc.gov/storage-services/service/pnp/pga/07200/07273_75x75px.jpg", "thumb": "https://tile.loc.gov/storage-services/service/pnp/pga/07200/07273_150px.jpg"}, "created": "2018-01-30T00:00:00Z", "modified": "2018-01-30T00:00:00Z", "collection": ["diof", "pga", "pp"], "creator": "Kurz, Louis, 1833-1921", "call_number": "PGA - Kurz (L.)--Making the scrap book (B size) [P&P]", "medium_brief": "1 print :", "source_modified": "2018-01-29T00:00:00Z", "pk": "2003656536", "created_published_date": "[1868]", "subjects": ["Scrapbooks--1860-1870.", "Girls--Arts & crafts--1860-1870.", "Recreation--1860-1870.", "Leisure--1860-1870.", "Chromolithographs--Color--1860-1870."]}]}