{"search": {"field": "subject", "hits": 0, "sort_order": null, "do_facets": true, "focus_item": null, "query": "Native American boarding schools", "type": "search", "sort_by": null}, "focus": null, "views": {"current": "list", "grid": "https://www.loc.gov/pictures/search/?q=Native+American+boarding+schools&fi=subject&va=exact&st=grid&op=PHRASE", "list": "https://www.loc.gov/pictures/search/?q=Native+American+boarding+schools&fi=subject&op=PHRASE&va=exact", "gallery": "https://www.loc.gov/pictures/search/?q=Native+American+boarding+schools&fi=subject&va=exact&st=gallery&op=PHRASE", "slideshow": "https://www.loc.gov/pictures/search/?q=Native+American+boarding+schools&fi=subject&va=exact&st=slideshow&op=PHRASE"}, "facets": [{"type": "displayed", "filters": [{"count": 0, "on": "https://www.loc.gov/pictures/search/?va=exact&sp=1&q=Native+American+boarding+schools&fa=displayed%3Aanywhere&fi=subject&op=PHRASE&fo=json", "selected": false, "off": "https://www.loc.gov/pictures/search/?va=exact&sp=1&q=Native+American+boarding+schools&fi=subject&fo=json&op=PHRASE", "title": "Larger image available anywhere"}, {"count": 0, "on": "https://www.loc.gov/pictures/search/?va=exact&sp=1&q=Native+American+boarding+schools&fa=displayed%3Alc_only&fi=subject&op=PHRASE&fo=json", "selected": false, "off": "https://www.loc.gov/pictures/search/?va=exact&sp=1&q=Native+American+boarding+schools&fi=subject&fo=json&op=PHRASE", "title": "Larger image available only at the Library of Congress"}, {"count": 0, "on": "https://www.loc.gov/pictures/search/?va=exact&sp=1&q=Native+American+boarding+schools&fa=displayed%3Anot_digitized&fi=subject&op=PHRASE&fo=json", "selected": false, "off": "https://www.loc.gov/pictures/search/?va=exact&sp=1&q=Native+American+boarding+schools&fi=subject&fo=json&op=PHRASE", "title": "Not Digitized"}], "title": "displayed"}], "links": {"json": "//www.loc.gov/pictures/search/?fi=subject&q=Native+American+boarding+schools&op=PHRASE&va=exact&fo=json", "html": "//www.loc.gov/pictures/search/?fi=subject&q=Native+American+boarding+schools&op=PHRASE&va=exact", "rss": "//www.loc.gov/pictures/search/?fi=subject&q=Native+American+boarding+schools&op=PHRASE&va=exact&fo=rss"}, "suggestions": {"possible": []}, "pages": {"current": 1, "next": null, "perpage": 20, "last": null, "page_list": [{"url": null, "number": 1}], "previous": null, "total": 1, "results": "0 - 0", "first": null}, "collection": null, "results": []}