{"search": {"field": "subject", "hits": 296, "sort_order": null, "do_facets": true, "focus_item": null, "query": "Tribal chiefs", "type": "search", "sort_by": null}, "focus": null, "views": {"current": "list", "grid": "https://www.loc.gov/pictures/search/?q=Tribal+chiefs&fi=subject&va=exact&st=grid&op=PHRASE", "list": "https://www.loc.gov/pictures/search/?q=Tribal+chiefs&fi=subject&op=PHRASE&va=exact", "gallery": "https://www.loc.gov/pictures/search/?q=Tribal+chiefs&fi=subject&va=exact&st=gallery&op=PHRASE", "slideshow": "https://www.loc.gov/pictures/search/?q=Tribal+chiefs&fi=subject&va=exact&st=slideshow&op=PHRASE"}, "facets": [{"type": "displayed", "filters": [{"count": 215, "on": "https://www.loc.gov/pictures/search/?va=exact&sp=1&q=Tribal+chiefs&fa=displayed%3Aanywhere&fi=subject&op=PHRASE&fo=json", "selected": false, "off": "https://www.loc.gov/pictures/search/?va=exact&sp=1&q=Tribal+chiefs&fi=subject&fo=json&op=PHRASE", "title": "Larger image available anywhere"}, {"count": 61, "on": "https://www.loc.gov/pictures/search/?va=exact&sp=1&q=Tribal+chiefs&fa=displayed%3Alc_only&fi=subject&op=PHRASE&fo=json", "selected": false, "off": "https://www.loc.gov/pictures/search/?va=exact&sp=1&q=Tribal+chiefs&fi=subject&fo=json&op=PHRASE", "title": "Larger image available only at the Library of Congress"}, {"count": 20, "on": "https://www.loc.gov/pictures/search/?va=exact&sp=1&q=Tribal+chiefs&fa=displayed%3Anot_digitized&fi=subject&op=PHRASE&fo=json", "selected": false, "off": "https://www.loc.gov/pictures/search/?va=exact&sp=1&q=Tribal+chiefs&fi=subject&fo=json&op=PHRASE", "title": "Not Digitized"}], "title": "displayed"}], "links": {"json": "//www.loc.gov/pictures/search/?fi=subject&q=Tribal+chiefs&op=PHRASE&va=exact&fo=json", "html": "//www.loc.gov/pictures/search/?fi=subject&q=Tribal+chiefs&op=PHRASE&va=exact", "rss": "//www.loc.gov/pictures/search/?fi=subject&q=Tribal+chiefs&op=PHRASE&va=exact&fo=rss"}, "suggestions": {"possible": []}, "pages": {"current": 1, "next": "https://www.loc.gov/pictures/search/?q=Tribal+chiefs&fi=subject&sp=2&op=PHRASE&va=exact", "perpage": 20, "last": "https://www.loc.gov/pictures/search/?q=Tribal+chiefs&fi=subject&sp=15&op=PHRASE&va=exact", "page_list": [{"url": null, "number": 1}, {"url": "https://www.loc.gov/pictures/search/?q=Tribal+chiefs&fi=subject&sp=2&op=PHRASE&va=exact", "number": 2}, {"url": "https://www.loc.gov/pictures/search/?q=Tribal+chiefs&fi=subject&sp=3&op=PHRASE&va=exact", "number": 3}, {"url": "https://www.loc.gov/pictures/search/?q=Tribal+chiefs&fi=subject&sp=4&op=PHRASE&va=exact", "number": 4}, {"url": "https://www.loc.gov/pictures/search/?q=Tribal+chiefs&fi=subject&sp=5&op=PHRASE&va=exact", "number": 5}, {"url": "https://www.loc.gov/pictures/search/?q=Tribal+chiefs&fi=subject&sp=6&op=PHRASE&va=exact", "number": "..."}, {"url": "https://www.loc.gov/pictures/search/?q=Tribal+chiefs&fi=subject&sp=15&op=PHRASE&va=exact", "number": 15}], "previous": null, "total": 15, "results": "1 - 20", "first": null}, "collection": null, "results": [{"source_created": "2000-04-05T00:00:00Z", "index": 1, "medium": "1 print : lithograph, hand-colored.", "reproduction_number": "LC-DIG-pga-07502 (digital file from original item)\nLC-USZC4-7311 (color film copy transparency)", "links": {"item": "https://www.loc.gov/pictures/item/00650455/", "resource": "https://www.loc.gov/pictures/item/00650455/resource/"}, "title": "Esh-Ta-Hum-Leah, a Sioux chief", "image": {"alt": "digitized item thumbnail", "full": "https://tile.loc.gov/storage-services/service/pnp/pga/07500/07502r.jpg", "square": "https://tile.loc.gov/storage-services/service/pnp/pga/07500/07502_75x75px.jpg", "thumb": "https://tile.loc.gov/storage-services/service/pnp/pga/07500/07502_150px.jpg"}, "created": "2016-04-20T00:00:00Z", "modified": "2016-04-20T00:00:00Z", "collection": ["diof", "pga", "pp"], "creator": "McKenney & Hall.", "call_number": "PGA - McKenney & Hall--Esh-Ta-Hum-Leah, a Sioux chief (B size) [P&P]", "medium_brief": "1 print :", "source_modified": "2015-12-31T00:00:00Z", "pk": "00650455", "created_published_date": "c1838.", "subjects": ["Esh-Ta-Hum-Leah.", "Indians of North America--1830-1840.", "Dakota Indians--1830-1840.", "Tribal chiefs--1830-1840.", "Lithographs--Hand-colored--1830-1840.", "Portrait prints--1830-1840."]}, {"source_created": "2000-04-05T00:00:00Z", "index": 2, "medium": "1 print : lithograph, hand-colored.", "reproduction_number": "LC-DIG-pga-07559 (digital file from original item)\nLC-USZC4-7312 (color film copy transparency)", "links": {"item": "https://www.loc.gov/pictures/item/00650456/", "resource": "https://www.loc.gov/pictures/item/00650456/resource/"}, "title": "Pee-Che-Kir, a Chippewa chief", "image": {"alt": "digitized item thumbnail", "full": "https://tile.loc.gov/storage-services/service/pnp/pga/07500/07559r.jpg", "square": "https://tile.loc.gov/storage-services/service/pnp/pga/07500/07559_75x75px.jpg", "thumb": "https://tile.loc.gov/storage-services/service/pnp/pga/07500/07559_150px.jpg"}, "created": "2016-04-20T00:00:00Z", "modified": "2016-04-20T00:00:00Z", "collection": ["diof", "pga", "pp"], "creator": "McKenney & Hall.", "call_number": "PGA - McKenney & Hall--Pee-Che-Kir, a Chippewa chief (B size) [P&P]", "medium_brief": "1 print :", "source_modified": "2015-12-31T00:00:00Z", "pk": "00650456", "created_published_date": "c1843.", "subjects": ["Pee-Che-Kir.", "Indians of North America--1830-1840.", "Ojibwa Indians--1830-1840.", "Tribal chiefs--1830-1840.", "Calumets--1830-1840.", "Lithographs--Hand-colored--1830-1840.", "Portrait prints--1830-1840."]}, {"source_created": "2000-06-15T00:00:00Z", "index": 3, "medium": "1 photographic print.", "reproduction_number": "LC-USZ62-126407 (b&w film copy neg.)", "links": {"item": "https://www.loc.gov/pictures/item/00650880/", "resource": "https://www.loc.gov/pictures/item/00650880/resource/"}, "title": "[Chief of the Little Osages]", "image": {"alt": "digitized item thumbnail", "full": "https://tile.loc.gov/storage-services/service/pnp/cph/3c20000/3c26000/3c26400/3c26407_150px.jpg", "square": "https://tile.loc.gov/storage-services/service/pnp/cph/3c20000/3c26000/3c26400/3c26407_75x75px.jpg", "thumb": "https://tile.loc.gov/storage-services/service/pnp/cph/3c20000/3c26000/3c26400/3c26407_150px.jpg"}, "created": "2016-04-20T00:00:00Z", "modified": "2016-04-20T00:00:00Z", "collection": ["cph", "pp"], "creator": "Saint-M\u00e9mim, Charles Balthazar Julien Fevret de, 1770-1852", "call_number": "LOT 4391-A [item] [P&P]", "medium_brief": "1 photographic print.", "source_modified": "2002-11-10T00:00:00Z", "pk": "00650880", "created_published_date": "[between 1920 and 1970]", "subjects": ["Indians of North America--1800-1810.", "Osage Indians--1800-1810.", "Tribal chiefs--1800-1810.", "Photographic prints--1920-1970.", "Portrait drawings--1800-1810--Reproductions--1920-1970."]}, {"source_created": "2000-05-25T00:00:00Z", "index": 4, "medium": "1 photographic print: gelatin silver.", "reproduction_number": "LC-USZ62-126035 (b&w film copy neg.)", "links": {"item": "https://www.loc.gov/pictures/item/00651090/", "resource": "https://www.loc.gov/pictures/item/00651090/resource/"}, "title": "Medicine Crow", "image": {"alt": "digitized item thumbnail", "full": "https://tile.loc.gov/storage-services/service/pnp/cph/3c20000/3c26000/3c26000/3c26035r.jpg", "square": "https://tile.loc.gov/storage-services/service/pnp/cph/3c20000/3c26000/3c26000/3c26035_75x75px.jpg", "thumb": "https://tile.loc.gov/storage-services/service/pnp/cph/3c20000/3c26000/3c26000/3c26035_150px.jpg"}, "created": "2016-04-20T00:00:00Z", "modified": "2016-04-20T00:00:00Z", "collection": ["cph", "diof", "pp"], "creator": "Oberg & Armstrong", "call_number": "LOT 12888 [item] [P&P]", "medium_brief": "1 photographic print:", "source_modified": "2004-11-17T00:00:00Z", "pk": "00651090", "created_published_date": "c1904.", "subjects": ["Medicine Crow.", "Indians of North America--Clothing & dress--Great Plains--1900-1910.", "Crow Indians--Clothing & dress--1900-1910.", "Tribal chiefs--United States--1900-1910.", "Photographic prints--1900-1910.", "Portrait prints--1900-1910."]}, {"source_created": "2000-09-06T00:00:00Z", "index": 5, "medium": "1 photographic print.", "reproduction_number": "LC-USZ62-126939 (b&w film copy neg.)", "links": {"item": "https://www.loc.gov/pictures/item/00652035/", "resource": "https://www.loc.gov/pictures/item/00652035/resource/"}, "title": "[Chief Big Moon, half-length portrait, facing left]", "image": {"alt": "digitized item thumbnail", "full": "https://tile.loc.gov/storage-services/service/pnp/cph/3c20000/3c26000/3c26900/3c26939r.jpg", "square": "https://tile.loc.gov/storage-services/service/pnp/cph/3c20000/3c26000/3c26900/3c26939_75x75px.jpg", "thumb": "https://tile.loc.gov/storage-services/service/pnp/cph/3c20000/3c26000/3c26900/3c26939_150px.jpg"}, "created": "2016-04-20T00:00:00Z", "modified": "2016-04-20T00:00:00Z", "collection": ["cph", "diof", "pp"], "creator": "Scheuerle, Joe, 1873-1948", "call_number": "LOT 12972 [item] [P&P]", "medium_brief": "1 photographic print.", "source_modified": "2005-02-09T00:00:00Z", "pk": "00652035", "created_published_date": "c1914.", "subjects": ["Indians of North America--Clothing & dress--1910-1920.", "Tribal chiefs--United States--1910-1920.", "Paintings--Reproductions--1910-1920.", "Photographic prints--1910-1920."]}, {"source_created": "2001-04-06T00:00:00Z", "index": 6, "medium": "1 print : lithograph, hand-colored.", "reproduction_number": "LC-DIG-pga-07568 (digital file from original item)\nLC-USZC4-8273 (color film copy transparency)\nLC-USZ62-127546 (b&w film copy neg.)", "links": {"item": "https://www.loc.gov/pictures/item/2001695449/", "resource": "https://www.loc.gov/pictures/item/2001695449/resource/"}, "title": "Se-loc-ta, a Creek chief", "image": {"alt": "digitized item thumbnail", "full": "https://tile.loc.gov/storage-services/service/pnp/pga/07500/07568r.jpg", "square": "https://tile.loc.gov/storage-services/service/pnp/pga/07500/07568_75x75px.jpg", "thumb": "https://tile.loc.gov/storage-services/service/pnp/pga/07500/07568_150px.jpg"}, "created": "2016-04-20T00:00:00Z", "modified": "2016-04-20T00:00:00Z", "collection": ["diof", "pga", "pp"], "creator": "Bowen, John T., approximately 1801-1856?", "call_number": "PGA - McKenney & Hall--Se-loc-ta, a Creek chief (B size) [P&P]", "medium_brief": "1 print :", "source_modified": "2015-09-30T00:00:00Z", "pk": "2001695449", "created_published_date": "c1836.", "subjects": ["Indians of North America--Clothing & dress--1830-1840.", "Creek Indians--Clothing & dress--1830-1840.", "Tribal chiefs--1830-1840.", "Lithographs--Hand-colored--1830-1840.", "Portrait prints--1830-1840."]}, {"source_created": "2001-04-27T00:00:00Z", "index": 7, "medium": "1 photographic print.", "reproduction_number": "LC-USZ62-587 (b&w film copy neg.)", "links": {"item": "https://www.loc.gov/pictures/item/2001696090/", "resource": "https://www.loc.gov/pictures/item/2001696090/resource/"}, "title": "A cheife Herowan", "image": {"alt": "digitized item thumbnail", "full": "https://tile.loc.gov/storage-services/service/pnp/cph/3a00000/3a04000/3a04500/3a04508_150px.jpg", "square": "https://tile.loc.gov/storage-services/service/pnp/cph/3a00000/3a04000/3a04500/3a04508_75x75px.jpg", "thumb": "https://tile.loc.gov/storage-services/service/pnp/cph/3a00000/3a04000/3a04500/3a04508_150px.jpg"}, "created": "2016-04-20T00:00:00Z", "modified": "2016-04-20T00:00:00Z", "collection": ["cph", "pp"], "creator": "White, John, active 1585-1593", "call_number": "LOT 4411 [item] [P&P]", "medium_brief": "1 photographic print.", "source_modified": "2013-05-28T00:00:00Z", "pk": "2001696090", "created_published_date": "[194-]", "subjects": ["Indians of North America--Men--Virginia--1580-1590.", "Tribal chiefs--1580-1590.", "Photographic prints--1940-1950.", "Watercolors--1580-1590--Reproductions--1940-1950."]}, {"source_created": "2001-06-04T00:00:00Z", "index": 8, "medium": "1 print : engraving.", "reproduction_number": "LC-USZ62-374 (b&w film copy neg.)", "links": {"item": "https://www.loc.gov/pictures/item/2001696149/", "resource": "https://www.loc.gov/pictures/item/2001696149/resource/"}, "title": "The Natives of Florida worship the column erected by the commander on his first voyage", "image": {"alt": "digitized item thumbnail", "full": "https://tile.loc.gov/storage-services/service/pnp/cph/3a00000/3a04000/3a04300/3a04319r.jpg", "square": "https://tile.loc.gov/storage-services/service/pnp/cph/3a00000/3a04000/3a04300/3a04319_75x75px.jpg", "thumb": "https://tile.loc.gov/storage-services/service/pnp/cph/3a00000/3a04000/3a04300/3a04319_150px.jpg"}, "created": "2016-04-20T00:00:00Z", "modified": "2016-04-20T00:00:00Z", "collection": ["cph", "diof", "pp"], "creator": "Bry, Theodor de, 1528-1598", "call_number": "Illus. in G159 .B7 Rosenwald Coll [Rare Book RR]", "medium_brief": "1 print :", "source_modified": "2015-08-19T00:00:00Z", "pk": "2001696149", "created_published_date": "[1591]", "subjects": ["Laudonni\u00e8re, Ren\u00e9 Goulaine de.", "Ribaut, Jean,--ca. 1520-1565--Associated objects.", "Indians of North America--Spiritual life--Florida--1560-1570.", "Discovery & exploration--French--Florida--1560-1570.", "Tribal chiefs--1560-1570.", "Columns--Florida--1560-1570.", "Book illustrations--1590-1600.", "Engravings--1590-1600.", "Watercolors--1560-1570--Reproductions--1590-1600."]}, {"source_created": "2002-10-09T00:00:00Z", "index": 9, "medium": "1 photographic print ; sheet 21.4 x 16.3 cm.", "reproduction_number": "LC-USZ62-66856 (b&w film copy neg.)", "links": {"item": "https://www.loc.gov/pictures/item/2002719668/", "resource": "https://www.loc.gov/pictures/item/2002719668/resource/"}, "title": "Red Cloud", "image": {"alt": "digitized item thumbnail", "full": "https://tile.loc.gov/storage-services/service/pnp/cph/3b10000/3b14000/3b14300/3b14338r.jpg", "square": "https://tile.loc.gov/storage-services/service/pnp/cph/3b10000/3b14000/3b14300/3b14338_75x75px.jpg", "thumb": "https://tile.loc.gov/storage-services/service/pnp/cph/3b10000/3b14000/3b14300/3b14338_150px.jpg"}, "created": "2016-04-20T00:00:00Z", "modified": "2016-04-20T00:00:00Z", "collection": ["diof", "ecur", "pp"], "creator": "Curtis, Edward S., 1868-1952", "call_number": "LOT 12319 [item] [P&P]", "medium_brief": "1 photographic print ;", "source_modified": "2015-03-09T00:00:00Z", "pk": "2002719668", "created_published_date": "c1905 December 26.", "subjects": ["Red Cloud,--1822-1909.", "Indians of North America--1900-1910.", "Oglala Indians--1900-1910.", "Tribal chiefs--1900-1910.", "Photographic prints--1900-1910.", "Portrait photographs--1900-1910."]}, {"source_created": "2002-11-06T00:00:00Z", "index": 10, "medium": "1 photographic print.", "reproduction_number": "LC-USZ62-48424 (b&w film copy neg.)", "links": {"item": "https://www.loc.gov/pictures/item/2002722349/", "resource": "https://www.loc.gov/pictures/item/2002722349/resource/"}, "title": "Atsina chiefs", "image": {"alt": "digitized item thumbnail", "full": "https://tile.loc.gov/storage-services/service/pnp/cph/3a40000/3a48000/3a48500/3a48563r.jpg", "square": "https://tile.loc.gov/storage-services/service/pnp/cph/3a40000/3a48000/3a48500/3a48563_75x75px.jpg", "thumb": "https://tile.loc.gov/storage-services/service/pnp/cph/3a40000/3a48000/3a48500/3a48563_150px.jpg"}, "created": "2016-04-20T00:00:00Z", "modified": "2016-04-20T00:00:00Z", "collection": ["diof", "ecur", "pp"], "creator": "Curtis, Edward S., 1868-1952", "call_number": "LOT 12322-A [item] [P&P]", "medium_brief": "1 photographic print.", "source_modified": "2004-12-22T00:00:00Z", "pk": "2002722349", "created_published_date": "c1908 November 19.", "subjects": ["Indians of North America--Montana--1900-1910.", "Atsina Indians--1900-1910.", "Coup sticks--Montana--1900-1910.", "Horses--Montana--1900-1910.", "Staffs (Sticks)--Montana--1900-1910.", "Tribal chiefs--Montana--1900-1910.", "Photographic prints--1900-1910."]}, {"source_created": "2003-01-31T00:00:00Z", "index": 11, "medium": "1 photographic print.", "reproduction_number": "LC-USZ62-52212 (b&w film copy neg.)", "links": {"item": "https://www.loc.gov/pictures/item/2003652782/", "resource": "https://www.loc.gov/pictures/item/2003652782/resource/"}, "title": "Hamasaka in Tluwulahu costume with speaker's staff--Qagyuhl [principal chief]", "image": {"alt": "digitized item thumbnail", "full": "https://tile.loc.gov/storage-services/service/pnp/cph/3b00000/3b00000/3b00100/3b00196r.jpg", "square": "https://tile.loc.gov/storage-services/service/pnp/cph/3b00000/3b00000/3b00100/3b00196_75x75px.jpg", "thumb": "https://tile.loc.gov/storage-services/service/pnp/cph/3b00000/3b00000/3b00100/3b00196_150px.jpg"}, "created": "2016-04-20T00:00:00Z", "modified": "2016-04-20T00:00:00Z", "collection": ["diof", "ecur", "pp"], "creator": "Curtis, Edward S., 1868-1952", "call_number": "LOT 12328-A [item] [P&P]", "medium_brief": "1 photographic print.", "source_modified": "2005-02-08T00:00:00Z", "pk": "2003652782", "created_published_date": "c1914 November 13.", "subjects": ["Hamasaka.", "Indians of North America--Clothing & dress--British Columbia--1910-1920.", "Kwakiutl Indians--Clothing & dress--1910-1920.", "Buttons (Fasteners)--1910-1920.", "Ceremonial maces--1910-1920.", "Rattles--1910-1920.", "Tribal chiefs--British Columbia--1910-1920.", "Photographic prints--1910-1920."]}, {"source_created": "2003-04-08T00:00:00Z", "index": 12, "medium": "1 print : chromolithograph ; 2 3/4 x 1 1/2 in.", "reproduction_number": "LC-USZC4-9970 (color film copy transparency)", "links": {"item": "https://www.loc.gov/pictures/item/2003663039/", "resource": "https://www.loc.gov/pictures/item/2003663039/resource/"}, "title": "Ponka chief, N.A.", "image": {"alt": "digitized item thumbnail", "full": "https://tile.loc.gov/storage-services/service/pnp/cph/3g00000/3g09000/3g09900/3g09970r.jpg", "square": "https://tile.loc.gov/storage-services/service/pnp/cph/3g00000/3g09000/3g09900/3g09970_75x75px.jpg", "thumb": "https://tile.loc.gov/storage-services/service/pnp/cph/3g00000/3g09000/3g09900/3g09970_150px.jpg"}, "created": "2016-04-20T00:00:00Z", "modified": "2016-04-20T00:00:00Z", "collection": ["cph", "diof", "pp"], "creator": null, "call_number": "LOT 9554 [item] [P&P]", "medium_brief": "1 print :", "source_modified": "2003-12-23T00:00:00Z", "pk": "2003663039", "created_published_date": "[1889?]", "subjects": ["Tribal chiefs--1880-1890.", "Indians of North America--Great Plains--1880-1890.", "Ponca Indians--1880-1890.", "Chromolithographs--Color--1880-1890.", "Cigarette cards--1880-1890.", "Portrait prints--1880-1890."]}, {"source_created": "2002-08-29T00:00:00Z", "index": 13, "medium": "1 photograph : half-plate daguerreotype.", "reproduction_number": "LC-USZC4-11120 (color film copy transparency pre-conservation)", "links": {"item": "https://www.loc.gov/pictures/item/2004664594/", "resource": "https://www.loc.gov/pictures/item/2004664594/resource/"}, "title": "[John Ross, full length portrait, facing front standing next to a small table]", "image": {"alt": "digitized item thumbnail", "full": "https://tile.loc.gov/storage-services/service/pnp/cph/3g10000/3g11000/3g11100/3g11120r.jpg", "square": "https://tile.loc.gov/storage-services/service/pnp/cph/3g10000/3g11000/3g11100/3g11120_75x75px.jpg", "thumb": "https://tile.loc.gov/storage-services/service/pnp/cph/3g10000/3g11000/3g11100/3g11120_150px.jpg"}, "created": "2016-04-20T00:00:00Z", "modified": "2016-04-20T00:00:00Z", "collection": ["ammem", "dag", "diof", "minload", "pp"], "creator": null, "call_number": "DAG no. 1413", "medium_brief": "1 photograph :", "source_modified": "2015-08-10T00:00:00Z", "pk": "2004664594", "created_published_date": "[ca. 1850]", "subjects": ["Ross, John,--1790-1866.", "Indians of North America--1840-1860.", "Cherokee Indians--1840-1860.", "Tribal chiefs--1840-1860.", "Daguerreotypes--1840-1860.", "Portrait photographs--1840-1850."]}, {"source_created": "2004-04-14T00:00:00Z", "index": 14, "medium": "1 photographic print.", "reproduction_number": "LC-USZC4-11476 (color film copy transparency)", "links": {"item": "https://www.loc.gov/pictures/item/2004666301/", "resource": "https://www.loc.gov/pictures/item/2004666301/resource/"}, "title": "Bagobo chief", "image": {"alt": "digitized item thumbnail", "full": "https://tile.loc.gov/storage-services/service/pnp/cph/3g10000/3g11000/3g11400/3g11476r.jpg", "square": "https://tile.loc.gov/storage-services/service/pnp/cph/3g10000/3g11000/3g11400/3g11476_75x75px.jpg", "thumb": "https://tile.loc.gov/storage-services/service/pnp/cph/3g10000/3g11000/3g11400/3g11476_150px.jpg"}, "created": "2016-04-20T00:00:00Z", "modified": "2016-04-20T00:00:00Z", "collection": ["cph", "diof", "pp"], "creator": "Gerhard Sisters", "call_number": "LOT 8211, no. 16 [item] [P&P]", "medium_brief": "1 photographic print.", "source_modified": "2010-06-24T00:00:00Z", "pk": "2004666301", "created_published_date": "c1904.", "subjects": ["Louisiana Purchase Exposition--(1904 :--Saint Louis, Mo.)--People.", "Bagobo (Philippine people)--Clothing & dress--Missouri--Saint Louis--1900-1910.", "Bagobo (Philippine people)--Exhibitions--Missouri--Saint Louis--1900-1910.", "Tribal chiefs--Philippines--1900-1910.", "Photographic prints--1900-1910.", "Portrait photographs--1900-1910."]}, {"source_created": "2004-02-09T00:00:00Z", "index": 15, "medium": "1 print : engraving.", "reproduction_number": "LC-USZ62-45500 (b&w film copy neg.)", "links": {"item": "https://www.loc.gov/pictures/item/2004666662/", "resource": "https://www.loc.gov/pictures/item/2004666662/resource/"}, "title": "Joseph Thayendaneken the Mohawk chief", "image": {"alt": "digitized item thumbnail", "full": "https://tile.loc.gov/storage-services/service/pnp/cph/3a50000/3a53000/3a53200/3a53212r.jpg", "square": "https://tile.loc.gov/storage-services/service/pnp/cph/3a50000/3a53000/3a53200/3a53212_75x75px.jpg", "thumb": "https://tile.loc.gov/storage-services/service/pnp/cph/3a50000/3a53000/3a53200/3a53212_150px.jpg"}, "created": "2016-04-20T00:00:00Z", "modified": "2016-04-20T00:00:00Z", "collection": ["cph", "diof", "pp"], "creator": null, "call_number": "Illus. in AP3 .L7 [Rare Book RR]", "medium_brief": "1 print :", "source_modified": "2005-05-10T00:00:00Z", "pk": "2004666662", "created_published_date": "[1776 July 1]", "subjects": ["Brant, Joseph,--1742-1807.", "Tribal chiefs--1770-1780.", "United States--History--Revolution, 1775-1783.", "Engravings--1770-1780.", "Periodical illustrations--1770-1780.", "Portrait prints--1770-1780."]}, {"source_created": "2004-05-26T00:00:00Z", "index": 16, "medium": "1 print : lithograph, hand-colored ; 51 x 36 cm.", "reproduction_number": "LC-DIG-pga-07594 (digital file from original item)\nLC-USZC4-12426 (color film copy transparency)", "links": {"item": "https://www.loc.gov/pictures/item/2004675104/", "resource": "https://www.loc.gov/pictures/item/2004675104/resource/"}, "title": "Tustennuggee Emathla or Jim Boy, a Creek chief", "image": {"alt": "digitized item thumbnail", "full": "https://tile.loc.gov/storage-services/service/pnp/pga/07500/07594r.jpg", "square": "https://tile.loc.gov/storage-services/service/pnp/pga/07500/07594_75x75px.jpg", "thumb": "https://tile.loc.gov/storage-services/service/pnp/pga/07500/07594_150px.jpg"}, "created": "2016-04-20T00:00:00Z", "modified": "2016-04-20T00:00:00Z", "collection": ["diof", "pga", "pp"], "creator": "McKenney & Hall.", "call_number": "PGA - McKenney & Hall--Tustennuggee ... (B size) [P&P]", "medium_brief": "1 print :", "source_modified": "2015-09-30T00:00:00Z", "pk": "2004675104", "created_published_date": "c1838.", "subjects": ["Creek Indians--Men--1830-1840.", "Tribal chiefs--1830-1840.", "Lithographs--Hand-colored--1830-1840.", "Portrait prints--1830-1840."]}, {"source_created": "2004-05-26T00:00:00Z", "index": 17, "medium": "1 print : lithograph, hand-colored ; 51 x 35.6 cm (sheet)", "reproduction_number": "LC-DIG-pga-07580 (digital file from original item)\nLC-USZC4-12427 (color film copy transparency)", "links": {"item": "https://www.loc.gov/pictures/item/2004675105/", "resource": "https://www.loc.gov/pictures/item/2004675105/resource/"}, "title": "Tah-Chee, a Cherokee chief", "image": {"alt": "digitized item thumbnail", "full": "https://tile.loc.gov/storage-services/service/pnp/pga/07500/07580r.jpg", "square": "https://tile.loc.gov/storage-services/service/pnp/pga/07500/07580_75x75px.jpg", "thumb": "https://tile.loc.gov/storage-services/service/pnp/pga/07500/07580_150px.jpg"}, "created": "2016-04-20T00:00:00Z", "modified": "2016-04-20T00:00:00Z", "collection": ["diof", "pga", "pp"], "creator": "Biddle, Edward C., 1808-1893", "call_number": "PGA - McKenney & Hall--Tah-Chee ... (B size) [P&P]", "medium_brief": "1 print :", "source_modified": "2015-09-30T00:00:00Z", "pk": "2004675105", "created_published_date": "c1837.", "subjects": ["Cherokee Indians--Men--1830-1840.", "Cherokee Indians--Clothing & dress--1830-1840.", "Tribal chiefs--1830-1840.", "Lithographs--Hand-colored--1830-1840.", "Portrait prints--1830-1840."]}, {"source_created": "1994-01-01T00:00:00Z", "index": 18, "medium": "1 photographic print : gelatin silver ; 8 x 10 in. or smaller.", "reproduction_number": "LC-USZ62-24866 (b&w film copy neg.)", "links": {"item": "https://www.loc.gov/pictures/item/2004707510/", "resource": "https://www.loc.gov/pictures/item/2004707510/resource/"}, "title": "Goldi chiefs in best clothes north of Khabarovsk", "image": {"alt": "digitized item thumbnail", "full": "https://tile.loc.gov/storage-services/service/pnp/wtc/4a00000/4a02000/4a02700/4a02782r.jpg", "square": "https://tile.loc.gov/storage-services/service/pnp/wtc/4a00000/4a02000/4a02700/4a02782_75x75px.jpg", "thumb": "https://tile.loc.gov/storage-services/service/pnp/wtc/4a00000/4a02000/4a02700/4a02782_150px.jpg"}, "created": "2016-04-20T00:00:00Z", "modified": "2016-04-20T00:00:00Z", "collection": ["ammem", "diof", "minload", "pp", "wtc"], "creator": "Jackson, William Henry, 1843-1942", "call_number": "LOT 11948, no. 1105 [P&P]", "medium_brief": "1 photographic print :", "source_modified": "2013-06-19T00:00:00Z", "pk": "2004707510", "created_published_date": "[1895]", "subjects": ["Nanai (Asian people)--1890-1900.", "Tribal chiefs.", "Clothing & dress.", "Russia--Khabarovsk.", "Photographic prints."]}, {"source_created": "2006-03-29T00:00:00Z", "index": 19, "medium": "1 photomechanical print.", "reproduction_number": "LC-USZ62-136554 (b&w film copy neg.)", "links": {"item": "https://www.loc.gov/pictures/item/2006680191/", "resource": "https://www.loc.gov/pictures/item/2006680191/resource/"}, "title": "Indian chief", "image": {"alt": "digitized item thumbnail", "full": "https://tile.loc.gov/storage-services/service/pnp/cph/3c30000/3c36000/3c36500/3c36554r.jpg", "square": "https://tile.loc.gov/storage-services/service/pnp/cph/3c30000/3c36000/3c36500/3c36554_75x75px.jpg", "thumb": "https://tile.loc.gov/storage-services/service/pnp/cph/3c30000/3c36000/3c36500/3c36554_150px.jpg"}, "created": "2016-04-20T00:00:00Z", "modified": "2016-04-20T00:00:00Z", "collection": ["cph", "diof", "pp"], "creator": "K\u00e4sebier, Gertrude, 1852-1934", "call_number": "Illus. in TR1 .C4, vol. 6 (Case X) [P&P]", "medium_brief": "1 photomechanical print.", "source_modified": "2006-03-30T00:00:00Z", "pk": "2006680191", "created_published_date": "1902.", "subjects": ["Indians of North America--Men--1900-1910.", "Tribal chiefs--United States--1900-1910.", "Book illustrations--1900-1910.", "Photomechanical prints--1900-1910.", "Portraits--1900-1910."]}, {"source_created": "2008-01-18T00:00:00Z", "index": 20, "medium": "1 photographic print : platinum, hand-colored  ; 15.5 x 12.5 in.", "reproduction_number": "LC-DIG-ppmsca-15973 (digital file from original item)", "links": {"item": "https://www.loc.gov/pictures/item/2008675508/", "resource": "https://www.loc.gov/pictures/item/2008675508/resource/"}, "title": "Left Hand Bear, Chief", "image": {"alt": "digitized item thumbnail", "full": "https://tile.loc.gov/storage-services/service/pnp/ppmsca/15900/15973r.jpg", "square": "https://tile.loc.gov/storage-services/service/pnp/ppmsca/15900/15973_75x75px.jpg", "thumb": "https://tile.loc.gov/storage-services/service/pnp/ppmsca/15900/15973_150px.jpg"}, "created": "2016-04-20T00:00:00Z", "modified": "2016-04-20T00:00:00Z", "collection": ["cph", "diof", "pp"], "creator": "Heyn Photo", "call_number": "Unprocessed in PR 13 CN 2007:067, no. 4 [item] [P&P]", "medium_brief": "1 photographic print :", "source_modified": "2008-01-18T00:00:00Z", "pk": "2008675508", "created_published_date": "c1899.", "subjects": ["Left Hand Bear,--Oglala Sioux Chief.", "Indians of North America--Clothing & dress--1890-1900.", "Oglala Indians--1890-1900.", "Tribal chiefs--United States--1890-1900.", "Platinum prints--Color--1890-1900.", "Portrait photographs--1890-1900."]}]}