{"search": {"field": "subject", "hits": 244, "sort_order": null, "do_facets": true, "focus_item": null, "query": "Democracy", "type": "search", "sort_by": null}, "focus": null, "views": {"current": "list", "grid": "https://www.loc.gov/pictures/search/?q=Democracy&fi=subject&va=exact&st=grid&op=PHRASE", "list": "https://www.loc.gov/pictures/search/?q=Democracy&fi=subject&op=PHRASE&va=exact", "gallery": "https://www.loc.gov/pictures/search/?q=Democracy&fi=subject&va=exact&st=gallery&op=PHRASE", "slideshow": "https://www.loc.gov/pictures/search/?q=Democracy&fi=subject&va=exact&st=slideshow&op=PHRASE"}, "facets": [{"type": "displayed", "filters": [{"count": 72, "on": "https://www.loc.gov/pictures/search/?va=exact&sp=1&q=Democracy&fa=displayed%3Aanywhere&fi=subject&op=PHRASE&fo=json", "selected": false, "off": "https://www.loc.gov/pictures/search/?va=exact&sp=1&q=Democracy&fi=subject&fo=json&op=PHRASE", "title": "Larger image available anywhere"}, {"count": 138, "on": "https://www.loc.gov/pictures/search/?va=exact&sp=1&q=Democracy&fa=displayed%3Alc_only&fi=subject&op=PHRASE&fo=json", "selected": false, "off": "https://www.loc.gov/pictures/search/?va=exact&sp=1&q=Democracy&fi=subject&fo=json&op=PHRASE", "title": "Larger image available only at the Library of Congress"}, {"count": 34, "on": "https://www.loc.gov/pictures/search/?va=exact&sp=1&q=Democracy&fa=displayed%3Anot_digitized&fi=subject&op=PHRASE&fo=json", "selected": false, "off": "https://www.loc.gov/pictures/search/?va=exact&sp=1&q=Democracy&fi=subject&fo=json&op=PHRASE", "title": "Not Digitized"}], "title": "displayed"}], "links": {"json": "//www.loc.gov/pictures/search/?fi=subject&q=Democracy&op=PHRASE&va=exact&fo=json", "html": "//www.loc.gov/pictures/search/?fi=subject&q=Democracy&op=PHRASE&va=exact", "rss": "//www.loc.gov/pictures/search/?fi=subject&q=Democracy&op=PHRASE&va=exact&fo=rss"}, "suggestions": {"possible": []}, "pages": {"current": 1, "next": "https://www.loc.gov/pictures/search/?q=Democracy&fi=subject&sp=2&op=PHRASE&va=exact", "perpage": 20, "last": "https://www.loc.gov/pictures/search/?q=Democracy&fi=subject&sp=12&op=PHRASE&va=exact", "page_list": [{"url": null, "number": 1}, {"url": "https://www.loc.gov/pictures/search/?q=Democracy&fi=subject&sp=2&op=PHRASE&va=exact", "number": 2}, {"url": "https://www.loc.gov/pictures/search/?q=Democracy&fi=subject&sp=3&op=PHRASE&va=exact", "number": 3}, {"url": "https://www.loc.gov/pictures/search/?q=Democracy&fi=subject&sp=4&op=PHRASE&va=exact", "number": 4}, {"url": "https://www.loc.gov/pictures/search/?q=Democracy&fi=subject&sp=5&op=PHRASE&va=exact", "number": 5}, {"url": "https://www.loc.gov/pictures/search/?q=Democracy&fi=subject&sp=6&op=PHRASE&va=exact", "number": "..."}, {"url": "https://www.loc.gov/pictures/search/?q=Democracy&fi=subject&sp=12&op=PHRASE&va=exact", "number": 12}], "previous": null, "total": 12, "results": "1 - 20", "first": null}, "collection": null, "results": [{"source_created": "2017-04-20T00:00:00Z", "index": 1, "medium": "1 print : color ; (poster format)", "reproduction_number": "", "links": {"item": "https://www.loc.gov/pictures/item/2017656373/", "resource": "https://www.loc.gov/pictures/item/2017656373/resource/"}, "title": "Confer\u00eancia de Lisboa, 30 Setembro a 2 Outubro, Estoril : Processos de democratizac\u00e3o na Pen\u00ednsula Ib\u00e9rica e na Am\u00e9rica Latina", "image": {"alt": "digitized item thumbnail", "full": "https://tile.loc.gov/storage-services/service/pnp/yan/1a37000/1a37400/1a37403_150px.jpg", "square": "https://tile.loc.gov/storage-services/service/pnp/yan/1a37000/1a37400/1a37403_75x75px.jpg", "thumb": "https://tile.loc.gov/storage-services/service/pnp/yan/1a37000/1a37400/1a37403_150px.jpg"}, "created": "2017-06-06T00:00:00Z", "modified": "2017-06-06T00:00:00Z", "collection": ["pp", "yan"], "creator": "Partido Socialista Portugues", "call_number": "POS 6 - Portugal, no. 11 (C size) [P&P]", "medium_brief": "1 print :", "source_modified": "2017-05-15T00:00:00Z", "pk": "2017656373", "created_published_date": "[between 1973 and 1980]", "subjects": ["Partido Socialista Portugues.", "Democracy--Latin America--1970-1980.", "Democracy--Spain--1970-1980.", "Democracy--Portugal--1970-1980.", "Meetings--1970-1980.", "Emblems--1970-1980.", "Maps--1970-1980.", "Posters--Portuguese--1970-1980.", "Prints--Color--1970-1980."]}, {"source_created": "2006-04-20T00:00:00Z", "index": 2, "medium": "1 photomechanical print : halftone, color.", "reproduction_number": "LC-DIG-ds-04497 (digital file from original item)\nLC-USZC4- 13449 (color film copy transparency)", "links": {"item": "https://www.loc.gov/pictures/item/2006680269/", "resource": "https://www.loc.gov/pictures/item/2006680269/resource/"}, "title": "Trust - the main issue", "image": {"alt": "digitized item thumbnail", "full": "https://tile.loc.gov/storage-services/service/pnp/ds/04400/04497r.jpg", "square": "https://tile.loc.gov/storage-services/service/pnp/ds/04400/04497_75x75px.jpg", "thumb": "https://tile.loc.gov/storage-services/service/pnp/ds/04400/04497_150px.jpg"}, "created": "2016-04-20T00:00:00Z", "modified": "2016-04-20T00:00:00Z", "collection": ["cph", "diof", "pp"], "creator": "Noble, E.", "call_number": "Illus. in AP2 .V4 1899 (Case X) [P&P]", "medium_brief": "1 photomechanical print :", "source_modified": "2013-10-17T00:00:00Z", "pk": "2006680269", "created_published_date": "1899.", "subjects": ["Corruption--United States--1890-1900.", "Democracy--United States--1890-1900.", "Apes--1890-1900.", "Halftone photomechanical prints--Color--1890-1900.", "Periodical illustrations--1890-1900."]}, {"source_created": "2008-06-30T00:00:00Z", "index": 3, "medium": "1 print (poster) : silkscreen, color ; 100.9 x 71 cm.", "reproduction_number": "", "links": {"item": "https://www.loc.gov/pictures/item/2008679009/", "resource": null}, "title": "2000 Spring Kwangju Korea -- the 20th anniversary of the 18 memorial foundation committee", "image": {"alt": "item not digitized thumbnail", "full": "https://www.loc.gov/pictures/static/images/item/500x500_notdigitized.png", "square": "https://www.loc.gov/pictures/static/images/item/not_digitized_buttons75X75.png", "thumb": "https://www.loc.gov/pictures/static/images/item/notdigitized_buttons140X120.png"}, "created": "2016-04-20T00:00:00Z", "modified": "2016-04-20T00:00:00Z", "collection": ["pos", "pp"], "creator": "S\u014fn, Py\u014fng-il, 1958-", "call_number": "Unprocessed in PR 13 CN 2006:073, no. 70 (E size) [P&P]", "medium_brief": "1 print (poster) :", "source_modified": "2008-06-30T00:00:00Z", "pk": "2008679009", "created_published_date": "2000.", "subjects": ["Kwangju Uprising, Kwangju-si, Korea, 1980.", "Anniversaries--Korea (South)--2000.", "Thorns--Korea (South)--2000.", "Democracy--Korea (South)--2000.", "Rebellions--Korea (South)--2000.", "Posters--Korean--2000.", "Screen prints--Color--2000."]}, {"source_created": "2009-12-02T00:00:00Z", "index": 4, "medium": "1 drawing.", "reproduction_number": "LC-DIG-hlb-00174 (digital file from original drawing)", "links": {"item": "https://www.loc.gov/pictures/item/2010635663/", "resource": "https://www.loc.gov/pictures/item/2010635663/resource/"}, "title": "[Pedestal of statue with quote from Abraham Lincoln (\"\u00e0government of the people, by the people\u00e0\") and man picking up trash labeled \"Mussolini speech,\" \"Hitler speech,\" and \"Stalin\"]", "image": {"alt": "digitized item thumbnail", "full": "https://tile.loc.gov/storage-services/service/pnp/hlb/00100/00174_150px.jpg", "square": "https://tile.loc.gov/storage-services/service/pnp/hlb/00100/00174_75x75px.jpg", "thumb": "https://tile.loc.gov/storage-services/service/pnp/hlb/00100/00174_150px.jpg"}, "created": "2016-04-20T00:00:00Z", "modified": "2016-04-20T00:00:00Z", "collection": ["hlb", "minload", "pp"], "creator": "Block, Herbert, 1909-2001", "call_number": "BLOCK, no. 174 (BB size) [P&P]", "medium_brief": "1 drawing.", "source_modified": "2015-06-11T00:00:00Z", "pk": "2010635663", "created_published_date": "[1938 Feb.] c1938.", "subjects": ["Hitler, Adolf,--1889-1945.", "Mussolini, Benito,--1883-1945.", "Stalin, Joseph,--1878-1953.", "Democracy.", "Dictators.", "Drawings--American.", "Editorial cartoons--American."]}, {"source_created": "2009-12-02T00:00:00Z", "index": 5, "medium": "1 drawing.", "reproduction_number": "LC-DIG-hlb-00427 (digital file from original drawing)", "links": {"item": "https://www.loc.gov/pictures/item/2010635916/", "resource": "https://www.loc.gov/pictures/item/2010635916/resource/"}, "title": "It's a big season for earmuffs", "image": {"alt": "digitized item thumbnail", "full": "https://tile.loc.gov/storage-services/service/pnp/hlb/00400/00427_150px.jpg", "square": "https://tile.loc.gov/storage-services/service/pnp/hlb/00400/00427_75x75px.jpg", "thumb": "https://tile.loc.gov/storage-services/service/pnp/hlb/00400/00427_150px.jpg"}, "created": "2016-04-20T00:00:00Z", "modified": "2016-04-20T00:00:00Z", "collection": ["hlb", "minload", "pp"], "creator": "Block, Herbert, 1909-2001", "call_number": "BLOCK, no. 427 (BB size) [P&P]", "medium_brief": "1 drawing.", "source_modified": "2015-06-11T00:00:00Z", "pk": "2010635916", "created_published_date": "[1939 Jan.] c1939.", "subjects": ["Hitler, Adolf,--1889-1945.", "Mussolini, Benito,--1883-1945.", "Stalin, Joseph,--1878-1953.", "World War, 1939-1945--Communications--American--Europe.", "Democracy.", "Totalitarianism.", "Drawings--American.", "Editorial cartoons--American."]}, {"source_created": "2009-12-02T00:00:00Z", "index": 6, "medium": "1 drawing.", "reproduction_number": "LC-DIG-hlb-01079 (digital file from original drawing)", "links": {"item": "https://www.loc.gov/pictures/item/2010636565/", "resource": "https://www.loc.gov/pictures/item/2010636565/resource/"}, "title": "When a democracy goes to war", "image": {"alt": "digitized item thumbnail", "full": "https://tile.loc.gov/storage-services/service/pnp/hlb/01000/01079_150px.jpg", "square": "https://tile.loc.gov/storage-services/service/pnp/hlb/01000/01079_75x75px.jpg", "thumb": "https://tile.loc.gov/storage-services/service/pnp/hlb/01000/01079_150px.jpg"}, "created": "2016-04-20T00:00:00Z", "modified": "2016-04-20T00:00:00Z", "collection": ["hlb", "minload", "pp"], "creator": "Block, Herbert, 1909-2001", "call_number": "BLOCK, no. 1079 (BB size) [P&P]", "medium_brief": "1 drawing.", "source_modified": "2013-01-07T00:00:00Z", "pk": "2010636565", "created_published_date": "[1940 Mar.]", "subjects": ["Marianne (French emblem)", "World War, 1939-1945--Military occupations--German--France.", "World War, 1939-1945--Social aspects--France.", "Consumer rationing--France.", "Democracy--France.", "France--Symbolic representation.", "Drawings--American.", "Editorial cartoons--American."]}, {"source_created": "2009-12-02T00:00:00Z", "index": 7, "medium": "1 drawing.", "reproduction_number": "LC-DIG-hlb-01082 (digital file from original drawing)", "links": {"item": "https://www.loc.gov/pictures/item/2010636568/", "resource": "https://www.loc.gov/pictures/item/2010636568/resource/"}, "title": "The world today", "image": {"alt": "digitized item thumbnail", "full": "https://tile.loc.gov/storage-services/service/pnp/hlb/01000/01082_150px.jpg", "square": "https://tile.loc.gov/storage-services/service/pnp/hlb/01000/01082_75x75px.jpg", "thumb": "https://tile.loc.gov/storage-services/service/pnp/hlb/01000/01082_150px.jpg"}, "created": "2016-04-20T00:00:00Z", "modified": "2016-04-20T00:00:00Z", "collection": ["hlb", "minload", "pp"], "creator": "Block, Herbert, 1909-2001", "call_number": "BLOCK, no. 1082 (BB size) [P&P]", "medium_brief": "1 drawing.", "source_modified": "2015-06-11T00:00:00Z", "pk": "2010636568", "created_published_date": "[1940 April]", "subjects": ["Hitler, Adolf,--1889-1945.", "Mussolini, Benito,--1883-1945.", "Stalin, Joseph,--1878-1953.", "World War, 1939-1945--United States.", "World War, 1939-1945--Axis.", "Democracy.", "International security.", "Drawings--American.", "Editorial cartoons--American."]}, {"source_created": "1998-05-01T00:00:00Z", "index": 8, "medium": "1 print : letterpress ; 41.8 x 35.5 cm. (sheet)", "reproduction_number": "", "links": {"item": "https://www.loc.gov/pictures/item/2010642677/", "resource": null}, "title": "The blind men and the elephant", "image": {"alt": "item not digitized thumbnail", "full": "https://www.loc.gov/pictures/static/images/item/500x500_notdigitized.png", "square": "https://www.loc.gov/pictures/static/images/item/not_digitized_buttons75X75.png", "thumb": "https://www.loc.gov/pictures/static/images/item/notdigitized_buttons140X120.png"}, "created": "2016-04-20T00:00:00Z", "modified": "2016-04-20T00:00:00Z", "collection": ["bbgfc", "minload", "pp"], "creator": "Eichenberg, Fritz, 1901-1990", "call_number": "Goldstein, no. 839b (B size) [P&P]", "medium_brief": "1 print :", "source_modified": "2011-07-13T00:00:00Z", "pk": "2010642677", "created_published_date": "[1976]", "subjects": ["Blind persons--1970-1980.", "Democracy--1970-1980.", "Elephants--1970-1980.", "Fables--1970-1980.", "Investigations--1970-1980.", "Letterpress works--1970-1980."]}, {"source_created": "2006-01-23T00:00:00Z", "index": 9, "medium": "1 drawing : pen and ink.", "reproduction_number": "LC-DIG-cai-2a14417 (digital file from original)", "links": {"item": "https://www.loc.gov/pictures/item/2010717663/", "resource": "https://www.loc.gov/pictures/item/2010717663/resource/"}, "title": "Challenge", "image": {"alt": "digitized item thumbnail", "full": "https://tile.loc.gov/storage-services/service/pnp/cai/2a14000/2a14400/2a14417r.jpg", "square": "https://tile.loc.gov/storage-services/service/pnp/cai/2a14000/2a14400/2a14417_75x75px.jpg", "thumb": "https://tile.loc.gov/storage-services/service/pnp/cai/2a14000/2a14400/2a14417_150px.jpg"}, "created": "2016-04-20T00:00:00Z", "modified": "2016-04-20T00:00:00Z", "collection": ["cai", "diof", "minload", "pp"], "creator": "Rogers, W. A. (William Allen), 1854-1931", "call_number": "CAI - Rogers, no. 103 (B size) [P&P]", "medium_brief": "1 drawing :", "source_modified": "2011-07-18T00:00:00Z", "pk": "2010717663", "created_published_date": "[1904?]", "subjects": ["Roosevelt, Theodore,--1858-1919.", "Dame Democracy (Symbolic character)", "Fighting.", "Presidential elections.", "Drawings.", "Editorial cartoons."]}, {"source_created": "2006-01-23T00:00:00Z", "index": 10, "medium": "1 drawing : pen and ink.", "reproduction_number": "", "links": {"item": "https://www.loc.gov/pictures/item/2010717696/", "resource": "https://www.loc.gov/pictures/item/2010717696/resource/"}, "title": "Poor John!", "image": {"alt": "digitized item thumbnail", "full": "https://tile.loc.gov/storage-services/service/pnp/cai/2a14000/2a14400/2a14450r.jpg", "square": "https://tile.loc.gov/storage-services/service/pnp/cai/2a14000/2a14400/2a14450_75x75px.jpg", "thumb": "https://tile.loc.gov/storage-services/service/pnp/cai/2a14000/2a14400/2a14450_150px.jpg"}, "created": "2016-04-20T00:00:00Z", "modified": "2016-04-20T00:00:00Z", "collection": ["cai", "diof", "minload", "pp"], "creator": "Rogers, W. A. (William Allen), 1854-1931", "call_number": "CAI - Rogers, no. 136 (B size) [P&P]", "medium_brief": "1 drawing :", "source_modified": "2011-07-18T00:00:00Z", "pk": "2010717696", "created_published_date": "[1909?]", "subjects": ["Dame Democracy (Symbolic character)", "John Bull (Symbolic character)", "Airplanes.", "International relations.", "Germany.", "Great Britain.", "United States.", "Drawings.", "Editorial cartoons."]}, {"source_created": "2012-06-21T00:00:00Z", "index": 11, "medium": "1 drawing.", "reproduction_number": "LC-DIG-hlb-01463 (digital file from original drawing)", "links": {"item": "https://www.loc.gov/pictures/item/2012631778/", "resource": "https://www.loc.gov/pictures/item/2012631778/resource/"}, "title": "Wasn't something like that tried once before?", "image": {"alt": "digitized item thumbnail", "full": "https://tile.loc.gov/storage-services/service/pnp/hlb/01400/01463_150px.jpg", "square": "https://tile.loc.gov/storage-services/service/pnp/hlb/01400/01463_75x75px.jpg", "thumb": "https://tile.loc.gov/storage-services/service/pnp/hlb/01400/01463_150px.jpg"}, "created": "2016-04-20T00:00:00Z", "modified": "2016-04-20T00:00:00Z", "collection": ["hlb", "minload", "pp"], "creator": "Block, Herbert, 1909-2001", "call_number": "BLOCK, no. 1463 (BB size) [P&P]", "medium_brief": "1 drawing.", "source_modified": "2013-03-21T00:00:00Z", "pk": "2012631778", "created_published_date": "7-17-[19]46.", "subjects": ["Democracy--Italy", "War reparations--Italy", "Hiking", "Drawings--American.", "Editorial cartoons--American."]}, {"source_created": "2012-06-21T00:00:00Z", "index": 12, "medium": "1 drawing.", "reproduction_number": "LC-DIG-hlb-02179 (digital file from original drawing)", "links": {"item": "https://www.loc.gov/pictures/item/2012632211/", "resource": "https://www.loc.gov/pictures/item/2012632211/resource/"}, "title": "\"Why be so negative?\"", "image": {"alt": "digitized item thumbnail", "full": "https://tile.loc.gov/storage-services/service/pnp/hlb/02100/02179_150px.jpg", "square": "https://tile.loc.gov/storage-services/service/pnp/hlb/02100/02179_75x75px.jpg", "thumb": "https://tile.loc.gov/storage-services/service/pnp/hlb/02100/02179_150px.jpg"}, "created": "2016-04-20T00:00:00Z", "modified": "2016-04-20T00:00:00Z", "collection": ["hlb", "minload", "pp"], "creator": "Block, Herbert, 1909-2001", "call_number": "BLOCK, no. 2179 (BB size) [P&P]", "medium_brief": "1 drawing.", "source_modified": "2013-03-22T00:00:00Z", "pk": "2012632211", "created_published_date": "3-30-[19]49.", "subjects": ["Democracy", "international relations", "Anti-communism", "Diplomacy", "Drawings--American.", "Editorial cartoons--American."]}, {"source_created": "2012-06-21T00:00:00Z", "index": 13, "medium": "1 drawing.", "reproduction_number": "LC-DIG-hlb-02318 (digital file from original drawing)", "links": {"item": "https://www.loc.gov/pictures/item/2012632378/", "resource": "https://www.loc.gov/pictures/item/2012632378/resource/"}, "title": "\"First, allow us to apologize for our country's decadent democracy and our stupid freedoms\"", "image": {"alt": "digitized item thumbnail", "full": "https://tile.loc.gov/storage-services/service/pnp/hlb/02300/02318_150px.jpg", "square": "https://tile.loc.gov/storage-services/service/pnp/hlb/02300/02318_75x75px.jpg", "thumb": "https://tile.loc.gov/storage-services/service/pnp/hlb/02300/02318_150px.jpg"}, "created": "2016-04-20T00:00:00Z", "modified": "2016-04-20T00:00:00Z", "collection": ["hlb", "minload", "pp"], "creator": "Block, Herbert, 1909-2001", "call_number": "BLOCK, no. 2318 (BB size) [P&P]", "medium_brief": "1 drawing.", "source_modified": "2013-03-11T00:00:00Z", "pk": "2012632378", "created_published_date": "10-2-[19]49.", "subjects": ["Franco, Francisco,--1892-1975.", "International relations--Spain", "International relations--United States", "Democracy", "Fascism--Spain", "Drawings--American.", "Editorial cartoons--American."]}, {"source_created": "2012-06-21T00:00:00Z", "index": 14, "medium": "1 drawing.", "reproduction_number": "LC-DIG-hlb-04657 (digital file from original drawing)", "links": {"item": "https://www.loc.gov/pictures/item/2012633885/", "resource": "https://www.loc.gov/pictures/item/2012633885/resource/"}, "title": "\"I'm pulling against him\"", "image": {"alt": "digitized item thumbnail", "full": "https://tile.loc.gov/storage-services/service/pnp/hlb/04600/04657_150px.jpg", "square": "https://tile.loc.gov/storage-services/service/pnp/hlb/04600/04657_75x75px.jpg", "thumb": "https://tile.loc.gov/storage-services/service/pnp/hlb/04600/04657_150px.jpg"}, "created": "2016-04-20T00:00:00Z", "modified": "2016-04-20T00:00:00Z", "collection": ["hlb", "minload", "pp"], "creator": "Block, Herbert, 1909-2001", "call_number": "BLOCK, no. 4657 (BB size) [P&P]", "medium_brief": "1 drawing.", "source_modified": "2013-03-18T00:00:00Z", "pk": "2012633885", "created_published_date": "5-16-[19]58.", "subjects": ["Communism--France", "Politics & government--France", "Democracy", "Strangling", "Communists", "Reactionaries", "Drawings--American.", "Editorial cartoons--American."]}, {"source_created": "2012-06-21T00:00:00Z", "index": 15, "medium": "1 drawing.", "reproduction_number": "LC-DIG-hlb-01452 (digital file from original drawing)", "links": {"item": "https://www.loc.gov/pictures/item/2012634024/", "resource": "https://www.loc.gov/pictures/item/2012634024/resource/"}, "title": "Only a bird in a gilded cage", "image": {"alt": "digitized item thumbnail", "full": "https://tile.loc.gov/storage-services/service/pnp/hlb/01400/01452_150px.jpg", "square": "https://tile.loc.gov/storage-services/service/pnp/hlb/01400/01452_75x75px.jpg", "thumb": "https://tile.loc.gov/storage-services/service/pnp/hlb/01400/01452_150px.jpg"}, "created": "2016-04-20T00:00:00Z", "modified": "2016-04-20T00:00:00Z", "collection": ["hlb", "minload", "pp"], "creator": "Block, Herbert, 1909-2001", "call_number": "BLOCK, no. 1452 (BB size) [P&P]", "medium_brief": "1 drawing.", "source_modified": "2013-03-20T00:00:00Z", "pk": "2012634024", "created_published_date": "7-3-[19]46.", "subjects": ["United States.--Congress.", "United States Capitol (Washington, D.C.)", "prisoners", "Legislation", "Birdcages", "Democracy", "women", "Drawings--American.", "Editorial cartoons--American."]}, {"source_created": "2012-06-21T00:00:00Z", "index": 16, "medium": "1 drawing.", "reproduction_number": "LC-DIG-hlb-01635 (digital file from original drawing)", "links": {"item": "https://www.loc.gov/pictures/item/2012634120/", "resource": "https://www.loc.gov/pictures/item/2012634120/resource/"}, "title": "\"Pretty rough stretch here, eh, driver?\"", "image": {"alt": "digitized item thumbnail", "full": "https://tile.loc.gov/storage-services/service/pnp/hlb/01600/01635_150px.jpg", "square": "https://tile.loc.gov/storage-services/service/pnp/hlb/01600/01635_75x75px.jpg", "thumb": "https://tile.loc.gov/storage-services/service/pnp/hlb/01600/01635_150px.jpg"}, "created": "2016-04-20T00:00:00Z", "modified": "2016-04-20T00:00:00Z", "collection": ["hlb", "minload", "pp"], "creator": "Block, Herbert, 1909-2001", "call_number": "BLOCK, no. 1635 (BB size) [P&P]", "medium_brief": "1 drawing.", "source_modified": "2013-03-20T00:00:00Z", "pk": "2012634120", "created_published_date": "3-12-[19]47.", "subjects": ["Automobile driving", "Cold War", "Democracy", "Uncle Sam (Symbolic character)", "Newspaper reading", "cliffs", "Drawings--American.", "Editorial cartoons--American."]}, {"source_created": "2012-06-21T00:00:00Z", "index": 17, "medium": "1 drawing.", "reproduction_number": "LC-DIG-hlb-01675 (digital file from original drawing)", "links": {"item": "https://www.loc.gov/pictures/item/2012634152/", "resource": "https://www.loc.gov/pictures/item/2012634152/resource/"}, "title": "[Uncle Sam carries \"federal aid\" to public schools]", "image": {"alt": "digitized item thumbnail", "full": "https://tile.loc.gov/storage-services/service/pnp/hlb/01600/01675_150px.jpg", "square": "https://tile.loc.gov/storage-services/service/pnp/hlb/01600/01675_75x75px.jpg", "thumb": "https://tile.loc.gov/storage-services/service/pnp/hlb/01600/01675_150px.jpg"}, "created": "2016-04-20T00:00:00Z", "modified": "2016-04-20T00:00:00Z", "collection": ["hlb", "minload", "pp"], "creator": "Block, Herbert, 1909-2001", "call_number": "BLOCK, no. 1675 (BB size) [P&P]", "medium_brief": "1 drawing.", "source_modified": "2013-03-21T00:00:00Z", "pk": "2012634152", "created_published_date": "4-30-[19]47.", "subjects": ["schools", "Economic policy", "Uncle Sam (Symbolic character)", "poverty", "Democracy", "columns", "Domestic economic assistance", "Drawings--American.", "Editorial cartoons--American."]}, {"source_created": "2012-06-21T00:00:00Z", "index": 18, "medium": "1 drawing.", "reproduction_number": "LC-DIG-hlb-03037 (digital file from original drawing)", "links": {"item": "https://www.loc.gov/pictures/item/2012634579/", "resource": "https://www.loc.gov/pictures/item/2012634579/resource/"}, "title": "Salerno beachhead-[19]52", "image": {"alt": "digitized item thumbnail", "full": "https://tile.loc.gov/storage-services/service/pnp/hlb/03000/03037_150px.jpg", "square": "https://tile.loc.gov/storage-services/service/pnp/hlb/03000/03037_75x75px.jpg", "thumb": "https://tile.loc.gov/storage-services/service/pnp/hlb/03000/03037_150px.jpg"}, "created": "2016-04-20T00:00:00Z", "modified": "2016-04-20T00:00:00Z", "collection": ["hlb", "minload", "pp"], "creator": "Block, Herbert, 1909-2001", "call_number": "BLOCK, no. 3037 (BB size) [P&P]", "medium_brief": "1 drawing.", "source_modified": "2015-06-11T00:00:00Z", "pk": "2012634579", "created_published_date": "5-29-[19]52.", "subjects": ["De Gasperi, Alcide,--1881-1954.", "Stalin, Joseph,--1878-1953.", "Fascism--Italy", "Democracy--Italy", "Drawings--American.", "Editorial cartoons--American."]}, {"source_created": "2012-11-19T00:00:00Z", "index": 19, "medium": "1 drawing.", "reproduction_number": "LC-DIG-hlb-11933 (digital file from original drawing)\nLC-DIG-hlb-11933 (digital file from original drawing)", "links": {"item": "https://www.loc.gov/pictures/item/2012635119/", "resource": "https://www.loc.gov/pictures/item/2012635119/resource/"}, "title": "The 1989 threat", "image": {"alt": "digitized item thumbnail", "full": "https://tile.loc.gov/storage-services/service/pnp/hlb/11900/11933_150px.jpg", "square": "https://tile.loc.gov/storage-services/service/pnp/hlb/11900/11933_75x75px.jpg", "thumb": "https://tile.loc.gov/storage-services/service/pnp/hlb/11900/11933_150px.jpg"}, "created": "2016-04-20T00:00:00Z", "modified": "2016-04-20T00:00:00Z", "collection": ["hlb", "minload", "pp"], "creator": "Block, Herbert, 1909-2001", "call_number": "BLOCK, no. 11933 (BB size) [P&P]", "medium_brief": "1 drawing.", "source_modified": "2015-02-26T00:00:00Z", "pk": "2012635119", "created_published_date": "11/16/1989.", "subjects": ["Wa\u0142\u0119sa, Lech,--1943-", "Tanks (Military science)", "Pleading (Begging)", "International economic assistance--Poland", "Democracy--Poland", "Drawings--American.", "Editorial cartoons--American."]}, {"source_created": "2012-11-19T00:00:00Z", "index": 20, "medium": "1 drawing.", "reproduction_number": "", "links": {"item": "https://www.loc.gov/pictures/item/2012635182/", "resource": null}, "title": "\"Couldn't we make better time driving forward?\"", "image": {"alt": "item not digitized thumbnail", "full": "https://www.loc.gov/pictures/static/images/item/500x500_notdigitized.png", "square": "https://www.loc.gov/pictures/static/images/item/not_digitized_buttons75X75.png", "thumb": "https://www.loc.gov/pictures/static/images/item/notdigitized_buttons140X120.png"}, "created": "2016-04-20T00:00:00Z", "modified": "2016-04-20T00:00:00Z", "collection": ["hlb", "minload", "pp"], "creator": "Block, Herbert, 1909-2001", "call_number": "BLOCK, no. 1650 (BB size)", "medium_brief": "1 drawing.", "source_modified": "2014-01-14T00:00:00Z", "pk": "2012635182", "created_published_date": "3/26/1947.", "subjects": ["United States.--Congress.", "Democracy", "Cold War", "Social policy", "Time travel", "Automobile driving", "Communism", "Drawings--American.", "Editorial cartoons--American."]}]}