{"search": {"field": "subject", "hits": 59, "sort_order": null, "do_facets": true, "focus_item": null, "query": "Glassworking", "type": "search", "sort_by": null}, "focus": null, "views": {"current": "list", "grid": "https://www.loc.gov/pictures/search/?q=Glassworking&fi=subject&va=exact&st=grid&op=PHRASE", "list": "https://www.loc.gov/pictures/search/?q=Glassworking&fi=subject&op=PHRASE&va=exact", "gallery": "https://www.loc.gov/pictures/search/?q=Glassworking&fi=subject&va=exact&st=gallery&op=PHRASE", "slideshow": "https://www.loc.gov/pictures/search/?q=Glassworking&fi=subject&va=exact&st=slideshow&op=PHRASE"}, "facets": [{"type": "displayed", "filters": [{"count": 59, "on": "https://www.loc.gov/pictures/search/?va=exact&sp=1&q=Glassworking&fa=displayed%3Aanywhere&fi=subject&op=PHRASE&fo=json", "selected": false, "off": "https://www.loc.gov/pictures/search/?va=exact&sp=1&q=Glassworking&fi=subject&fo=json&op=PHRASE", "title": "Larger image available anywhere"}, {"count": 0, "on": "https://www.loc.gov/pictures/search/?va=exact&sp=1&q=Glassworking&fa=displayed%3Alc_only&fi=subject&op=PHRASE&fo=json", "selected": false, "off": "https://www.loc.gov/pictures/search/?va=exact&sp=1&q=Glassworking&fi=subject&fo=json&op=PHRASE", "title": "Larger image available only at the Library of Congress"}, {"count": 0, "on": "https://www.loc.gov/pictures/search/?va=exact&sp=1&q=Glassworking&fa=displayed%3Anot_digitized&fi=subject&op=PHRASE&fo=json", "selected": false, "off": "https://www.loc.gov/pictures/search/?va=exact&sp=1&q=Glassworking&fi=subject&fo=json&op=PHRASE", "title": "Not Digitized"}], "title": "displayed"}], "links": {"json": "//www.loc.gov/pictures/search/?fi=subject&q=Glassworking&op=PHRASE&va=exact&fo=json", "html": "//www.loc.gov/pictures/search/?fi=subject&q=Glassworking&op=PHRASE&va=exact", "rss": "//www.loc.gov/pictures/search/?fi=subject&q=Glassworking&op=PHRASE&va=exact&fo=rss"}, "suggestions": {"possible": []}, "pages": {"current": 1, "next": "https://www.loc.gov/pictures/search/?q=Glassworking&fi=subject&sp=2&op=PHRASE&va=exact", "perpage": 20, "last": "https://www.loc.gov/pictures/search/?q=Glassworking&fi=subject&sp=3&op=PHRASE&va=exact", "page_list": [{"url": null, "number": 1}, {"url": "https://www.loc.gov/pictures/search/?q=Glassworking&fi=subject&sp=2&op=PHRASE&va=exact", "number": 2}, {"url": "https://www.loc.gov/pictures/search/?q=Glassworking&fi=subject&sp=3&op=PHRASE&va=exact", "number": 3}], "previous": null, "total": 3, "results": "1 - 20", "first": null}, "collection": null, "results": [{"source_created": "2004-01-08T00:00:00Z", "index": 1, "medium": "1 photographic print.", "reproduction_number": "LC-DIG-nclc-01150 (color digital file from b&w original print)", "links": {"item": "https://www.loc.gov/pictures/item/2018673706/", "resource": "https://www.loc.gov/pictures/item/2018673706/resource/"}, "title": "Boys at Lehr glass works. Location: West Virginia.", "image": {"alt": "digitized item thumbnail", "full": "https://tile.loc.gov/storage-services/service/pnp/nclc/01100/01150r.jpg", "square": "https://tile.loc.gov/storage-services/service/pnp/nclc/01100/01150_75x75px.jpg", "thumb": "https://tile.loc.gov/storage-services/service/pnp/nclc/01100/01150_150px.jpg"}, "created": "2018-11-09T00:00:00Z", "modified": "2018-11-09T00:00:00Z", "collection": ["diof", "minload", "nclc", "pp"], "creator": "Hine, Lewis Wickes, 1874-1940", "call_number": "LOT 7478, no. 0068 [P&P]", "medium_brief": "1 photographic print.", "source_modified": "2018-11-02T00:00:00Z", "pk": "2018673706", "created_published_date": "1908 October.", "subjects": ["Boys.", "Glassworkers.", "Glassworking.", "Glass industry.", "Factories.", "United States--West Virginia.", "Photographic prints."]}, {"source_created": "2004-01-08T00:00:00Z", "index": 2, "medium": "1 photographic print.", "reproduction_number": "LC-DIG-nclc-01151 (color digital file from b&w original print)\nLC-USZ62-20496 (b&w film copy negative)", "links": {"item": "https://www.loc.gov/pictures/item/2018673714/", "resource": "https://www.loc.gov/pictures/item/2018673714/resource/"}, "title": "Glass works. Midnight.  Location: Indiana.", "image": {"alt": "digitized item thumbnail", "full": "https://tile.loc.gov/storage-services/service/pnp/nclc/01100/01151r.jpg", "square": "https://tile.loc.gov/storage-services/service/pnp/nclc/01100/01151_75x75px.jpg", "thumb": "https://tile.loc.gov/storage-services/service/pnp/nclc/01100/01151_150px.jpg"}, "created": "2018-11-09T00:00:00Z", "modified": "2018-11-09T00:00:00Z", "collection": ["diof", "flickr01", "minload", "nclc", "pp"], "creator": "Hine, Lewis Wickes, 1874-1940", "call_number": "LOT 7478, no. 0076 [P&P]", "medium_brief": "1 photographic print.", "source_modified": "2018-11-02T00:00:00Z", "pk": "2018673714", "created_published_date": "1908 August.", "subjects": ["Boys.", "Glassworkers.", "Glassworking.", "Glass industry.", "Factories.", "United States--Indiana.", "Photographic prints."]}, {"source_created": "2004-01-08T00:00:00Z", "index": 3, "medium": "1 photographic print.", "reproduction_number": "LC-DIG-nclc-01152 (color digital file from b&w original print)", "links": {"item": "https://www.loc.gov/pictures/item/2018673716/", "resource": "https://www.loc.gov/pictures/item/2018673716/resource/"}, "title": "Glass works.  Location: Indiana.", "image": {"alt": "digitized item thumbnail", "full": "https://tile.loc.gov/storage-services/service/pnp/nclc/01100/01152r.jpg", "square": "https://tile.loc.gov/storage-services/service/pnp/nclc/01100/01152_75x75px.jpg", "thumb": "https://tile.loc.gov/storage-services/service/pnp/nclc/01100/01152_150px.jpg"}, "created": "2018-11-09T00:00:00Z", "modified": "2018-11-09T00:00:00Z", "collection": ["diof", "minload", "nclc", "pp"], "creator": "Hine, Lewis Wickes, 1874-1940", "call_number": "LOT 7478, no. 0078 [P&P]", "medium_brief": "1 photographic print.", "source_modified": "2018-11-02T00:00:00Z", "pk": "2018673716", "created_published_date": "1908 August.", "subjects": ["Boys.", "Glassworkers.", "Glassworking.", "Glass industry.", "Factories.", "United States--Indiana.", "Photographic prints."]}, {"source_created": "2004-01-08T00:00:00Z", "index": 4, "medium": "1 photographic print.", "reproduction_number": "LC-DIG-nclc-01153 (color digital file from b&w original print)\nLC-USZ62-105650 (b&w film copy negative)", "links": {"item": "https://www.loc.gov/pictures/item/2018673717/", "resource": "https://www.loc.gov/pictures/item/2018673717/resource/"}, "title": "Glass works, night scene.  Location: Indiana.", "image": {"alt": "digitized item thumbnail", "full": "https://tile.loc.gov/storage-services/service/pnp/nclc/01100/01153r.jpg", "square": "https://tile.loc.gov/storage-services/service/pnp/nclc/01100/01153_75x75px.jpg", "thumb": "https://tile.loc.gov/storage-services/service/pnp/nclc/01100/01153_150px.jpg"}, "created": "2018-11-09T00:00:00Z", "modified": "2018-11-09T00:00:00Z", "collection": ["diof", "minload", "nclc", "pp"], "creator": "Hine, Lewis Wickes, 1874-1940", "call_number": "LOT 7478, no. 0079 [P&P]", "medium_brief": "1 photographic print.", "source_modified": "2018-11-02T00:00:00Z", "pk": "2018673717", "created_published_date": "1908 August.", "subjects": ["Boys.", "Glassworkers.", "Glassworking.", "Glass industry.", "Factories.", "United States--Indiana.", "Photographic prints."]}, {"source_created": "2004-01-08T00:00:00Z", "index": 5, "medium": "1 photographic print.", "reproduction_number": "LC-DIG-nclc-01154 (color digital file from b&w original print)\nLC-USZ62-105651 (b&w film copy negative)", "links": {"item": "https://www.loc.gov/pictures/item/2018673718/", "resource": "https://www.loc.gov/pictures/item/2018673718/resource/"}, "title": "The \"Carrying-in Boys,\" midnight at an Indiana glass works. Location: Indiana.", "image": {"alt": "digitized item thumbnail", "full": "https://tile.loc.gov/storage-services/service/pnp/nclc/01100/01154r.jpg", "square": "https://tile.loc.gov/storage-services/service/pnp/nclc/01100/01154_75x75px.jpg", "thumb": "https://tile.loc.gov/storage-services/service/pnp/nclc/01100/01154_150px.jpg"}, "created": "2018-11-09T00:00:00Z", "modified": "2018-11-09T00:00:00Z", "collection": ["diof", "minload", "nclc", "pp"], "creator": "Hine, Lewis Wickes, 1874-1940", "call_number": "LOT 7478, no. 0080 [P&P]", "medium_brief": "1 photographic print.", "source_modified": "2018-11-02T00:00:00Z", "pk": "2018673718", "created_published_date": "1908 August.", "subjects": ["Boys.", "Glassworkers.", "Glassworking.", "Glass industry.", "Factories.", "United States--Indiana.", "Photographic prints."]}, {"source_created": "2004-01-08T00:00:00Z", "index": 6, "medium": "1 photographic print.", "reproduction_number": "LC-DIG-nclc-01155 (color digital file from b&w original print)\nLC-USZ62-29115 (b&w film copy negative)", "links": {"item": "https://www.loc.gov/pictures/item/2018673719/", "resource": "https://www.loc.gov/pictures/item/2018673719/resource/"}, "title": "#81. Typical Night Scene In an Indiana Glass Works. Location: Indiana.", "image": {"alt": "digitized item thumbnail", "full": "https://tile.loc.gov/storage-services/service/pnp/nclc/01100/01155r.jpg", "square": "https://tile.loc.gov/storage-services/service/pnp/nclc/01100/01155_75x75px.jpg", "thumb": "https://tile.loc.gov/storage-services/service/pnp/nclc/01100/01155_150px.jpg"}, "created": "2018-11-09T00:00:00Z", "modified": "2018-11-09T00:00:00Z", "collection": ["diof", "minload", "nclc", "pp"], "creator": "Hine, Lewis Wickes, 1874-1940", "call_number": "LOT 7478, no. 0081 [P&P]", "medium_brief": "1 photographic print.", "source_modified": "2018-11-02T00:00:00Z", "pk": "2018673719", "created_published_date": "1908 August.", "subjects": ["Boys.", "Glassworkers.", "Glassworking.", "Glass industry.", "Factories.", "United States--Indiana.", "Photographic prints."]}, {"source_created": "2004-01-08T00:00:00Z", "index": 7, "medium": "1 photographic print.", "reproduction_number": "LC-DIG-nclc-01156 (color digital file from b&w original print)", "links": {"item": "https://www.loc.gov/pictures/item/2018673722/", "resource": "https://www.loc.gov/pictures/item/2018673722/resource/"}, "title": "The \"Carrying-in Boy,\" in an Indiana glass works, 1:00 A.M., Aug. 1908. Location: Indiana.", "image": {"alt": "digitized item thumbnail", "full": "https://tile.loc.gov/storage-services/service/pnp/nclc/01100/01156r.jpg", "square": "https://tile.loc.gov/storage-services/service/pnp/nclc/01100/01156_75x75px.jpg", "thumb": "https://tile.loc.gov/storage-services/service/pnp/nclc/01100/01156_150px.jpg"}, "created": "2018-11-09T00:00:00Z", "modified": "2018-11-09T00:00:00Z", "collection": ["diof", "minload", "nclc", "pp"], "creator": "Hine, Lewis Wickes, 1874-1940", "call_number": "LOT 7478, no. 0085 [P&P]", "medium_brief": "1 photographic print.", "source_modified": "2018-11-02T00:00:00Z", "pk": "2018673722", "created_published_date": "1908 August.", "subjects": ["Boys.", "Glassworkers.", "Glassworking.", "Glass industry.", "Factories.", "United States--Indiana.", "Photographic prints."]}, {"source_created": "2004-01-08T00:00:00Z", "index": 8, "medium": "1 photographic print.", "reproduction_number": "LC-DIG-nclc-01158 (color digital file from b&w original print)", "links": {"item": "https://www.loc.gov/pictures/item/2018673725/", "resource": "https://www.loc.gov/pictures/item/2018673725/resource/"}, "title": "Putting Bottles into the Annealing Oven. An Indianapolis Glass Works, 1 A.M. Location: Indianapolis, Indiana.", "image": {"alt": "digitized item thumbnail", "full": "https://tile.loc.gov/storage-services/service/pnp/nclc/01100/01158r.jpg", "square": "https://tile.loc.gov/storage-services/service/pnp/nclc/01100/01158_75x75px.jpg", "thumb": "https://tile.loc.gov/storage-services/service/pnp/nclc/01100/01158_150px.jpg"}, "created": "2018-11-09T00:00:00Z", "modified": "2018-11-09T00:00:00Z", "collection": ["diof", "minload", "nclc", "pp"], "creator": "Hine, Lewis Wickes, 1874-1940", "call_number": "LOT 7478, no. 0088 [P&P]", "medium_brief": "1 photographic print.", "source_modified": "2018-11-02T00:00:00Z", "pk": "2018673725", "created_published_date": "1908 August.", "subjects": ["Boys.", "Glassworkers.", "Glassworking.", "Glass industry.", "Factories.", "United States--Indiana--Indianapolis.", "Photographic prints."]}, {"source_created": "2004-01-08T00:00:00Z", "index": 9, "medium": "1 photographic print.", "reproduction_number": "LC-DIG-nclc-01165 (color digital file from b&w original print)\nLC-USZ62-47521 (b&w film copy negative)", "links": {"item": "https://www.loc.gov/pictures/item/2018673750/", "resource": "https://www.loc.gov/pictures/item/2018673750/resource/"}, "title": "Night Shift Leaving for Home: Indiana Glass Works, 8:00 A.M. (See also Photo #91) Location: Indiana.", "image": {"alt": "digitized item thumbnail", "full": "https://tile.loc.gov/storage-services/service/pnp/nclc/01100/01165r.jpg", "square": "https://tile.loc.gov/storage-services/service/pnp/nclc/01100/01165_75x75px.jpg", "thumb": "https://tile.loc.gov/storage-services/service/pnp/nclc/01100/01165_150px.jpg"}, "created": "2018-11-09T00:00:00Z", "modified": "2018-11-09T00:00:00Z", "collection": ["diof", "minload", "nclc", "pp"], "creator": "Hine, Lewis Wickes, 1874-1940", "call_number": "LOT 7478, no. 0115 [P&P]", "medium_brief": "1 photographic print.", "source_modified": "2018-11-02T00:00:00Z", "pk": "2018673750", "created_published_date": "1908 August.", "subjects": ["Boys.", "Glassworkers.", "Glassworking.", "Glass industry.", "Factories.", "United States--Indiana.", "Photographic prints."]}, {"source_created": "2004-01-08T00:00:00Z", "index": 10, "medium": "1 photographic print.", "reproduction_number": "LC-DIG-nclc-01166 (color digital file from b&w original print)\nLC-DIG-nclc-05358 (b&w digital file from original glass negative)", "links": {"item": "https://www.loc.gov/pictures/item/2018673755/", "resource": "https://www.loc.gov/pictures/item/2018673755/resource/"}, "title": "9 P.M. in an Indiana Glass Works, Aug. 1908.  Location: Indiana.", "image": {"alt": "digitized item thumbnail", "full": "https://tile.loc.gov/storage-services/service/pnp/nclc/01100/01166r.jpg", "square": "https://tile.loc.gov/storage-services/service/pnp/nclc/01100/01166_75x75px.jpg", "thumb": "https://tile.loc.gov/storage-services/service/pnp/nclc/01100/01166_150px.jpg"}, "created": "2018-11-09T00:00:00Z", "modified": "2018-11-09T00:00:00Z", "collection": ["diof", "minload", "nclc", "pp"], "creator": "Hine, Lewis Wickes, 1874-1940", "call_number": "LOT 7478, no. 0120 [P&P] LC-H501- 120", "medium_brief": "1 photographic print.\n1 negative :", "source_modified": "2018-11-02T00:00:00Z", "pk": "2018673755", "created_published_date": "1908 August.", "subjects": ["Boys.", "Glassworkers.", "Glassworking.", "Glass industry.", "Factories.", "United States--Indiana.", "Glass negatives.", "Photographic prints."]}, {"source_created": "2004-01-08T00:00:00Z", "index": 11, "medium": "1 photographic print.", "reproduction_number": "LC-DIG-nclc-01167 (color digital file from b&w original print)\nLC-USZ62-105654 (b&w film copy negative)", "links": {"item": "https://www.loc.gov/pictures/item/2018673756/", "resource": "https://www.loc.gov/pictures/item/2018673756/resource/"}, "title": "Night Scene, in an Indianapolis Glass Works.  Location: Indianapolis, Indiana.", "image": {"alt": "digitized item thumbnail", "full": "https://tile.loc.gov/storage-services/service/pnp/nclc/01100/01167r.jpg", "square": "https://tile.loc.gov/storage-services/service/pnp/nclc/01100/01167_75x75px.jpg", "thumb": "https://tile.loc.gov/storage-services/service/pnp/nclc/01100/01167_150px.jpg"}, "created": "2018-11-09T00:00:00Z", "modified": "2018-11-09T00:00:00Z", "collection": ["diof", "minload", "nclc", "pp"], "creator": "Hine, Lewis Wickes, 1874-1940", "call_number": "LOT 7478, no. 0121 [P&P]", "medium_brief": "1 photographic print.", "source_modified": "2018-11-02T00:00:00Z", "pk": "2018673756", "created_published_date": "1908 August.", "subjects": ["Boys.", "Glassworkers.", "Glassworking.", "Glass industry.", "Factories.", "United States--Indiana--Indianapolis.", "Photographic prints."]}, {"source_created": "2004-01-08T00:00:00Z", "index": 12, "medium": "1 photographic print.", "reproduction_number": "LC-DIG-nclc-01168 (color digital file from b&w original print)", "links": {"item": "https://www.loc.gov/pictures/item/2018673757/", "resource": "https://www.loc.gov/pictures/item/2018673757/resource/"}, "title": "9 P.M. in an Indiana Glass Works, Aug. 1908.  Location: Indiana.", "image": {"alt": "digitized item thumbnail", "full": "https://tile.loc.gov/storage-services/service/pnp/nclc/01100/01168r.jpg", "square": "https://tile.loc.gov/storage-services/service/pnp/nclc/01100/01168_75x75px.jpg", "thumb": "https://tile.loc.gov/storage-services/service/pnp/nclc/01100/01168_150px.jpg"}, "created": "2018-11-09T00:00:00Z", "modified": "2018-11-09T00:00:00Z", "collection": ["diof", "minload", "nclc", "pp"], "creator": "Hine, Lewis Wickes, 1874-1940", "call_number": "LOT 7478, no. 0122 [P&P]", "medium_brief": "1 photographic print.", "source_modified": "2018-11-02T00:00:00Z", "pk": "2018673757", "created_published_date": "1908 August.", "subjects": ["Boys.", "Glassworkers.", "Glassworking.", "Glass industry.", "Factories.", "United States--Indiana.", "Photographic prints."]}, {"source_created": "2004-01-08T00:00:00Z", "index": 13, "medium": "1 photographic print.", "reproduction_number": "LC-DIG-nclc-01169 (color digital file from b&w original print)", "links": {"item": "https://www.loc.gov/pictures/item/2018673759/", "resource": "https://www.loc.gov/pictures/item/2018673759/resource/"}, "title": "9 P.M. in an Indiana Glass Works. Aug. 1908.  Location: Indiana.", "image": {"alt": "digitized item thumbnail", "full": "https://tile.loc.gov/storage-services/service/pnp/nclc/01100/01169r.jpg", "square": "https://tile.loc.gov/storage-services/service/pnp/nclc/01100/01169_75x75px.jpg", "thumb": "https://tile.loc.gov/storage-services/service/pnp/nclc/01100/01169_150px.jpg"}, "created": "2018-11-09T00:00:00Z", "modified": "2018-11-09T00:00:00Z", "collection": ["diof", "minload", "nclc", "pp"], "creator": "Hine, Lewis Wickes, 1874-1940", "call_number": "LOT 7478, no. 0124 [P&P]", "medium_brief": "1 photographic print.", "source_modified": "2018-11-02T00:00:00Z", "pk": "2018673759", "created_published_date": "1908 August.", "subjects": ["Boys.", "Glassworkers.", "Glassworking.", "Glass industry.", "Factories.", "United States--Indiana.", "Photographic prints."]}, {"source_created": "2004-01-08T00:00:00Z", "index": 14, "medium": "1 photographic print.", "reproduction_number": "LC-DIG-nclc-01170 (color digital file from b&w original print)", "links": {"item": "https://www.loc.gov/pictures/item/2018673760/", "resource": "https://www.loc.gov/pictures/item/2018673760/resource/"}, "title": "Day Scene in an Indiana Glass Works. Aug. 1908. Location: Indiana.", "image": {"alt": "digitized item thumbnail", "full": "https://tile.loc.gov/storage-services/service/pnp/nclc/01100/01170r.jpg", "square": "https://tile.loc.gov/storage-services/service/pnp/nclc/01100/01170_75x75px.jpg", "thumb": "https://tile.loc.gov/storage-services/service/pnp/nclc/01100/01170_150px.jpg"}, "created": "2018-11-09T00:00:00Z", "modified": "2018-11-09T00:00:00Z", "collection": ["diof", "minload", "nclc", "pp"], "creator": "Hine, Lewis Wickes, 1874-1940", "call_number": "LOT 7478, no. 0125 [P&P]", "medium_brief": "1 photographic print.", "source_modified": "2018-11-02T00:00:00Z", "pk": "2018673760", "created_published_date": "1908 August.", "subjects": ["Glassworkers.", "Glassworking.", "Glass industry.", "Factories.", "United States--Indiana.", "Photographic prints."]}, {"source_created": "2004-01-08T00:00:00Z", "index": 15, "medium": "1 photographic print.", "reproduction_number": "LC-DIG-nclc-01171 (color digital file from b&w original print)\nLC-USZ62-105655 (b&w film copy negative)", "links": {"item": "https://www.loc.gov/pictures/item/2018673761/", "resource": "https://www.loc.gov/pictures/item/2018673761/resource/"}, "title": "Day Scene in an Indiana Glass Works. Aug. 1908. Location: Indiana.", "image": {"alt": "digitized item thumbnail", "full": "https://tile.loc.gov/storage-services/service/pnp/nclc/01100/01171r.jpg", "square": "https://tile.loc.gov/storage-services/service/pnp/nclc/01100/01171_75x75px.jpg", "thumb": "https://tile.loc.gov/storage-services/service/pnp/nclc/01100/01171_150px.jpg"}, "created": "2018-11-09T00:00:00Z", "modified": "2018-11-09T00:00:00Z", "collection": ["diof", "minload", "nclc", "pp"], "creator": "Hine, Lewis Wickes, 1874-1940", "call_number": "LOT 7478, no. 0126 [P&P]", "medium_brief": "1 photographic print.", "source_modified": "2018-11-02T00:00:00Z", "pk": "2018673761", "created_published_date": "1908 August.", "subjects": ["Boys.", "Glassworkers.", "Glassworking.", "Glass industry.", "Factories.", "United States--Indiana.", "Photographic prints."]}, {"source_created": "2004-01-08T00:00:00Z", "index": 16, "medium": "1 photographic print.", "reproduction_number": "LC-DIG-nclc-01173 (color digital file from b&w original print)\nLC-DIG-nclc-05359 (b&w digital file from original glass negative)", "links": {"item": "https://www.loc.gov/pictures/item/2018673763/", "resource": "https://www.loc.gov/pictures/item/2018673763/resource/"}, "title": "Day Scene in an Indiana Glass Works.  Location: Indiana.", "image": {"alt": "digitized item thumbnail", "full": "https://tile.loc.gov/storage-services/service/pnp/nclc/01100/01173r.jpg", "square": "https://tile.loc.gov/storage-services/service/pnp/nclc/01100/01173_75x75px.jpg", "thumb": "https://tile.loc.gov/storage-services/service/pnp/nclc/01100/01173_150px.jpg"}, "created": "2018-11-09T00:00:00Z", "modified": "2018-11-09T00:00:00Z", "collection": ["diof", "minload", "nclc", "pp"], "creator": "Hine, Lewis Wickes, 1874-1940", "call_number": "LOT 7478, no. 0128 [P&P] LC-H5- 128", "medium_brief": "1 photographic print.\n1 negative :", "source_modified": "2018-11-02T00:00:00Z", "pk": "2018673763", "created_published_date": "1908 August.", "subjects": ["Boys.", "Glassworkers.", "Glassworking.", "Glass industry.", "Factories.", "United States--Indiana.", "Glass negatives.", "Photographic prints."]}, {"source_created": "2004-01-08T00:00:00Z", "index": 17, "medium": "1 photographic print.", "reproduction_number": "LC-DIG-nclc-01174 (color digital file from b&w original print)", "links": {"item": "https://www.loc.gov/pictures/item/2018673764/", "resource": "https://www.loc.gov/pictures/item/2018673764/resource/"}, "title": "10 P.M. in An Indiana Glass Works.  Location: Indiana.", "image": {"alt": "digitized item thumbnail", "full": "https://tile.loc.gov/storage-services/service/pnp/nclc/01100/01174r.jpg", "square": "https://tile.loc.gov/storage-services/service/pnp/nclc/01100/01174_75x75px.jpg", "thumb": "https://tile.loc.gov/storage-services/service/pnp/nclc/01100/01174_150px.jpg"}, "created": "2018-11-09T00:00:00Z", "modified": "2018-11-09T00:00:00Z", "collection": ["diof", "minload", "nclc", "pp"], "creator": "Hine, Lewis Wickes, 1874-1940", "call_number": "LOT 7478, no. 0129 [P&P]", "medium_brief": "1 photographic print.", "source_modified": "2018-11-02T00:00:00Z", "pk": "2018673764", "created_published_date": "1908 August.", "subjects": ["Boys.", "Glassworkers.", "Glassworking.", "Glass industry.", "Factories.", "United States--Indiana.", "Photographic prints."]}, {"source_created": "2004-01-08T00:00:00Z", "index": 18, "medium": "1 photographic print.", "reproduction_number": "LC-DIG-nclc-01175 (color digital file from b&w original print)\nLC-USZ62-47522 (b&w film copy negative)", "links": {"item": "https://www.loc.gov/pictures/item/2018673777/", "resource": "https://www.loc.gov/pictures/item/2018673777/resource/"}, "title": "Tygart Valley Glass Co., Grafton, W. Va. Plenty of boys. (see label on 162).  Location: Grafton, West Virginia.", "image": {"alt": "digitized item thumbnail", "full": "https://tile.loc.gov/storage-services/service/pnp/nclc/01100/01175r.jpg", "square": "https://tile.loc.gov/storage-services/service/pnp/nclc/01100/01175_75x75px.jpg", "thumb": "https://tile.loc.gov/storage-services/service/pnp/nclc/01100/01175_150px.jpg"}, "created": "2018-11-09T00:00:00Z", "modified": "2018-11-09T00:00:00Z", "collection": ["diof", "minload", "nclc", "pp"], "creator": "Hine, Lewis Wickes, 1874-1940", "call_number": "LOT 7478, no. 0143 [P&P]", "medium_brief": "1 photographic print.", "source_modified": "2018-11-02T00:00:00Z", "pk": "2018673777", "created_published_date": "1908 October.", "subjects": ["Boys.", "Glassworkers.", "Glassworking.", "Glass industry.", "Factories.", "United States--West Virginia--Grafton.", "Photographic prints."]}, {"source_created": "2004-01-08T00:00:00Z", "index": 19, "medium": "1 photographic print.", "reproduction_number": "LC-DIG-nclc-01177 (color digital file from b&w original print)\nLC-DIG-nclc-05362 (b&w digital file from original glass negative)\nLC-USZ62-20499 (b&w film copy negative)", "links": {"item": "https://www.loc.gov/pictures/item/2018673786/", "resource": "https://www.loc.gov/pictures/item/2018673786/resource/"}, "title": "\"Carrying in Boy\" at the Lehr. Glass Factory, Grafton, W. Va. (See label on #162.)  Location: Grafton, West Virginia.", "image": {"alt": "digitized item thumbnail", "full": "https://tile.loc.gov/storage-services/service/pnp/nclc/01100/01177r.jpg", "square": "https://tile.loc.gov/storage-services/service/pnp/nclc/01100/01177_75x75px.jpg", "thumb": "https://tile.loc.gov/storage-services/service/pnp/nclc/01100/01177_150px.jpg"}, "created": "2018-11-09T00:00:00Z", "modified": "2018-11-09T00:00:00Z", "collection": ["diof", "minload", "nclc", "pp"], "creator": "Hine, Lewis Wickes, 1874-1940", "call_number": "LOT 7478, no. 0152 [P&P] LC-H5- 152", "medium_brief": "1 photographic print.\n1 negative :", "source_modified": "2018-11-02T00:00:00Z", "pk": "2018673786", "created_published_date": "1908 October.", "subjects": ["Boys.", "Glassworkers.", "Glassworking.", "Glass industry.", "Factories.", "United States--West Virginia--Grafton.", "Glass negatives.", "Photographic prints."]}, {"source_created": "2004-01-08T00:00:00Z", "index": 20, "medium": "1 photographic print.", "reproduction_number": "LC-DIG-nclc-01179 (color digital file from b&w original print)\nLC-USZ62-15520 (b&w film copy negative)", "links": {"item": "https://www.loc.gov/pictures/item/2018673788/", "resource": "https://www.loc.gov/pictures/item/2018673788/resource/"}, "title": "Midnight in a Glass Works. Grafton, W. Va. (see photo 162).  Location: Grafton, West Virginia.", "image": {"alt": "digitized item thumbnail", "full": "https://tile.loc.gov/storage-services/service/pnp/nclc/01100/01179r.jpg", "square": "https://tile.loc.gov/storage-services/service/pnp/nclc/01100/01179_75x75px.jpg", "thumb": "https://tile.loc.gov/storage-services/service/pnp/nclc/01100/01179_150px.jpg"}, "created": "2018-11-09T00:00:00Z", "modified": "2018-11-09T00:00:00Z", "collection": ["diof", "minload", "nclc", "pp"], "creator": "Hine, Lewis Wickes, 1874-1940", "call_number": "LOT 7478, no. 0154 [P&P]", "medium_brief": "1 photographic print.", "source_modified": "2018-11-02T00:00:00Z", "pk": "2018673788", "created_published_date": "1908 October.", "subjects": ["Boys.", "Glassworkers.", "Glassworking.", "Glass industry.", "Factories.", "United States--West Virginia--Grafton.", "Photographic prints."]}]}