{"search": {"field": "subject", "hits": 1, "sort_order": null, "do_facets": true, "focus_item": null, "query": "Pistons & piston rings", "type": "search", "sort_by": null}, "focus": null, "views": {"current": "list", "grid": "https://www.loc.gov/pictures/search/?q=Pistons+%26+piston+rings&fi=subject&va=exact&st=grid&op=PHRASE", "list": "https://www.loc.gov/pictures/search/?q=Pistons+%26+piston+rings&fi=subject&op=PHRASE&va=exact", "gallery": "https://www.loc.gov/pictures/search/?q=Pistons+%26+piston+rings&fi=subject&va=exact&st=gallery&op=PHRASE", "slideshow": "https://www.loc.gov/pictures/search/?q=Pistons+%26+piston+rings&fi=subject&va=exact&st=slideshow&op=PHRASE"}, "facets": [{"type": "displayed", "filters": [{"count": 0, "on": "https://www.loc.gov/pictures/search/?va=exact&sp=1&q=Pistons+%26+piston+rings&fa=displayed%3Aanywhere&fi=subject&op=PHRASE&fo=json", "selected": false, "off": "https://www.loc.gov/pictures/search/?va=exact&sp=1&q=Pistons+%26+piston+rings&fi=subject&fo=json&op=PHRASE", "title": "Larger image available anywhere"}, {"count": 0, "on": "https://www.loc.gov/pictures/search/?va=exact&sp=1&q=Pistons+%26+piston+rings&fa=displayed%3Alc_only&fi=subject&op=PHRASE&fo=json", "selected": false, "off": "https://www.loc.gov/pictures/search/?va=exact&sp=1&q=Pistons+%26+piston+rings&fi=subject&fo=json&op=PHRASE", "title": "Larger image available only at the Library of Congress"}, {"count": 1, "on": "https://www.loc.gov/pictures/search/?va=exact&sp=1&q=Pistons+%26+piston+rings&fa=displayed%3Anot_digitized&fi=subject&op=PHRASE&fo=json", "selected": false, "off": "https://www.loc.gov/pictures/search/?va=exact&sp=1&q=Pistons+%26+piston+rings&fi=subject&fo=json&op=PHRASE", "title": "Not Digitized"}, {"count": 0, "on": "https://www.loc.gov/pictures/search/?va=exact&sp=1&q=Pistons+%26+piston+rings&fa=displayed%3Asurveys_only&fi=subject&op=PHRASE&fo=json", "selected": false, "off": "https://www.loc.gov/pictures/search/?va=exact&sp=1&q=Pistons+%26+piston+rings&fi=subject&fo=json&op=PHRASE", "title": "Surveys only"}], "title": "displayed"}], "links": {"json": "//www.loc.gov/pictures/search/?fi=subject&q=Pistons+%26+piston+rings&op=PHRASE&va=exact&fo=json", "html": "//www.loc.gov/pictures/search/?fi=subject&q=Pistons+%26+piston+rings&op=PHRASE&va=exact", "rss": "//www.loc.gov/pictures/search/?fi=subject&q=Pistons+%26+piston+rings&op=PHRASE&va=exact&fo=rss"}, "suggestions": {"possible": []}, "pages": {"current": 1, "next": null, "perpage": 20, "last": null, "page_list": [{"url": null, "number": 1}], "previous": null, "total": 1, "results": "1 - 1", "first": null}, "collection": null, "results": [{"source_created": "1996-09-10T00:00:00Z", "index": 1, "medium": "40 drawings.", "reproduction_number": "", "links": {"item": "https://www.loc.gov/pictures/item/96518043/", "resource": null}, "title": "Advertising campaigns", "image": {"alt": "group item thumbnail", "full": "https://www.loc.gov/pictures/static/images/item/500x500_grouprecord.png", "square": "https://www.loc.gov/pictures/static/images/item/grouprecord_square.png", "thumb": "https://www.loc.gov/pictures/static/images/item/grouprecord_thumb_large.jpg"}, "created": "2021-02-02T05:50:07Z", "modified": "2021-04-13T12:16:09Z", "collection": ["ben", "coll", "pp"], "creator": "Bendiner, Alfred", "call_number": "LOT 13145 (H) [P&P]", "medium_brief": "40 drawings.\n9 photomechanical prints.\n5 mss. :", "source_modified": "2021-01-26T13:48:33Z", "pk": "96518043", "created_published_date": "1940-1945.", "subjects": ["Animals in human situations--1940-1950.", "Camels--1940-1950.", "Horses--1940-1950.", "Pistons & piston rings--1940-1950.", "Vanilla--1940-1950.", "Advertisements--1940-1950.", "Caricatures--1940-1950.", "Drawings--1940-1950.", "Ethnic stereotypes--1940-1950.", "Invoices--1940-1950.", "Photomechanical prints--1940-1950.", "Sketches--1940-1950."]}]}