{"search": {"field": "subject", "hits": 6, "sort_order": null, "do_facets": true, "focus_item": null, "query": "Petrified forests", "type": "search", "sort_by": null}, "focus": null, "views": {"current": "list", "grid": "https://www.loc.gov/pictures/search/?q=Petrified+forests&fi=subject&va=exact&st=grid&op=PHRASE", "list": "https://www.loc.gov/pictures/search/?q=Petrified+forests&fi=subject&op=PHRASE&va=exact", "gallery": "https://www.loc.gov/pictures/search/?q=Petrified+forests&fi=subject&va=exact&st=gallery&op=PHRASE", "slideshow": "https://www.loc.gov/pictures/search/?q=Petrified+forests&fi=subject&va=exact&st=slideshow&op=PHRASE"}, "facets": [{"type": "displayed", "filters": [{"count": 5, "on": "https://www.loc.gov/pictures/search/?va=exact&sp=1&q=Petrified+forests&fa=displayed%3Aanywhere&fi=subject&op=PHRASE&fo=json", "selected": false, "off": "https://www.loc.gov/pictures/search/?va=exact&sp=1&q=Petrified+forests&fi=subject&fo=json&op=PHRASE", "title": "Larger image available anywhere"}, {"count": 1, "on": "https://www.loc.gov/pictures/search/?va=exact&sp=1&q=Petrified+forests&fa=displayed%3Alc_only&fi=subject&op=PHRASE&fo=json", "selected": false, "off": "https://www.loc.gov/pictures/search/?va=exact&sp=1&q=Petrified+forests&fi=subject&fo=json&op=PHRASE", "title": "Larger image available only at the Library of Congress"}, {"count": 0, "on": "https://www.loc.gov/pictures/search/?va=exact&sp=1&q=Petrified+forests&fa=displayed%3Anot_digitized&fi=subject&op=PHRASE&fo=json", "selected": false, "off": "https://www.loc.gov/pictures/search/?va=exact&sp=1&q=Petrified+forests&fi=subject&fo=json&op=PHRASE", "title": "Not Digitized"}, {"count": 0, "on": "https://www.loc.gov/pictures/search/?va=exact&sp=1&q=Petrified+forests&fa=displayed%3Asurveys_only&fi=subject&op=PHRASE&fo=json", "selected": false, "off": "https://www.loc.gov/pictures/search/?va=exact&sp=1&q=Petrified+forests&fi=subject&fo=json&op=PHRASE", "title": "Surveys only"}], "title": "displayed"}], "links": {"json": "//www.loc.gov/pictures/search/?fi=subject&q=Petrified+forests&op=PHRASE&va=exact&fo=json", "html": "//www.loc.gov/pictures/search/?fi=subject&q=Petrified+forests&op=PHRASE&va=exact", "rss": "//www.loc.gov/pictures/search/?fi=subject&q=Petrified+forests&op=PHRASE&va=exact&fo=rss"}, "suggestions": {"possible": []}, "pages": {"current": 1, "next": null, "perpage": 20, "last": null, "page_list": [{"url": null, "number": 1}], "previous": null, "total": 1, "results": "1 - 6", "first": null}, "collection": null, "results": [{"source_created": "1991-02-07T00:00:00Z", "index": 1, "medium": "1 photographic print : gelatin silver ; 9.5 x 32.5 in.", "reproduction_number": "", "links": {"item": "https://www.loc.gov/pictures/item/2007661428/", "resource": "https://www.loc.gov/pictures/item/2007661428/resource/"}, "title": "Petrified Forest of Arizona", "image": {"alt": "digitized item thumbnail", "full": "https://tile.loc.gov/storage-services/service/pnp/pan/6a00000/6a00800/6a00859r.jpg", "square": "https://tile.loc.gov/storage-services/service/pnp/pan/6a00000/6a00800/6a00859_75x75px.jpg", "thumb": "https://tile.loc.gov/storage-services/service/pnp/pan/6a00000/6a00800/6a00859_150px.jpg"}, "created": "2016-04-20T00:00:00Z", "modified": "2016-04-20T00:00:00Z", "collection": ["ammem", "diof", "minload", "pan", "pp"], "creator": "Haines Photo Co. (Conneaut, Ohio)", "call_number": "PAN US GEOG - Arizona no. 100 (E size) [P&P]", "medium_brief": "1 photographic print :", "source_modified": "2012-12-20T00:00:00Z", "pk": "2007661428", "created_published_date": "c1908.", "subjects": ["Petrified forests.", "National parks & reserves.", "United States--Arizona--Petrified Forest National Park.", "Gelatin silver prints.", "Panoramic photographs."]}, {"source_created": "1991-02-11T00:00:00Z", "index": 2, "medium": "1 photographic print : gelatin silver ; 10 x 44.5 in.", "reproduction_number": "", "links": {"item": "https://www.loc.gov/pictures/item/2007661438/", "resource": "https://www.loc.gov/pictures/item/2007661438/resource/"}, "title": "Petrified Forest of Arizona", "image": {"alt": "digitized item thumbnail", "full": "https://tile.loc.gov/storage-services/service/pnp/pan/6a00000/6a00800/6a00845r.jpg", "square": "https://tile.loc.gov/storage-services/service/pnp/pan/6a00000/6a00800/6a00845_75x75px.jpg", "thumb": "https://tile.loc.gov/storage-services/service/pnp/pan/6a00000/6a00800/6a00845_150px.jpg"}, "created": "2016-04-20T00:00:00Z", "modified": "2016-04-20T00:00:00Z", "collection": ["ammem", "diof", "minload", "pan", "pp"], "creator": "Haines Photo Co. (Conneaut, Ohio)", "call_number": "PAN US GEOG - Arizona no. 98 (E size) [P&P]", "medium_brief": "1 photographic print :", "source_modified": "2012-12-20T00:00:00Z", "pk": "2007661438", "created_published_date": "c1908.", "subjects": ["National parks & reserves.", "Petrified forests.", "United States--Arizona--Petrified Forest National Park.", "Gelatin silver prints.", "Landscape photographs.", "Panoramic photographs."]}, {"source_created": "1991-02-11T00:00:00Z", "index": 3, "medium": "1 photographic print : gelatin silver ; 9.5 x 30 in.", "reproduction_number": "LC-USZ62-124369 (b&w film copy neg.)", "links": {"item": "https://www.loc.gov/pictures/item/2007661439/", "resource": "https://www.loc.gov/pictures/item/2007661439/resource/"}, "title": "Petrified bridge, Petrified Forest of Arizona", "image": {"alt": "digitized item thumbnail", "full": "https://tile.loc.gov/storage-services/service/pnp/pan/6a00000/6a00800/6a00865r.jpg", "square": "https://tile.loc.gov/storage-services/service/pnp/pan/6a00000/6a00800/6a00865_75x75px.jpg", "thumb": "https://tile.loc.gov/storage-services/service/pnp/pan/6a00000/6a00800/6a00865_150px.jpg"}, "created": "2016-04-20T00:00:00Z", "modified": "2016-04-20T00:00:00Z", "collection": ["ammem", "diof", "minload", "pan", "pp"], "creator": "Haines Photo Co. (Conneaut, Ohio)", "call_number": "PAN US GEOG - Arizona no. 101 (E size) [P&P]", "medium_brief": "1 photographic print :", "source_modified": "2012-12-20T00:00:00Z", "pk": "2007661439", "created_published_date": "c1908.", "subjects": ["National parks & reserves.", "Petrified forests.", "Bridges.", "United States--Arizona--Petrified Forest National Park.", "Gelatin silver prints.", "Group portraits.", "Panoramic photographs.", "Portrait photographs."]}, {"source_created": "1991-02-11T00:00:00Z", "index": 4, "medium": "1 photographic print : gelatin silver ; 10 x 37 in.", "reproduction_number": "", "links": {"item": "https://www.loc.gov/pictures/item/2007661442/", "resource": "https://www.loc.gov/pictures/item/2007661442/resource/"}, "title": "Petrified Forest of Arizona", "image": {"alt": "digitized item thumbnail", "full": "https://tile.loc.gov/storage-services/service/pnp/pan/6a00000/6a00800/6a00852r.jpg", "square": "https://tile.loc.gov/storage-services/service/pnp/pan/6a00000/6a00800/6a00852_75x75px.jpg", "thumb": "https://tile.loc.gov/storage-services/service/pnp/pan/6a00000/6a00800/6a00852_150px.jpg"}, "created": "2016-04-20T00:00:00Z", "modified": "2016-04-20T00:00:00Z", "collection": ["ammem", "diof", "minload", "pan", "pp"], "creator": "Haines Photo Co. (Conneaut, Ohio)", "call_number": "PAN US GEOG - Arizona no. 99 (E size) [P&P]", "medium_brief": "1 photographic print :", "source_modified": "2012-12-20T00:00:00Z", "pk": "2007661442", "created_published_date": "c1908.", "subjects": ["Petrified forests.", "National parks & reserves.", "United States--Arizona--Petrified Forest National Park.", "Gelatin silver prints.", "Landscape photographs.", "Panoramic photographs."]}, {"source_created": "1991-02-11T00:00:00Z", "index": 5, "medium": "1 photographic print : gelatin silver ; 10 x 42 in.", "reproduction_number": "", "links": {"item": "https://www.loc.gov/pictures/item/2007661441/", "resource": "https://www.loc.gov/pictures/item/2007661441/resource/"}, "title": "Petrified Forest", "image": {"alt": "digitized item thumbnail", "full": "https://tile.loc.gov/storage-services/service/pnp/pan/6a00000/6a00800/6a00831r.jpg", "square": "https://tile.loc.gov/storage-services/service/pnp/pan/6a00000/6a00800/6a00831_75x75px.jpg", "thumb": "https://tile.loc.gov/storage-services/service/pnp/pan/6a00000/6a00800/6a00831_150px.jpg"}, "created": "2016-04-21T00:00:00Z", "modified": "2016-04-21T00:00:00Z", "collection": ["ammem", "diof", "minload", "pan", "pp"], "creator": "Haines Photo Co. (Conneaut, Ohio)", "call_number": "PAN US GEOG - Arizona no. 96 (E size) [P&P]", "medium_brief": "1 photographic print :", "source_modified": "2012-12-20T00:00:00Z", "pk": "2007661441", "created_published_date": "c1908.", "subjects": ["Petrified forests.", "National parks & reserves.", "United States--Arizona--Petrified Forest National Park.", "Gelatin silver prints.", "Landscape photographs.", "Panoramic photographs."]}, {"source_created": "1987-07-31T00:00:00Z", "index": 6, "medium": "14 photoprints : 6 cyanotype, 2 unidentified process, 6 gelatin silver ; 44 x 102 cm. or smaller.", "reproduction_number": "", "links": {"item": "https://www.loc.gov/pictures/item/87707091/", "resource": "https://www.loc.gov/pictures/item/87707091/resource/"}, "title": "Arizona views and Hopi Indians", "image": {"alt": "digitized item thumbnail", "full": "https://tile.loc.gov/storage-services/service/pnp/det/4a30000/4a31000/4a31900/4a31982_150px.jpg", "square": "https://tile.loc.gov/storage-services/service/pnp/det/4a30000/4a31000/4a31900/4a31982_75x75px.jpg", "thumb": "https://tile.loc.gov/storage-services/service/pnp/det/4a30000/4a31000/4a31900/4a31982_150px.jpg"}, "created": "2016-04-21T05:31:07Z", "modified": "2021-04-20T11:01:41Z", "collection": ["coll", "pp"], "creator": "Jackson, William Henry, 1843-1942", "call_number": "LOT 12684 (H) and (OSF) [P&P]", "medium_brief": "14 photoprints :", "source_modified": "2014-08-19T09:42:46Z", "pk": "87707091", "created_published_date": "c1899-c1910.", "subjects": ["Hopi Indians.", "Indians of North America--Arts & crafts--Arizona--1890-1910.", "Indians of North America--Subsistence activities--Arizona--1890-1910.", "National parks & reserves--Arizona--1890-1910.", "Petrified forests--Arizona--1890-1910.", "Canyons--Arizona--1890-1910.", "Farming--Arizona--1890-1910.", "Basket making--Arizona--1890-1910.", "Arizona.", "Grand Canyon (Ariz.)", "Cyanotypes--1890-1910.", "Gelatin silver prints--1890-1910.", "Landscape photographs--1890-1910", "Mammoth plates--1890-1910.", "Panoramic photographs--1890-1910."]}]}