{"search": {"field": "subject", "hits": 35, "sort_order": null, "do_facets": true, "focus_item": null, "query": "Industrial arbitration", "type": "search", "sort_by": null}, "focus": null, "views": {"current": "list", "grid": "https://www.loc.gov/pictures/search/?q=Industrial+arbitration&fi=subject&va=exact&st=grid&op=PHRASE", "list": "https://www.loc.gov/pictures/search/?q=Industrial+arbitration&fi=subject&op=PHRASE&va=exact", "gallery": "https://www.loc.gov/pictures/search/?q=Industrial+arbitration&fi=subject&va=exact&st=gallery&op=PHRASE", "slideshow": "https://www.loc.gov/pictures/search/?q=Industrial+arbitration&fi=subject&va=exact&st=slideshow&op=PHRASE"}, "facets": [{"type": "displayed", "filters": [{"count": 12, "on": "https://www.loc.gov/pictures/search/?va=exact&sp=1&q=Industrial+arbitration&fa=displayed%3Aanywhere&fi=subject&op=PHRASE&fo=json", "selected": false, "off": "https://www.loc.gov/pictures/search/?va=exact&sp=1&q=Industrial+arbitration&fi=subject&fo=json&op=PHRASE", "title": "Larger image available anywhere"}, {"count": 20, "on": "https://www.loc.gov/pictures/search/?va=exact&sp=1&q=Industrial+arbitration&fa=displayed%3Alc_only&fi=subject&op=PHRASE&fo=json", "selected": false, "off": "https://www.loc.gov/pictures/search/?va=exact&sp=1&q=Industrial+arbitration&fi=subject&fo=json&op=PHRASE", "title": "Larger image available only at the Library of Congress"}, {"count": 3, "on": "https://www.loc.gov/pictures/search/?va=exact&sp=1&q=Industrial+arbitration&fa=displayed%3Anot_digitized&fi=subject&op=PHRASE&fo=json", "selected": false, "off": "https://www.loc.gov/pictures/search/?va=exact&sp=1&q=Industrial+arbitration&fi=subject&fo=json&op=PHRASE", "title": "Not Digitized"}, {"count": 0, "on": "https://www.loc.gov/pictures/search/?va=exact&sp=1&q=Industrial+arbitration&fa=displayed%3Asurveys_only&fi=subject&op=PHRASE&fo=json", "selected": false, "off": "https://www.loc.gov/pictures/search/?va=exact&sp=1&q=Industrial+arbitration&fi=subject&fo=json&op=PHRASE", "title": "Surveys only"}], "title": "displayed"}], "links": {"json": "//www.loc.gov/pictures/search/?fi=subject&q=Industrial+arbitration&op=PHRASE&va=exact&fo=json", "html": "//www.loc.gov/pictures/search/?fi=subject&q=Industrial+arbitration&op=PHRASE&va=exact", "rss": "//www.loc.gov/pictures/search/?fi=subject&q=Industrial+arbitration&op=PHRASE&va=exact&fo=rss"}, "suggestions": {"possible": []}, "pages": {"current": 1, "next": "https://www.loc.gov/pictures/search/?q=Industrial+arbitration&fi=subject&sp=2&op=PHRASE&va=exact", "perpage": 20, "last": "https://www.loc.gov/pictures/search/?q=Industrial+arbitration&fi=subject&sp=2&op=PHRASE&va=exact", "page_list": [{"url": null, "number": 1}, {"url": "https://www.loc.gov/pictures/search/?q=Industrial+arbitration&fi=subject&sp=2&op=PHRASE&va=exact", "number": 2}], "previous": null, "total": 2, "results": "1 - 20", "first": null}, "collection": null, "results": [{"source_created": "2000-02-15T00:00:00Z", "index": 1, "medium": "1 photographic print.", "reproduction_number": "LC-USZ62-125079 (b&w film copy neg.)", "links": {"item": "https://www.loc.gov/pictures/item/00649892/", "resource": "https://www.loc.gov/pictures/item/00649892/resource/"}, "title": "[Mexican President Lazaro Cardenas meeting with oil labor leaders in the Tamaulipas State, Mexico]", "image": {"alt": "digitized item thumbnail", "full": "https://tile.loc.gov/storage-services/service/pnp/cph/3c20000/3c25000/3c25000/3c25079_150px.jpg", "square": "https://tile.loc.gov/storage-services/service/pnp/cph/3c20000/3c25000/3c25000/3c25079_75x75px.jpg", "thumb": "https://tile.loc.gov/storage-services/service/pnp/cph/3c20000/3c25000/3c25000/3c25079_150px.jpg"}, "created": "2016-04-20T00:00:00Z", "modified": "2016-04-20T00:00:00Z", "collection": ["cph", "pp"], "creator": null, "call_number": "NYWTS - BIOG--Cardenas, Lozaro--Mexican Politics [item] [P&P]", "medium_brief": "1 photographic print.", "source_modified": "2006-04-13T00:00:00Z", "pk": "00649892", "created_published_date": "1938.", "subjects": ["C\u00e1rdenas, L\u00e1zaro,--1895-1970.", "Industrial arbitration--Mexico--Tamaulipas--1930-1940.", "Labor leaders--Mexico--Tamaulipas--1930-1940.", "Petroleum industry--Mexico--Tamaulipas--1930-1940.", "Group portraits--1930-1940.", "Photographic prints--1930-1940.", "Portrait photographs--1930-1940."]}, {"source_created": "2004-05-27T00:00:00Z", "index": 2, "medium": "1 drawing : ink brush ; 32.6 x 24.6 cm. (sheet)", "reproduction_number": "LC-DIG-ppmsca-05441 (digital file from original drawing)", "links": {"item": "https://www.loc.gov/pictures/item/2004672429/", "resource": "https://www.loc.gov/pictures/item/2004672429/resource/"}, "title": "[Father Coughlin, full-length from behind, with arms raised and holding a bible, facing a crowd of striking workers with two sheriffs(?) standing behind him]", "image": {"alt": "digitized item thumbnail", "full": "https://tile.loc.gov/storage-services/service/pnp/ppmsca/05400/05441_150px.jpg", "square": "https://tile.loc.gov/storage-services/service/pnp/ppmsca/05400/05441_75x75px.jpg", "thumb": "https://tile.loc.gov/storage-services/service/pnp/ppmsca/05400/05441_150px.jpg"}, "created": "2016-04-20T00:00:00Z", "modified": "2016-04-20T00:00:00Z", "collection": ["bbgfc", "minload", "pp"], "creator": "Wolfe, Phil, 1906-", "call_number": "Goldstein, no. 1480 (A size) [P&P]", "medium_brief": "1 drawing :", "source_modified": "2011-06-08T00:00:00Z", "pk": "2004672429", "created_published_date": "[193-]", "subjects": ["Coughlin, Charles E.--(Charles Edward),--1891-1979.", "Strikes--United States--1930-1940.", "Laborers--United States--1930-1940.", "Industrial arbitration--United States--1930-1940.", "Drawings--1930-1940.", "Periodical illustrations--1930-1940."]}, {"source_created": "2009-12-02T00:00:00Z", "index": 3, "medium": "1 drawing.", "reproduction_number": "LC-DIG-hlb-00482 (digital file from original drawing)", "links": {"item": "https://www.loc.gov/pictures/item/2010635971/", "resource": "https://www.loc.gov/pictures/item/2010635971/resource/"}, "title": "The face at the window", "image": {"alt": "digitized item thumbnail", "full": "https://tile.loc.gov/storage-services/service/pnp/hlb/00400/00482_150px.jpg", "square": "https://tile.loc.gov/storage-services/service/pnp/hlb/00400/00482_75x75px.jpg", "thumb": "https://tile.loc.gov/storage-services/service/pnp/hlb/00400/00482_150px.jpg"}, "created": "2016-04-20T00:00:00Z", "modified": "2016-04-20T00:00:00Z", "collection": ["hlb", "minload", "pp"], "creator": "Block, Herbert, 1909-2001", "call_number": "BLOCK, no. 482 (BB size) [P&P]", "medium_brief": "1 drawing.", "source_modified": "2012-08-06T00:00:00Z", "pk": "2010635971", "created_published_date": "[1940 Mar.]", "subjects": ["Industrial arbitration--United States.", "Public opinion--United States.", "Woodcutting.", "Drawings--American.", "Editorial cartoons--American."]}, {"source_created": "2009-12-02T00:00:00Z", "index": 4, "medium": "1 drawing.", "reproduction_number": "LC-DIG-hlb-00931 (digital file from original drawing)", "links": {"item": "https://www.loc.gov/pictures/item/2010636418/", "resource": "https://www.loc.gov/pictures/item/2010636418/resource/"}, "title": "Some important pieces of defense equipment", "image": {"alt": "digitized item thumbnail", "full": "https://tile.loc.gov/storage-services/service/pnp/hlb/00900/00931_150px.jpg", "square": "https://tile.loc.gov/storage-services/service/pnp/hlb/00900/00931_75x75px.jpg", "thumb": "https://tile.loc.gov/storage-services/service/pnp/hlb/00900/00931_150px.jpg"}, "created": "2016-04-20T00:00:00Z", "modified": "2016-04-20T00:00:00Z", "collection": ["hlb", "minload", "pp"], "creator": "Block, Herbert, 1909-2001", "call_number": "BLOCK, no. 931 (BB size) [P&P]", "medium_brief": "1 drawing.", "source_modified": "2013-01-02T00:00:00Z", "pk": "2010636418", "created_published_date": "[1941 Mar.]", "subjects": ["World War, 1939-1945--Economic & industrial aspects--United States.", "Defense industry--United States.", "Factories--United States.", "Industrial arbitration--United States.", "Drawings--American.", "Editorial cartoons--American."]}, {"source_created": "1991-08-20T00:00:00Z", "index": 5, "medium": "1 photographic print on stereo card : stereograph.", "reproduction_number": "LC-USZ62-95897 (b&w film copy neg.)\nLC-USZ62-37984 (b&w film copy neg. of half stereo)", "links": {"item": "https://www.loc.gov/pictures/item/91787258/", "resource": "https://www.loc.gov/pictures/item/91787258/resource/"}, "title": "Strike Arbitration Commission appointed by President Roosevelt", "image": {"alt": "digitized item thumbnail", "full": "https://tile.loc.gov/storage-services/service/pnp/cph/3a30000/3a38000/3a38300/3a38342r.jpg", "square": "https://tile.loc.gov/storage-services/service/pnp/cph/3a30000/3a38000/3a38300/3a38342_75x75px.jpg", "thumb": "https://tile.loc.gov/storage-services/service/pnp/cph/3a30000/3a38000/3a38300/3a38342_150px.jpg"}, "created": "2016-04-20T00:00:00Z", "modified": "2016-04-20T00:00:00Z", "collection": ["diof", "pp", "stereo"], "creator": "Keystone View Company.", "call_number": "LOT 7104 <item> [P&P]", "medium_brief": "1 photographic print on stereo card :", "source_modified": "2005-01-18T00:00:00Z", "pk": "91787258", "created_published_date": "c1903.", "subjects": ["Industrial arbitration--Pennsylvania--1900-1910.", "Coal mining--Pennsylvania--1900-1910.", "Group portraits--1900-1910.", "Photographic prints--1900-1910.", "Portrait photographs--1900-1910.", "Stereographs--1900-1910."]}, {"source_created": "1998-05-06T00:00:00Z", "index": 6, "medium": "1 print : lithograph, color.", "reproduction_number": "LC-USZC4-5956 (color film copy transparency)", "links": {"item": "https://www.loc.gov/pictures/item/98507329/", "resource": "https://www.loc.gov/pictures/item/98507329/resource/"}, "title": "Arbitration is the true balance of power. Puck: \"Don't meddle with the hands, gentlemen - this pendulum is the only thing to regulate that clock!\"", "image": {"alt": "digitized item thumbnail", "full": "https://tile.loc.gov/storage-services/service/pnp/cph/3g00000/3g05000/3g05900/3g05956r.jpg", "square": "https://tile.loc.gov/storage-services/service/pnp/cph/3g00000/3g05000/3g05900/3g05956_75x75px.jpg", "thumb": "https://tile.loc.gov/storage-services/service/pnp/cph/3g00000/3g05000/3g05900/3g05956_150px.jpg"}, "created": "2016-04-20T00:00:00Z", "modified": "2016-04-20T00:00:00Z", "collection": ["cph", "diof", "pp"], "creator": "Keppler, Joseph Ferdinand, 1838-1894", "call_number": "Illus. in AP101.P7 1886 Case X [P&P]", "medium_brief": "1 print :", "source_modified": "2010-06-29T00:00:00Z", "pk": "98507329", "created_published_date": "1886 March 17.", "subjects": ["Big business--1880-1890.", "Industrial arbitration--1880-1890.", "Labor unions--1880-1890.", "Cartoons (Commentary)--1880-1890.", "Lithographs--Color--1880-1890.", "Periodical illustrations--1880-1890."]}, {"source_created": "2009-12-02T00:00:00Z", "index": 7, "medium": "1 drawing.", "reproduction_number": "LC-DIG-hlb-00864 (digital file from original drawing)", "links": {"item": "https://www.loc.gov/pictures/item/2010636351/", "resource": "https://www.loc.gov/pictures/item/2010636351/resource/"}, "title": "Turnabout", "image": {"alt": "digitized item thumbnail", "full": "https://tile.loc.gov/storage-services/service/pnp/hlb/00800/00864_150px.jpg", "square": "https://tile.loc.gov/storage-services/service/pnp/hlb/00800/00864_75x75px.jpg", "thumb": "https://tile.loc.gov/storage-services/service/pnp/hlb/00800/00864_150px.jpg"}, "created": "2016-04-21T00:00:00Z", "modified": "2016-04-21T00:00:00Z", "collection": ["hlb", "minload", "pp"], "creator": "Block, Herbert, 1909-2001", "call_number": "BLOCK, no. 864 (BB size) [P&P]", "medium_brief": "1 drawing.", "source_modified": "2013-01-03T00:00:00Z", "pk": "2010636351", "created_published_date": "[1941 Sept.]", "subjects": ["John Q. Public (Symbolic character)", "Industrial arbitration--United States.", "Public opinion--United States.", "Railroad crossings.", "Railroads--United States.", "Drawings--American.", "Editorial cartoons--American."]}, {"source_created": "2009-12-02T00:00:00Z", "index": 8, "medium": "1 drawing.", "reproduction_number": "LC-DIG-hlb-00948 (digital file from original drawing)", "links": {"item": "https://www.loc.gov/pictures/item/2010636435/", "resource": "https://www.loc.gov/pictures/item/2010636435/resource/"}, "title": "\"Hey!\"", "image": {"alt": "digitized item thumbnail", "full": "https://tile.loc.gov/storage-services/service/pnp/hlb/00900/00948_150px.jpg", "square": "https://tile.loc.gov/storage-services/service/pnp/hlb/00900/00948_75x75px.jpg", "thumb": "https://tile.loc.gov/storage-services/service/pnp/hlb/00900/00948_150px.jpg"}, "created": "2016-04-21T00:00:00Z", "modified": "2016-04-21T00:00:00Z", "collection": ["hlb", "minload", "pp"], "creator": "Block, Herbert, 1909-2001", "call_number": "BLOCK, no. 948 (BB size) [P&P]", "medium_brief": "1 drawing.", "source_modified": "2012-12-21T00:00:00Z", "pk": "2010636435", "created_published_date": "[1941 June]", "subjects": ["World War, 1939-1945--Economic & industrial aspects--United States.", "Industrial arbitration--United States.", "Labor unions--United States.", "Strikes--United States.", "Drawings--American.", "Editorial cartoons--American."]}, {"source_created": "1990-09-11T00:00:00Z", "index": 9, "medium": "1 photographic print.", "reproduction_number": "LC-USZ62-100673 (b&w film copy neg.)", "links": {"item": "https://www.loc.gov/pictures/item/90713471/", "resource": "https://www.loc.gov/pictures/item/90713471/resource/"}, "title": "[Representatives of steel talks leaving White House after session. Left to right: Arthur J. Goldberg, general counsel, United Steel Workers; Philip Murray, president, USW; John Stephens, vice president, U.S. Steel; Ben Morrell, Jones & Laughlin; David J. McDonald, Secy. Treas., USW; and Charles White, President, Republic Steel]", "image": {"alt": "digitized item thumbnail", "full": "https://tile.loc.gov/storage-services/service/pnp/cph/3c00000/3c00000/3c00600/3c00673_150px.jpg", "square": "https://tile.loc.gov/storage-services/service/pnp/cph/3c00000/3c00000/3c00600/3c00673_75x75px.jpg", "thumb": "https://tile.loc.gov/storage-services/service/pnp/cph/3c00000/3c00000/3c00600/3c00673_150px.jpg"}, "created": "2016-04-21T00:00:00Z", "modified": "2016-04-21T00:00:00Z", "collection": ["cph", "pp"], "creator": null, "call_number": "BIOG FILE - Murray, Philip, 1886-1952--Groups--1 <item> [P&P]", "medium_brief": "1 photographic print.", "source_modified": "2003-09-11T00:00:00Z", "pk": "90713471", "created_published_date": "1952.", "subjects": ["Murray, Philip,--1886-1952.", "Industrial arbitration--Washington (D.C.)--1950-1960.", "Steel industry strikes--1950-1960.", "Group portraits--1950-1960.", "Photographic prints--1950-1960.", "Portrait photographs--1950-1960."]}, {"source_created": "1997-06-25T00:00:00Z", "index": 10, "medium": "1 drawing.", "reproduction_number": "", "links": {"item": "https://www.loc.gov/pictures/item/2016678086/", "resource": "https://www.loc.gov/pictures/item/2016678086/resource/"}, "title": "A difficult task : here, Woodrow, I want you to see if you can't untie this gordian knot!", "image": {"alt": "digitized item thumbnail", "full": "https://tile.loc.gov/storage-services/service/pnp/acd/2a05000/2a05400/2a05494_150px.jpg", "square": "https://tile.loc.gov/storage-services/service/pnp/acd/2a05000/2a05400/2a05494_75x75px.jpg", "thumb": "https://tile.loc.gov/storage-services/service/pnp/acd/2a05000/2a05400/2a05494_150px.jpg"}, "created": "2016-08-16T00:00:00Z", "modified": "2016-08-16T00:00:00Z", "collection": ["2rights", "acd", "acr", "minload", "pp"], "creator": "Barclay, McKee, 1870-1947", "call_number": "CD 1 - Barclay, no. 62 (A size)", "medium_brief": "1 drawing.", "source_modified": "2016-08-03T00:00:00Z", "pk": "2016678086", "created_published_date": "[1916?]", "subjects": ["Public, John Q.", "Wilson, Woodrow,--1856-1924.", "Railroad employees' unions (?)", "Industrial arbitration", "Cartoons (Commentary)--American.", "Drawings."]}, {"source_created": "1997-06-25T00:00:00Z", "index": 11, "medium": "1 drawing.", "reproduction_number": "", "links": {"item": "https://www.loc.gov/pictures/item/2016678170/", "resource": "https://www.loc.gov/pictures/item/2016678170/resource/"}, "title": "The peace dove", "image": {"alt": "digitized item thumbnail", "full": "https://tile.loc.gov/storage-services/service/pnp/acd/2a05000/2a05500/2a05583_150px.jpg", "square": "https://tile.loc.gov/storage-services/service/pnp/acd/2a05000/2a05500/2a05583_75x75px.jpg", "thumb": "https://tile.loc.gov/storage-services/service/pnp/acd/2a05000/2a05500/2a05583_150px.jpg"}, "created": "2016-08-16T00:00:00Z", "modified": "2016-08-16T00:00:00Z", "collection": ["2rights", "acd", "acr", "minload", "pp"], "creator": "Bartholomew, Charles Lewis, 1869-1949", "call_number": "CD 1 - Bartholomew, no. 50 (B size)", "medium_brief": "1 drawing.", "source_modified": "2016-08-03T00:00:00Z", "pk": "2016678170", "created_published_date": "1912 March.", "subjects": ["Carnegie, Andrew,--1835-1919.", "Taft, William H.--(William Howard),--1857-1930.", "Doves", "Industrial arbitration (?)", "Cartoons (Commentary)--American.", "Drawings."]}, {"source_created": "1997-06-25T00:00:00Z", "index": 12, "medium": "1 drawing.", "reproduction_number": "", "links": {"item": "https://www.loc.gov/pictures/item/2016678374/", "resource": "https://www.loc.gov/pictures/item/2016678374/resource/"}, "title": "I wanta go back to Rome!", "image": {"alt": "digitized item thumbnail", "full": "https://tile.loc.gov/storage-services/service/pnp/acd/2a05000/2a05700/2a05787_150px.jpg", "square": "https://tile.loc.gov/storage-services/service/pnp/acd/2a05000/2a05700/2a05787_75x75px.jpg", "thumb": "https://tile.loc.gov/storage-services/service/pnp/acd/2a05000/2a05700/2a05787_150px.jpg"}, "created": "2016-08-16T00:00:00Z", "modified": "2016-08-16T00:00:00Z", "collection": ["2rights", "acd", "acr", "minload", "pp"], "creator": "Berryman, Clifford Kennedy, 1869-1949", "call_number": "CD 1 - Berryman (C.K.), no. 81 (A size)", "medium_brief": "1 drawing.", "source_modified": "2016-08-03T00:00:00Z", "pk": "2016678374", "created_published_date": "1941 Oct. 30.", "subjects": ["Lewis, John Llewellyn,--1880-1969.", "Taylor, Myron Charles,--1874-1959.", "Miners' strikes--United States--1940-1950.", "Industrial arbitration--United States--1940-1950.", "Drawings.", "Editorial cartoons--American."]}, {"source_created": "1997-06-25T00:00:00Z", "index": 13, "medium": "1 drawing : ink.", "reproduction_number": "LC-USZ62-105107 (b&w film copy neg.)", "links": {"item": "https://www.loc.gov/pictures/item/2016678559/", "resource": "https://www.loc.gov/pictures/item/2016678559/resource/"}, "title": "I'm going back to Washington, John, but I want you to stay on the job", "image": {"alt": "digitized item thumbnail", "full": "https://tile.loc.gov/storage-services/service/pnp/acd/2a05000/2a05900/2a05968_150px.jpg", "square": "https://tile.loc.gov/storage-services/service/pnp/acd/2a05000/2a05900/2a05968_75x75px.jpg", "thumb": "https://tile.loc.gov/storage-services/service/pnp/acd/2a05000/2a05900/2a05968_150px.jpg"}, "created": "2016-08-16T00:00:00Z", "modified": "2016-08-16T00:00:00Z", "collection": ["2rights", "acd", "acr", "minload", "pp"], "creator": "Berryman, Clifford Kennedy, 1869-1949", "call_number": "CD 1 - Berryman (C.K.), no. 264 (A size)", "medium_brief": "1 drawing :", "source_modified": "2016-08-04T00:00:00Z", "pk": "2016678559", "created_published_date": "1943 Oct. 14.", "subjects": ["Ickes, Harold L.--(Harold LeClair),--1874-1952.", "Lewis, John Llewellyn,--1880-1969.", "World War, 1939-1945--Economic & industrial aspects--United States.", "Coal mining--United States--1940-1950.", "Industrial arbitration--United States--1940-1950.", "Editorial cartoons--American--1940-1950.", "Ink drawings--American--1940-1950."]}, {"source_created": "1997-06-25T00:00:00Z", "index": 14, "medium": "1 drawing.", "reproduction_number": "", "links": {"item": "https://www.loc.gov/pictures/item/2016679386/", "resource": "https://www.loc.gov/pictures/item/2016679386/resource/"}, "title": "No, Henry, he's got the right idea -- though it may take a little longer", "image": {"alt": "digitized item thumbnail", "full": "https://tile.loc.gov/storage-services/service/pnp/acd/2a06000/2a06700/2a06779_150px.jpg", "square": "https://tile.loc.gov/storage-services/service/pnp/acd/2a06000/2a06700/2a06779_75x75px.jpg", "thumb": "https://tile.loc.gov/storage-services/service/pnp/acd/2a06000/2a06700/2a06779_150px.jpg"}, "created": "2016-08-16T00:00:00Z", "modified": "2016-08-16T00:00:00Z", "collection": ["2rights", "acd", "acr", "minload", "pp"], "creator": "Berryman, Clifford Kennedy, 1869-1949", "call_number": "CD 1 - Berryman (C.K.), no. 1102 (B size)", "medium_brief": "1 drawing.", "source_modified": "2016-08-04T00:00:00Z", "pk": "2016679386", "created_published_date": "1941 Jan.", "subjects": ["Roosevelt, Franklin D.--(Franklin Delano),--1882-1945.", "Doves", "Chasing", "Industrial arbitration", "Uncle Sam", "Stimson, Henry", "Shooting", "Cartoons (Commentary)--American.", "Drawings."]}, {"source_created": "1997-06-25T00:00:00Z", "index": 15, "medium": "1 drawing.", "reproduction_number": "", "links": {"item": "https://www.loc.gov/pictures/item/2016684340/", "resource": "https://www.loc.gov/pictures/item/2016684340/resource/"}, "title": "\"Now you boys can play with it!\"", "image": {"alt": "digitized item thumbnail", "full": "https://tile.loc.gov/storage-services/service/pnp/acd/2a11000/2a11200/2a11257_150px.jpg", "square": "https://tile.loc.gov/storage-services/service/pnp/acd/2a11000/2a11200/2a11257_75x75px.jpg", "thumb": "https://tile.loc.gov/storage-services/service/pnp/acd/2a11000/2a11200/2a11257_150px.jpg"}, "created": "2016-08-16T00:00:00Z", "modified": "2016-08-16T00:00:00Z", "collection": ["2rights", "acd", "acr", "minload", "pp"], "creator": "Werner, Charles George, 1909-1997", "call_number": "CD 1 - Werner, no. 19 (A size)", "medium_brief": "1 drawing.", "source_modified": "2016-08-05T00:00:00Z", "pk": "2016684340", "created_published_date": "1952 May 23.", "subjects": ["Industrial arbitration--United States--1950-1960.", "Railroad companies--United States--1950-1960.", "Railroad employees' unions--United States--1950-1960.", "Model railroads--1950-1960.", "Uncle Sam (Symbolic character)--1950-1960.", "Children playing--1950-1960.", "Drawings.", "Editorial cartoons--American."]}, {"source_created": "1997-05-23T00:00:00Z", "index": 16, "medium": "1 drawing on paper : pencil, ink, ink wash, and opaque white.", "reproduction_number": "", "links": {"item": "https://www.loc.gov/pictures/item/2016685377/", "resource": null}, "title": "Capital and labor and the umpire", "image": {"alt": "item not digitized thumbnail", "full": "https://www.loc.gov/pictures/static/images/item/500x500_notdigitized.png", "square": "https://www.loc.gov/pictures/static/images/item/not_digitized_buttons75X75.png", "thumb": "https://www.loc.gov/pictures/static/images/item/notdigitized_buttons140X120.png"}, "created": "2016-08-16T00:00:00Z", "modified": "2016-08-16T00:00:00Z", "collection": ["acd", "minload", "pp"], "creator": "Cesare, Oscar Edward, 1885-1948", "call_number": "CD 1 - Cesare, no. 65 (B size)", "medium_brief": "1 drawing on paper :", "source_modified": "2016-08-05T00:00:00Z", "pk": "2016685377", "created_published_date": "1937 Apr. 11 [publication date]", "subjects": ["Uncle Sam (Symbolic character)--1930-1940.", "Industrial arbitration--1930-1940.", "Fighting--1930-1940.", "Laborers--1930-1940.", "Capitalists & financiers--1930-1940.", "Drawings--1930-1940.", "Periodical illustrations--1930-1940."]}, {"source_created": "1999-10-15T00:00:00Z", "index": 17, "medium": "1 drawing on layered paper board : crayon, ink, blue pencil, and white out over pencil.", "reproduction_number": "", "links": {"item": "https://www.loc.gov/pictures/item/2016686392/", "resource": null}, "title": "[Kennedy and Goldberg]", "image": {"alt": "item not digitized thumbnail", "full": "https://www.loc.gov/pictures/static/images/item/500x500_notdigitized.png", "square": "https://www.loc.gov/pictures/static/images/item/not_digitized_buttons75X75.png", "thumb": "https://www.loc.gov/pictures/static/images/item/notdigitized_buttons140X120.png"}, "created": "2016-08-16T00:00:00Z", "modified": "2016-08-16T00:00:00Z", "collection": ["acd", "minload", "pp"], "creator": "Mauldin, Bill, 1921-2003", "call_number": "CD 1 - Mauldin, no. 831 (A size)", "medium_brief": "1 drawing on layered paper board :", "source_modified": "2016-08-05T00:00:00Z", "pk": "2016686392", "created_published_date": "1962 Mar. 7 [publication date]", "subjects": ["Kennedy, John F.--(John Fitzgerald),--1917-1963.", "Goldberg, Arthur J.", "Fighting--1960-1970.", "Industrial arbitration--1960-1970.", "Steel industry--1960-1970.", "Drawings--1960-1970.", "Editorial cartoons--1960-1970."]}, {"source_created": "1999-10-15T00:00:00Z", "index": 18, "medium": "1 drawing on layered paper board : crayon, ink, blue pencil, and white out over pencil.", "reproduction_number": "", "links": {"item": "https://www.loc.gov/pictures/item/2016686656/", "resource": null}, "title": "[Railroad management]", "image": {"alt": "item not digitized thumbnail", "full": "https://www.loc.gov/pictures/static/images/item/500x500_notdigitized.png", "square": "https://www.loc.gov/pictures/static/images/item/not_digitized_buttons75X75.png", "thumb": "https://www.loc.gov/pictures/static/images/item/notdigitized_buttons140X120.png"}, "created": "2016-08-16T00:00:00Z", "modified": "2016-08-16T00:00:00Z", "collection": ["acd", "minload", "pp"], "creator": "Mauldin, Bill, 1921-2003", "call_number": "CD 1 - Mauldin, no. 1095 (A size)", "medium_brief": "1 drawing on layered paper board :", "source_modified": "2016-08-05T00:00:00Z", "pk": "2016686656", "created_published_date": "1964 Apr. 24 [publication date]", "subjects": ["Railroad employees' unions--1960-1970.", "Railroad companies--1960-1970.", "Shaking hands--1960-1970.", "Industrial arbitration--1960-1970.", "Television broadcasting--1960-1970.", "Photographers--1960-1970.", "Drawings--1960-1970.", "Editorial cartoons--1960-1970."]}, {"source_created": "1997-06-25T00:00:00Z", "index": 19, "medium": "1 drawing.", "reproduction_number": "LC-USZ62-42469 (b&w film copy neg.)", "links": {"item": "https://www.loc.gov/pictures/item/2016681347/", "resource": "https://www.loc.gov/pictures/item/2016681347/resource/"}, "title": "Time to drop it", "image": {"alt": "digitized item thumbnail", "full": "https://tile.loc.gov/storage-services/service/pnp/cph/3a40000/3a42000/3a42700/3a42788_150px.jpg", "square": "https://tile.loc.gov/storage-services/service/pnp/cph/3a40000/3a42000/3a42700/3a42788_75x75px.jpg", "thumb": "https://tile.loc.gov/storage-services/service/pnp/cph/3a40000/3a42000/3a42700/3a42788_150px.jpg"}, "created": "2016-10-04T00:00:00Z", "modified": "2016-10-04T00:00:00Z", "collection": ["2rights", "acd", "acr", "minload", "pp"], "creator": "De Mar, John L., 1865-1926", "call_number": "CD 1 - De Mar, no. 1 (B size)", "medium_brief": "1 drawing.", "source_modified": "2016-09-28T00:00:00Z", "pk": "2016681347", "created_published_date": "[between 1913 and 1921]", "subjects": ["Industrial arbitration", "Fighting", "Cartoons (Commentary)--American.", "Drawings."]}, {"source_created": "2017-04-13T00:00:00Z", "index": 20, "medium": "1 print ; (poster format)", "reproduction_number": "", "links": {"item": "https://www.loc.gov/pictures/item/2017649930/", "resource": "https://www.loc.gov/pictures/item/2017649930/resource/"}, "title": "Don't choke & rob workers of the right to strike : So-called voluntary arbitration, a trap for the worker : Oppose arbitration tribunal!", "image": {"alt": "digitized item thumbnail", "full": "https://tile.loc.gov/storage-services/service/pnp/yan/1a36000/1a36800/1a36893_150px.jpg", "square": "https://tile.loc.gov/storage-services/service/pnp/yan/1a36000/1a36800/1a36893_75x75px.jpg", "thumb": "https://tile.loc.gov/storage-services/service/pnp/yan/1a36000/1a36800/1a36893_150px.jpg"}, "created": "2017-06-06T00:00:00Z", "modified": "2017-06-06T00:00:00Z", "collection": ["pp", "yan"], "creator": "People's Progressive Party (Guyana)", "call_number": "POS 6 - Guyana, no. 1 (C size) [P&P]", "medium_brief": "1 print ;", "source_modified": "2017-05-15T00:00:00Z", "pk": "2017649930", "created_published_date": "[between 1965 and 1980]", "subjects": ["Men--1960-1980.", "Fighting--1960-1980.", "Industrial arbitration--1960-1980.", "Protest movements--1960-1980.", "Guyana.", "Posters--Guyanese--1960-1980.", "Prints--1960-1980."]}]}