{"search": {"field": "subject", "hits": 324, "sort_order": null, "do_facets": true, "focus_item": null, "query": "Cactus", "type": "search", "sort_by": null}, "focus": null, "views": {"current": "list", "grid": "https://www.loc.gov/pictures/search/?q=Cactus&fi=subject&va=exact&st=grid&op=PHRASE", "list": "https://www.loc.gov/pictures/search/?q=Cactus&fi=subject&op=PHRASE&va=exact", "gallery": "https://www.loc.gov/pictures/search/?q=Cactus&fi=subject&va=exact&st=gallery&op=PHRASE", "slideshow": "https://www.loc.gov/pictures/search/?q=Cactus&fi=subject&va=exact&st=slideshow&op=PHRASE"}, "facets": [{"type": "displayed", "filters": [{"count": 302, "on": "https://www.loc.gov/pictures/search/?va=exact&sp=1&q=Cactus&fa=displayed%3Aanywhere&fi=subject&op=PHRASE&fo=json", "selected": false, "off": "https://www.loc.gov/pictures/search/?va=exact&sp=1&q=Cactus&fi=subject&fo=json&op=PHRASE", "title": "Larger image available anywhere"}, {"count": 18, "on": "https://www.loc.gov/pictures/search/?va=exact&sp=1&q=Cactus&fa=displayed%3Alc_only&fi=subject&op=PHRASE&fo=json", "selected": false, "off": "https://www.loc.gov/pictures/search/?va=exact&sp=1&q=Cactus&fi=subject&fo=json&op=PHRASE", "title": "Larger image available only at the Library of Congress"}, {"count": 4, "on": "https://www.loc.gov/pictures/search/?va=exact&sp=1&q=Cactus&fa=displayed%3Anot_digitized&fi=subject&op=PHRASE&fo=json", "selected": false, "off": "https://www.loc.gov/pictures/search/?va=exact&sp=1&q=Cactus&fi=subject&fo=json&op=PHRASE", "title": "Not Digitized"}], "title": "displayed"}], "links": {"json": "//www.loc.gov/pictures/search/?fi=subject&q=Cactus&op=PHRASE&va=exact&fo=json", "html": "//www.loc.gov/pictures/search/?fi=subject&q=Cactus&op=PHRASE&va=exact", "rss": "//www.loc.gov/pictures/search/?fi=subject&q=Cactus&op=PHRASE&va=exact&fo=rss"}, "suggestions": {"possible": []}, "pages": {"current": 1, "next": "https://www.loc.gov/pictures/search/?q=Cactus&fi=subject&sp=2&op=PHRASE&va=exact", "perpage": 20, "last": "https://www.loc.gov/pictures/search/?q=Cactus&fi=subject&sp=16&op=PHRASE&va=exact", "page_list": [{"url": null, "number": 1}, {"url": "https://www.loc.gov/pictures/search/?q=Cactus&fi=subject&sp=2&op=PHRASE&va=exact", "number": 2}, {"url": "https://www.loc.gov/pictures/search/?q=Cactus&fi=subject&sp=3&op=PHRASE&va=exact", "number": 3}, {"url": "https://www.loc.gov/pictures/search/?q=Cactus&fi=subject&sp=4&op=PHRASE&va=exact", "number": 4}, {"url": "https://www.loc.gov/pictures/search/?q=Cactus&fi=subject&sp=5&op=PHRASE&va=exact", "number": 5}, {"url": "https://www.loc.gov/pictures/search/?q=Cactus&fi=subject&sp=6&op=PHRASE&va=exact", "number": "..."}, {"url": "https://www.loc.gov/pictures/search/?q=Cactus&fi=subject&sp=16&op=PHRASE&va=exact", "number": 16}], "previous": null, "total": 16, "results": "1 - 20", "first": null}, "collection": null, "results": [{"source_created": "2018-01-31T00:00:00Z", "index": 1, "medium": "1 photograph : digital, tiff file, color.", "reproduction_number": "LC-DIG-highsm-49674 (original digital file)", "links": {"item": "https://www.loc.gov/pictures/item/2018663393/", "resource": "https://www.loc.gov/pictures/item/2018663393/resource/"}, "title": "Saguaro cactus scene at the Organ Pipe Cactus National Monument, a 517-square-mile reserve that shares a border between Arizona's Yuma County and the Mexican state of Sonora", "image": {"alt": "digitized item thumbnail", "full": "https://tile.loc.gov/storage-services/service/pnp/highsm/49600/49674r.jpg", "square": "https://tile.loc.gov/storage-services/service/pnp/highsm/49600/49674_75x75px.jpg", "thumb": "https://tile.loc.gov/storage-services/service/pnp/highsm/49600/49674_150px.jpg"}, "created": "2018-10-30T00:00:00Z", "modified": "2018-10-30T00:00:00Z", "collection": ["diof", "highsm", "pp"], "creator": "Highsmith, Carol M., 1946-", "call_number": "LC-DIG-highsm- 49674 (ONLINE) [P&P]", "medium_brief": "1 photograph :", "source_modified": "2018-10-26T00:00:00Z", "pk": "2018663393", "created_published_date": "2018-03-23.", "subjects": ["United States--Arizona--Yuma County.", "America", "Organ Pipe Cactus National Monument", "Organ pipe cactus", "Saguaro cactus", "Cactus", "Digital photographs--Color--2010-2020."]}, {"source_created": "2018-01-31T00:00:00Z", "index": 2, "medium": "1 photograph : digital, tiff file, color.", "reproduction_number": "LC-DIG-highsm-49636 (original digital file)", "links": {"item": "https://www.loc.gov/pictures/item/2018663354/", "resource": "https://www.loc.gov/pictures/item/2018663354/resource/"}, "title": "Sunset view at the Organ Pipe Cactus National Monument, a 517-square-mile reserve that shares a border between Arizona's Yuma County and the Mexican state of Sonora", "image": {"alt": "digitized item thumbnail", "full": "https://tile.loc.gov/storage-services/service/pnp/highsm/49600/49636r.jpg", "square": "https://tile.loc.gov/storage-services/service/pnp/highsm/49600/49636_75x75px.jpg", "thumb": "https://tile.loc.gov/storage-services/service/pnp/highsm/49600/49636_150px.jpg"}, "created": "2018-10-30T00:00:00Z", "modified": "2018-10-30T00:00:00Z", "collection": ["diof", "highsm", "pp"], "creator": "Highsmith, Carol M., 1946-", "call_number": "LC-DIG-highsm- 49636 (ONLINE) [P&P]", "medium_brief": "1 photograph :", "source_modified": "2018-10-26T00:00:00Z", "pk": "2018663354", "created_published_date": "2018-03-23.", "subjects": ["United States--Arizona--Yuma County.", "America", "Organ Pipe Cactus National Monument", "Organ pipe cactus", "Saguaro cactus", "Digital photographs--Color--2010-2020."]}, {"source_created": "2018-01-31T00:00:00Z", "index": 3, "medium": "1 photograph : digital, tiff file, color.", "reproduction_number": "LC-DIG-highsm-49639 (original digital file)", "links": {"item": "https://www.loc.gov/pictures/item/2018663357/", "resource": "https://www.loc.gov/pictures/item/2018663357/resource/"}, "title": "Scene at the Organ Pipe Cactus National Monument, a 517-square-mile reserve that shares a border between Arizona's Yuma County and the Mexican state of Sonora", "image": {"alt": "digitized item thumbnail", "full": "https://tile.loc.gov/storage-services/service/pnp/highsm/49600/49639r.jpg", "square": "https://tile.loc.gov/storage-services/service/pnp/highsm/49600/49639_75x75px.jpg", "thumb": "https://tile.loc.gov/storage-services/service/pnp/highsm/49600/49639_150px.jpg"}, "created": "2018-10-30T00:00:00Z", "modified": "2018-10-30T00:00:00Z", "collection": ["diof", "highsm", "pp"], "creator": "Highsmith, Carol M., 1946-", "call_number": "LC-DIG-highsm- 49639 (ONLINE) [P&P]", "medium_brief": "1 photograph :", "source_modified": "2018-10-26T00:00:00Z", "pk": "2018663357", "created_published_date": "2018-03-23.", "subjects": ["United States--Arizona--Yuma County.", "America", "Organ Pipe Cactus National Monument", "Organ pipe cactus", "Cactus", "Digital photographs--Color--2010-2020."]}, {"source_created": "2018-01-31T00:00:00Z", "index": 4, "medium": "1 photograph : digital, tiff file, color.", "reproduction_number": "LC-DIG-highsm-49651 (original digital file)", "links": {"item": "https://www.loc.gov/pictures/item/2018663369/", "resource": "https://www.loc.gov/pictures/item/2018663369/resource/"}, "title": "Saguaro cactus scene at the Organ Pipe Cactus National Monument, a 517-square-mile reserve that shares a border between Arizona's Yuma County and the Mexican state of Sonora", "image": {"alt": "digitized item thumbnail", "full": "https://tile.loc.gov/storage-services/service/pnp/highsm/49600/49651r.jpg", "square": "https://tile.loc.gov/storage-services/service/pnp/highsm/49600/49651_75x75px.jpg", "thumb": "https://tile.loc.gov/storage-services/service/pnp/highsm/49600/49651_150px.jpg"}, "created": "2018-10-30T00:00:00Z", "modified": "2018-10-30T00:00:00Z", "collection": ["diof", "highsm", "pp"], "creator": "Highsmith, Carol M., 1946-", "call_number": "LC-DIG-highsm- 49651 (ONLINE) [P&P]", "medium_brief": "1 photograph :", "source_modified": "2018-10-26T00:00:00Z", "pk": "2018663369", "created_published_date": "2018-03-23.", "subjects": ["United States--Arizona--Yuma County.", "America", "Organ Pipe Cactus National Monument", "Organ pipe cactus", "Saguaro cactus", "Digital photographs--Color--2010-2020."]}, {"source_created": "2018-01-31T00:00:00Z", "index": 5, "medium": "1 photograph : digital, tiff file, color.", "reproduction_number": "LC-DIG-highsm-49660 (original digital file)", "links": {"item": "https://www.loc.gov/pictures/item/2018663379/", "resource": "https://www.loc.gov/pictures/item/2018663379/resource/"}, "title": "Saguaro cactus scene at the Organ Pipe Cactus National Monument, a 517-square-mile reserve that shares a border between Arizona's Yuma County and the Mexican state of Sonora", "image": {"alt": "digitized item thumbnail", "full": "https://tile.loc.gov/storage-services/service/pnp/highsm/49600/49660r.jpg", "square": "https://tile.loc.gov/storage-services/service/pnp/highsm/49600/49660_75x75px.jpg", "thumb": "https://tile.loc.gov/storage-services/service/pnp/highsm/49600/49660_150px.jpg"}, "created": "2018-10-30T00:00:00Z", "modified": "2018-10-30T00:00:00Z", "collection": ["diof", "highsm", "pp"], "creator": "Highsmith, Carol M., 1946-", "call_number": "LC-DIG-highsm- 49660 (ONLINE) [P&P]", "medium_brief": "1 photograph :", "source_modified": "2018-10-26T00:00:00Z", "pk": "2018663379", "created_published_date": "2018-03-23.", "subjects": ["United States--Arizona--Yuma County.", "America", "Organ Pipe Cactus National Monument", "Organ pipe cactus", "Saguaro cactus", "Digital photographs--Color--2010-2020."]}, {"source_created": "2018-01-31T00:00:00Z", "index": 6, "medium": "1 photograph : digital, tiff file, color.", "reproduction_number": "LC-DIG-highsm-49664 (original digital file)", "links": {"item": "https://www.loc.gov/pictures/item/2018663383/", "resource": "https://www.loc.gov/pictures/item/2018663383/resource/"}, "title": "Clumps of spear-like cacti that give the park its name are scattered throughout -- occasionally in greater concentration -- within Organ Pipe Cactus National Monument, a 517-square-mile reserve that shares a border between Arizona's Yuma County and the Mexican state of Sonora. The park is the only place in the United States where the organ pipe cactus grows wild. Along with organ pipe, many other types of cacti and other desert flora native to the Yuma Desert grow in the park", "image": {"alt": "digitized item thumbnail", "full": "https://tile.loc.gov/storage-services/service/pnp/highsm/49600/49664r.jpg", "square": "https://tile.loc.gov/storage-services/service/pnp/highsm/49600/49664_75x75px.jpg", "thumb": "https://tile.loc.gov/storage-services/service/pnp/highsm/49600/49664_150px.jpg"}, "created": "2018-10-30T00:00:00Z", "modified": "2018-10-30T00:00:00Z", "collection": ["diof", "highsm", "pp"], "creator": "Highsmith, Carol M., 1946-", "call_number": "LC-DIG-highsm- 49664 (ONLINE) [P&P]", "medium_brief": "1 photograph :", "source_modified": "2018-10-26T00:00:00Z", "pk": "2018663383", "created_published_date": "2018-03-23.", "subjects": ["United States--Arizona--Yuma County.", "America", "Organ Pipe Cactus National Monument", "Organ pipe cactus", "Saguaro cactus", "Digital photographs--Color--2010-2020."]}, {"source_created": "2018-01-31T00:00:00Z", "index": 7, "medium": "1 photograph : digital, tiff file, color.", "reproduction_number": "LC-DIG-highsm-49679 (original digital file)", "links": {"item": "https://www.loc.gov/pictures/item/2018663398/", "resource": "https://www.loc.gov/pictures/item/2018663398/resource/"}, "title": "Scene at the Organ Pipe Cactus National Monument, a 517-square-mile reserve that shares a border between Arizona's Yuma County and the Mexican state of Sonora. Shown here are primarily saguaros", "image": {"alt": "digitized item thumbnail", "full": "https://tile.loc.gov/storage-services/service/pnp/highsm/49600/49679r.jpg", "square": "https://tile.loc.gov/storage-services/service/pnp/highsm/49600/49679_75x75px.jpg", "thumb": "https://tile.loc.gov/storage-services/service/pnp/highsm/49600/49679_150px.jpg"}, "created": "2018-10-30T00:00:00Z", "modified": "2018-10-30T00:00:00Z", "collection": ["diof", "highsm", "pp"], "creator": "Highsmith, Carol M., 1946-", "call_number": "LC-DIG-highsm- 49679 (ONLINE) [P&P]", "medium_brief": "1 photograph :", "source_modified": "2018-10-26T00:00:00Z", "pk": "2018663398", "created_published_date": "2018-03-23.", "subjects": ["United States--Arizona--Yuma County.", "America", "Organ Pipe Cactus National Monument", "Organ pipe cactus", "Saguaro cactus", "Digital photographs--Color--2010-2020."]}, {"source_created": "2014-10-22T00:00:00Z", "index": 8, "medium": "1 photograph : digital, tiff file, color.", "reproduction_number": "LC-DIG-highsm-26298 (original digital file)", "links": {"item": "https://www.loc.gov/pictures/item/2014630498/", "resource": "https://www.loc.gov/pictures/item/2014630498/resource/"}, "title": "Blooming cactus along the road between Brownsville and Port Isabel, Texas", "image": {"alt": "digitized item thumbnail", "full": "https://tile.loc.gov/storage-services/service/pnp/highsm/26200/26298r.jpg", "square": "https://tile.loc.gov/storage-services/service/pnp/highsm/26200/26298_75x75px.jpg", "thumb": "https://tile.loc.gov/storage-services/service/pnp/highsm/26200/26298_150px.jpg"}, "created": "2018-03-06T00:00:00Z", "modified": "2018-03-06T00:00:00Z", "collection": ["diof", "highsm", "minload", "pp"], "creator": "Highsmith, Carol M., 1946-", "call_number": "LC-DIG-highsm- 26298 (ONLINE) [P&P]", "medium_brief": "1 photograph :", "source_modified": "2018-02-28T00:00:00Z", "pk": "2014630498", "created_published_date": "2014-03-14.", "subjects": ["United States--Texas--Cameron County.", "Blooming cactus", "Cactus", "America", "Digital photographs--Color--2010-2020."]}, {"source_created": "2018-01-31T00:00:00Z", "index": 9, "medium": "1 photograph : digital, tiff file, color.", "reproduction_number": "LC-DIG-highsm-49500 (original digital file)", "links": {"item": "https://www.loc.gov/pictures/item/2018663218/", "resource": "https://www.loc.gov/pictures/item/2018663218/resource/"}, "title": "A single saguaro cactus is silhouetted against the sky at sunset at the Organ Pipe Cactus National Monument, a 517-square-mile reserve that shares a border between Arizona's Yuma County and the Mexican state of Sonora. The park is the only place in the United States where a rarer species -- the organ pipe cactus -- grows wild. Even more types of cacti and other desert flora native to the Yuma Desert grow in the park.", "image": {"alt": "digitized item thumbnail", "full": "https://tile.loc.gov/storage-services/service/pnp/highsm/49500/49500r.jpg", "square": "https://tile.loc.gov/storage-services/service/pnp/highsm/49500/49500_75x75px.jpg", "thumb": "https://tile.loc.gov/storage-services/service/pnp/highsm/49500/49500_150px.jpg"}, "created": "2018-10-30T00:00:00Z", "modified": "2018-10-30T00:00:00Z", "collection": ["diof", "highsm", "pp"], "creator": "Highsmith, Carol M., 1946-", "call_number": "LC-DIG-highsm- 49500 (ONLINE) [P&P]", "medium_brief": "1 photograph :", "source_modified": "2018-10-25T00:00:00Z", "pk": "2018663218", "created_published_date": "2018-03-16.", "subjects": ["United States--Arizona--Yuma County.", "America", "Organ Pipe Cactus National Monument", "Organ Pipe cacti", "Saguaro cactus", "Digital photographs--Color--2010-2020."]}, {"source_created": "2018-01-31T00:00:00Z", "index": 10, "medium": "1 photograph : digital, tiff file, color.", "reproduction_number": "LC-DIG-highsm-49658 (original digital file)", "links": {"item": "https://www.loc.gov/pictures/item/2018663376/", "resource": "https://www.loc.gov/pictures/item/2018663376/resource/"}, "title": "Scene at the Organ Pipe Cactus National Monument, a 517-square-mile reserve that shares a border between Arizona's Yuma County and the Mexican state of Sonora", "image": {"alt": "digitized item thumbnail", "full": "https://tile.loc.gov/storage-services/service/pnp/highsm/49600/49658r.jpg", "square": "https://tile.loc.gov/storage-services/service/pnp/highsm/49600/49658_75x75px.jpg", "thumb": "https://tile.loc.gov/storage-services/service/pnp/highsm/49600/49658_150px.jpg"}, "created": "2018-10-30T00:00:00Z", "modified": "2018-10-30T00:00:00Z", "collection": ["diof", "highsm", "pp"], "creator": "Highsmith, Carol M., 1946-", "call_number": "LC-DIG-highsm- 49658 (ONLINE) [P&P]", "medium_brief": "1 photograph :", "source_modified": "2018-10-26T00:00:00Z", "pk": "2018663376", "created_published_date": "2018-03-23.", "subjects": ["United States--Arizona--Yuma County.", "America", "Organ Pipe Cactus National Monument", "Organ pipe cactus", "Digital photographs--Color--2010-2020."]}, {"source_created": "2018-01-31T00:00:00Z", "index": 11, "medium": "1 photograph : digital, tiff file, color.", "reproduction_number": "LC-DIG-highsm-49662 (original digital file)", "links": {"item": "https://www.loc.gov/pictures/item/2018663381/", "resource": "https://www.loc.gov/pictures/item/2018663381/resource/"}, "title": "Scene at the Organ Pipe Cactus National Monument, a 517-square-mile reserve that shares a border between Arizona's Yuma County and the Mexican state of Sonora", "image": {"alt": "digitized item thumbnail", "full": "https://tile.loc.gov/storage-services/service/pnp/highsm/49600/49662r.jpg", "square": "https://tile.loc.gov/storage-services/service/pnp/highsm/49600/49662_75x75px.jpg", "thumb": "https://tile.loc.gov/storage-services/service/pnp/highsm/49600/49662_150px.jpg"}, "created": "2018-10-30T00:00:00Z", "modified": "2018-10-30T00:00:00Z", "collection": ["diof", "highsm", "pp"], "creator": "Highsmith, Carol M., 1946-", "call_number": "LC-DIG-highsm- 49662 (ONLINE) [P&P]", "medium_brief": "1 photograph :", "source_modified": "2018-10-26T00:00:00Z", "pk": "2018663381", "created_published_date": "2018-03-23.", "subjects": ["United States--Arizona--Yuma County.", "America", "Organ Pipe Cactus National Monument", "Organ pipe cactus", "Digital photographs--Color--2010-2020."]}, {"source_created": "2018-01-31T00:00:00Z", "index": 12, "medium": "1 photograph : digital, tiff file, color.", "reproduction_number": "LC-DIG-highsm-49667 (original digital file)", "links": {"item": "https://www.loc.gov/pictures/item/2018663386/", "resource": "https://www.loc.gov/pictures/item/2018663386/resource/"}, "title": "Scene at the Organ Pipe Cactus National Monument, a 517-square-mile reserve that shares a border between Arizona's Yuma County and the Mexican state of Sonora. The park is the only place in the United States where the organ pipe cactus grows wild. Along with organ pipe, many other types of cacti and other desert flora native to the Yuma Desert grow in the park. The cactus on the right is an organ pipe variety, with its upward-spreading, asparagus-looking stems", "image": {"alt": "digitized item thumbnail", "full": "https://tile.loc.gov/storage-services/service/pnp/highsm/49600/49667r.jpg", "square": "https://tile.loc.gov/storage-services/service/pnp/highsm/49600/49667_75x75px.jpg", "thumb": "https://tile.loc.gov/storage-services/service/pnp/highsm/49600/49667_150px.jpg"}, "created": "2018-10-30T00:00:00Z", "modified": "2018-10-30T00:00:00Z", "collection": ["diof", "highsm", "pp"], "creator": "Highsmith, Carol M., 1946-", "call_number": "LC-DIG-highsm- 49667 (ONLINE) [P&P]", "medium_brief": "1 photograph :", "source_modified": "2018-10-26T00:00:00Z", "pk": "2018663386", "created_published_date": "2018-03-23.", "subjects": ["United States--Arizona--Yuma County.", "America", "Organ Pipe Cactus National Monument", "Organ pipe cactus", "Digital photographs--Color--2010-2020."]}, {"source_created": "2018-01-31T00:00:00Z", "index": 13, "medium": "1 photograph : digital, tiff file, color.", "reproduction_number": "LC-DIG-highsm-49668 (original digital file)", "links": {"item": "https://www.loc.gov/pictures/item/2018663387/", "resource": "https://www.loc.gov/pictures/item/2018663387/resource/"}, "title": "Scene at the Organ Pipe Cactus National Monument, a 517-square-mile reserve that shares a border between Arizona's Yuma County and the Mexican state of Sonora. The park is the only place in the United States where the organ pipe cactus grows wild. Along with organ pipe, many other types of cacti and other desert flora native to the Yuma Desert grow in the park. The cactus on the left is a classic organ pipe variety, with its upward-spreading, asparagus-looking stems", "image": {"alt": "digitized item thumbnail", "full": "https://tile.loc.gov/storage-services/service/pnp/highsm/49600/49668r.jpg", "square": "https://tile.loc.gov/storage-services/service/pnp/highsm/49600/49668_75x75px.jpg", "thumb": "https://tile.loc.gov/storage-services/service/pnp/highsm/49600/49668_150px.jpg"}, "created": "2018-10-30T00:00:00Z", "modified": "2018-10-30T00:00:00Z", "collection": ["diof", "highsm", "pp"], "creator": "Highsmith, Carol M., 1946-", "call_number": "LC-DIG-highsm- 49668 (ONLINE) [P&P]", "medium_brief": "1 photograph :", "source_modified": "2018-10-26T00:00:00Z", "pk": "2018663387", "created_published_date": "2018-03-23.", "subjects": ["United States--Arizona--Yuma County.", "America", "Organ Pipe Cactus National Monument", "Organ pipe cactus", "Digital photographs--Color--2010-2020."]}, {"source_created": "2018-01-31T00:00:00Z", "index": 14, "medium": "1 photograph : digital, tiff file, color.", "reproduction_number": "LC-DIG-highsm-49670 (original digital file)", "links": {"item": "https://www.loc.gov/pictures/item/2018663389/", "resource": "https://www.loc.gov/pictures/item/2018663389/resource/"}, "title": "Scene at the Organ Pipe Cactus National Monument, a 517-square-mile reserve that shares a border between Arizona's Yuma County and the Mexican state of Sonora. The cactus on the left (foreground) is a classic organ pipe variety, with its upward-spreading, asparagus-looking stems", "image": {"alt": "digitized item thumbnail", "full": "https://tile.loc.gov/storage-services/service/pnp/highsm/49600/49670r.jpg", "square": "https://tile.loc.gov/storage-services/service/pnp/highsm/49600/49670_75x75px.jpg", "thumb": "https://tile.loc.gov/storage-services/service/pnp/highsm/49600/49670_150px.jpg"}, "created": "2018-10-30T00:00:00Z", "modified": "2018-10-30T00:00:00Z", "collection": ["diof", "highsm", "pp"], "creator": "Highsmith, Carol M., 1946-", "call_number": "LC-DIG-highsm- 49670 (ONLINE) [P&P]", "medium_brief": "1 photograph :", "source_modified": "2018-10-26T00:00:00Z", "pk": "2018663389", "created_published_date": "2018-03-23.", "subjects": ["United States--Arizona--Yuma County.", "America", "Organ Pipe Cactus National Monument", "Organ pipe cactus", "Digital photographs--Color--2010-2020."]}, {"source_created": "2018-01-31T00:00:00Z", "index": 15, "medium": "1 photograph : digital, tiff file, color.", "reproduction_number": "LC-DIG-highsm-49671 (original digital file)", "links": {"item": "https://www.loc.gov/pictures/item/2018663390/", "resource": "https://www.loc.gov/pictures/item/2018663390/resource/"}, "title": "Scene at the Organ Pipe Cactus National Monument, a 517-square-mile reserve that shares a border between Arizona's Yuma County and the Mexican state of Sonora. The organ pipe variety in this image is the cactus with upward-spreading, asparagus-looking stems", "image": {"alt": "digitized item thumbnail", "full": "https://tile.loc.gov/storage-services/service/pnp/highsm/49600/49671r.jpg", "square": "https://tile.loc.gov/storage-services/service/pnp/highsm/49600/49671_75x75px.jpg", "thumb": "https://tile.loc.gov/storage-services/service/pnp/highsm/49600/49671_150px.jpg"}, "created": "2018-10-30T00:00:00Z", "modified": "2018-10-30T00:00:00Z", "collection": ["diof", "highsm", "pp"], "creator": "Highsmith, Carol M., 1946-", "call_number": "LC-DIG-highsm- 49671 (ONLINE) [P&P]", "medium_brief": "1 photograph :", "source_modified": "2018-10-26T00:00:00Z", "pk": "2018663390", "created_published_date": "2018-03-23.", "subjects": ["United States--Arizona--Yuma County.", "America", "Organ Pipe Cactus National Monument", "Organ pipe cactus", "Digital photographs--Color--2010-2020."]}, {"source_created": "2018-01-31T00:00:00Z", "index": 16, "medium": "1 photograph : digital, tiff file, color.", "reproduction_number": "LC-DIG-highsm-49736 (original digital file)", "links": {"item": "https://www.loc.gov/pictures/item/2018663455/", "resource": "https://www.loc.gov/pictures/item/2018663455/resource/"}, "title": "Saguaro cacti in the Sonoran Desert National Monument, actually a large park rather than traditional monument, in Maricopa and Pinal counties in central Arizona, near Gila Bend. Created by presidential proclamation in 2001, the 496,400 acre-monument is managed by the U.S. Bureau of Land Management", "image": {"alt": "digitized item thumbnail", "full": "https://tile.loc.gov/storage-services/service/pnp/highsm/49700/49736r.jpg", "square": "https://tile.loc.gov/storage-services/service/pnp/highsm/49700/49736_75x75px.jpg", "thumb": "https://tile.loc.gov/storage-services/service/pnp/highsm/49700/49736_150px.jpg"}, "created": "2018-10-30T00:00:00Z", "modified": "2018-10-30T00:00:00Z", "collection": ["diof", "highsm", "pp"], "creator": "Highsmith, Carol M., 1946-", "call_number": "LC-DIG-highsm- 49736 (ONLINE) [P&P]", "medium_brief": "1 photograph :", "source_modified": "2018-10-29T00:00:00Z", "pk": "2018663455", "created_published_date": "2018-03-28.", "subjects": ["United States--Arizona--Maricopa and Pinal counties.", "America", "Saguaro cactus", "Cactus", "Sonoran Desert National Monument", "Bureau of Land Management", "Digital photographs--Color--2010-2020."]}, {"source_created": "2018-01-31T00:00:00Z", "index": 17, "medium": "1 photograph : digital, tiff file, color.", "reproduction_number": "LC-DIG-highsm-49737 (original digital file)", "links": {"item": "https://www.loc.gov/pictures/item/2018663456/", "resource": "https://www.loc.gov/pictures/item/2018663456/resource/"}, "title": "Saguaro cacti in the Sonoran Desert National Monument, actually a large park rather than traditional monument, in Maricopa and Pinal counties in central Arizona, near Gila Bend. Created by presidential proclamation in 2001, the 496,400 acre-monument is managed by the U.S. Bureau of Land Management", "image": {"alt": "digitized item thumbnail", "full": "https://tile.loc.gov/storage-services/service/pnp/highsm/49700/49737r.jpg", "square": "https://tile.loc.gov/storage-services/service/pnp/highsm/49700/49737_75x75px.jpg", "thumb": "https://tile.loc.gov/storage-services/service/pnp/highsm/49700/49737_150px.jpg"}, "created": "2018-10-30T00:00:00Z", "modified": "2018-10-30T00:00:00Z", "collection": ["diof", "highsm", "pp"], "creator": "Highsmith, Carol M., 1946-", "call_number": "LC-DIG-highsm- 49737 (ONLINE) [P&P]", "medium_brief": "1 photograph :", "source_modified": "2018-10-29T00:00:00Z", "pk": "2018663456", "created_published_date": "2018-03-28.", "subjects": ["United States--Arizona--Maricopa and Pinal counties.", "America", "Saguaro cactus", "Cactus", "Sonoran Desert National Monument", "Bureau of Land Management", "Digital photographs--Color--2010-2020."]}, {"source_created": "2018-01-31T00:00:00Z", "index": 18, "medium": "1 photograph : digital, tiff file, color.", "reproduction_number": "LC-DIG-highsm-53443 (original digital file)", "links": {"item": "https://www.loc.gov/pictures/item/2018701479/", "resource": "https://www.loc.gov/pictures/item/2018701479/resource/"}, "title": "Cactus garden at the White Stallion Ranch, a guest ranch outside Tucson, Arizona", "image": {"alt": "digitized item thumbnail", "full": "https://tile.loc.gov/storage-services/service/pnp/highsm/53400/53443r.jpg", "square": "https://tile.loc.gov/storage-services/service/pnp/highsm/53400/53443_75x75px.jpg", "thumb": "https://tile.loc.gov/storage-services/service/pnp/highsm/53400/53443_150px.jpg"}, "created": "2019-09-17T00:00:00Z", "modified": "2019-09-17T00:00:00Z", "collection": ["diof", "highsm", "pp"], "creator": "Highsmith, Carol M., 1946-", "call_number": "LC-DIG-highsm- 53443 (ONLINE) [P&P]", "medium_brief": "1 photograph :", "source_modified": "2019-06-26T00:00:00Z", "pk": "2018701479", "created_published_date": "2018-11-07.", "subjects": ["United States--Arizona--Tucson.", "America", "White Stallion Ranch", "Guest ranches", "dude ranches", "True family", "Cactus gardens", "Cactus", "Digital photographs--Color--2010-2020."]}, {"source_created": "2018-01-31T00:00:00Z", "index": 19, "medium": "1 photograph : digital, tiff file, color.", "reproduction_number": "LC-DIG-highsm-54185 (original digital file)", "links": {"item": "https://www.loc.gov/pictures/item/2018702221/", "resource": "https://www.loc.gov/pictures/item/2018702221/resource/"}, "title": "A saguaro cactus, with its familiar uplifted \"arms,\" at the Desert Botanical Garden a 147-acre botanical preserve in Phoenix, Arizona", "image": {"alt": "digitized item thumbnail", "full": "https://tile.loc.gov/storage-services/service/pnp/highsm/54100/54185r.jpg", "square": "https://tile.loc.gov/storage-services/service/pnp/highsm/54100/54185_75x75px.jpg", "thumb": "https://tile.loc.gov/storage-services/service/pnp/highsm/54100/54185_150px.jpg"}, "created": "2019-09-17T00:00:00Z", "modified": "2019-09-17T00:00:00Z", "collection": ["diof", "highsm", "pp"], "creator": "Highsmith, Carol M., 1946-", "call_number": "LC-DIG-highsm- 54185 (ONLINE) [P&P]", "medium_brief": "1 photograph :", "source_modified": "2019-06-26T00:00:00Z", "pk": "2018702221", "created_published_date": "2018-11-15.", "subjects": ["United States--Arizona--Phoenix.", "America", "Desert botanical garden", "Phoenix botanical garden", "Papago Park", "Cactus", "Saguaro cactus", "Digital photographs--Color--2010-2020."]}, {"source_created": "2018-01-31T00:00:00Z", "index": 20, "medium": "1 photograph : digital, tiff file, color.", "reproduction_number": "LC-DIG-highsm-54187 (original digital file)", "links": {"item": "https://www.loc.gov/pictures/item/2018702223/", "resource": "https://www.loc.gov/pictures/item/2018702223/resource/"}, "title": "A saguaro cactus, with its familiar uplifted \"arms,\" at the Desert Botanical Garden a 147-acre botanical preserve in Phoenix, Arizona", "image": {"alt": "digitized item thumbnail", "full": "https://tile.loc.gov/storage-services/service/pnp/highsm/54100/54187r.jpg", "square": "https://tile.loc.gov/storage-services/service/pnp/highsm/54100/54187_75x75px.jpg", "thumb": "https://tile.loc.gov/storage-services/service/pnp/highsm/54100/54187_150px.jpg"}, "created": "2019-09-17T00:00:00Z", "modified": "2019-09-17T00:00:00Z", "collection": ["diof", "highsm", "pp"], "creator": "Highsmith, Carol M., 1946-", "call_number": "LC-DIG-highsm- 54187 (ONLINE) [P&P]", "medium_brief": "1 photograph :", "source_modified": "2019-06-26T00:00:00Z", "pk": "2018702223", "created_published_date": "2018-11-15.", "subjects": ["United States--Arizona--Phoenix.", "America", "Desert botanical garden", "Phoenix botanical garden", "Papago Park", "Cactus", "Saguaro cactus", "Digital photographs--Color--2010-2020."]}]}