{"search": {"field": "subject", "hits": 26, "sort_order": null, "do_facets": true, "focus_item": null, "query": "Monoplanes", "type": "search", "sort_by": null}, "focus": null, "views": {"current": "list", "grid": "https://www.loc.gov/pictures/search/?q=Monoplanes&fi=subject&va=exact&st=grid&op=PHRASE", "list": "https://www.loc.gov/pictures/search/?q=Monoplanes&fi=subject&op=PHRASE&va=exact", "gallery": "https://www.loc.gov/pictures/search/?q=Monoplanes&fi=subject&va=exact&st=gallery&op=PHRASE", "slideshow": "https://www.loc.gov/pictures/search/?q=Monoplanes&fi=subject&va=exact&st=slideshow&op=PHRASE"}, "facets": [{"type": "displayed", "filters": [{"count": 8, "on": "https://www.loc.gov/pictures/search/?va=exact&sp=1&q=Monoplanes&fa=displayed%3Aanywhere&fi=subject&op=PHRASE&fo=json", "selected": false, "off": "https://www.loc.gov/pictures/search/?va=exact&sp=1&q=Monoplanes&fi=subject&fo=json&op=PHRASE", "title": "Larger image available anywhere"}, {"count": 17, "on": "https://www.loc.gov/pictures/search/?va=exact&sp=1&q=Monoplanes&fa=displayed%3Alc_only&fi=subject&op=PHRASE&fo=json", "selected": false, "off": "https://www.loc.gov/pictures/search/?va=exact&sp=1&q=Monoplanes&fi=subject&fo=json&op=PHRASE", "title": "Larger image available only at the Library of Congress"}, {"count": 1, "on": "https://www.loc.gov/pictures/search/?va=exact&sp=1&q=Monoplanes&fa=displayed%3Anot_digitized&fi=subject&op=PHRASE&fo=json", "selected": false, "off": "https://www.loc.gov/pictures/search/?va=exact&sp=1&q=Monoplanes&fi=subject&fo=json&op=PHRASE", "title": "Not Digitized"}], "title": "displayed"}], "links": {"json": "//www.loc.gov/pictures/search/?fi=subject&q=Monoplanes&op=PHRASE&va=exact&fo=json", "html": "//www.loc.gov/pictures/search/?fi=subject&q=Monoplanes&op=PHRASE&va=exact", "rss": "//www.loc.gov/pictures/search/?fi=subject&q=Monoplanes&op=PHRASE&va=exact&fo=rss"}, "suggestions": {"possible": []}, "pages": {"current": 1, "next": "https://www.loc.gov/pictures/search/?q=Monoplanes&fi=subject&sp=2&op=PHRASE&va=exact", "perpage": 20, "last": "https://www.loc.gov/pictures/search/?q=Monoplanes&fi=subject&sp=2&op=PHRASE&va=exact", "page_list": [{"url": null, "number": 1}, {"url": "https://www.loc.gov/pictures/search/?q=Monoplanes&fi=subject&sp=2&op=PHRASE&va=exact", "number": 2}], "previous": null, "total": 2, "results": "1 - 20", "first": null}, "collection": null, "results": [{"source_created": "2006-01-24T00:00:00Z", "index": 1, "medium": "1 photographic print.", "reproduction_number": "LC-USZ62-136118 (b&w film copy neg.)", "links": {"item": "https://www.loc.gov/pictures/item/2006676318/", "resource": "https://www.loc.gov/pictures/item/2006676318/resource/"}, "title": "Ring around an air steed", "image": {"alt": "digitized item thumbnail", "full": "https://tile.loc.gov/storage-services/service/pnp/cph/3c30000/3c36000/3c36100/3c36118_150px.jpg", "square": "https://tile.loc.gov/storage-services/service/pnp/cph/3c30000/3c36000/3c36100/3c36118_75x75px.jpg", "thumb": "https://tile.loc.gov/storage-services/service/pnp/cph/3c30000/3c36000/3c36100/3c36118_150px.jpg"}, "created": "2016-04-20T00:00:00Z", "modified": "2016-04-20T00:00:00Z", "collection": ["cph", "pp"], "creator": null, "call_number": "NYWTS - BIOG--Hughes, Howard--Industrialist--Aviator [item] [P&P]", "medium_brief": "1 photographic print.", "source_modified": "2006-03-08T00:00:00Z", "pk": "2006676318", "created_published_date": "1938 July 14.", "subjects": ["Floyd Bennett Field (New York, N.Y.)--1930-1940.", "Monoplanes--New York (State)--New York--1930-1940.", "Reporters--New York (State)--New York--1930-1940.", "Aerial views--1930-1940.", "Photographic prints--1930-1940."]}, {"source_created": "2007-03-21T00:00:00Z", "index": 2, "medium": "1 print : pochoir, color.", "reproduction_number": "LC-DIG-ppmsca-13555 (digital file from original item)", "links": {"item": "https://www.loc.gov/pictures/item/2007678301/", "resource": "https://www.loc.gov/pictures/item/2007678301/resource/"}, "title": "Paris-Rome. Beaumont le gagnant sur monoplan Bleriot, moteur Gnome, magneto Bosch", "image": {"alt": "digitized item thumbnail", "full": "https://tile.loc.gov/storage-services/service/pnp/ppmsca/13500/13555r.jpg", "square": "https://tile.loc.gov/storage-services/service/pnp/ppmsca/13500/13555_75x75px.jpg", "thumb": "https://tile.loc.gov/storage-services/service/pnp/ppmsca/13500/13555_150px.jpg"}, "created": "2016-04-20T00:00:00Z", "modified": "2016-04-20T00:00:00Z", "collection": ["cph", "diof", "pp"], "creator": "Gamy", "call_number": "Unprocessed in PR 13 CN 1964:R01 [item] [P&P]", "medium_brief": "1 print :", "source_modified": "2015-03-25T00:00:00Z", "pk": "2007678301", "created_published_date": "c1911.", "subjects": ["Monoplanes--French--Italy--Rome--1910-1920.", "Contests--1910-1920.", "Bird's-eye view prints--1910-1920.", "Pochoir prints--Color--1910-1920."]}, {"source_created": "2008-09-11T00:00:00Z", "index": 3, "medium": "1 print (poster) : lithograph, color ; 160 x 118 cm.", "reproduction_number": "LC-USZC4-13877 (color film copy transparency of top )\nLC-USZC4-13878 (color film copy transparency of bottom)", "links": {"item": "https://www.loc.gov/pictures/item/2008680363/", "resource": "https://www.loc.gov/pictures/item/2008680363/resource/"}, "title": "Grande semaine d'aviation de la Champagne: Reims de 22 au 29 ao\u00fbt 1909 /", "image": {"alt": "digitized item thumbnail", "full": "https://tile.loc.gov/storage-services/service/pnp/cph/3g10000/3g13000/3g13800/3g13877r.jpg", "square": "https://tile.loc.gov/storage-services/service/pnp/cph/3g10000/3g13000/3g13800/3g13877_75x75px.jpg", "thumb": "https://tile.loc.gov/storage-services/service/pnp/cph/3g10000/3g13000/3g13800/3g13877_150px.jpg"}, "created": "2016-04-20T00:00:00Z", "modified": "2016-04-20T00:00:00Z", "collection": ["diof", "pos", "pp"], "creator": "Montaut, Ernest, 1879-1936", "call_number": "POS - Fr. M65, no. 1 (D size tube) [P&P]", "medium_brief": "1 print (poster) :", "source_modified": "2012-08-27T00:00:00Z", "pk": "2008680363", "created_published_date": "1909.", "subjects": ["Notre-Dame de Reims (Cathedral).", "Air shows--France--Reims--1900-1910.", "Monoplanes--France--Reims--1900-1910.", "Biplanes--France--Reims--1900-1910.", "Balloons--France--Reims--1900-1910.", "Advertisements--French--1900-1910.", "Lithographs--Color--1900-1910.", "Posters--French--1900-1910."]}, {"source_created": "2011-11-10T00:00:00Z", "index": 4, "medium": "1 photographic print.", "reproduction_number": "LC-USZ62-22206 (b&w film copy neg.)", "links": {"item": "https://www.loc.gov/pictures/item/2011660978/", "resource": "https://www.loc.gov/pictures/item/2011660978/resource/"}, "title": "Aviation, Latham over San Francisco", "image": {"alt": "digitized item thumbnail", "full": "https://tile.loc.gov/storage-services/service/pnp/cph/3a20000/3a23000/3a23200/3a23293r.jpg", "square": "https://tile.loc.gov/storage-services/service/pnp/cph/3a20000/3a23000/3a23200/3a23293_75x75px.jpg", "thumb": "https://tile.loc.gov/storage-services/service/pnp/cph/3a20000/3a23000/3a23200/3a23293_150px.jpg"}, "created": "2016-04-20T00:00:00Z", "modified": "2016-04-20T00:00:00Z", "collection": ["cph", "diof", "pp"], "creator": null, "call_number": "SSF - Airplanes -- 1911 [item] [P&P]", "medium_brief": "1 photographic print.", "source_modified": "2011-11-15T00:00:00Z", "pk": "2011660978", "created_published_date": "c1911.", "subjects": ["Latham, Hubert,--1883-1912.", "Monoplanes--California--San Francisco--1910-1920.", "Photographic prints--1910-1920."]}, {"source_created": "2011-11-10T00:00:00Z", "index": 5, "medium": "1 photographic print.", "reproduction_number": "LC-USZ62-36410 (b&w film copy neg.)", "links": {"item": "https://www.loc.gov/pictures/item/2011660980/", "resource": "https://www.loc.gov/pictures/item/2011660980/resource/"}, "title": "Herbert [sic] Latham in Antoinette", "image": {"alt": "digitized item thumbnail", "full": "https://tile.loc.gov/storage-services/service/pnp/cph/3a30000/3a36000/3a36800/3a36818r.jpg", "square": "https://tile.loc.gov/storage-services/service/pnp/cph/3a30000/3a36000/3a36800/3a36818_75x75px.jpg", "thumb": "https://tile.loc.gov/storage-services/service/pnp/cph/3a30000/3a36000/3a36800/3a36818_150px.jpg"}, "created": "2016-04-20T00:00:00Z", "modified": "2016-04-20T00:00:00Z", "collection": ["cph", "diof", "pp"], "creator": null, "call_number": "SSF - Airplanes --1911 [item] [P&P]", "medium_brief": "1 photographic print.", "source_modified": "2011-11-10T00:00:00Z", "pk": "2011660980", "created_published_date": "c1911.", "subjects": ["Latham, Hubert,--1883-1912.", "Monoplanes--1910-1920.", "Photographic prints--1910-1920."]}, {"source_created": "2011-11-10T00:00:00Z", "index": 6, "medium": "1 photographic print.", "reproduction_number": "LC-USZ62-37426 (b&w film copy neg.)", "links": {"item": "https://www.loc.gov/pictures/item/2011660989/", "resource": "https://www.loc.gov/pictures/item/2011660989/resource/"}, "title": "[Ford airplane in flight]", "image": {"alt": "digitized item thumbnail", "full": "https://tile.loc.gov/storage-services/service/pnp/cph/3a30000/3a37000/3a37700/3a37790r.jpg", "square": "https://tile.loc.gov/storage-services/service/pnp/cph/3a30000/3a37000/3a37700/3a37790_75x75px.jpg", "thumb": "https://tile.loc.gov/storage-services/service/pnp/cph/3a30000/3a37000/3a37700/3a37790_150px.jpg"}, "created": "2016-04-20T00:00:00Z", "modified": "2016-04-20T00:00:00Z", "collection": ["cph", "diof", "pp"], "creator": null, "call_number": "SSF - Airplanes -- 1927 [item] [P&P]", "medium_brief": "1 photographic print.", "source_modified": "2011-11-15T00:00:00Z", "pk": "2011660989", "created_published_date": "c1927.", "subjects": ["Monoplanes--1920-1930.", "Photographic prints--1920-1930."]}, {"source_created": "1993-05-12T00:00:00Z", "index": 7, "medium": "1 photographic print.", "reproduction_number": "LC-USZ62-107785 (b&w film copy neg.)", "links": {"item": "https://www.loc.gov/pictures/item/93506416/", "resource": "https://www.loc.gov/pictures/item/93506416/resource/"}, "title": "[Catapulting of Samuel P. Langley's monoplane from a specially constructed houseboat on the Potomac, Quantico, Virginia]", "image": {"alt": "digitized item thumbnail", "full": "https://tile.loc.gov/storage-services/service/pnp/cph/3c00000/3c07000/3c07700/3c07785_150px.jpg", "square": "https://tile.loc.gov/storage-services/service/pnp/cph/3c00000/3c07000/3c07700/3c07785_75x75px.jpg", "thumb": "https://tile.loc.gov/storage-services/service/pnp/cph/3c00000/3c07000/3c07700/3c07785_150px.jpg"}, "created": "2016-04-20T00:00:00Z", "modified": "2016-04-20T00:00:00Z", "collection": ["cph", "pp"], "creator": null, "call_number": "LOT 2554 [item] [P&P]", "medium_brief": "1 photographic print.", "source_modified": "2003-10-22T00:00:00Z", "pk": "93506416", "created_published_date": "[1903]", "subjects": ["Monoplanes--Potomac River--1900-1910.", "Photographic prints--1900-1910."]}, {"source_created": "2006-11-16T00:00:00Z", "index": 8, "medium": "1 photomechanical print.", "reproduction_number": "LC-USZ62-110413 (b&w film copy neg.)", "links": {"item": "https://www.loc.gov/pictures/item/2006691793/", "resource": "https://www.loc.gov/pictures/item/2006691793/resource/"}, "title": "[Alphonse Penaud design for twin-propeller monoplane with large wing]", "image": {"alt": "digitized item thumbnail", "full": "https://tile.loc.gov/storage-services/service/pnp/cph/3c10000/3c10000/3c10400/3c10413r.jpg", "square": "https://tile.loc.gov/storage-services/service/pnp/cph/3c10000/3c10000/3c10400/3c10413_75x75px.jpg", "thumb": "https://tile.loc.gov/storage-services/service/pnp/cph/3c10000/3c10000/3c10400/3c10413_150px.jpg"}, "created": "2016-04-21T00:00:00Z", "modified": "2016-04-21T00:00:00Z", "collection": ["cph", "diof", "pp"], "creator": "Chanute, Octave, 1832-1910.", "call_number": "Illus. in TL670.5 .C5 1894 [General Collections]", "medium_brief": "1 photomechanical print.", "source_modified": "2006-11-16T00:00:00Z", "pk": "2006691793", "created_published_date": "[1894]", "subjects": ["P\u00e9naud, Alphonse,--1850-1880.", "Monoplanes--1870-1880.", "Book illustrations--1890-1900.", "Photomechanical prints--1890-1900."]}, {"source_created": "2009-10-08T00:00:00Z", "index": 9, "medium": "1 photographic print.", "reproduction_number": "LC-USZ62-138513 (b&w film copy neg.)", "links": {"item": "https://www.loc.gov/pictures/item/2009633317/", "resource": "https://www.loc.gov/pictures/item/2009633317/resource/"}, "title": "Plane dusts Athens in fight on cholera", "image": {"alt": "digitized item thumbnail", "full": "https://tile.loc.gov/storage-services/service/pnp/cph/3c30000/3c38000/3c38500/3c38513_150px.jpg", "square": "https://tile.loc.gov/storage-services/service/pnp/cph/3c30000/3c38000/3c38500/3c38513_75x75px.jpg", "thumb": "https://tile.loc.gov/storage-services/service/pnp/cph/3c30000/3c38000/3c38500/3c38513_150px.jpg"}, "created": "2016-04-21T00:00:00Z", "modified": "2016-04-21T00:00:00Z", "collection": ["cph", "pp"], "creator": null, "call_number": "NYWTS - SUBJ/GEOG--Greece--Athens [item] [P&P]", "medium_brief": "1 photographic print.", "source_modified": "2011-04-13T00:00:00Z", "pk": "2009633317", "created_published_date": "1947 Oct. 31.", "subjects": ["Cholera--Greece--Athens--1940-1950.", "Preventive medicine--Greece--Athens--1940-1950.", "Monoplanes--Greece--Athens--1940-1950.", "Acropolis (Athens, Greece)--1940-1950.", "Aerial views--1940-1950.", "Cityscapes--1940-1950.", "Photographic prints--1940-1950."]}, {"source_created": "2011-11-10T00:00:00Z", "index": 10, "medium": "1 photographic print.", "reproduction_number": "LC-USZ62-37432 (b&w film copy neg.)", "links": {"item": "https://www.loc.gov/pictures/item/2011660988/", "resource": "https://www.loc.gov/pictures/item/2011660988/resource/"}, "title": "Zenith monoplane \"Albatross,\" front view", "image": {"alt": "digitized item thumbnail", "full": "https://tile.loc.gov/storage-services/service/pnp/cph/3a30000/3a37000/3a37700/3a37796r.jpg", "square": "https://tile.loc.gov/storage-services/service/pnp/cph/3a30000/3a37000/3a37700/3a37796_75x75px.jpg", "thumb": "https://tile.loc.gov/storage-services/service/pnp/cph/3a30000/3a37000/3a37700/3a37796_150px.jpg"}, "created": "2016-04-21T00:00:00Z", "modified": "2016-04-21T00:00:00Z", "collection": ["cph", "diof", "pp"], "creator": null, "call_number": "SSF - Airplanes -- 1928 [item] [P&P]", "medium_brief": "1 photographic print.", "source_modified": "2011-11-10T00:00:00Z", "pk": "2011660988", "created_published_date": "c1928.", "subjects": ["Monoplanes--1920-1930.", "Group portraits--1920-1930.", "Photographic prints--1920-1930."]}, {"source_created": "2006-04-11T00:00:00Z", "index": 11, "medium": "1 photomechanical print (postcard)", "reproduction_number": "LC-DIG-ppmsca-10199 (digital file from original item, front)\nLC-DIG-ppmsca-10200 (digital file from original item, back)", "links": {"item": "https://www.loc.gov/pictures/item/2006676139/", "resource": "https://www.loc.gov/pictures/item/2006676139/resource/"}, "title": "Latham sur monoplan \"Antoinette\"", "image": {"alt": "digitized item thumbnail", "full": "https://tile.loc.gov/storage-services/service/pnp/ppmsca/10100/10199_150px.jpg", "square": "https://tile.loc.gov/storage-services/service/pnp/ppmsca/10100/10199_75x75px.jpg", "thumb": "https://tile.loc.gov/storage-services/service/pnp/ppmsca/10100/10199_150px.jpg"}, "created": "2020-06-24T00:00:00Z", "modified": "2020-06-24T00:00:00Z", "collection": ["ascfr", "bnffia", "cph", "frlcpp", "intldl", "pp", "si"], "creator": null, "call_number": "LOT 8041, no. 2 [P&P]", "medium_brief": "1 photomechanical print (postcard)", "source_modified": "2020-06-18T00:00:00Z", "pk": "2006676139", "created_published_date": "[between 1904 and 1912]", "subjects": ["Latham, Hubert,--1883-1912.", "Monoplanes--French--1900-1920.", "Air pilots--French--1900-1920.", "Photomechanical prints--1900-1920.", "Postcards--1900-1920."]}, {"source_created": "2006-04-12T00:00:00Z", "index": 12, "medium": "1 photomechanical print (postcard)", "reproduction_number": "LC-DIG-ppmsca-10201 (digital file from original item, front)\nLC-DIG-ppmsca-10202 (digital file from original item, back)", "links": {"item": "https://www.loc.gov/pictures/item/2006676140/", "resource": "https://www.loc.gov/pictures/item/2006676140/resource/"}, "title": "Les pionniers de l'air, l'a\u00e9roplane Antointette, pilot\u00e9 par Latham, en plein vol", "image": {"alt": "digitized item thumbnail", "full": "https://tile.loc.gov/storage-services/service/pnp/ppmsca/10200/10201_150px.jpg", "square": "https://tile.loc.gov/storage-services/service/pnp/ppmsca/10200/10201_75x75px.jpg", "thumb": "https://tile.loc.gov/storage-services/service/pnp/ppmsca/10200/10201_150px.jpg"}, "created": "2020-06-24T00:00:00Z", "modified": "2020-06-24T00:00:00Z", "collection": ["ascfr", "bnffia", "cph", "frlcpp", "intldl", "pp", "si"], "creator": null, "call_number": "LOT 8041, no. 3 [P&P]", "medium_brief": "1 photomechanical print (postcard)", "source_modified": "2020-06-18T00:00:00Z", "pk": "2006676140", "created_published_date": "[between 1904 and 1914]", "subjects": ["Latham, Hubert,--1883-1912.", "Monoplanes--French--1900-1920.", "Air pilots--French--1900-1920.", "Photomechanical prints--1900-1920.", "Postcards--1900-1920."]}, {"source_created": "2006-04-13T00:00:00Z", "index": 13, "medium": "1 photomechanical print (postcard)", "reproduction_number": "LC-DIG-ppmsca-10205 (digital file from original item, front)\nLC-DIG-ppmsca-10206 (digital file from original item, back)", "links": {"item": "https://www.loc.gov/pictures/item/2006676142/", "resource": "https://www.loc.gov/pictures/item/2006676142/resource/"}, "title": "L'aviateur Aubrun, pilote du monoplan Bl\u00e9riot, deuxi\u00e8me arrivant dans le Circuit de l'Est", "image": {"alt": "digitized item thumbnail", "full": "https://tile.loc.gov/storage-services/service/pnp/ppmsca/10200/10205_150px.jpg", "square": "https://tile.loc.gov/storage-services/service/pnp/ppmsca/10200/10205_75x75px.jpg", "thumb": "https://tile.loc.gov/storage-services/service/pnp/ppmsca/10200/10205_150px.jpg"}, "created": "2020-06-24T00:00:00Z", "modified": "2020-06-24T00:00:00Z", "collection": ["ascfr", "bnffia", "cph", "frlcpp", "intldl", "pp", "si"], "creator": null, "call_number": "LOT 8041, no. 5 [P&P]", "medium_brief": "1 photomechanical print (postcard)", "source_modified": "2020-06-18T00:00:00Z", "pk": "2006676142", "created_published_date": "[between 1910 and 1914]", "subjects": ["Aubrun, Emile,--1881-1967.", "Monoplanes--French--1910-1920.", "Air pilots--French--1910-1920.", "Photomechanical prints--1910-1920.", "Postcards--1910-1920."]}, {"source_created": "2006-04-13T00:00:00Z", "index": 14, "medium": "1 photomechanical print (postcard) : color.", "reproduction_number": "LC-DIG-ppmsca-10207 (digital file from original item, front)\nLC-DIG-ppmsca-10208 (digital file from original item, back)", "links": {"item": "https://www.loc.gov/pictures/item/2006676144/", "resource": "https://www.loc.gov/pictures/item/2006676144/resource/"}, "title": "Monoplan Bl\u00e9riot, Paris (Pont Neuf)", "image": {"alt": "digitized item thumbnail", "full": "https://tile.loc.gov/storage-services/service/pnp/ppmsca/10200/10207_150px.jpg", "square": "https://tile.loc.gov/storage-services/service/pnp/ppmsca/10200/10207_75x75px.jpg", "thumb": "https://tile.loc.gov/storage-services/service/pnp/ppmsca/10200/10207_150px.jpg"}, "created": "2020-06-24T00:00:00Z", "modified": "2020-06-24T00:00:00Z", "collection": ["ascfr", "bnffia", "cph", "frlcpp", "intldl", "pp", "si"], "creator": null, "call_number": "LOT 8041, no. 6 [P&P]", "medium_brief": "1 photomechanical print (postcard) :", "source_modified": "2020-06-18T00:00:00Z", "pk": "2006676144", "created_published_date": "[between 1904 and 1914]", "subjects": ["Belle Jardini\u00e8re (Firm)--1900-1920.", "Monoplanes--French--1900-1920.", "Department stores--France--1900-1920.", "Photomechanical prints--Color--1900-1920.", "Postcards--1900-1920."]}, {"source_created": "2006-04-13T00:00:00Z", "index": 15, "medium": "1 photomechanical print (postcard)", "reproduction_number": "LC-DIG-ppmsca-10209 (digital file from original item, front)\nLC-DIG-ppmsca-10210 (digital file from original item, back)", "links": {"item": "https://www.loc.gov/pictures/item/2006676145/", "resource": "https://www.loc.gov/pictures/item/2006676145/resource/"}, "title": "Leblanc sur monoplan \"Bl\u00e9riot\"", "image": {"alt": "digitized item thumbnail", "full": "https://tile.loc.gov/storage-services/service/pnp/ppmsca/10200/10209_150px.jpg", "square": "https://tile.loc.gov/storage-services/service/pnp/ppmsca/10200/10209_75x75px.jpg", "thumb": "https://tile.loc.gov/storage-services/service/pnp/ppmsca/10200/10209_150px.jpg"}, "created": "2020-06-24T00:00:00Z", "modified": "2020-06-24T00:00:00Z", "collection": ["ascfr", "bnffia", "cph", "frlcpp", "intldl", "pp", "si"], "creator": null, "call_number": "LOT 8041, no. 7 [P&P]", "medium_brief": "1 photomechanical print (postcard)", "source_modified": "2020-06-18T00:00:00Z", "pk": "2006676145", "created_published_date": "[between 1904 and 1912]", "subjects": ["LeBlanc, Alfred ,--1869-1921.", "Monoplanes--French--1900-1920.", "Air pilots--French--1900-1920.", "Photomechanical prints--1900-1920.", "Postcards--1900-1920."]}, {"source_created": "2006-04-13T00:00:00Z", "index": 16, "medium": "1 photomechanical print (postcard)", "reproduction_number": "LC-DIG-ppmsca-10211 (digital file from original item, front)\nLC-DIG-ppmsca-10212 (digital file from original item, back)", "links": {"item": "https://www.loc.gov/pictures/item/2006676146/", "resource": "https://www.loc.gov/pictures/item/2006676146/resource/"}, "title": "Mamet sur monoplan Bl\u00e9riot", "image": {"alt": "digitized item thumbnail", "full": "https://tile.loc.gov/storage-services/service/pnp/ppmsca/10200/10211_150px.jpg", "square": "https://tile.loc.gov/storage-services/service/pnp/ppmsca/10200/10211_75x75px.jpg", "thumb": "https://tile.loc.gov/storage-services/service/pnp/ppmsca/10200/10211_150px.jpg"}, "created": "2020-06-24T00:00:00Z", "modified": "2020-06-24T00:00:00Z", "collection": ["ascfr", "bnffia", "cph", "frlcpp", "intldl", "pp", "si"], "creator": null, "call_number": "LOT 8041, no. 8 [P&P]", "medium_brief": "1 photomechanical print (postcard)", "source_modified": "2020-06-18T00:00:00Z", "pk": "2006676146", "created_published_date": "[between 1904 and 1914]", "subjects": ["Mamet, Julien.", "Monoplanes--French--1900-1920.", "Air pilots--French--1900-1920.", "Photomechanical prints--1900-1920.", "Postcards--1900-1920."]}, {"source_created": "2006-04-21T00:00:00Z", "index": 17, "medium": "1 photomechanical print (postcard)", "reproduction_number": "LC-DIG-ppmsca-10225 (digital file from original item, front)\nLC-DIG-ppmsca-10226 (digital file from original item, back)", "links": {"item": "https://www.loc.gov/pictures/item/2006682354/", "resource": "https://www.loc.gov/pictures/item/2006682354/resource/"}, "title": "Monoplan Guilbaut, Rouen", "image": {"alt": "digitized item thumbnail", "full": "https://tile.loc.gov/storage-services/service/pnp/ppmsca/10200/10225_150px.jpg", "square": "https://tile.loc.gov/storage-services/service/pnp/ppmsca/10200/10225_75x75px.jpg", "thumb": "https://tile.loc.gov/storage-services/service/pnp/ppmsca/10200/10225_150px.jpg"}, "created": "2020-06-24T00:00:00Z", "modified": "2020-06-24T00:00:00Z", "collection": ["ascfr", "bnffia", "cph", "frlcpp", "intldl", "pp", "si"], "creator": null, "call_number": "LOT 8041, no. 15 [P&P]", "medium_brief": "1 photomechanical print (postcard)", "source_modified": "2020-06-18T00:00:00Z", "pk": "2006682354", "created_published_date": "[between 1904 and 1914]", "subjects": ["Monoplanes--French--1900-1920.", "Air pilots--French--1900-1920.", "Photomechanical prints--1900-1920.", "Postcards--1900-1920."]}, {"source_created": "2006-04-24T00:00:00Z", "index": 18, "medium": "1 photomechanical print (postcard)", "reproduction_number": "LC-DIG-ppmsca-10227 (digital file from original item, front)\nLC-DIG-ppmsca-10228 (digital file from original item, back)", "links": {"item": "https://www.loc.gov/pictures/item/2006682355/", "resource": "https://www.loc.gov/pictures/item/2006682355/resource/"}, "title": "Frey, sur monoplan Morane", "image": {"alt": "digitized item thumbnail", "full": "https://tile.loc.gov/storage-services/service/pnp/ppmsca/10200/10227_150px.jpg", "square": "https://tile.loc.gov/storage-services/service/pnp/ppmsca/10200/10227_75x75px.jpg", "thumb": "https://tile.loc.gov/storage-services/service/pnp/ppmsca/10200/10227_150px.jpg"}, "created": "2020-06-24T00:00:00Z", "modified": "2020-06-24T00:00:00Z", "collection": ["ascfr", "bnffia", "cph", "frlcpp", "intldl", "pp", "si"], "creator": null, "call_number": "LOT 8041, no. 16 [P&P]", "medium_brief": "1 photomechanical print (postcard)", "source_modified": "2020-06-18T00:00:00Z", "pk": "2006682355", "created_published_date": "[between 1904 and 1912]", "subjects": ["Frey, Andr\u00e9,--1886-1912.", "Monoplanes--French--1900-1920.", "Air pilots--French--1900-1920.", "Photomechanical prints--1900-1920.", "Postcards--1900-1920."]}, {"source_created": "2006-04-26T00:00:00Z", "index": 19, "medium": "1 photomechanical print (postcard)", "reproduction_number": "LC-DIG-ppmsca-10229 (digital file from original item, front)\nLC-DIG-ppmsca-10230 (digital file from original item, back)", "links": {"item": "https://www.loc.gov/pictures/item/2006682356/", "resource": "https://www.loc.gov/pictures/item/2006682356/resource/"}, "title": "Le monoplan Train, pilot\u00e9 par Train", "image": {"alt": "digitized item thumbnail", "full": "https://tile.loc.gov/storage-services/service/pnp/ppmsca/10200/10229_150px.jpg", "square": "https://tile.loc.gov/storage-services/service/pnp/ppmsca/10200/10229_75x75px.jpg", "thumb": "https://tile.loc.gov/storage-services/service/pnp/ppmsca/10200/10229_150px.jpg"}, "created": "2020-06-24T00:00:00Z", "modified": "2020-06-24T00:00:00Z", "collection": ["ascfr", "bnffia", "cph", "frlcpp", "intldl", "pp", "si"], "creator": null, "call_number": "LOT 8041, no. 17 [P&P]", "medium_brief": "1 photomechanical print (postcard)", "source_modified": "2020-06-18T00:00:00Z", "pk": "2006682356", "created_published_date": "[between 1904 and 1914]", "subjects": ["Monoplanes--French--1900-1920.", "Air pilots--French--1900-1920.", "Photomechanical prints--1900-1920.", "Postcards--1900-1920."]}, {"source_created": "2006-04-27T00:00:00Z", "index": 20, "medium": "1 photomechanical print (postcard)", "reproduction_number": "LC-DIG-ppmsca-10239 (digital file from original item, front)\nLC-DIG-ppmsca-10240 (digital file from original item, back)", "links": {"item": "https://www.loc.gov/pictures/item/2006682361/", "resource": "https://www.loc.gov/pictures/item/2006682361/resource/"}, "title": "L'Avion no. 3 de M. Ader", "image": {"alt": "digitized item thumbnail", "full": "https://tile.loc.gov/storage-services/service/pnp/ppmsca/10200/10239_150px.jpg", "square": "https://tile.loc.gov/storage-services/service/pnp/ppmsca/10200/10239_75x75px.jpg", "thumb": "https://tile.loc.gov/storage-services/service/pnp/ppmsca/10200/10239_150px.jpg"}, "created": "2020-06-24T00:00:00Z", "modified": "2020-06-24T00:00:00Z", "collection": ["ascfr", "bnffia", "cph", "frlcpp", "intldl", "pp", "si"], "creator": null, "call_number": "LOT 8041, no. 22 [P&P]", "medium_brief": "1 photomechanical print (postcard)", "source_modified": "2020-06-18T00:00:00Z", "pk": "2006682361", "created_published_date": "[between 1897 and 1914]", "subjects": ["Monoplanes--French--1890-1920.", "Photomechanical prints--1890-1920.", "Postcards--1890-1920."]}]}