{"search": {"field": "subject", "hits": 671, "sort_order": null, "do_facets": true, "focus_item": null, "query": "Satires (Visual works)", "type": "search", "sort_by": null}, "focus": null, "views": {"current": "list", "grid": "https://www.loc.gov/pictures/search/?q=Satires+%28Visual+works%29&fi=subject&va=exact&st=grid&op=PHRASE", "list": "https://www.loc.gov/pictures/search/?q=Satires+%28Visual+works%29&fi=subject&op=PHRASE&va=exact", "gallery": "https://www.loc.gov/pictures/search/?q=Satires+%28Visual+works%29&fi=subject&va=exact&st=gallery&op=PHRASE", "slideshow": "https://www.loc.gov/pictures/search/?q=Satires+%28Visual+works%29&fi=subject&va=exact&st=slideshow&op=PHRASE"}, "facets": [{"type": "displayed", "filters": [{"count": 363, "on": "https://www.loc.gov/pictures/search/?va=exact&sp=1&q=Satires+%28Visual+works%29&fa=displayed%3Aanywhere&fi=subject&op=PHRASE&fo=json", "selected": false, "off": "https://www.loc.gov/pictures/search/?va=exact&sp=1&q=Satires+%28Visual+works%29&fi=subject&fo=json&op=PHRASE", "title": "Larger image available anywhere"}, {"count": 64, "on": "https://www.loc.gov/pictures/search/?va=exact&sp=1&q=Satires+%28Visual+works%29&fa=displayed%3Alc_only&fi=subject&op=PHRASE&fo=json", "selected": false, "off": "https://www.loc.gov/pictures/search/?va=exact&sp=1&q=Satires+%28Visual+works%29&fi=subject&fo=json&op=PHRASE", "title": "Larger image available only at the Library of Congress"}, {"count": 244, "on": "https://www.loc.gov/pictures/search/?va=exact&sp=1&q=Satires+%28Visual+works%29&fa=displayed%3Anot_digitized&fi=subject&op=PHRASE&fo=json", "selected": false, "off": "https://www.loc.gov/pictures/search/?va=exact&sp=1&q=Satires+%28Visual+works%29&fi=subject&fo=json&op=PHRASE", "title": "Not Digitized"}], "title": "displayed"}], "links": {"json": "//www.loc.gov/pictures/search/?fi=subject&q=Satires+%28Visual+works%29&op=PHRASE&va=exact&fo=json", "html": "//www.loc.gov/pictures/search/?fi=subject&q=Satires+%28Visual+works%29&op=PHRASE&va=exact", "rss": "//www.loc.gov/pictures/search/?fi=subject&q=Satires+%28Visual+works%29&op=PHRASE&va=exact&fo=rss"}, "suggestions": {"possible": []}, "pages": {"current": 1, "next": "https://www.loc.gov/pictures/search/?q=Satires+%28Visual+works%29&fi=subject&sp=2&op=PHRASE&va=exact", "perpage": 20, "last": "https://www.loc.gov/pictures/search/?q=Satires+%28Visual+works%29&fi=subject&sp=34&op=PHRASE&va=exact", "page_list": [{"url": null, "number": 1}, {"url": "https://www.loc.gov/pictures/search/?q=Satires+%28Visual+works%29&fi=subject&sp=2&op=PHRASE&va=exact", "number": 2}, {"url": "https://www.loc.gov/pictures/search/?q=Satires+%28Visual+works%29&fi=subject&sp=3&op=PHRASE&va=exact", "number": 3}, {"url": "https://www.loc.gov/pictures/search/?q=Satires+%28Visual+works%29&fi=subject&sp=4&op=PHRASE&va=exact", "number": 4}, {"url": "https://www.loc.gov/pictures/search/?q=Satires+%28Visual+works%29&fi=subject&sp=5&op=PHRASE&va=exact", "number": 5}, {"url": "https://www.loc.gov/pictures/search/?q=Satires+%28Visual+works%29&fi=subject&sp=6&op=PHRASE&va=exact", "number": "..."}, {"url": "https://www.loc.gov/pictures/search/?q=Satires+%28Visual+works%29&fi=subject&sp=34&op=PHRASE&va=exact", "number": 34}], "previous": null, "total": 34, "results": "1 - 20", "first": null}, "collection": null, "results": [{"source_created": "2001-07-03T00:00:00Z", "index": 1, "medium": "1 print : mezzotint.", "reproduction_number": "LC-USZC2-6226 (color film copy slide)", "links": {"item": "https://www.loc.gov/pictures/item/2001697058/", "resource": "https://www.loc.gov/pictures/item/2001697058/resource/"}, "title": "Blind plaintiff, lame defendant share [...]", "image": {"alt": "digitized item thumbnail", "full": "https://tile.loc.gov/storage-services/service/pnp/cph/3f00000/3f06000/3f06200/3f06226r.jpg", "square": "https://tile.loc.gov/storage-services/service/pnp/cph/3f00000/3f06000/3f06200/3f06226_75x75px.jpg", "thumb": "https://tile.loc.gov/storage-services/service/pnp/cph/3f00000/3f06000/3f06200/3f06226_150px.jpg"}, "created": "2016-04-20T00:00:00Z", "modified": "2016-04-20T00:00:00Z", "collection": ["cpbr", "diof", "pp"], "creator": "Smith, J. (John), 1652-1743", "call_number": "PC 2 - Blind plaintiff [...] (A size) [P&P]", "medium_brief": "1 print :", "source_modified": "2013-05-28T00:00:00Z", "pk": "2001697058", "created_published_date": "[between 1700 and 1740]", "subjects": ["Handicapped persons--Great Britain--1700-1740.", "Lawyers--Great Britain--1700-1740.", "Law & legal affairs--Great Britain--1700-1740.", "Mezzotints--1700-1740.", "Satires (Visual works)--British--1700-1740."]}, {"source_created": "2001-07-05T00:00:00Z", "index": 2, "medium": "1 print : mezzotint.", "reproduction_number": "LC-USZC2-6227 (color film copy slide)", "links": {"item": "https://www.loc.gov/pictures/item/2001697059/", "resource": "https://www.loc.gov/pictures/item/2001697059/resource/"}, "title": "The grinning match, a humourous scene at a country fair", "image": {"alt": "digitized item thumbnail", "full": "https://tile.loc.gov/storage-services/service/pnp/cph/3f00000/3f06000/3f06200/3f06227r.jpg", "square": "https://tile.loc.gov/storage-services/service/pnp/cph/3f00000/3f06000/3f06200/3f06227_75x75px.jpg", "thumb": "https://tile.loc.gov/storage-services/service/pnp/cph/3f00000/3f06000/3f06200/3f06227_150px.jpg"}, "created": "2016-04-20T00:00:00Z", "modified": "2016-04-20T00:00:00Z", "collection": ["cpbr", "diof", "pp"], "creator": null, "call_number": "PC 3 - 1775 - Grinning match, a humourous scene [...] (A size) [P&P]", "medium_brief": "1 print :", "source_modified": "2007-05-18T00:00:00Z", "pk": "2001697059", "created_published_date": "1775 Sept. 5.", "subjects": ["Country life--Great Britain--1770-1780.", "Smiling--1770-1780.", "Mezzotints--1770-1780.", "Satires (Visual works)--British--1770-1780."]}, {"source_created": "2002-06-12T00:00:00Z", "index": 3, "medium": "1 print : engraving ; plate mark 245 x 670 mm, sheet 272 x 698 mm.", "reproduction_number": "LC-DIG-ds-07538 (digital file from original item)\nLC-USZ62-85571 (b&w film copy neg.)", "links": {"item": "https://www.loc.gov/pictures/item/2002714490/", "resource": "https://www.loc.gov/pictures/item/2002714490/resource/"}, "title": "Taste a-la-mode, 1745 ; Taste a-la-mode, 1790", "image": {"alt": "digitized item thumbnail", "full": "https://tile.loc.gov/storage-services/service/pnp/ds/07500/07538r.jpg", "square": "https://tile.loc.gov/storage-services/service/pnp/ds/07500/07538_75x75px.jpg", "thumb": "https://tile.loc.gov/storage-services/service/pnp/ds/07500/07538_150px.jpg"}, "created": "2016-04-20T00:00:00Z", "modified": "2016-04-20T00:00:00Z", "collection": ["cpbr", "diof", "pp"], "creator": "Boitard, Louis-Philippe, active 1733-1770", "call_number": "PC 1 - 7763a (C size) [P&P] PC 1 - 7763 (former call number)", "medium_brief": "1 print :", "source_modified": "2015-07-16T00:00:00Z", "pk": "2002714490", "created_published_date": "Feby. 1st, 1790.", "subjects": ["Clothing & dress--England--London--1740-1750.", "Clothing & dress--England--London--1790-1800.", "Engravings--1790-1800.", "Satires (Visual works)--1790-1800.", "Then & now comparisons--1790-1800."]}, {"source_created": "2002-10-11T00:00:00Z", "index": 4, "medium": "1 print : etching, hand-colored ; 33.7 x 41.3 cm. (sheet)", "reproduction_number": "LC-DIG-ppmsca-04320 (digital file from original)\nLC-USZC4-9898 (color film copy transparency)\nLC-USZ62-132086 (b&w film copy neg.)", "links": {"item": "https://www.loc.gov/pictures/item/2002719723/", "resource": "https://www.loc.gov/pictures/item/2002719723/resource/"}, "title": "The r--l cock and chickens - or the father of his people!!!", "image": {"alt": "digitized item thumbnail", "full": "https://tile.loc.gov/storage-services/service/pnp/ppmsca/04300/04320r.jpg", "square": "https://tile.loc.gov/storage-services/service/pnp/ppmsca/04300/04320_75x75px.jpg", "thumb": "https://tile.loc.gov/storage-services/service/pnp/ppmsca/04300/04320_150px.jpg"}, "created": "2016-04-20T00:00:00Z", "modified": "2016-04-20T00:00:00Z", "collection": ["cpbr", "diof", "pp"], "creator": null, "call_number": "PC 3 - 1820 - R--l cock and chickens ... (A size) [P&P]", "medium_brief": "1 print :", "source_modified": "2007-05-18T00:00:00Z", "pk": "2002719723", "created_published_date": "1820 Decr. 12.", "subjects": ["George--IV,--King of Great Britain,--1762-1830.", "Adultery--England--London--1820.", "Politics & government--England--London--1820.", "Britannia (Symbolic character)", "Etchings--Hand-colored--1820.", "Satires (Visual works)--British--1820."]}, {"source_created": "2003-09-04T00:00:00Z", "index": 5, "medium": "1 print : etching.", "reproduction_number": "LC-USZ62-59626 (b&w film copy neg.)", "links": {"item": "https://www.loc.gov/pictures/item/2003675429/", "resource": "https://www.loc.gov/pictures/item/2003675429/resource/"}, "title": "Contrasted husbands", "image": {"alt": "digitized item thumbnail", "full": "https://tile.loc.gov/storage-services/service/pnp/cph/3b00000/3b07000/3b07300/3b07368r.jpg", "square": "https://tile.loc.gov/storage-services/service/pnp/cph/3b00000/3b07000/3b07300/3b07368_75x75px.jpg", "thumb": "https://tile.loc.gov/storage-services/service/pnp/cph/3b00000/3b07000/3b07300/3b07368_150px.jpg"}, "created": "2016-04-20T00:00:00Z", "modified": "2016-04-20T00:00:00Z", "collection": ["cpbr", "diof", "pp"], "creator": "Newton, Richard, 1777-1798", "call_number": "PC 3 - 1795--Contrasted husbands (B size) [P&P]", "medium_brief": "1 print :", "source_modified": "2007-05-18T00:00:00Z", "pk": "2003675429", "created_published_date": "1795 July.", "subjects": ["Spouses--England--1790-1800.", "Pleading (Begging)--1790-1800.", "Family violence--England--1790-1800.", "Etchings--1790-1800.", "Satires (Visual works)--British--1790-1800."]}, {"source_created": "2003-09-05T00:00:00Z", "index": 6, "medium": "1 print : aquatint, hand-colored.", "reproduction_number": "LC-USZ62-59611 (b&w film copy neg.)", "links": {"item": "https://www.loc.gov/pictures/item/2003675436/", "resource": "https://www.loc.gov/pictures/item/2003675436/resource/"}, "title": "The sweet delights of love", "image": {"alt": "digitized item thumbnail", "full": "https://tile.loc.gov/storage-services/service/pnp/cph/3b00000/3b07000/3b07300/3b07353r.jpg", "square": "https://tile.loc.gov/storage-services/service/pnp/cph/3b00000/3b07000/3b07300/3b07353_75x75px.jpg", "thumb": "https://tile.loc.gov/storage-services/service/pnp/cph/3b00000/3b07000/3b07300/3b07353_150px.jpg"}, "created": "2016-04-20T00:00:00Z", "modified": "2016-04-20T00:00:00Z", "collection": ["cpbr", "diof", "pp"], "creator": "Byron, Frederick George, 1764-1792", "call_number": "PC 2 - Sweet delights ... (A size) [P&P]", "medium_brief": "1 print :", "source_modified": "2007-05-18T00:00:00Z", "pk": "2003675436", "created_published_date": "[between 1788 and 1792]", "subjects": ["Families--England--1780-1800.", "Domestic life--England--1780-1800.", "Aquatints--Hand-colored--1780-1800.", "Satires (Visual works)--British--1780-1800."]}, {"source_created": "2003-09-15T00:00:00Z", "index": 7, "medium": "1 print : engraving, hand-colored.", "reproduction_number": "LC-USZ62-59619 (b&w film copy neg.)\nLC-USZ62-22407 (b&w film copy neg.)", "links": {"item": "https://www.loc.gov/pictures/item/2003675452/", "resource": "https://www.loc.gov/pictures/item/2003675452/resource/"}, "title": "The whim", "image": {"alt": "digitized item thumbnail", "full": "https://tile.loc.gov/storage-services/service/pnp/cph/3b00000/3b07000/3b07300/3b07361r.jpg", "square": "https://tile.loc.gov/storage-services/service/pnp/cph/3b00000/3b07000/3b07300/3b07361_75x75px.jpg", "thumb": "https://tile.loc.gov/storage-services/service/pnp/cph/3b00000/3b07000/3b07300/3b07361_150px.jpg"}, "created": "2016-04-20T00:00:00Z", "modified": "2016-04-20T00:00:00Z", "collection": ["cpbr", "diof", "pp"], "creator": null, "call_number": "PC 3 - 1808--Whim (A size) [P&P]", "medium_brief": "1 print :", "source_modified": "2007-05-18T00:00:00Z", "pk": "2003675452", "created_published_date": "1808 Decr. 12.", "subjects": ["Marriage--England--1800-1810.", "Eating & drinking--England--1800-1810.", "Taverns (Inns)--England--1800-1810.", "Women--Employment--England--1800-1810.", "Engravings--Hand-colored--1800-1810.", "Satires (Visual works)--British--1800-1810."]}, {"source_created": "2003-09-15T00:00:00Z", "index": 8, "medium": "1 print : etching and aquatint.", "reproduction_number": "LC-USZ62-59616 (b&w film copy neg.)", "links": {"item": "https://www.loc.gov/pictures/item/2003675455/", "resource": "https://www.loc.gov/pictures/item/2003675455/resource/"}, "title": "The danger of crim con!", "image": {"alt": "digitized item thumbnail", "full": "https://tile.loc.gov/storage-services/service/pnp/cph/3b00000/3b07000/3b07300/3b07358r.jpg", "square": "https://tile.loc.gov/storage-services/service/pnp/cph/3b00000/3b07000/3b07300/3b07358_75x75px.jpg", "thumb": "https://tile.loc.gov/storage-services/service/pnp/cph/3b00000/3b07000/3b07300/3b07358_150px.jpg"}, "created": "2016-04-20T00:00:00Z", "modified": "2016-04-20T00:00:00Z", "collection": ["cpbr", "diof", "pp"], "creator": "Woodward, G. M. (George Moutard), approximately 1760-1809", "call_number": "PC 3 - 1797--Danger of crim con (A size) [P&P]", "medium_brief": "1 print :", "source_modified": "2013-05-29T00:00:00Z", "pk": "2003675455", "created_published_date": "1797 July 14.", "subjects": ["Adultery--England--1790-1800.", "Aquatints--1790-1800.", "Satires (Visual works)--British--1790-1800."]}, {"source_created": "2003-09-15T00:00:00Z", "index": 9, "medium": "1 print : etching, hand-colored.", "reproduction_number": "LC-USZ62-59618 (b&w film copy neg.)", "links": {"item": "https://www.loc.gov/pictures/item/2003675456/", "resource": "https://www.loc.gov/pictures/item/2003675456/resource/"}, "title": "College fun, or quizzing the proctor", "image": {"alt": "digitized item thumbnail", "full": "https://tile.loc.gov/storage-services/service/pnp/cph/3b00000/3b07000/3b07300/3b07360r.jpg", "square": "https://tile.loc.gov/storage-services/service/pnp/cph/3b00000/3b07000/3b07300/3b07360_75x75px.jpg", "thumb": "https://tile.loc.gov/storage-services/service/pnp/cph/3b00000/3b07000/3b07300/3b07360_150px.jpg"}, "created": "2016-04-20T00:00:00Z", "modified": "2016-04-20T00:00:00Z", "collection": ["cpbr", "diof", "pp"], "creator": null, "call_number": "PC 3 - 1796--College fun ... (A size) [P&P]", "medium_brief": "1 print :", "source_modified": "2007-05-18T00:00:00Z", "pk": "2003675456", "created_published_date": "1796 Nov. 6th.", "subjects": ["Students--England--1790-1800.", "Teachers--England--1790-1800", "Practical jokes--1790-1800.", "Hypocrisy--1790-1800.", "Etchings--Hand-colored--1790-1800.", "Satires (Visual works)--British--1790-1800."]}, {"source_created": "2003-09-15T00:00:00Z", "index": 10, "medium": "1 print : aquatint, hand-colored.", "reproduction_number": "LC-DIG-ds-07537 (digital file from original item)\nLC-USZ62-59625 (b&w film copy neg.)", "links": {"item": "https://www.loc.gov/pictures/item/2003675458/", "resource": "https://www.loc.gov/pictures/item/2003675458/resource/"}, "title": "The fashions of the day, or time past and time present", "image": {"alt": "digitized item thumbnail", "full": "https://tile.loc.gov/storage-services/service/pnp/ds/07500/07537r.jpg", "square": "https://tile.loc.gov/storage-services/service/pnp/ds/07500/07537_75x75px.jpg", "thumb": "https://tile.loc.gov/storage-services/service/pnp/ds/07500/07537_150px.jpg"}, "created": "2016-04-20T00:00:00Z", "modified": "2016-04-20T00:00:00Z", "collection": ["cpbr", "diof", "pp"], "creator": "Woodward, G. M. (George Moutard), approximately 1760-1809", "call_number": "PC 3 - 1807--Fashions of the day ... (A size) [P&P]", "medium_brief": "1 print :", "source_modified": "2015-06-30T00:00:00Z", "pk": "2003675458", "created_published_date": "1807 Nov. 2d.", "subjects": ["Dresses--1800-1810.", "Dresses--1740.", "Women--Clothing & dress--England--1800-1810.", "Women--Clothing & dress--England--1740.", "Aquatints--Hand-colored--1800-1810.", "Satires (Visual works)--British--1800-1810.", "Then & now comparisons--1800-1810."]}, {"source_created": "2003-09-16T00:00:00Z", "index": 11, "medium": "1 print : etching.", "reproduction_number": "LC-USZ62-59623 (b&w film copy neg.)", "links": {"item": "https://www.loc.gov/pictures/item/2003675460/", "resource": "https://www.loc.gov/pictures/item/2003675460/resource/"}, "title": "Harris's list; or, Cupid's London directory", "image": {"alt": "digitized item thumbnail", "full": "https://tile.loc.gov/storage-services/service/pnp/cph/3b00000/3b07000/3b07300/3b07365r.jpg", "square": "https://tile.loc.gov/storage-services/service/pnp/cph/3b00000/3b07000/3b07300/3b07365_75x75px.jpg", "thumb": "https://tile.loc.gov/storage-services/service/pnp/cph/3b00000/3b07000/3b07300/3b07365_150px.jpg"}, "created": "2016-04-20T00:00:00Z", "modified": "2016-04-20T00:00:00Z", "collection": ["cpbr", "diof", "pp"], "creator": "Newton, Richard, 1777-1798", "call_number": "PC 3 - 1794--Harris's list ... (A size) [P&P]", "medium_brief": "1 print :", "source_modified": "2007-05-18T00:00:00Z", "pk": "2003675460", "created_published_date": "1794 May 24.", "subjects": ["Prostitution--England--1790-1800.", "Brothels--England--1790-1800.", "Relations between the sexes--England--1790-1800.", "Etchings--1790-1800.", "Satires (Visual works)--British--1790-1800."]}, {"source_created": "2003-09-22T00:00:00Z", "index": 12, "medium": "1 print : engraving and etching.", "reproduction_number": "LC-USZ62-59604 (b&w film copy neg.)", "links": {"item": "https://www.loc.gov/pictures/item/2003675463/", "resource": "https://www.loc.gov/pictures/item/2003675463/resource/"}, "title": "A poor man loaded with mischief, or matrimon[y]", "image": {"alt": "digitized item thumbnail", "full": "https://tile.loc.gov/storage-services/service/pnp/cph/3b00000/3b07000/3b07300/3b07346r.jpg", "square": "https://tile.loc.gov/storage-services/service/pnp/cph/3b00000/3b07000/3b07300/3b07346_75x75px.jpg", "thumb": "https://tile.loc.gov/storage-services/service/pnp/cph/3b00000/3b07000/3b07300/3b07346_150px.jpg"}, "created": "2016-04-20T00:00:00Z", "modified": "2016-04-20T00:00:00Z", "collection": ["cpbr", "diof", "pp"], "creator": null, "call_number": "PC 3 - 1752--Poor man loaded ... (A size) [P&P]", "medium_brief": "1 print :", "source_modified": "2007-05-18T00:00:00Z", "pk": "2003675463", "created_published_date": "1752 October 1st.", "subjects": ["Relations between the sexes--England--1750-1760.", "Marriage--England--1750-1760.", "Intoxication--1750-1760.", "Distress--1750-1760.", "Brothels--England--1750-1760.", "Intaglio prints--1750-1760.", "Satires (Visual works)--British--1750-1760."]}, {"source_created": "2003-09-22T00:00:00Z", "index": 13, "medium": "1 print : engraving.", "reproduction_number": "LC-USZ62-59613 (b&w film copy neg.)", "links": {"item": "https://www.loc.gov/pictures/item/2003675464/", "resource": "https://www.loc.gov/pictures/item/2003675464/resource/"}, "title": "Flagellation", "image": {"alt": "digitized item thumbnail", "full": "https://tile.loc.gov/storage-services/service/pnp/cph/3b00000/3b07000/3b07300/3b07355r.jpg", "square": "https://tile.loc.gov/storage-services/service/pnp/cph/3b00000/3b07000/3b07300/3b07355_75x75px.jpg", "thumb": "https://tile.loc.gov/storage-services/service/pnp/cph/3b00000/3b07000/3b07300/3b07355_150px.jpg"}, "created": "2016-04-20T00:00:00Z", "modified": "2016-04-20T00:00:00Z", "collection": ["cpbr", "diof", "pp"], "creator": "June, John", "call_number": "PC 3 - 1752--Flagellation (A size) [P&P]", "medium_brief": "1 print :", "source_modified": "2007-05-18T00:00:00Z", "pk": "2003675464", "created_published_date": "1752 March 26.", "subjects": ["Whipping--England--1750-1760.", "Masochism--1750-1760.", "Buttocks--1750-1760.", "Relations between the sexes--England--1750-1760.", "Engravings--1750-1760.", "Satires (Visual works)--British--1750-1760."]}, {"source_created": "2003-09-22T00:00:00Z", "index": 14, "medium": "1 print : etching.", "reproduction_number": "LC-USZ62-23103 (b&w film copy neg.)", "links": {"item": "https://www.loc.gov/pictures/item/2003675465/", "resource": "https://www.loc.gov/pictures/item/2003675465/resource/"}, "title": "Lawyers in term", "image": {"alt": "digitized item thumbnail", "full": "https://tile.loc.gov/storage-services/service/pnp/cph/3a20000/3a24000/3a24100/3a24171r.jpg", "square": "https://tile.loc.gov/storage-services/service/pnp/cph/3a20000/3a24000/3a24100/3a24171_75x75px.jpg", "thumb": "https://tile.loc.gov/storage-services/service/pnp/cph/3a20000/3a24000/3a24100/3a24171_150px.jpg"}, "created": "2016-04-20T00:00:00Z", "modified": "2016-04-20T00:00:00Z", "collection": ["cpbr", "diof", "pp"], "creator": null, "call_number": "PC 3 - 1786--Lawyers in term (A size) [P&P]", "medium_brief": "1 print :", "source_modified": "2007-05-18T00:00:00Z", "pk": "2003675465", "created_published_date": "1786 Feby. 13.", "subjects": ["Law & legal affairs--England--1780-1790.", "Lawyers--England--1780-1790.", "Etchings--1780-1790.", "Satires (Visual works)--British--1780-1790."]}, {"source_created": "2003-09-23T00:00:00Z", "index": 15, "medium": "1 print : etching.", "reproduction_number": "LC-USZ62-59620 (b&w film copy neg.)", "links": {"item": "https://www.loc.gov/pictures/item/2003675467/", "resource": "https://www.loc.gov/pictures/item/2003675467/resource/"}, "title": "Pro forma, or an examination in the public schools at Ox-d for a degree", "image": {"alt": "digitized item thumbnail", "full": "https://tile.loc.gov/storage-services/service/pnp/cph/3b00000/3b07000/3b07300/3b07362r.jpg", "square": "https://tile.loc.gov/storage-services/service/pnp/cph/3b00000/3b07000/3b07300/3b07362_75x75px.jpg", "thumb": "https://tile.loc.gov/storage-services/service/pnp/cph/3b00000/3b07000/3b07300/3b07362_150px.jpg"}, "created": "2016-04-20T00:00:00Z", "modified": "2016-04-20T00:00:00Z", "collection": ["cpbr", "diof", "pp"], "creator": null, "call_number": "PC 3 - 1789--Pro forma ... (A size) [P&P]", "medium_brief": "1 print :", "source_modified": "2007-05-18T00:00:00Z", "pk": "2003675467", "created_published_date": "1789 June 20.", "subjects": ["Education--England--1780-1790.", "Students--England--1780-1790.", "Teachers--England--1780-1790.", "Examinations--England--1780-1790.", "Etchings--1780-1790.", "Satires (Visual works)--British--1780-1790."]}, {"source_created": "2003-11-24T00:00:00Z", "index": 16, "medium": "1 print : etching, ; 28 x 37.9 cm. (sheet)", "reproduction_number": "LC-DIG-ppmsca-04307 (digital file from original)", "links": {"item": "https://www.loc.gov/pictures/item/2003689150/", "resource": "https://www.loc.gov/pictures/item/2003689150/resource/"}, "title": "The eclipse at an end - and political tilting discovered", "image": {"alt": "digitized item thumbnail", "full": "https://tile.loc.gov/storage-services/service/pnp/ppmsca/04300/04307r.jpg", "square": "https://tile.loc.gov/storage-services/service/pnp/ppmsca/04300/04307_75x75px.jpg", "thumb": "https://tile.loc.gov/storage-services/service/pnp/ppmsca/04300/04307_150px.jpg"}, "created": "2016-04-20T00:00:00Z", "modified": "2016-04-20T00:00:00Z", "collection": ["cpbr", "diof", "pp"], "creator": null, "call_number": "PC 2 - Eclipse at an end ... (A size) [P&P]", "medium_brief": "1 print :", "source_modified": "2007-05-18T00:00:00Z", "pk": "2003689150", "created_published_date": "[1789?]", "subjects": ["George--III,--King of Great Britain,--1738-1820.", "George--IV,--King of Great Britain,--1762-1830.", "Thurlow, Edward Thurlow,--Baron,--1731-1806", "Pitt, William,--1759-1806.", "Politics & government--Great Britain--1780-1790.", "Rulers--Great Britain--1780-1790.", "Eclipses--1780-1790.", "Etchings--1780-1790.", "Satires (Visual works)--British--1780-1790."]}, {"source_created": "2003-11-25T00:00:00Z", "index": 17, "medium": "1 print : etching ; 22.6 x 26.7 cm. (sheet)", "reproduction_number": "LC-DIG-ppmsca-04313 (digital file from original)", "links": {"item": "https://www.loc.gov/pictures/item/2003689155/", "resource": "https://www.loc.gov/pictures/item/2003689155/resource/"}, "title": "The Tories and the Whigs pulling for a crown", "image": {"alt": "digitized item thumbnail", "full": "https://tile.loc.gov/storage-services/service/pnp/ppmsca/04300/04313r.jpg", "square": "https://tile.loc.gov/storage-services/service/pnp/ppmsca/04300/04313_75x75px.jpg", "thumb": "https://tile.loc.gov/storage-services/service/pnp/ppmsca/04300/04313_150px.jpg"}, "created": "2016-04-20T00:00:00Z", "modified": "2016-04-20T00:00:00Z", "collection": ["cpbr", "diof", "pp"], "creator": null, "call_number": "PC 3 - 1789--Tories and the Whigs ... (A size) [P&P]", "medium_brief": "1 print :", "source_modified": "2007-05-18T00:00:00Z", "pk": "2003689155", "created_published_date": "1789 Jany. ye 2nd.", "subjects": ["George--IV,--King of Great Britain,--1762-1830.", "Pitt, William,--1759-1806.", "Thurlow, Edward Thurlow,--Baron,--1731-1806.", "Burke, Edmund,--1729-1797.", "Fox, Charles James,--1749-1806.", "Tug of war--1780-1790.", "Politics & government--England--1780-1790.", "Etchings--1780-1790.", "Satires (Visual works)--British--1780-1790."]}, {"source_created": "2003-11-25T00:00:00Z", "index": 18, "medium": "1 print : etching, hand-colored ; 35.7 x 26.1 cm. (sheet)", "reproduction_number": "LC-DIG-ppmsca-04316 (digital file from original)", "links": {"item": "https://www.loc.gov/pictures/item/2003689158/", "resource": "https://www.loc.gov/pictures/item/2003689158/resource/"}, "title": "The arch dutchess Maria Louisa going to take her NAP", "image": {"alt": "digitized item thumbnail", "full": "https://tile.loc.gov/storage-services/service/pnp/ppmsca/04300/04316r.jpg", "square": "https://tile.loc.gov/storage-services/service/pnp/ppmsca/04300/04316_75x75px.jpg", "thumb": "https://tile.loc.gov/storage-services/service/pnp/ppmsca/04300/04316_150px.jpg"}, "created": "2016-04-20T00:00:00Z", "modified": "2016-04-20T00:00:00Z", "collection": ["cpbr", "diof", "pp"], "creator": null, "call_number": "PC 3 - 1810 - Arch Dutchess Maria Louisa ... (A size) [P&P] PC 3 - 1810 - Arch Dutchess Maria Louisa ... Another impression.", "medium_brief": "1 print :", "source_modified": "2007-06-28T00:00:00Z", "pk": "2003689158", "created_published_date": "1810 April 12.", "subjects": ["Napoleon--I,--Emperor of the French,--1769-1821.", "Marie Louise,--Empress, consort of Napoleon I, Emperor of the French,--1791-1847.", "Beds--1810.", "Etchings--Hand-colored--1810.", "Satires (Visual works)--British--1810."]}, {"source_created": "2003-11-25T00:00:00Z", "index": 19, "medium": "1 print : etching, hand-colored ; 24.3 x 35.1 cm. (sheet)", "reproduction_number": "LC-DIG-ppmsca-04317 (digital file from original)", "links": {"item": "https://www.loc.gov/pictures/item/2003689159/", "resource": "https://www.loc.gov/pictures/item/2003689159/resource/"}, "title": "Merry making on the regents birth day, 1812", "image": {"alt": "digitized item thumbnail", "full": "https://tile.loc.gov/storage-services/service/pnp/ppmsca/04300/04317r.jpg", "square": "https://tile.loc.gov/storage-services/service/pnp/ppmsca/04300/04317_75x75px.jpg", "thumb": "https://tile.loc.gov/storage-services/service/pnp/ppmsca/04300/04317_150px.jpg"}, "created": "2016-04-20T00:00:00Z", "modified": "2016-04-20T00:00:00Z", "collection": ["cpbr", "diof", "pp"], "creator": "Cruikshank, George, 1792-1878", "call_number": "PC 3 - 1812--Merry making ... (A size) [P&P]", "medium_brief": "1 print :", "source_modified": "2007-05-21T00:00:00Z", "pk": "2003689159", "created_published_date": "1812 August.", "subjects": ["George--IV,--King of Great Britain,--1762-1830.", "Birthday parties--England--1810-1820.", "Adultery--England--1810-1820.", "Wealth--England--1810-1820.", "Poverty--England--1810-1820.", "Etchings--Hand-colored--1810-1820.", "Satires (Visual works)--British--1810-1820."]}, {"source_created": "2003-11-25T00:00:00Z", "index": 20, "medium": "1 print : etching, hand-colored ; 25.3 x 39 cm. (sheet)", "reproduction_number": "LC-DIG-ppmsca-04318 (digital file from original)", "links": {"item": "https://www.loc.gov/pictures/item/2003689160/", "resource": "https://www.loc.gov/pictures/item/2003689160/resource/"}, "title": "The Kremlin in commotion - or - the Grand Lama sick of the horn cholic", "image": {"alt": "digitized item thumbnail", "full": "https://tile.loc.gov/storage-services/service/pnp/ppmsca/04300/04318r.jpg", "square": "https://tile.loc.gov/storage-services/service/pnp/ppmsca/04300/04318_75x75px.jpg", "thumb": "https://tile.loc.gov/storage-services/service/pnp/ppmsca/04300/04318_150px.jpg"}, "created": "2016-04-20T00:00:00Z", "modified": "2016-04-20T00:00:00Z", "collection": ["cpbr", "diof", "pp"], "creator": null, "call_number": "PC 3 - 1820--Kremlin in commotion ... (A size) [P&P]", "medium_brief": "1 print :", "source_modified": "2007-05-18T00:00:00Z", "pk": "2003689160", "created_published_date": "1820 Decr. 1st.", "subjects": ["George--IV,--King of Great Britain,--1762-1830.", "Caroline,--Queen, consort of George IV, King of Great Britain,--1768-1821.", "Divorce--England--1820.", "Etchings--Hand-colored--1820.", "Satires (Visual works)--British--1820."]}]}