{"search": {"field": "subject", "hits": 26, "sort_order": null, "do_facets": true, "focus_item": null, "query": "Famines", "type": "search", "sort_by": null}, "focus": null, "views": {"current": "list", "grid": "https://www.loc.gov/pictures/search/?q=Famines&fi=subject&va=exact&st=grid&op=PHRASE", "list": "https://www.loc.gov/pictures/search/?q=Famines&fi=subject&op=PHRASE&va=exact", "gallery": "https://www.loc.gov/pictures/search/?q=Famines&fi=subject&va=exact&st=gallery&op=PHRASE", "slideshow": "https://www.loc.gov/pictures/search/?q=Famines&fi=subject&va=exact&st=slideshow&op=PHRASE"}, "facets": [{"type": "displayed", "filters": [{"count": 10, "on": "https://www.loc.gov/pictures/search/?va=exact&sp=1&q=Famines&fa=displayed%3Aanywhere&fi=subject&op=PHRASE&fo=json", "selected": false, "off": "https://www.loc.gov/pictures/search/?va=exact&sp=1&q=Famines&fi=subject&fo=json&op=PHRASE", "title": "Larger image available anywhere"}, {"count": 14, "on": "https://www.loc.gov/pictures/search/?va=exact&sp=1&q=Famines&fa=displayed%3Alc_only&fi=subject&op=PHRASE&fo=json", "selected": false, "off": "https://www.loc.gov/pictures/search/?va=exact&sp=1&q=Famines&fi=subject&fo=json&op=PHRASE", "title": "Larger image available only at the Library of Congress"}, {"count": 2, "on": "https://www.loc.gov/pictures/search/?va=exact&sp=1&q=Famines&fa=displayed%3Anot_digitized&fi=subject&op=PHRASE&fo=json", "selected": false, "off": "https://www.loc.gov/pictures/search/?va=exact&sp=1&q=Famines&fi=subject&fo=json&op=PHRASE", "title": "Not Digitized"}], "title": "displayed"}], "links": {"json": "//www.loc.gov/pictures/search/?fi=subject&q=Famines&op=PHRASE&va=exact&fo=json", "html": "//www.loc.gov/pictures/search/?fi=subject&q=Famines&op=PHRASE&va=exact", "rss": "//www.loc.gov/pictures/search/?fi=subject&q=Famines&op=PHRASE&va=exact&fo=rss"}, "suggestions": {"possible": []}, "pages": {"current": 1, "next": "https://www.loc.gov/pictures/search/?q=Famines&fi=subject&sp=2&op=PHRASE&va=exact", "perpage": 20, "last": "https://www.loc.gov/pictures/search/?q=Famines&fi=subject&sp=2&op=PHRASE&va=exact", "page_list": [{"url": null, "number": 1}, {"url": "https://www.loc.gov/pictures/search/?q=Famines&fi=subject&sp=2&op=PHRASE&va=exact", "number": 2}], "previous": null, "total": 2, "results": "1 - 20", "first": null}, "collection": null, "results": [{"source_created": "2001-03-27T00:00:00Z", "index": 1, "medium": "1 print : aquatint, color.", "reproduction_number": "LC-USZ62-127748 (b&w film copy neg.)", "links": {"item": "https://www.loc.gov/pictures/item/2001695720/", "resource": "https://www.loc.gov/pictures/item/2001695720/resource/"}, "title": "D'Aguesseau sauve la France pendant la famine 1709", "image": {"alt": "digitized item thumbnail", "full": "https://tile.loc.gov/storage-services/service/pnp/cph/3c20000/3c27000/3c27700/3c27748r.jpg", "square": "https://tile.loc.gov/storage-services/service/pnp/cph/3c20000/3c27000/3c27700/3c27748_75x75px.jpg", "thumb": "https://tile.loc.gov/storage-services/service/pnp/cph/3c20000/3c27000/3c27700/3c27748_150px.jpg"}, "created": "2016-04-20T00:00:00Z", "modified": "2016-04-20T00:00:00Z", "collection": ["cph", "diof", "pp"], "creator": null, "call_number": "Illus. in N7604.B5 (Case X) [P&P]", "medium_brief": "1 print :", "source_modified": "2013-12-04T00:00:00Z", "pk": "2001695720", "created_published_date": "1792.", "subjects": ["Aguesseau, H. Fr. d'--(Henri Fran\u00e7ois),--1668-1751.", "Famines--France--1700-1710.", "Food relief--France--1700-1710.", "Granaries--France--1700-1710.", "Aquatints--Color--1790-1800.", "Book illustrations--1790-1800."]}, {"source_created": "2004-03-31T00:00:00Z", "index": 2, "medium": "1 photographic print.", "reproduction_number": "LC-USZ62-134165 (b&w film copy neg.)", "links": {"item": "https://www.loc.gov/pictures/item/2004669937/", "resource": "https://www.loc.gov/pictures/item/2004669937/resource/"}, "title": "[Large group of children and adults begging for food in the Hunan Province, China]", "image": {"alt": "digitized item thumbnail", "full": "https://tile.loc.gov/storage-services/service/pnp/cph/3c30000/3c34000/3c34100/3c34165_150px.jpg", "square": "https://tile.loc.gov/storage-services/service/pnp/cph/3c30000/3c34000/3c34100/3c34165_75x75px.jpg", "thumb": "https://tile.loc.gov/storage-services/service/pnp/cph/3c30000/3c34000/3c34100/3c34165_150px.jpg"}, "created": "2016-04-20T00:00:00Z", "modified": "2016-04-20T00:00:00Z", "collection": ["cph", "pp"], "creator": "Church, Harlow", "call_number": "NYWTS - SUBJ/GEOG--China--Famine Scenes [item] [P&P]", "medium_brief": "1 photographic print.", "source_modified": "2005-05-18T00:00:00Z", "pk": "2004669937", "created_published_date": "1946 May 5.", "subjects": ["Famines--China--Hunan Sheng--1940-1950.", "Scarcity--China--Hunan Sheng--1940-1950.", "Children--China--Hunan Sheng--1940-1950.", "China--History--Civil War, 1945-1949--Economic & industrial aspects.", "Photographic prints--1940-1950."]}, {"source_created": "2005-01-18T00:00:00Z", "index": 3, "medium": "1 photographic print : gelatin silver.", "reproduction_number": "LC-DIG-ppmsca-07586 (digital file from original photo)", "links": {"item": "https://www.loc.gov/pictures/item/2005677201/", "resource": "https://www.loc.gov/pictures/item/2005677201/resource/"}, "title": "[Distribution of rice during time of famine in the Kiangsu Province or Yunnan Province in China]", "image": {"alt": "digitized item thumbnail", "full": "https://tile.loc.gov/storage-services/service/pnp/ppmsca/07500/07586r.jpg", "square": "https://tile.loc.gov/storage-services/service/pnp/ppmsca/07500/07586_75x75px.jpg", "thumb": "https://tile.loc.gov/storage-services/service/pnp/ppmsca/07500/07586_150px.jpg"}, "created": "2016-04-20T00:00:00Z", "modified": "2016-04-20T00:00:00Z", "collection": ["cph", "diof", "pp"], "creator": "Rothstein, Arthur, 1915-1985", "call_number": "LOT 12448, no. 9 [P&P]", "medium_brief": "1 photographic print :", "source_modified": "2009-06-12T00:00:00Z", "pk": "2005677201", "created_published_date": "[1946]", "subjects": ["Rice--China--1940-1950.", "Food relief--China--1940-1950.", "Famines--China--1940-1950.", "Gelatin silver prints--1940-1950."]}, {"source_created": "2005-09-12T00:00:00Z", "index": 4, "medium": "1 photographic print.", "reproduction_number": "LC-DIG-ppmsca-09201 (digital file from original photograph)", "links": {"item": "https://www.loc.gov/pictures/item/2005694361/", "resource": "https://www.loc.gov/pictures/item/2005694361/resource/"}, "title": "Famine knows no shame", "image": {"alt": "digitized item thumbnail", "full": "https://tile.loc.gov/storage-services/service/pnp/ppmsca/09200/09201_150px.jpg", "square": "https://tile.loc.gov/storage-services/service/pnp/ppmsca/09200/09201_75x75px.jpg", "thumb": "https://tile.loc.gov/storage-services/service/pnp/ppmsca/09200/09201_150px.jpg"}, "created": "2016-04-20T00:00:00Z", "modified": "2016-04-20T00:00:00Z", "collection": ["cph", "pp"], "creator": "Gut, Richard E.", "call_number": "NYWTS - SUBJ/GEOG--China--Food [item] [P&P]", "medium_brief": "1 photographic print.", "source_modified": "2005-09-14T00:00:00Z", "pk": "2005694361", "created_published_date": "1962.", "subjects": ["Chinese--Health & welfare--China--Canton--1960-1970.", "Famines--China--Canton--1960-1970.", "Photographic prints--1960-1970."]}, {"source_created": "2009-09-21T00:00:00Z", "index": 5, "medium": "1 print : etching, hand-colored ; on sheet 20 x 14.5 cm.", "reproduction_number": "LC-USZC2-3573 (color film copy slide)", "links": {"item": "https://www.loc.gov/pictures/item/2009633434/", "resource": "https://www.loc.gov/pictures/item/2009633434/resource/"}, "title": "Quand ce ra la Poule au Pot", "image": {"alt": "digitized item thumbnail", "full": "https://tile.loc.gov/storage-services/service/pnp/cph/3b50000/3b51000/3b51500/3b51526r.jpg", "square": "https://tile.loc.gov/storage-services/service/pnp/cph/3b50000/3b51000/3b51500/3b51526_75x75px.jpg", "thumb": "https://tile.loc.gov/storage-services/service/pnp/cph/3b50000/3b51000/3b51500/3b51526_150px.jpg"}, "created": "2016-04-20T00:00:00Z", "modified": "2016-04-20T00:00:00Z", "collection": ["cph", "diof", "pp"], "creator": null, "call_number": "PC 5 - 1789, no. 32 (A size) [P&P]", "medium_brief": "1 print :", "source_modified": "2009-09-21T00:00:00Z", "pk": "2009633434", "created_published_date": "1789]", "subjects": ["France.--\u00c9tats g\u00e9n\u00e9raux.--Tiers \u00c9tat.", "Poor persons--France--1780-1790.", "Peasants--France--1780-1790.", "Starvation--France--1780-1790.", "Scarcity--France--1780-1790.", "Famines--France--1780-1790.", "Chickens--France--1780-1790.", "France--History--Revolution, 1789-1799.", "Etchings--French--Hand-colored--1780-1790.", "Satires (Visual works)--French--1780-1790."]}, {"source_created": "2009-12-02T00:00:00Z", "index": 6, "medium": "1 drawing.", "reproduction_number": "LC-DIG-hlb-01374 (digital file from original drawing)", "links": {"item": "https://www.loc.gov/pictures/item/2010636858/", "resource": "https://www.loc.gov/pictures/item/2010636858/resource/"}, "title": "Arrivals in India", "image": {"alt": "digitized item thumbnail", "full": "https://tile.loc.gov/storage-services/service/pnp/hlb/01300/01374_150px.jpg", "square": "https://tile.loc.gov/storage-services/service/pnp/hlb/01300/01374_75x75px.jpg", "thumb": "https://tile.loc.gov/storage-services/service/pnp/hlb/01300/01374_150px.jpg"}, "created": "2016-04-20T00:00:00Z", "modified": "2016-04-20T00:00:00Z", "collection": ["hlb", "minload", "pp"], "creator": "Block, Herbert, 1909-2001", "call_number": "BLOCK, no. 1374 (BB size) [P&P]", "medium_brief": "1 drawing.", "source_modified": "2012-06-28T00:00:00Z", "pk": "2010636858", "created_published_date": "[1946 Mar.] c1946.", "subjects": ["Famines--India.", "Liberty--India.", "Drawings--American.", "Editorial cartoons--American."]}, {"source_created": "2012-06-21T00:00:00Z", "index": 7, "medium": "1 drawing.", "reproduction_number": "LC-DIG-hlb-02029 (digital file from original drawing)", "links": {"item": "https://www.loc.gov/pictures/item/2012632133/", "resource": "https://www.loc.gov/pictures/item/2012632133/resource/"}, "title": "Song of India", "image": {"alt": "digitized item thumbnail", "full": "https://tile.loc.gov/storage-services/service/pnp/hlb/02000/02029_150px.jpg", "square": "https://tile.loc.gov/storage-services/service/pnp/hlb/02000/02029_75x75px.jpg", "thumb": "https://tile.loc.gov/storage-services/service/pnp/hlb/02000/02029_150px.jpg"}, "created": "2016-04-20T00:00:00Z", "modified": "2016-04-20T00:00:00Z", "collection": ["hlb", "minload", "pp"], "creator": "Block, Herbert, 1909-2001", "call_number": "BLOCK, no. 2029 (BB size) [P&P]", "medium_brief": "1 drawing.", "source_modified": "2013-03-21T00:00:00Z", "pk": "2012632133", "created_published_date": "9-15-[19]48.", "subjects": ["Famines--India", "Musicians", "Death", "Drawings--American.", "Editorial cartoons--American."]}, {"source_created": "2012-06-21T00:00:00Z", "index": 8, "medium": "1 drawing.", "reproduction_number": "LC-DIG-hlb-02646 (digital file from original drawing)", "links": {"item": "https://www.loc.gov/pictures/item/2012632305/", "resource": "https://www.loc.gov/pictures/item/2012632305/resource/"}, "title": "\"We've got a good ally fighting Yugoslavia for us\"", "image": {"alt": "digitized item thumbnail", "full": "https://tile.loc.gov/storage-services/service/pnp/hlb/02600/02646_150px.jpg", "square": "https://tile.loc.gov/storage-services/service/pnp/hlb/02600/02646_75x75px.jpg", "thumb": "https://tile.loc.gov/storage-services/service/pnp/hlb/02600/02646_150px.jpg"}, "created": "2016-04-20T00:00:00Z", "modified": "2016-04-20T00:00:00Z", "collection": ["hlb", "minload", "pp"], "creator": "Block, Herbert, 1909-2001", "call_number": "BLOCK, no. 2646 (BB size) [P&P]", "medium_brief": "1 drawing.", "source_modified": "2015-06-11T00:00:00Z", "pk": "2012632305", "created_published_date": "11-26-[19]50.", "subjects": ["Stalin, Joseph,--1878-1953.", "International relations--Korea (North)", "Starvation", "Whips", "Famines", "Ghouls", "maps", "Drawings--American.", "Editorial cartoons--American."]}, {"source_created": "1989-05-24T00:00:00Z", "index": 9, "medium": "1 photographic. print.", "reproduction_number": "LC-USZ62-96998 (b&w film copy neg.)", "links": {"item": "https://www.loc.gov/pictures/item/89710084/", "resource": "https://www.loc.gov/pictures/item/89710084/resource/"}, "title": "The Bitter truth--actual conditions in the Russian starvation area", "image": {"alt": "digitized item thumbnail", "full": "https://tile.loc.gov/storage-services/service/pnp/cph/3b40000/3b46000/3b46800/3b46812_150px.jpg", "square": "https://tile.loc.gov/storage-services/service/pnp/cph/3b40000/3b46000/3b46800/3b46812_75x75px.jpg", "thumb": "https://tile.loc.gov/storage-services/service/pnp/cph/3b40000/3b46000/3b46800/3b46812_150px.jpg"}, "created": "2016-04-20T00:00:00Z", "modified": "2016-04-20T00:00:00Z", "collection": ["cph", "pp"], "creator": null, "call_number": "SSF - Famines--Russia--1921 <item> [P&P]", "medium_brief": "1 photographic. print.", "source_modified": "2011-11-22T00:00:00Z", "pk": "89710084", "created_published_date": "1921 Oct. 8.", "subjects": ["Famines--Soviet Union--1920-1930.", "Abandoned children--Soviet Union--1920-1930.", "Soviet Union--History--Famine, 1921-1922.", "Photographic. prints--1920-1930."]}, {"source_created": "1989-05-24T00:00:00Z", "index": 10, "medium": "1 photographic print.", "reproduction_number": "LC-USZ62-96999 (b&w film copy neg.)", "links": {"item": "https://www.loc.gov/pictures/item/89710087/", "resource": "https://www.loc.gov/pictures/item/89710087/resource/"}, "title": "Black despair in famine stricken Russia", "image": {"alt": "digitized item thumbnail", "full": "https://tile.loc.gov/storage-services/service/pnp/cph/3b40000/3b43000/3b43100/3b43100_150px.jpg", "square": "https://tile.loc.gov/storage-services/service/pnp/cph/3b40000/3b43000/3b43100/3b43100_75x75px.jpg", "thumb": "https://tile.loc.gov/storage-services/service/pnp/cph/3b40000/3b43000/3b43100/3b43100_150px.jpg"}, "created": "2016-04-20T00:00:00Z", "modified": "2016-04-20T00:00:00Z", "collection": ["cph", "pp"], "creator": "Underwood & Underwood.", "call_number": "FOREIGN GEOG FILE - Russia <item> [P&P]", "medium_brief": "1 photographic print.", "source_modified": "2011-11-22T00:00:00Z", "pk": "89710087", "created_published_date": "1921 Oct. 14.", "subjects": ["Famines--Soviet Union--1920-1930.", "Families--Soviet Union--1920-1930.", "Soviet Union--History--Famine, 1921-1922.", "Photographic prints--1920-1930."]}, {"source_created": "1991-07-12T00:00:00Z", "index": 11, "medium": "1 print : wood engraving.", "reproduction_number": "LC-USZ62-103220 (b&w film copy neg.)", "links": {"item": "https://www.loc.gov/pictures/item/91732265/", "resource": "https://www.loc.gov/pictures/item/91732265/resource/"}, "title": "The Herald of relief from America", "image": {"alt": "digitized item thumbnail", "full": "https://tile.loc.gov/storage-services/service/pnp/cph/3c00000/3c03000/3c03200/3c03220r.jpg", "square": "https://tile.loc.gov/storage-services/service/pnp/cph/3c00000/3c03000/3c03200/3c03220_75x75px.jpg", "thumb": "https://tile.loc.gov/storage-services/service/pnp/cph/3c00000/3c03000/3c03200/3c03220_150px.jpg"}, "created": "2016-04-20T00:00:00Z", "modified": "2016-04-20T00:00:00Z", "collection": ["cph", "diof", "pp"], "creator": "Nast, Thomas, 1840-1902", "call_number": "Illus. in AP2.H32 Case Y [P&P]", "medium_brief": "1 print :", "source_modified": "2013-05-18T00:00:00Z", "pk": "91732265", "created_published_date": "1880 February 28.", "subjects": ["Famines--Ireland--1880.", "Periodical illustrations--1880.", "Wood engravings--1880."]}, {"source_created": "1992-01-02T00:00:00Z", "index": 12, "medium": "1 photographic print.", "reproduction_number": "LC-USZ62-95141 (b&w film copy neg.)", "links": {"item": "https://www.loc.gov/pictures/item/92500054/", "resource": "https://www.loc.gov/pictures/item/92500054/resource/"}, "title": "[Two small coffins being carried on stretchers to cemetery in the Volga famine district of Bolshevist Russia]", "image": {"alt": "digitized item thumbnail", "full": "https://tile.loc.gov/storage-services/service/pnp/cph/3b40000/3b41000/3b41300/3b41306r.jpg", "square": "https://tile.loc.gov/storage-services/service/pnp/cph/3b40000/3b41000/3b41300/3b41306_75x75px.jpg", "thumb": "https://tile.loc.gov/storage-services/service/pnp/cph/3b40000/3b41000/3b41300/3b41306_150px.jpg"}, "created": "2016-04-20T00:00:00Z", "modified": "2016-04-20T00:00:00Z", "collection": ["cph", "diof", "pp"], "creator": null, "call_number": "SSF - Famines--Russia--1921 <item> [P&P]", "medium_brief": "1 photographic print.", "source_modified": "2011-11-22T00:00:00Z", "pk": "92500054", "created_published_date": "c1921, Oct. 10.", "subjects": ["Famines--Soviet Union--1920-1930.", "Funeral processions--Soviet Union--1920-1930.", "Soviet Union--History--Famine, 1921-1922.", "Photographic prints--1920-1930."]}, {"source_created": "1999-11-04T00:00:00Z", "index": 13, "medium": "1 photographic print.", "reproduction_number": "LC-USZ62-124245 (b&w film copy neg.)", "links": {"item": "https://www.loc.gov/pictures/item/99472630/", "resource": "https://www.loc.gov/pictures/item/99472630/resource/"}, "title": "New and remarkable photographs from the Russian starvation area--Starving kiddies, deserted by their parents, waiting at the Samara Station, Volga District, where the American Relief Administration is now distributing tons of foodstuffs", "image": {"alt": "digitized item thumbnail", "full": "https://tile.loc.gov/storage-services/service/pnp/cph/3c20000/3c24000/3c24200/3c24245_150px.jpg", "square": "https://tile.loc.gov/storage-services/service/pnp/cph/3c20000/3c24000/3c24200/3c24245_75x75px.jpg", "thumb": "https://tile.loc.gov/storage-services/service/pnp/cph/3c20000/3c24000/3c24200/3c24245_150px.jpg"}, "created": "2016-04-20T00:00:00Z", "modified": "2016-04-20T00:00:00Z", "collection": ["cph", "pp"], "creator": null, "call_number": "SSF - Famines--Russia--1921 [item] [P&P]", "medium_brief": "1 photographic print.", "source_modified": "2002-11-10T00:00:00Z", "pk": "99472630", "created_published_date": "1921.", "subjects": ["Famines--Russia--1920-1930.", "Starvation--Russia--1920-1930.", "Children--Russia--1920-1930.", "Group portraits--1920-1930.", "Photographic prints--1920-1930.", "Portrait photographs--1920-1930."]}, {"source_created": "2004-11-15T00:00:00Z", "index": 14, "medium": "1 photographic print : gelatin silver.", "reproduction_number": "LC-DIG-ppmsca-07415 (digital file from original photo)", "links": {"item": "https://www.loc.gov/pictures/item/2004679154/", "resource": "https://www.loc.gov/pictures/item/2004679154/resource/"}, "title": "[A man with a shovel burying a child in a shallow grave in a rural area in the Kiangsu Province or Yunnan Province in China]", "image": {"alt": "digitized item thumbnail", "full": "https://tile.loc.gov/storage-services/service/pnp/ppmsca/07400/07415r.jpg", "square": "https://tile.loc.gov/storage-services/service/pnp/ppmsca/07400/07415_75x75px.jpg", "thumb": "https://tile.loc.gov/storage-services/service/pnp/ppmsca/07400/07415_150px.jpg"}, "created": "2016-04-21T00:00:00Z", "modified": "2016-04-21T00:00:00Z", "collection": ["cph", "diof", "pp"], "creator": "Rothstein, Arthur, 1915-1985", "call_number": "LOT 12448, no. 17 [P&P]", "medium_brief": "1 photographic print :", "source_modified": "2009-06-12T00:00:00Z", "pk": "2004679154", "created_published_date": "[1946]", "subjects": ["Children--China--1940-1950.", "Dead persons--China--1940-1950.", "Funeral rites & ceremonies--China--1940-1950.", "Famines--China--1940-1950.", "Gelatin silver prints--1940-1950."]}, {"source_created": "2006-08-07T00:00:00Z", "index": 15, "medium": "1 photographic print.", "reproduction_number": "LC-USZ62-136773 (b&w film copy neg.)", "links": {"item": "https://www.loc.gov/pictures/item/2006686134/", "resource": "https://www.loc.gov/pictures/item/2006686134/resource/"}, "title": "Hungry Russian women kneel before American Relief Administration officials", "image": {"alt": "digitized item thumbnail", "full": "https://tile.loc.gov/storage-services/service/pnp/cph/3c30000/3c36000/3c36700/3c36773r.jpg", "square": "https://tile.loc.gov/storage-services/service/pnp/cph/3c30000/3c36000/3c36700/3c36773_75x75px.jpg", "thumb": "https://tile.loc.gov/storage-services/service/pnp/cph/3c30000/3c36000/3c36700/3c36773_150px.jpg"}, "created": "2016-04-21T00:00:00Z", "modified": "2016-04-21T00:00:00Z", "collection": ["cph", "diof", "pp"], "creator": "Underwood & Underwood.", "call_number": "SSF - Famines--Russia--1922 [item] [P&P]", "medium_brief": "1 photographic print.", "source_modified": "2006-08-11T00:00:00Z", "pk": "2006686134", "created_published_date": "1922.", "subjects": ["American Relief Administration--Russia--Samara--1920-1930.", "Famines--Russia--Samara--1920-1930.", "Food relief--American--Russia--Samara--1920-1930.", "Russians--Health & welfare--Russia--Samara--1920-1930.", "Photographic prints--1920-1930."]}, {"source_created": "1998-05-01T00:00:00Z", "index": 16, "medium": "1 poster : lithograph, color ; 45.3 x 24.5 cm. (sheet)", "reproduction_number": "", "links": {"item": "https://www.loc.gov/pictures/item/2010643185/", "resource": null}, "title": "Kameraden uchtung!", "image": {"alt": "item not digitized thumbnail", "full": "https://www.loc.gov/pictures/static/images/item/500x500_notdigitized.png", "square": "https://www.loc.gov/pictures/static/images/item/not_digitized_buttons75X75.png", "thumb": "https://www.loc.gov/pictures/static/images/item/notdigitized_buttons140X120.png"}, "created": "2016-04-21T00:00:00Z", "modified": "2016-04-21T00:00:00Z", "collection": ["bbgfc", "minload", "pp"], "creator": null, "call_number": "Goldstein, no. 649 (B size) [P&P]", "medium_brief": "1 poster :", "source_modified": "2011-07-18T00:00:00Z", "pk": "2010643185", "created_published_date": "[between 1910 and 1930]", "subjects": ["Commerce--German--1910-1930.", "Famines--Germany--1910-1930.", "Shipping--Germany--1910-1930.", "Lithographs--German--1910-1930.", "Posters--German--1910-1930."]}, {"source_created": "2012-06-21T00:00:00Z", "index": 17, "medium": "1 drawing.", "reproduction_number": "LC-DIG-hlb-02763 (digital file from original drawing)", "links": {"item": "https://www.loc.gov/pictures/item/2012632555/", "resource": "https://www.loc.gov/pictures/item/2012632555/resource/"}, "title": "\"Don't bother us -- we're discussing Asia policy\"", "image": {"alt": "digitized item thumbnail", "full": "https://tile.loc.gov/storage-services/service/pnp/hlb/02700/02763_150px.jpg", "square": "https://tile.loc.gov/storage-services/service/pnp/hlb/02700/02763_75x75px.jpg", "thumb": "https://tile.loc.gov/storage-services/service/pnp/hlb/02700/02763_150px.jpg"}, "created": "2016-04-21T00:00:00Z", "modified": "2016-04-21T00:00:00Z", "collection": ["hlb", "minload", "pp"], "creator": "Block, Herbert, 1909-2001", "call_number": "BLOCK, no. 2763 (BB size) [P&P]", "medium_brief": "1 drawing.", "source_modified": "2013-03-08T00:00:00Z", "pk": "2012632555", "created_published_date": "4-22-[19]51.", "subjects": ["MacArthur, Douglas,--1880-1964.", "Uncle Sam (Symbolic character)", "International economic assistance--India", "Famines--India", "Drawings--American.", "Editorial cartoons--American."]}, {"source_created": "1989-05-16T00:00:00Z", "index": 18, "medium": "1 photographic. print.", "reproduction_number": "LC-USZ62-96830 (b&w film copy neg.)", "links": {"item": "https://www.loc.gov/pictures/item/89709644/", "resource": "https://www.loc.gov/pictures/item/89709644/resource/"}, "title": "The Bitter truth--actual conditions in the Russian starvation area", "image": {"alt": "digitized item thumbnail", "full": "https://tile.loc.gov/storage-services/service/pnp/cph/3b40000/3b42000/3b42900/3b42932r.jpg", "square": "https://tile.loc.gov/storage-services/service/pnp/cph/3b40000/3b42000/3b42900/3b42932_75x75px.jpg", "thumb": "https://tile.loc.gov/storage-services/service/pnp/cph/3b40000/3b42000/3b42900/3b42932_150px.jpg"}, "created": "2016-04-21T00:00:00Z", "modified": "2016-04-21T00:00:00Z", "collection": ["cph", "diof", "pp"], "creator": null, "call_number": "FOREIGN GEOG FILE <item> [P&P]", "medium_brief": "1 photographic. print.", "source_modified": "2011-11-22T00:00:00Z", "pk": "89709644", "created_published_date": "c1921.", "subjects": ["Abandoned children--Soviet Union--1920-1930.", "Famines--Soviet Union--1920-1930.", "Soviet Union--History--Famine, 1921-1922.", "Photographic. prints--1920-1930."]}, {"source_created": "1997-06-25T00:00:00Z", "index": 19, "medium": "1 drawing.", "reproduction_number": "", "links": {"item": "https://www.loc.gov/pictures/item/2016681040/", "resource": "https://www.loc.gov/pictures/item/2016681040/resource/"}, "title": "[India's problems]", "image": {"alt": "digitized item thumbnail", "full": "https://tile.loc.gov/storage-services/service/pnp/acd/2a08000/2a08100/2a08184_150px.jpg", "square": "https://tile.loc.gov/storage-services/service/pnp/acd/2a08000/2a08100/2a08184_75x75px.jpg", "thumb": "https://tile.loc.gov/storage-services/service/pnp/acd/2a08000/2a08100/2a08184_150px.jpg"}, "created": "2016-08-16T00:00:00Z", "modified": "2016-08-16T00:00:00Z", "collection": ["3rights", "acd", "acr", "minload", "pp"], "creator": "Crockett, Gib", "call_number": "CD 1 - Crockett, no. 483 (B size)", "medium_brief": "1 drawing.", "source_modified": "2016-08-04T00:00:00Z", "pk": "2016681040", "created_published_date": "c1966.", "subjects": ["Gandhi, Indira,--1892-1975.", "Snake charming", "India", "Pakistan", "Famines", "China", "Cartoons (Commentary)--American.", "Drawings."]}, {"source_created": "1997-06-25T00:00:00Z", "index": 20, "medium": "1 drawing.", "reproduction_number": "", "links": {"item": "https://www.loc.gov/pictures/item/2016681490/", "resource": "https://www.loc.gov/pictures/item/2016681490/resource/"}, "title": "Heaping rice bowl", "image": {"alt": "digitized item thumbnail", "full": "https://tile.loc.gov/storage-services/service/pnp/acd/2a08000/2a08600/2a08677_150px.jpg", "square": "https://tile.loc.gov/storage-services/service/pnp/acd/2a08000/2a08600/2a08677_75x75px.jpg", "thumb": "https://tile.loc.gov/storage-services/service/pnp/acd/2a08000/2a08600/2a08677_150px.jpg"}, "created": "2016-08-16T00:00:00Z", "modified": "2016-08-16T00:00:00Z", "collection": ["2rights", "acd", "acr", "minload", "pp"], "creator": "Fischetti, John R.", "call_number": "CD 1 - Fischetti, no. 16 (B size)", "medium_brief": "1 drawing.", "source_modified": "2016-08-04T00:00:00Z", "pk": "2016681490", "created_published_date": "[1953 July?]", "subjects": ["Famines--China--1950-1960.", "Grim Reaper--1950-1960.", "International relations--Soviet Union--1950-1960.", "Drawings.", "Editorial cartoons--American."]}]}