{"search": {"field": "subject", "hits": 3017, "sort_order": null, "do_facets": true, "focus_item": null, "query": "Cityscape photographs", "type": "search", "sort_by": null}, "focus": null, "views": {"current": "list", "grid": "https://www.loc.gov/pictures/search/?q=Cityscape+photographs&fi=subject&va=exact&st=grid&op=PHRASE", "list": "https://www.loc.gov/pictures/search/?q=Cityscape+photographs&fi=subject&op=PHRASE&va=exact", "gallery": "https://www.loc.gov/pictures/search/?q=Cityscape+photographs&fi=subject&va=exact&st=gallery&op=PHRASE", "slideshow": "https://www.loc.gov/pictures/search/?q=Cityscape+photographs&fi=subject&va=exact&st=slideshow&op=PHRASE"}, "facets": [{"type": "displayed", "filters": [{"count": 2771, "on": "https://www.loc.gov/pictures/search/?va=exact&sp=1&q=Cityscape+photographs&fa=displayed%3Aanywhere&fi=subject&op=PHRASE&fo=json", "selected": false, "off": "https://www.loc.gov/pictures/search/?va=exact&sp=1&q=Cityscape+photographs&fi=subject&fo=json&op=PHRASE", "title": "Larger image available anywhere"}, {"count": 184, "on": "https://www.loc.gov/pictures/search/?va=exact&sp=1&q=Cityscape+photographs&fa=displayed%3Alc_only&fi=subject&op=PHRASE&fo=json", "selected": false, "off": "https://www.loc.gov/pictures/search/?va=exact&sp=1&q=Cityscape+photographs&fi=subject&fo=json&op=PHRASE", "title": "Larger image available only at the Library of Congress"}, {"count": 62, "on": "https://www.loc.gov/pictures/search/?va=exact&sp=1&q=Cityscape+photographs&fa=displayed%3Anot_digitized&fi=subject&op=PHRASE&fo=json", "selected": false, "off": "https://www.loc.gov/pictures/search/?va=exact&sp=1&q=Cityscape+photographs&fi=subject&fo=json&op=PHRASE", "title": "Not Digitized"}, {"count": 2, "on": "https://www.loc.gov/pictures/search/?va=exact&sp=1&q=Cityscape+photographs&fa=displayed%3Asurveys_only&fi=subject&op=PHRASE&fo=json", "selected": false, "off": "https://www.loc.gov/pictures/search/?va=exact&sp=1&q=Cityscape+photographs&fi=subject&fo=json&op=PHRASE", "title": "Surveys only"}], "title": "displayed"}], "links": {"json": "//www.loc.gov/pictures/search/?fi=subject&q=Cityscape+photographs&op=PHRASE&va=exact&fo=json", "html": "//www.loc.gov/pictures/search/?fi=subject&q=Cityscape+photographs&op=PHRASE&va=exact", "rss": "//www.loc.gov/pictures/search/?fi=subject&q=Cityscape+photographs&op=PHRASE&va=exact&fo=rss"}, "suggestions": {"possible": []}, "pages": {"current": 1, "next": "https://www.loc.gov/pictures/search/?q=Cityscape+photographs&fi=subject&sp=2&op=PHRASE&va=exact", "perpage": 20, "last": "https://www.loc.gov/pictures/search/?q=Cityscape+photographs&fi=subject&sp=151&op=PHRASE&va=exact", "page_list": [{"url": null, "number": 1}, {"url": "https://www.loc.gov/pictures/search/?q=Cityscape+photographs&fi=subject&sp=2&op=PHRASE&va=exact", "number": 2}, {"url": "https://www.loc.gov/pictures/search/?q=Cityscape+photographs&fi=subject&sp=3&op=PHRASE&va=exact", "number": 3}, {"url": "https://www.loc.gov/pictures/search/?q=Cityscape+photographs&fi=subject&sp=4&op=PHRASE&va=exact", "number": 4}, {"url": "https://www.loc.gov/pictures/search/?q=Cityscape+photographs&fi=subject&sp=5&op=PHRASE&va=exact", "number": 5}, {"url": "https://www.loc.gov/pictures/search/?q=Cityscape+photographs&fi=subject&sp=6&op=PHRASE&va=exact", "number": "..."}, {"url": "https://www.loc.gov/pictures/search/?q=Cityscape+photographs&fi=subject&sp=151&op=PHRASE&va=exact", "number": 151}], "previous": null, "total": 151, "results": "1 - 20", "first": null}, "collection": null, "results": [{"source_created": "2000-08-21T00:00:00Z", "index": 1, "medium": "1 photographic print.", "reproduction_number": "LC-USZ62-126808 (b&w film copy neg.)", "links": {"item": "https://www.loc.gov/pictures/item/00652000/", "resource": "https://www.loc.gov/pictures/item/00652000/resource/"}, "title": "[Aerial view of San Antonio, Texas, with traffic circle]", "image": {"alt": "digitized item thumbnail", "full": "https://tile.loc.gov/storage-services/service/pnp/cph/3c20000/3c26000/3c26800/3c26808_150px.jpg", "square": "https://tile.loc.gov/storage-services/service/pnp/cph/3c20000/3c26000/3c26800/3c26808_75x75px.jpg", "thumb": "https://tile.loc.gov/storage-services/service/pnp/cph/3c20000/3c26000/3c26800/3c26808_150px.jpg"}, "created": "2016-04-20T00:00:00Z", "modified": "2016-04-20T00:00:00Z", "collection": ["cph", "pp"], "creator": null, "call_number": "U.S. GEOG FILE - Texas--San Antonio--The Alamo [item] [P&P]", "medium_brief": "1 photographic print.", "source_modified": "2002-11-10T00:00:00Z", "pk": "00652000", "created_published_date": "[between 1925 and 1935(?)]", "subjects": ["Streets--Texas--San Antonio--1920-1940.", "Alamo (San Antonio, Tex.)--1920-1940.", "Aerial views--1920-1930.", "Cityscape photographs--1920-1940.", "Photographic prints--1920-1940."]}, {"source_created": "2000-12-01T00:00:00Z", "index": 2, "medium": "1 photographic print : albumen.", "reproduction_number": "LC-USZ62-127632 (b&w film copy neg.)", "links": {"item": "https://www.loc.gov/pictures/item/00653031/", "resource": "https://www.loc.gov/pictures/item/00653031/resource/"}, "title": "[Early photographic view of Washington, D.C. from the Capitol looking west-southwest]", "image": {"alt": "digitized item thumbnail", "full": "https://tile.loc.gov/storage-services/service/pnp/cph/3c20000/3c27000/3c27600/3c27632r.jpg", "square": "https://tile.loc.gov/storage-services/service/pnp/cph/3c20000/3c27000/3c27600/3c27632_75x75px.jpg", "thumb": "https://tile.loc.gov/storage-services/service/pnp/cph/3c20000/3c27000/3c27600/3c27632_150px.jpg"}, "created": "2016-04-20T00:00:00Z", "modified": "2016-04-20T00:00:00Z", "collection": ["cph", "diof", "pp"], "creator": null, "call_number": "LOT 13070, no. 5 [item] [P&P]", "medium_brief": "1 photographic print :", "source_modified": "2012-01-24T00:00:00Z", "pk": "00653031", "created_published_date": "[ca. 1863]", "subjects": ["Armory Square Hospital (Washington, D.C.)--1860-1870.", "Smithsonian Institution Building (Washington, D.C.)--1860-1870.", "Canals--Washington (D.C.)--1860-1870.", "Government facilities--Washington (D.C.)--1860-1870.", "Buildings--Washington (D.C.)--1860-1870.", "Hospitals--Washington (D.C.)--1860-1870.", "Washington Monument (Washington, D.C.)--1860-1870.", "Washington Canal (Washington, D.C.)--1860-1870.", "Washington (D.C.)--1860-1870.", "Mall, The (Washington, D.C.)--1860-1870.", "Albumen prints--1860-1870.", "Cityscape photographs--1860-1870."]}, {"source_created": "2000-12-04T00:00:00Z", "index": 3, "medium": "1 photographic print : albumen.", "reproduction_number": "LC-USZ62-127628 (b&w film copy neg.)", "links": {"item": "https://www.loc.gov/pictures/item/00653036/", "resource": "https://www.loc.gov/pictures/item/00653036/resource/"}, "title": "[Early photographic view of Washington, D.C. from Capitol Hill, looking northwest]", "image": {"alt": "digitized item thumbnail", "full": "https://tile.loc.gov/storage-services/service/pnp/cph/3c20000/3c27000/3c27600/3c27628r.jpg", "square": "https://tile.loc.gov/storage-services/service/pnp/cph/3c20000/3c27000/3c27600/3c27628_75x75px.jpg", "thumb": "https://tile.loc.gov/storage-services/service/pnp/cph/3c20000/3c27000/3c27600/3c27628_150px.jpg"}, "created": "2016-04-20T00:00:00Z", "modified": "2016-04-20T00:00:00Z", "collection": ["cph", "diof", "pp"], "creator": null, "call_number": "LOT 13070, no. 1 [item] [P&P]", "medium_brief": "1 photographic print :", "source_modified": "2012-01-24T00:00:00Z", "pk": "00653036", "created_published_date": "[ca. 1863]", "subjects": ["Buildings--Washington (D.C.)--1860-1870.", "Washington (D.C.)--1860-1870.", "Albumen prints--1860-1870.", "Cityscape photographs--1860-1870."]}, {"source_created": "2000-12-04T00:00:00Z", "index": 4, "medium": "1 photographic print : albumen.", "reproduction_number": "LC-USZ62-127629 (b&w film copy neg.)", "links": {"item": "https://www.loc.gov/pictures/item/00653037/", "resource": "https://www.loc.gov/pictures/item/00653037/resource/"}, "title": "[Early photographic view of Washington, D.C. from the Capitol, looking northwest]", "image": {"alt": "digitized item thumbnail", "full": "https://tile.loc.gov/storage-services/service/pnp/cph/3c20000/3c27000/3c27600/3c27629r.jpg", "square": "https://tile.loc.gov/storage-services/service/pnp/cph/3c20000/3c27000/3c27600/3c27629_75x75px.jpg", "thumb": "https://tile.loc.gov/storage-services/service/pnp/cph/3c20000/3c27000/3c27600/3c27629_150px.jpg"}, "created": "2016-04-20T00:00:00Z", "modified": "2016-04-20T00:00:00Z", "collection": ["cph", "diof", "pp"], "creator": null, "call_number": "LOT 13070, no. 2 [item] [P&P]", "medium_brief": "1 photographic print :", "source_modified": "2012-01-24T00:00:00Z", "pk": "00653037", "created_published_date": "[ca. 1863]", "subjects": ["United States.--Patent Office--Buildings--Washington (D.C.)--1860-1870.", "Trinity Episcopal Church (Washington, D.C.)--1860-1870.", "First Presbyterian Church (Washington, D.C.)--1860-1870.", "City Hall (Washington, D.C.)--1860-1870.", "Buildings--Washington (D.C.)--1860-1870.", "Washington (D.C.)--1860-1870.", "Albumen prints--1860-1870.", "Cityscape photographs--1860-1870."]}, {"source_created": "2000-12-04T00:00:00Z", "index": 5, "medium": "1 photographic print : albumen.", "reproduction_number": "LC-USZ62-127630 (b&w film copy neg.)", "links": {"item": "https://www.loc.gov/pictures/item/00653038/", "resource": "https://www.loc.gov/pictures/item/00653038/resource/"}, "title": "[Early photographic view of Washington, D.C. from the Capitol, looking southeast]", "image": {"alt": "digitized item thumbnail", "full": "https://tile.loc.gov/storage-services/service/pnp/cph/3c20000/3c27000/3c27600/3c27630r.jpg", "square": "https://tile.loc.gov/storage-services/service/pnp/cph/3c20000/3c27000/3c27600/3c27630_75x75px.jpg", "thumb": "https://tile.loc.gov/storage-services/service/pnp/cph/3c20000/3c27000/3c27600/3c27630_150px.jpg"}, "created": "2016-04-20T00:00:00Z", "modified": "2016-04-20T00:00:00Z", "collection": ["cph", "diof", "pp"], "creator": null, "call_number": "LOT 13070, no. 6 [item] [P&P]", "medium_brief": "1 photographic print :", "source_modified": "2012-01-24T00:00:00Z", "pk": "00653038", "created_published_date": "[ca. 1863]", "subjects": ["Washington Navy Yard--1860-1870.", "Ebenezer United Methodist Church (Washington, D.C.)--1860-1870.", "Buildings--Washington (D.C.)--1860-1870.", "Washington (D.C.)--1860-1870.", "Albumen prints--1860-1870.", "Cityscape photographs--1860-1870."]}, {"source_created": "2000-12-13T00:00:00Z", "index": 6, "medium": "1 photographic print : albumen.", "reproduction_number": "LC-USZ62-127633 (b&w film copy neg.)", "links": {"item": "https://www.loc.gov/pictures/item/00653046/", "resource": "https://www.loc.gov/pictures/item/00653046/resource/"}, "title": "[Early photographic view of Washington, D.C. from the Capitol, looking northeast]", "image": {"alt": "digitized item thumbnail", "full": "https://tile.loc.gov/storage-services/service/pnp/cph/3c20000/3c27000/3c27600/3c27633r.jpg", "square": "https://tile.loc.gov/storage-services/service/pnp/cph/3c20000/3c27000/3c27600/3c27633_75x75px.jpg", "thumb": "https://tile.loc.gov/storage-services/service/pnp/cph/3c20000/3c27000/3c27600/3c27633_150px.jpg"}, "created": "2016-04-20T00:00:00Z", "modified": "2016-04-20T00:00:00Z", "collection": ["cph", "diof", "pp"], "creator": null, "call_number": "LOT 13070, no. 3 [item] [P&P]", "medium_brief": "1 photographic print :", "source_modified": "2012-01-24T00:00:00Z", "pk": "00653046", "created_published_date": "[ca. 1863]", "subjects": ["Buildings--Washington (D.C.)--1860-1870.", "Streets--Washington (D.C.)--1860-1870.", "Washington (D.C.)--1860-1870.", "Albumen prints--1860-1870.", "Cityscape photographs--1860-1870."]}, {"source_created": "2001-04-10T00:00:00Z", "index": 7, "medium": "1 portfolio ([2] leaves, [15] leaves of plates) : chiefly ill. (15 mounted photographic prints) ; 30 cm.", "reproduction_number": "", "links": {"item": "https://www.loc.gov/pictures/item/2001560161/", "resource": null}, "title": "Uglich i ego dostoprimi\ufe20e\ufe21chatel\u02b9nosti : fotografichesk\u012b\u01d0 al\u02b9bom.", "image": {"alt": "item not digitized thumbnail", "full": "https://www.loc.gov/pictures/static/images/item/500x500_notdigitized.png", "square": "https://www.loc.gov/pictures/static/images/item/not_digitized_buttons75X75.png", "thumb": "https://www.loc.gov/pictures/static/images/item/notdigitized_buttons140X120.png"}, "created": "2016-04-20T00:00:00Z", "modified": "2016-04-20T00:00:00Z", "collection": ["casebk", "pp"], "creator": "Evreinov, K. (Firm)", "call_number": "DK651 .U26 1892 (Case X) [P&P]", "medium_brief": "1 portfolio ([2] leaves, [15] leaves of plates) :", "source_modified": "2015-06-08T00:00:00Z", "pk": "2001560161", "created_published_date": "1892 g.", "subjects": ["Uglich (Russia)--Photographs.", "Church buildings--Russia--Uglich--Photographs.", "Uglich (Russia)--Buildings, structures, etc.--Photographs.", "Cityscape photographs--Russian--1890-1900.", "Photograph albums--Russian--1890-1900."]}, {"source_created": "2001-01-05T00:00:00Z", "index": 8, "medium": "1 photographic print.", "reproduction_number": "LC-USZ62-127219 (b&w film copy neg.)", "links": {"item": "https://www.loc.gov/pictures/item/2001695054/", "resource": "https://www.loc.gov/pictures/item/2001695054/resource/"}, "title": "Aerial view of the state capitol", "image": {"alt": "digitized item thumbnail", "full": "https://tile.loc.gov/storage-services/service/pnp/cph/3c20000/3c27000/3c27200/3c27219r.jpg", "square": "https://tile.loc.gov/storage-services/service/pnp/cph/3c20000/3c27000/3c27200/3c27219_75x75px.jpg", "thumb": "https://tile.loc.gov/storage-services/service/pnp/cph/3c20000/3c27000/3c27200/3c27219_150px.jpg"}, "created": "2016-04-20T00:00:00Z", "modified": "2016-04-20T00:00:00Z", "collection": ["cph", "diof", "pp"], "creator": null, "call_number": "U.S. GEOG FILE - California--Sacramento [item] [P&P]", "medium_brief": "1 photographic print.", "source_modified": "2005-04-08T00:00:00Z", "pk": "2001695054", "created_published_date": "c1922.", "subjects": ["Capitols--California--Sacramento--1920-1930.", "Sacramento (Calif.)--1920-1930.", "Aerial photographs--1920-1930.", "Cityscape photographs--1920-1930.", "Photographic prints--1920-1930."]}, {"source_created": "2001-01-05T00:00:00Z", "index": 9, "medium": "1 photographic print.", "reproduction_number": "LC-USZ62-127222 (b&w film copy neg.)", "links": {"item": "https://www.loc.gov/pictures/item/2001695056/", "resource": "https://www.loc.gov/pictures/item/2001695056/resource/"}, "title": "Alcatraz", "image": {"alt": "digitized item thumbnail", "full": "https://tile.loc.gov/storage-services/service/pnp/cph/3c20000/3c27000/3c27200/3c27222_150px.jpg", "square": "https://tile.loc.gov/storage-services/service/pnp/cph/3c20000/3c27000/3c27200/3c27222_75x75px.jpg", "thumb": "https://tile.loc.gov/storage-services/service/pnp/cph/3c20000/3c27000/3c27200/3c27222_150px.jpg"}, "created": "2016-04-20T00:00:00Z", "modified": "2016-04-20T00:00:00Z", "collection": ["cph", "pp"], "creator": null, "call_number": "U.S. GEOG FILE - California--San Francisco--Bay & Harbor [item] [P&P]", "medium_brief": "1 photographic print.", "source_modified": "2002-11-10T00:00:00Z", "pk": "2001695056", "created_published_date": "c1938 Mar. 26.", "subjects": ["United States Penitentiary, Alcatraz Island, California--1930-1940.", "Alcatraz Island (Calif.)--1930-1940.", "Prisons--California--Alcatraz Island--1930-1940.", "Islands--California--1930-1940.", "Aerial photographs--1930-1940.", "Cityscape photographs--1930-1940.", "Photographic prints--1930-1940."]}, {"source_created": "2001-02-26T00:00:00Z", "index": 10, "medium": "1 photographic print : salted paper ; 30.2 x 25 cm. (photo)", "reproduction_number": "LC-USZ62-127932 (b&w film copy neg.)", "links": {"item": "https://www.loc.gov/pictures/item/2001695320/", "resource": "https://www.loc.gov/pictures/item/2001695320/resource/"}, "title": "Edfou - aspect g\u00e9n\u00e9ral de la ville vue de la plateforme centrale du pyl\u00f4ne", "image": {"alt": "digitized item thumbnail", "full": "https://tile.loc.gov/storage-services/service/pnp/cph/3c20000/3c27000/3c27900/3c27932r.jpg", "square": "https://tile.loc.gov/storage-services/service/pnp/cph/3c20000/3c27000/3c27900/3c27932_75x75px.jpg", "thumb": "https://tile.loc.gov/storage-services/service/pnp/cph/3c20000/3c27000/3c27900/3c27932_150px.jpg"}, "created": "2016-04-20T00:00:00Z", "modified": "2016-04-20T00:00:00Z", "collection": ["cph", "diof", "pp"], "creator": "Teynard, F\u00e9lix", "call_number": "Illus. in DT60 .T4 (Case Y) [P&P]", "medium_brief": "1 photographic print :", "source_modified": "2008-01-04T00:00:00Z", "pk": "2001695320", "created_published_date": "[1858]", "subjects": ["Cities & towns--Egypt--Idf\u016b--1850-1860.", "Mosques--Egypt--Idf\u016b--1850-1860.", "Minarets--Egypt--Idf\u016b--1850-1860.", "Archaeological sites--Egypt--Idf\u016b--1850-1860.", "Idf\u016b (Egypt)--1850-1860.", "Book illustrations--1850-1860.", "Cityscape photographs--1850-1860.", "Salted paper prints--1850-1860."]}, {"source_created": "2001-07-31T00:00:00Z", "index": 11, "medium": "1 photographic print : salted paper ; 27.5 x 36 cm.", "reproduction_number": "LC-USZC4-9211 (color film copy transparency)\nLC-USZ62-2371 (b&w film copy neg.)", "links": {"item": "https://www.loc.gov/pictures/item/2001698812/", "resource": "https://www.loc.gov/pictures/item/2001698812/resource/"}, "title": "The town of Balaklava", "image": {"alt": "digitized item thumbnail", "full": "https://tile.loc.gov/storage-services/service/pnp/cph/3g00000/3g09000/3g09200/3g09211r.jpg", "square": "https://tile.loc.gov/storage-services/service/pnp/cph/3g00000/3g09000/3g09200/3g09211_75x75px.jpg", "thumb": "https://tile.loc.gov/storage-services/service/pnp/cph/3g00000/3g09000/3g09200/3g09211_150px.jpg"}, "created": "2016-04-20T00:00:00Z", "modified": "2016-04-20T00:00:00Z", "collection": ["diof", "ftncnw", "pp"], "creator": "Fenton, Roger, 1819-1869", "call_number": "PH - Fenton (R.), no. 93 (A size) [P&P]", "medium_brief": "1 photographic print :", "source_modified": "2009-10-17T00:00:00Z", "pk": "2001698812", "created_published_date": "[1855]", "subjects": ["Crimean War, 1853-1856--Ukraine--Balaklava.", "Cities & towns--Ukraine--Balaklava--1850-1860.", "Balaklava (Ukraine)--1850-1860.", "Cityscape photographs--1850-1860.", "Salted paper prints--1850-1860."]}, {"source_created": "2002-04-02T00:00:00Z", "index": 12, "medium": "1 photographic print : gelatin silver.", "reproduction_number": "LC-USZ62-129432 (b&w film copy neg.)", "links": {"item": "https://www.loc.gov/pictures/item/2002707332/", "resource": "https://www.loc.gov/pictures/item/2002707332/resource/"}, "title": "Vicksburg, Miss., from foot of South Street", "image": {"alt": "digitized item thumbnail", "full": "https://tile.loc.gov/storage-services/service/pnp/cph/3c20000/3c29000/3c29400/3c29432_150px.jpg", "square": "https://tile.loc.gov/storage-services/service/pnp/cph/3c20000/3c29000/3c29400/3c29432_75x75px.jpg", "thumb": "https://tile.loc.gov/storage-services/service/pnp/cph/3c20000/3c29000/3c29400/3c29432_150px.jpg"}, "created": "2016-04-20T00:00:00Z", "modified": "2016-04-20T00:00:00Z", "collection": ["cph", "pp"], "creator": null, "call_number": "LOT 3375-2, no. 16v-T [P&P]", "medium_brief": "1 photographic print :", "source_modified": "2002-11-15T00:00:00Z", "pk": "2002707332", "created_published_date": "1927 April 27.", "subjects": ["Floods--Mississippi--Vicksburg--1920-1930.", "Rivers--Mississippi--Vicksburg--1920-1930.", "Waterfronts--Mississippi--Vicksburg--1920-1930.", "Cityscape photographs--1920-1930.", "Gelatin silver prints--1920-1930."]}, {"source_created": "2002-07-22T00:00:00Z", "index": 13, "medium": "1 photograph (digital print) : inkjet, color.", "reproduction_number": "LC-DIG-ppmsca-01818 (digital file from original)", "links": {"item": "https://www.loc.gov/pictures/item/2002712437/", "resource": "https://www.loc.gov/pictures/item/2002712437/resource/"}, "title": "[People crossing the Brooklyn Bridge away from Manhattan, with the towers of the World Trade Center smoking heavily above the skyline, following the September 11th terrorist attack on the World Trade Center, New York City]", "image": {"alt": "digitized item thumbnail", "full": "https://tile.loc.gov/storage-services/service/pnp/ppmsca/01800/01818_150px.jpg", "square": "https://tile.loc.gov/storage-services/service/pnp/ppmsca/01800/01818_75x75px.jpg", "thumb": "https://tile.loc.gov/storage-services/service/pnp/ppmsca/01800/01818_150px.jpg"}, "created": "2016-04-20T00:00:00Z", "modified": "2016-04-20T00:00:00Z", "collection": ["911acq", "cph", "exh", "l4397", "pp"], "creator": "Lopez, William C.", "call_number": "LOT 13521-10, no. 2 [P&P]", "medium_brief": "1 photograph (digital print) :", "source_modified": "2007-11-08T00:00:00Z", "pk": "2002712437", "created_published_date": "c2001.", "subjects": ["World Trade Center (New York, N.Y.)--Disasters--2000-2010.", "Brooklyn Bridge (New York, N.Y.)--2000-2010.", "September 11 Terrorist Attacks, 2001.", "Evacuations--New York (State)--New York--2000-2010.", "Cityscape photographs--Color--2000-2010.", "Inkjet prints--Color--2000-2010."]}, {"source_created": "2002-08-23T00:00:00Z", "index": 14, "medium": "1 slide : color ; 35 mm.", "reproduction_number": "LC-DIG-ppmsca-02137 (digital file from original)", "links": {"item": "https://www.loc.gov/pictures/item/2002719353/", "resource": "https://www.loc.gov/pictures/item/2002719353/resource/"}, "title": "[Skyline of Manhattan with smoke billowing from the Twin Towers following September 11th terrorist attack on World Trade Center, New York City]", "image": {"alt": "digitized item thumbnail", "full": "https://tile.loc.gov/storage-services/service/pnp/ppmsca/02100/02137r.jpg", "square": "https://tile.loc.gov/storage-services/service/pnp/ppmsca/02100/02137_75x75px.jpg", "thumb": "https://tile.loc.gov/storage-services/service/pnp/ppmsca/02100/02137_150px.jpg"}, "created": "2016-04-20T00:00:00Z", "modified": "2016-04-20T00:00:00Z", "collection": ["911acq", "cph", "diof", "pp"], "creator": null, "call_number": "LC-A05- A01 [item] [P&P]", "medium_brief": "1 slide :", "source_modified": "2014-04-01T00:00:00Z", "pk": "2002719353", "created_published_date": "2001 Sept. 11.", "subjects": ["World Trade Center (New York, N.Y.)--Disasters--2000-2010.", "September 11 Terrorist Attacks, 2001.", "Cityscape photographs--Color--2000-2010.", "Slides--Color--2000-2010."]}, {"source_created": "2003-04-03T00:00:00Z", "index": 15, "medium": "1 photographic print.", "reproduction_number": "LC-USZ62-132535 (b&w film copy neg.)", "links": {"item": "https://www.loc.gov/pictures/item/2003663018/", "resource": "https://www.loc.gov/pictures/item/2003663018/resource/"}, "title": "[Aerial view of the Sun Building, between 13th and 14th Streets NW, Washington, D.C.]", "image": {"alt": "digitized item thumbnail", "full": "https://tile.loc.gov/storage-services/service/pnp/cph/3c30000/3c32000/3c32500/3c32535_150px.jpg", "square": "https://tile.loc.gov/storage-services/service/pnp/cph/3c30000/3c32000/3c32500/3c32535_75x75px.jpg", "thumb": "https://tile.loc.gov/storage-services/service/pnp/cph/3c30000/3c32000/3c32500/3c32535_150px.jpg"}, "created": "2016-04-20T00:00:00Z", "modified": "2016-04-20T00:00:00Z", "collection": ["cph", "pp"], "creator": null, "call_number": "U.S. GEOG FILE - Washington, D.C.--Commerce--Office Buildings [item] [P&P]", "medium_brief": "1 photographic print.", "source_modified": "2003-04-16T00:00:00Z", "pk": "2003663018", "created_published_date": "[1945?]", "subjects": ["Office buildings--Washington (D.C.)--1940-1950.", "Business districts--Washington (D.C.)--1940-1950.", "Cityscape photographs--1940-1950.", "Photographic prints--1940-1950."]}, {"source_created": "2003-04-29T00:00:00Z", "index": 16, "medium": "1 photographic print : albumen.", "reproduction_number": "LC-USZC4-11405 (color film copy transparency)", "links": {"item": "https://www.loc.gov/pictures/item/2003663134/", "resource": "https://www.loc.gov/pictures/item/2003663134/resource/"}, "title": "Esquimalt, Vancouver Island, 1859", "image": {"alt": "digitized item thumbnail", "full": "https://tile.loc.gov/storage-services/service/pnp/cph/3g10000/3g11000/3g11400/3g11405r.jpg", "square": "https://tile.loc.gov/storage-services/service/pnp/cph/3g10000/3g11000/3g11400/3g11405_75x75px.jpg", "thumb": "https://tile.loc.gov/storage-services/service/pnp/cph/3g10000/3g11000/3g11400/3g11405_150px.jpg"}, "created": "2016-04-20T00:00:00Z", "modified": "2016-04-20T00:00:00Z", "collection": ["cph", "diof", "intldl", "mtfabs", "mtfront", "pp", "si"], "creator": null, "call_number": "Unprocessed in PR 13 CN 1999:001, no. 1, leaf 51 [P&P]", "medium_brief": "1 photographic print :", "source_modified": "2013-01-18T00:00:00Z", "pk": "2003663134", "created_published_date": "1859.", "subjects": ["British North American Boundary Commission--1850-1860.", "Cities & towns--British Columbia--1850-1860.", "Esquimalt (B.C.)--1850-1860.", "Albumen prints--1850-1860.", "Cityscape photographs--1850-1860."]}, {"source_created": "2003-05-07T00:00:00Z", "index": 17, "medium": "1 photographic print : albumen.", "reproduction_number": "LC-USZC4-11397 (color film copy transparency)", "links": {"item": "https://www.loc.gov/pictures/item/2003668256/", "resource": "https://www.loc.gov/pictures/item/2003668256/resource/"}, "title": "Salt Lake City - Camp Douglas and Wasatch Mountains in the background", "image": {"alt": "digitized item thumbnail", "full": "https://tile.loc.gov/storage-services/service/pnp/cph/3g10000/3g11000/3g11300/3g11397r.jpg", "square": "https://tile.loc.gov/storage-services/service/pnp/cph/3g10000/3g11000/3g11300/3g11397_75x75px.jpg", "thumb": "https://tile.loc.gov/storage-services/service/pnp/cph/3g10000/3g11000/3g11300/3g11397_150px.jpg"}, "created": "2016-04-20T00:00:00Z", "modified": "2016-04-20T00:00:00Z", "collection": ["cph", "diof", "pp"], "creator": "Russell, Andrew J.", "call_number": "Illus. in F594 .H41 (Case X) [P&P]", "medium_brief": "1 photographic print :", "source_modified": "2004-02-10T00:00:00Z", "pk": "2003668256", "created_published_date": "[1868]", "subjects": ["Cities & towns--Utah--Salt Lake City--1860-1870.", "Mountains--Utah--1860-1870.", "Salt Lake City (Utah)--1860-1870.", "Albumen prints--1860-1870.", "Book illustrations--1870.", "Cityscape photographs--1860-1870."]}, {"source_created": "2003-08-13T00:00:00Z", "index": 18, "medium": "1 photographic print on stereo card : stereograph.", "reproduction_number": "LC-USZ62-133248 (b&w film copy neg.)", "links": {"item": "https://www.loc.gov/pictures/item/2003675309/", "resource": "https://www.loc.gov/pictures/item/2003675309/resource/"}, "title": "The great London Bridge", "image": {"alt": "digitized item thumbnail", "full": "https://tile.loc.gov/storage-services/service/pnp/cph/3c30000/3c33000/3c33200/3c33248r.jpg", "square": "https://tile.loc.gov/storage-services/service/pnp/cph/3c30000/3c33000/3c33200/3c33248_75x75px.jpg", "thumb": "https://tile.loc.gov/storage-services/service/pnp/cph/3c30000/3c33000/3c33200/3c33248_150px.jpg"}, "created": "2016-04-20T00:00:00Z", "modified": "2016-04-20T00:00:00Z", "collection": ["diof", "pp", "stereo"], "creator": "Graves, C. H. (Carleton H.), -1943", "call_number": "STEREO FOREIGN GEOG FILE - England--London--Bridges--London [item] [P&P]", "medium_brief": "1 photographic print on stereo card :", "source_modified": "2013-04-24T00:00:00Z", "pk": "2003675309", "created_published_date": "c1900 Feb. 6.", "subjects": ["London Bridge (London, England)--1900.", "Bridges--England--London--1900.", "Cityscape photographs--1900.", "Photographic prints--1900.", "Stereographs--1900."]}, {"source_created": "2003-08-12T00:00:00Z", "index": 19, "medium": "1 photographic print.", "reproduction_number": "LC-USZ62-74733 (b&w film copy neg.)", "links": {"item": "https://www.loc.gov/pictures/item/2003678151/", "resource": "https://www.loc.gov/pictures/item/2003678151/resource/"}, "title": "[New York City: Woolworth Bldg. and City Hall Park - bird's-eye view]", "image": {"alt": "digitized item thumbnail", "full": "https://tile.loc.gov/storage-services/service/pnp/cph/3b20000/3b21000/3b21900/3b21986r.jpg", "square": "https://tile.loc.gov/storage-services/service/pnp/cph/3b20000/3b21000/3b21900/3b21986_75x75px.jpg", "thumb": "https://tile.loc.gov/storage-services/service/pnp/cph/3b20000/3b21000/3b21900/3b21986_150px.jpg"}, "created": "2016-04-20T00:00:00Z", "modified": "2016-04-20T00:00:00Z", "collection": ["cph", "diof", "pp", "reconref"], "creator": "Underhill, Irving, -1960", "call_number": "LOT 3788 [item] [P&P]", "medium_brief": "1 photographic print.", "source_modified": "2013-05-29T00:00:00Z", "pk": "2003678151", "created_published_date": "c1939.", "subjects": ["Woolworth Building (New York, N.Y.)--1910-1920.", "New York (N.Y.)--City Hall--1900-1910.", "Skyscrapers--New York (State)--New York--1900-1910.", "Cityscape photographs--1910-1920.", "Photographic prints--1910-1920."]}, {"source_created": "2003-11-25T00:00:00Z", "index": 20, "medium": "1 photographic print.", "reproduction_number": "LC-USZ62-23866 (b&w film copy neg.)", "links": {"item": "https://www.loc.gov/pictures/item/2003689456/", "resource": "https://www.loc.gov/pictures/item/2003689456/resource/"}, "title": "\"The great white way\" B'way south from 42nd St.", "image": {"alt": "digitized item thumbnail", "full": "https://tile.loc.gov/storage-services/service/pnp/cph/3a20000/3a24000/3a24800/3a24825r.jpg", "square": "https://tile.loc.gov/storage-services/service/pnp/cph/3a20000/3a24000/3a24800/3a24825_75x75px.jpg", "thumb": "https://tile.loc.gov/storage-services/service/pnp/cph/3a20000/3a24000/3a24800/3a24825_150px.jpg"}, "created": "2016-04-20T00:00:00Z", "modified": "2016-04-20T00:00:00Z", "collection": ["cph", "diof", "exh", "l4340", "pp"], "creator": null, "call_number": "U.S. GEOG FILE - New York--New York City--Street views--Broadway [item] [P&P]", "medium_brief": "1 photographic print.", "source_modified": "2003-11-25T00:00:00Z", "pk": "2003689456", "created_published_date": "c1908.", "subjects": ["Spectators--New York (State)--New York--1900-1910.", "Motion picture devices--1900-1910.", "Night--New York (State)--New York--19**-19**.", "Times Square (New York, N.Y.)--1900-1910.", "Broadway (New York, N.Y.)--1900-1910.", "Cityscape photographs--1900-1910.", "Night photographs--1900-1910.", "Photographic prints--1900-1910."]}]}