{"search": {"field": "subject", "hits": 4, "sort_order": null, "do_facets": true, "focus_item": null, "query": "Counterrevolutions", "type": "search", "sort_by": null}, "focus": null, "views": {"current": "list", "grid": "https://www.loc.gov/pictures/search/?q=Counterrevolutions&fi=subject&va=exact&st=grid&op=PHRASE", "list": "https://www.loc.gov/pictures/search/?q=Counterrevolutions&fi=subject&op=PHRASE&va=exact", "gallery": "https://www.loc.gov/pictures/search/?q=Counterrevolutions&fi=subject&va=exact&st=gallery&op=PHRASE", "slideshow": "https://www.loc.gov/pictures/search/?q=Counterrevolutions&fi=subject&va=exact&st=slideshow&op=PHRASE"}, "facets": [{"type": "displayed", "filters": [{"count": 4, "on": "https://www.loc.gov/pictures/search/?va=exact&sp=1&q=Counterrevolutions&fa=displayed%3Aanywhere&fi=subject&op=PHRASE&fo=json", "selected": false, "off": "https://www.loc.gov/pictures/search/?va=exact&sp=1&q=Counterrevolutions&fi=subject&fo=json&op=PHRASE", "title": "Larger image available anywhere"}, {"count": 0, "on": "https://www.loc.gov/pictures/search/?va=exact&sp=1&q=Counterrevolutions&fa=displayed%3Alc_only&fi=subject&op=PHRASE&fo=json", "selected": false, "off": "https://www.loc.gov/pictures/search/?va=exact&sp=1&q=Counterrevolutions&fi=subject&fo=json&op=PHRASE", "title": "Larger image available only at the Library of Congress"}, {"count": 0, "on": "https://www.loc.gov/pictures/search/?va=exact&sp=1&q=Counterrevolutions&fa=displayed%3Anot_digitized&fi=subject&op=PHRASE&fo=json", "selected": false, "off": "https://www.loc.gov/pictures/search/?va=exact&sp=1&q=Counterrevolutions&fi=subject&fo=json&op=PHRASE", "title": "Not Digitized"}], "title": "displayed"}], "links": {"json": "//www.loc.gov/pictures/search/?fi=subject&q=Counterrevolutions&op=PHRASE&va=exact&fo=json", "html": "//www.loc.gov/pictures/search/?fi=subject&q=Counterrevolutions&op=PHRASE&va=exact", "rss": "//www.loc.gov/pictures/search/?fi=subject&q=Counterrevolutions&op=PHRASE&va=exact&fo=rss"}, "suggestions": {"possible": []}, "pages": {"current": 1, "next": null, "perpage": 20, "last": null, "page_list": [{"url": null, "number": 1}], "previous": null, "total": 1, "results": "1 - 4", "first": null}, "collection": null, "results": [{"source_created": "2013-05-09T00:00:00Z", "index": 1, "medium": "1 print on laid paper : mezzotint and engraving ; 23.8 x 43.8 (sheet)", "reproduction_number": "LC-USZC2-3558 (color film copy slide)", "links": {"item": "https://www.loc.gov/pictures/item/2013646677/", "resource": "https://www.loc.gov/pictures/item/2013646677/resource/"}, "title": "[L'Ordre et la marche des puissances coalisees contre la France]", "image": {"alt": "digitized item thumbnail", "full": "https://tile.loc.gov/storage-services/service/pnp/cph/3b50000/3b51000/3b51500/3b51505r.jpg", "square": "https://tile.loc.gov/storage-services/service/pnp/cph/3b50000/3b51000/3b51500/3b51505_75x75px.jpg", "thumb": "https://tile.loc.gov/storage-services/service/pnp/cph/3b50000/3b51000/3b51500/3b51505_150px.jpg"}, "created": "2016-04-20T00:00:00Z", "modified": "2016-04-20T00:00:00Z", "collection": ["cph", "diof", "pp"], "creator": "Louvion, Jean-Baptiste-Marie, 1740-1804", "call_number": "PC 5 - 1792, no. 5 (B size) [P&P]", "medium_brief": "1 print on laid paper :", "source_modified": "2013-05-16T00:00:00Z", "pk": "2013646677", "created_published_date": "ca. 1793]", "subjects": ["Louis--XVI,--King of France,--1754-1793.", "Decapitations--France--1790-1800.", "Popes--1790-1800.", "Chariots--1790-1800.", "Counterrevolutions--France--1790-1800.", "International relations--France--1790-1800.", "France--History--Revolution, 1789-1799.", "Allegorical prints--French--1790-1800.", "Intaglio prints--French--1790-1800.", "Remarques--French--1790-1800.", "Satires (Visual works)--French--1790-1800."]}, {"source_created": "1990-08-01T00:00:00Z", "index": 2, "medium": "1 print on laid paper : mezzotint and engraving ; 27.3 x 44.7 (plate), 30.2 x 47.6 cm (sheet)", "reproduction_number": "LC-USZ62-100356 (b&w film copy neg.)", "links": {"item": "https://www.loc.gov/pictures/item/90712047/", "resource": "https://www.loc.gov/pictures/item/90712047/resource/"}, "title": "L'Ordre et la marche des puissances coalisees contre la France", "image": {"alt": "digitized item thumbnail", "full": "https://tile.loc.gov/storage-services/service/pnp/cph/3c00000/3c00000/3c00300/3c00356r.jpg", "square": "https://tile.loc.gov/storage-services/service/pnp/cph/3c00000/3c00000/3c00300/3c00356_75x75px.jpg", "thumb": "https://tile.loc.gov/storage-services/service/pnp/cph/3c00000/3c00000/3c00300/3c00356_150px.jpg"}, "created": "2016-04-20T00:00:00Z", "modified": "2016-04-20T00:00:00Z", "collection": ["00", "031", "cph", "diof", "exh", "l3557", "pp"], "creator": "Louvion, Jean-Baptiste-Marie, 1740-1804", "call_number": "PC 5 - 1792, no. 1 (B size) [P&P]", "medium_brief": "1 print on laid paper :", "source_modified": "2013-07-09T00:00:00Z", "pk": "90712047", "created_published_date": "[ca. 1793]", "subjects": ["Louis--XVI,--King of France,--1754-1793.", "Decapitations--France--1790-1800.", "Popes--1790-1800.", "Chariots--1790-1800.", "Counterrevolutions--France--1790-1800.", "International relations--France--1790-1800.", "France--History--Revolution, 1789-1799.", "Allegorical prints--French--1790-1800.", "Intaglio prints--French--1790-1800.", "Remarques--French--1790-1800.", "Satires (Visual works)--French--1790-1800."]}, {"source_created": "2007-10-02T00:00:00Z", "index": 3, "medium": "1 print : etching and aquatint ; 15.5 x 19.7 cm (sheet)", "reproduction_number": "LC-DIG-ppmsca-15891 (digital file from original print)", "links": {"item": "https://www.loc.gov/pictures/item/2007685764/", "resource": "https://www.loc.gov/pictures/item/2007685764/resource/"}, "title": "Epouventail de la nation", "image": {"alt": "digitized item thumbnail", "full": "https://tile.loc.gov/storage-services/service/pnp/ppmsca/15800/15891r.jpg", "square": "https://tile.loc.gov/storage-services/service/pnp/ppmsca/15800/15891_75x75px.jpg", "thumb": "https://tile.loc.gov/storage-services/service/pnp/ppmsca/15800/15891_150px.jpg"}, "created": "2016-04-21T00:00:00Z", "modified": "2016-04-21T00:00:00Z", "collection": ["cph", "diof", "pp"], "creator": null, "call_number": "PC 5 - 1792, no. 5 (AA size) [P&P]", "medium_brief": "1 print :", "source_modified": "2009-09-04T00:00:00Z", "pk": "2007685764", "created_published_date": "1792]", "subjects": ["Lafayette, Marie Joseph Paul Yves Roch Gilbert du Motier,--Marquis de,--1757-1834.", "Scarecrows--France--1790-1800.", "Counterrevolutions--France--1790-1800.", "Heads of state--1790-1800.", "France--History--Revolution, 1789-1799.", "Aquatints--French--1790-1800.", "Etchings--French--1790-1800.", "Satires (Visual works)--French--1790-1800."]}, {"source_created": "2007-10-02T00:00:00Z", "index": 4, "medium": "1 print : etching and aquatint ; 12 x 18 cm (plate), 18 x 27 cm (sheet)", "reproduction_number": "LC-DIG-ppmsca-15892 (digital file from original print)", "links": {"item": "https://www.loc.gov/pictures/item/2007685765/", "resource": "https://www.loc.gov/pictures/item/2007685765/resource/"}, "title": "Cas du manifeste du Duc de Brunswick", "image": {"alt": "digitized item thumbnail", "full": "https://tile.loc.gov/storage-services/service/pnp/ppmsca/15800/15892r.jpg", "square": "https://tile.loc.gov/storage-services/service/pnp/ppmsca/15800/15892_75x75px.jpg", "thumb": "https://tile.loc.gov/storage-services/service/pnp/ppmsca/15800/15892_150px.jpg"}, "created": "2016-04-21T00:00:00Z", "modified": "2016-04-21T00:00:00Z", "collection": ["cph", "diof", "pp"], "creator": null, "call_number": "PC 5 - 1792, no. 6 (AA size) [P&P]", "medium_brief": "1 print :", "source_modified": "2009-09-04T00:00:00Z", "pk": "2007685765", "created_published_date": "1792]", "subjects": ["Carl Wilhelm Ferdinand,--Duke of Brunswick and L\u00fcneburg,--1735-1806.", "International relations--France--1790-1800.", "Threats--1790-1800.", "Counterrevolutions--France--1790-1800.", "France--History--Revolution, 1789-1799.", "Aquatints--French--1790-1800.", "Etchings--French--1790-1800.", "Satires (Visual works)--French--1790-1800."]}]}