{"search": {"field": "subject", "hits": 15, "sort_order": null, "do_facets": true, "focus_item": null, "query": "Railroad signals", "type": "search", "sort_by": null}, "focus": null, "views": {"current": "list", "grid": "https://www.loc.gov/pictures/search/?q=Railroad+signals&fi=subject&va=exact&st=grid&op=PHRASE", "list": "https://www.loc.gov/pictures/search/?q=Railroad+signals&fi=subject&op=PHRASE&va=exact", "gallery": "https://www.loc.gov/pictures/search/?q=Railroad+signals&fi=subject&va=exact&st=gallery&op=PHRASE", "slideshow": "https://www.loc.gov/pictures/search/?q=Railroad+signals&fi=subject&va=exact&st=slideshow&op=PHRASE"}, "facets": [{"type": "displayed", "filters": [{"count": 15, "on": "https://www.loc.gov/pictures/search/?va=exact&sp=1&q=Railroad+signals&fa=displayed%3Aanywhere&fi=subject&op=PHRASE&fo=json", "selected": false, "off": "https://www.loc.gov/pictures/search/?va=exact&sp=1&q=Railroad+signals&fi=subject&fo=json&op=PHRASE", "title": "Larger image available anywhere"}, {"count": 0, "on": "https://www.loc.gov/pictures/search/?va=exact&sp=1&q=Railroad+signals&fa=displayed%3Alc_only&fi=subject&op=PHRASE&fo=json", "selected": false, "off": "https://www.loc.gov/pictures/search/?va=exact&sp=1&q=Railroad+signals&fi=subject&fo=json&op=PHRASE", "title": "Larger image available only at the Library of Congress"}, {"count": 0, "on": "https://www.loc.gov/pictures/search/?va=exact&sp=1&q=Railroad+signals&fa=displayed%3Anot_digitized&fi=subject&op=PHRASE&fo=json", "selected": false, "off": "https://www.loc.gov/pictures/search/?va=exact&sp=1&q=Railroad+signals&fi=subject&fo=json&op=PHRASE", "title": "Not Digitized"}], "title": "displayed"}], "links": {"json": "//www.loc.gov/pictures/search/?fi=subject&q=Railroad+signals&op=PHRASE&va=exact&fo=json", "html": "//www.loc.gov/pictures/search/?fi=subject&q=Railroad+signals&op=PHRASE&va=exact", "rss": "//www.loc.gov/pictures/search/?fi=subject&q=Railroad+signals&op=PHRASE&va=exact&fo=rss"}, "suggestions": {"possible": []}, "pages": {"current": 1, "next": null, "perpage": 20, "last": null, "page_list": [{"url": null, "number": 1}], "previous": null, "total": 1, "results": "1 - 15", "first": null}, "collection": null, "results": [{"source_created": "2012-11-27T00:00:00Z", "index": 1, "medium": "1 photographic print.", "reproduction_number": "LC-USZ62-29491 (b&w film copy neg.)", "links": {"item": "https://www.loc.gov/pictures/item/2012649490/", "resource": "https://www.loc.gov/pictures/item/2012649490/resource/"}, "title": "Looking East on the Union Pacific near Green River, Wyo.", "image": {"alt": "digitized item thumbnail", "full": "https://tile.loc.gov/storage-services/service/pnp/cph/3a30000/3a30000/3a30100/3a30165r.jpg", "square": "https://tile.loc.gov/storage-services/service/pnp/cph/3a30000/3a30000/3a30100/3a30165_75x75px.jpg", "thumb": "https://tile.loc.gov/storage-services/service/pnp/cph/3a30000/3a30000/3a30100/3a30165_150px.jpg"}, "created": "2016-04-20T00:00:00Z", "modified": "2016-04-20T00:00:00Z", "collection": ["cph", "diof", "pp"], "creator": "Stimson, Joseph Elam, 1870-1952", "call_number": "SSF - Railroads -- Rails and Tracks -- Misc. [item] [P&P]", "medium_brief": "1 photographic print.", "source_modified": "2012-12-07T00:00:00Z", "pk": "2012649490", "created_published_date": "[between ca. 1910 and ca. 1920]", "subjects": ["Union Pacific Railroad Company--1910-1920.", "Railroad tracks--Wyoming--Green River--1910-1920.", "Railroad signals--Wyoming--Green River--1910-1920.", "Photographic prints--1910-1920."]}, {"source_created": "1994-01-01T00:00:00Z", "index": 2, "medium": "1 negative : glass ; 8 x 10 in.", "reproduction_number": "LC-DIG-det-4a20361 (digital file from original)", "links": {"item": "https://www.loc.gov/pictures/item/2016811579/", "resource": "https://www.loc.gov/pictures/item/2016811579/resource/"}, "title": "Track and signal at Summit, Ill's.", "image": {"alt": "digitized item thumbnail", "full": "https://tile.loc.gov/storage-services/service/pnp/det/4a20000/4a20000/4a20300/4a20361r.jpg", "square": "https://tile.loc.gov/storage-services/service/pnp/det/4a20000/4a20000/4a20300/4a20361_75x75px.jpg", "thumb": "https://tile.loc.gov/storage-services/service/pnp/det/4a20000/4a20000/4a20300/4a20361_150px.jpg"}, "created": "2017-11-21T00:00:00Z", "modified": "2017-11-21T00:00:00Z", "collection": ["ammem", "det", "diof", "pp"], "creator": "Detroit Publishing Co.", "call_number": "LC-D4-42599 [P&P]", "medium_brief": "1 negative :", "source_modified": "2017-11-02T00:00:00Z", "pk": "2016811579", "created_published_date": "[between 1900 and 1905]", "subjects": ["Railroad tracks.", "Railroad signals.", "United States--Illinois--Summit.", "Dry plate negatives."]}, {"source_created": "1994-01-01T00:00:00Z", "index": 3, "medium": "1 negative : glass ; 8 x 10 in.", "reproduction_number": "LC-DIG-det-4a20364 (digital file from original)", "links": {"item": "https://www.loc.gov/pictures/item/2016811582/", "resource": "https://www.loc.gov/pictures/item/2016811582/resource/"}, "title": "Interlocking signal plant, Joliet, Ill's.", "image": {"alt": "digitized item thumbnail", "full": "https://tile.loc.gov/storage-services/service/pnp/det/4a20000/4a20000/4a20300/4a20364r.jpg", "square": "https://tile.loc.gov/storage-services/service/pnp/det/4a20000/4a20000/4a20300/4a20364_75x75px.jpg", "thumb": "https://tile.loc.gov/storage-services/service/pnp/det/4a20000/4a20000/4a20300/4a20364_150px.jpg"}, "created": "2017-11-21T00:00:00Z", "modified": "2017-11-21T00:00:00Z", "collection": ["ammem", "det", "diof", "pp"], "creator": "Detroit Publishing Co.", "call_number": "LC-D4-42611 [P&P]", "medium_brief": "1 negative :", "source_modified": "2017-11-02T00:00:00Z", "pk": "2016811582", "created_published_date": "[between 1900 and 1905]", "subjects": ["Railroad signals.", "United States--Illinois--Joliet.", "Dry plate negatives."]}, {"source_created": "2000-06-28T00:00:00Z", "index": 4, "medium": "1 negative (3 frames) : glass, b&w, three-color separation ; 24 x 9 cm.", "reproduction_number": "LC-DIG-prokc-20611 (digital color composite from digital file from glass neg.)\nLC-DIG-prok-10611 (detail of digital file showing single frame from glass neg.)\nLC-DIG-prok-00611 (digital file from glass neg.)", "links": {"item": "https://www.loc.gov/pictures/item/2018679595/", "resource": "https://www.loc.gov/pictures/item/2018679595/resource/"}, "title": "Zakruglen\u012be puti u Ust\u02b9-Katava", "image": {"alt": "digitized item thumbnail", "full": "https://tile.loc.gov/storage-services/service/pnp/prokc/20600/20611r.jpg", "square": "https://tile.loc.gov/storage-services/service/pnp/prokc/20600/20611_75x75px.jpg", "thumb": "https://tile.loc.gov/storage-services/service/pnp/prokc/20600/20611_150px.jpg"}, "created": "2018-12-11T00:00:00Z", "modified": "2018-12-11T00:00:00Z", "collection": ["diof", "intldl", "minload", "mtfpgp", "mtfront", "pp", "prok", "si"], "creator": "Prokudin-Gorski\u012d, Serge\u012d Mikha\u012dlovich, 1863-1944", "call_number": "LC-P87- 4338 [P&P] LOT 10335-B,", "medium_brief": "1 negative (3 frames) :", "source_modified": "2018-12-07T00:00:00Z", "pk": "2018679595", "created_published_date": "[1910]", "subjects": ["Railroad tracks.", "Railroad signals.", "Russia (Federation)--Ural Mountains Region.", "Russia (Federation)--Ust\u02b9-Katav.", "Color separation negatives.", "Glass negatives."]}, {"source_created": "1993-08-04T00:00:00Z", "index": 5, "medium": "1 negative : glass ; 5 x 7 in.", "reproduction_number": "LC-H832-1177-A (b&w glass neg.)", "links": {"item": "https://www.loc.gov/pictures/item/2019673416/", "resource": "https://www.loc.gov/pictures/item/2019673416/resource/"}, "title": "Railroads. Railroad signal and switch operators I", "image": {"alt": "digitized item thumbnail", "full": "https://tile.loc.gov/storage-services/service/pnp/thc/5a35000/5a35500/5a35589r.jpg", "square": "https://tile.loc.gov/storage-services/service/pnp/thc/5a35000/5a35500/5a35589_75x75px.jpg", "thumb": "https://tile.loc.gov/storage-services/service/pnp/thc/5a35000/5a35500/5a35589_150px.jpg"}, "created": "2019-10-22T00:00:00Z", "modified": "2019-10-22T00:00:00Z", "collection": ["ammem", "diof", "minload", "pp", "thc"], "creator": "Horydczak, Theodor, approximately 1890-1971", "call_number": "LC-H832- 1177-A [P&P]", "medium_brief": "1 negative :", "source_modified": "2019-10-18T00:00:00Z", "pk": "2019673416", "created_published_date": "ca. 1920-ca. 1950.", "subjects": ["Railroad signals.", "Railroad switches.", "United States--Washington Region.", "Glass negatives."]}, {"source_created": "1993-08-04T00:00:00Z", "index": 6, "medium": "1 negative : glass ; 5 x 7 in.", "reproduction_number": "LC-H832-1177-B (b&w glass neg.)", "links": {"item": "https://www.loc.gov/pictures/item/2019673417/", "resource": "https://www.loc.gov/pictures/item/2019673417/resource/"}, "title": "Railroads. Railroad signal and switch operators II", "image": {"alt": "digitized item thumbnail", "full": "https://tile.loc.gov/storage-services/service/pnp/thc/5a35000/5a35600/5a35679r.jpg", "square": "https://tile.loc.gov/storage-services/service/pnp/thc/5a35000/5a35600/5a35679_75x75px.jpg", "thumb": "https://tile.loc.gov/storage-services/service/pnp/thc/5a35000/5a35600/5a35679_150px.jpg"}, "created": "2019-10-22T00:00:00Z", "modified": "2019-10-22T00:00:00Z", "collection": ["ammem", "diof", "minload", "pp", "thc"], "creator": "Horydczak, Theodor, approximately 1890-1971", "call_number": "LC-H832- 1177-B [P&P]", "medium_brief": "1 negative :", "source_modified": "2019-10-18T00:00:00Z", "pk": "2019673417", "created_published_date": "ca. 1920-ca. 1950.", "subjects": ["Railroad signals.", "Railroad switches.", "United States--Washington Region.", "Glass negatives."]}, {"source_created": "1993-08-04T00:00:00Z", "index": 7, "medium": "1 negative : glass ; 5 x 7 in.", "reproduction_number": "LC-H832-1178-A (b&w glass neg.)", "links": {"item": "https://www.loc.gov/pictures/item/2019673418/", "resource": "https://www.loc.gov/pictures/item/2019673418/resource/"}, "title": "Railroads. Railroad signal operator I", "image": {"alt": "digitized item thumbnail", "full": "https://tile.loc.gov/storage-services/service/pnp/thc/5a35000/5a35500/5a35590r.jpg", "square": "https://tile.loc.gov/storage-services/service/pnp/thc/5a35000/5a35500/5a35590_75x75px.jpg", "thumb": "https://tile.loc.gov/storage-services/service/pnp/thc/5a35000/5a35500/5a35590_150px.jpg"}, "created": "2019-10-22T00:00:00Z", "modified": "2019-10-22T00:00:00Z", "collection": ["ammem", "diof", "minload", "pp", "thc"], "creator": "Horydczak, Theodor, approximately 1890-1971", "call_number": "LC-H832- 1178-A [P&P]", "medium_brief": "1 negative :", "source_modified": "2019-10-18T00:00:00Z", "pk": "2019673418", "created_published_date": "ca. 1920-ca. 1950.", "subjects": ["Railroad employees.", "Railroad signals.", "United States--Washington Region.", "Glass negatives."]}, {"source_created": "1993-08-04T00:00:00Z", "index": 8, "medium": "1 negative : glass ; 5 x 7 in.", "reproduction_number": "LC-H832-1178-B (b&w glass neg.)", "links": {"item": "https://www.loc.gov/pictures/item/2019673419/", "resource": "https://www.loc.gov/pictures/item/2019673419/resource/"}, "title": "Railroads. Railroad signal operator II", "image": {"alt": "digitized item thumbnail", "full": "https://tile.loc.gov/storage-services/service/pnp/thc/5a35000/5a35600/5a35680r.jpg", "square": "https://tile.loc.gov/storage-services/service/pnp/thc/5a35000/5a35600/5a35680_75x75px.jpg", "thumb": "https://tile.loc.gov/storage-services/service/pnp/thc/5a35000/5a35600/5a35680_150px.jpg"}, "created": "2019-10-22T00:00:00Z", "modified": "2019-10-22T00:00:00Z", "collection": ["ammem", "diof", "minload", "pp", "thc"], "creator": "Horydczak, Theodor, approximately 1890-1971", "call_number": "LC-H832- 1178-B [P&P]", "medium_brief": "1 negative :", "source_modified": "2019-10-18T00:00:00Z", "pk": "2019673419", "created_published_date": "ca. 1920-ca. 1950.", "subjects": ["Railroad employees.", "Railroad signals.", "United States--Washington Region.", "Glass negatives."]}, {"source_created": "1993-04-21T00:00:00Z", "index": 9, "medium": "1 negative : nitrate ; 8 x 10 in.", "reproduction_number": "LC-H824-T-1874-001 (interpositive)", "links": {"item": "https://www.loc.gov/pictures/item/2019675039/", "resource": "https://www.loc.gov/pictures/item/2019675039/resource/"}, "title": "Train yard, Washington, D.C. Train going under signal", "image": {"alt": "digitized item thumbnail", "full": "https://tile.loc.gov/storage-services/service/pnp/thc/5a48000/5a48700/5a48799r.jpg", "square": "https://tile.loc.gov/storage-services/service/pnp/thc/5a48000/5a48700/5a48799_75x75px.jpg", "thumb": "https://tile.loc.gov/storage-services/service/pnp/thc/5a48000/5a48700/5a48799_150px.jpg"}, "created": "2019-10-22T00:00:00Z", "modified": "2019-10-22T00:00:00Z", "collection": ["ammem", "diof", "minload", "pp", "thc"], "creator": "Horydczak, Theodor, approximately 1890-1971", "call_number": "LC-H824- 1874-001 [P&P]", "medium_brief": "1 negative :", "source_modified": "2019-10-18T00:00:00Z", "pk": "2019675039", "created_published_date": "ca. 1920-ca. 1950.", "subjects": ["Railroad signals.", "Railroads.", "United States--District of Columbia--Washington (D.C.)", "Nitrate negatives."]}, {"source_created": "1993-04-06T00:00:00Z", "index": 10, "medium": "1 negative : safety ; 4 x 5 in.", "reproduction_number": "LC-H813-2123-001 (b&w film neg.)", "links": {"item": "https://www.loc.gov/pictures/item/2019677530/", "resource": "https://www.loc.gov/pictures/item/2019677530/resource/"}, "title": "Railroads. Railroad signal I", "image": {"alt": "digitized item thumbnail", "full": "https://tile.loc.gov/storage-services/service/pnp/thc/5a36000/5a36300/5a36326r.jpg", "square": "https://tile.loc.gov/storage-services/service/pnp/thc/5a36000/5a36300/5a36326_75x75px.jpg", "thumb": "https://tile.loc.gov/storage-services/service/pnp/thc/5a36000/5a36300/5a36326_150px.jpg"}, "created": "2019-10-22T00:00:00Z", "modified": "2019-10-22T00:00:00Z", "collection": ["ammem", "diof", "minload", "pp", "thc"], "creator": "Horydczak, Theodor, approximately 1890-1971", "call_number": "LC-H813- 2123-001 [P&P]", "medium_brief": "1 negative :", "source_modified": "2019-10-18T00:00:00Z", "pk": "2019677530", "created_published_date": "ca. 1920-ca. 1950.", "subjects": ["Railroad signals.", "United States--Washington Region.", "Acetate negatives."]}, {"source_created": "1993-04-06T00:00:00Z", "index": 11, "medium": "1 negative : safety ; 4 x 5 in.", "reproduction_number": "LC-H813-2123-002 (b&w film neg.)", "links": {"item": "https://www.loc.gov/pictures/item/2019677531/", "resource": "https://www.loc.gov/pictures/item/2019677531/resource/"}, "title": "Railroads. Railroad signal II", "image": {"alt": "digitized item thumbnail", "full": "https://tile.loc.gov/storage-services/service/pnp/thc/5a36000/5a36300/5a36327r.jpg", "square": "https://tile.loc.gov/storage-services/service/pnp/thc/5a36000/5a36300/5a36327_75x75px.jpg", "thumb": "https://tile.loc.gov/storage-services/service/pnp/thc/5a36000/5a36300/5a36327_150px.jpg"}, "created": "2019-10-22T00:00:00Z", "modified": "2019-10-22T00:00:00Z", "collection": ["ammem", "diof", "minload", "pp", "thc"], "creator": "Horydczak, Theodor, approximately 1890-1971", "call_number": "LC-H813- 2123-002 [P&P]", "medium_brief": "1 negative :", "source_modified": "2019-10-18T00:00:00Z", "pk": "2019677531", "created_published_date": "ca. 1920-ca. 1950.", "subjects": ["Railroad signals.", "United States--Washington Region.", "Acetate negatives."]}, {"source_created": "1993-08-05T00:00:00Z", "index": 12, "medium": "1 negative : glass ; 4 x 5 in.", "reproduction_number": "LC-H833-2164 (b&w glass neg.)", "links": {"item": "https://www.loc.gov/pictures/item/2019678895/", "resource": "https://www.loc.gov/pictures/item/2019678895/resource/"}, "title": "Railroads. Train", "image": {"alt": "digitized item thumbnail", "full": "https://tile.loc.gov/storage-services/service/pnp/thc/5a35000/5a35500/5a35511r.jpg", "square": "https://tile.loc.gov/storage-services/service/pnp/thc/5a35000/5a35500/5a35511_75x75px.jpg", "thumb": "https://tile.loc.gov/storage-services/service/pnp/thc/5a35000/5a35500/5a35511_150px.jpg"}, "created": "2019-10-29T00:00:00Z", "modified": "2019-10-29T00:00:00Z", "collection": ["ammem", "diof", "minload", "pp", "thc"], "creator": "Horydczak, Theodor, approximately 1890-1971", "call_number": "LC-H833- 2164 [P&P]", "medium_brief": "1 negative :", "source_modified": "2019-10-22T00:00:00Z", "pk": "2019678895", "created_published_date": "ca. 1920-ca. 1950.", "subjects": ["Railroad signals.", "Railroad tracks.", "Railroads.", "United States--Washington Region.", "Glass negatives."]}, {"source_created": "1970-01-01T00:00:00Z", "index": 13, "medium": "3", "reproduction_number": null, "links": {"item": "https://www.loc.gov/pictures/item/ca3619/", "resource": "https://www.loc.gov/pictures/item/ca3619/resource/"}, "title": "Southern Pacific Railroad Sixteenth Street Tower, 1798 Sixteenth Street & 1601 Wood Street, Oakland, Alameda County, CA", "image": {"alt": "digitized item thumbnail", "full": "https://www.loc.gov/pictures/static/images/item/500x500_notdigitized.png", "square": "https://www.loc.gov/pictures/static/data/media/ca3/ca3619/ca3619.ph/ca3619.photos.1/square.jpg", "thumb": "https://www.loc.gov/pictures/static/data/media/ca3/ca3619/ca3619.ph/ca3619.photos.1/gallery.jpg"}, "created": "2016-04-18T00:00:00Z", "modified": "2020-03-21T00:00:00Z", "collection": ["diof", "hh", "survey"], "creator": "Historic American Engineering Record", "call_number": "HAER CA-2264", "medium_brief": "Photo(s): 3, Data Page(s): 6, Photo Caption Page(s): 1", "source_modified": "2016-04-18T00:00:00Z", "pk": "ca3619", "created_published_date": "Documentation compiled after 1968", "subjects": ["railroad signals", "towers"]}, {"source_created": "1970-01-01T00:00:00Z", "index": 14, "medium": "2", "reproduction_number": null, "links": {"item": "https://www.loc.gov/pictures/item/ca3932/", "resource": "https://www.loc.gov/pictures/item/ca3932/resource/"}, "title": "Southern Pacific Railroad West Oakland Shops, Cedar Street Tower, Foot of Cedar Street, Oakland, Alameda County, CA", "image": {"alt": "digitized item thumbnail", "full": "https://www.loc.gov/pictures/static/images/item/500x500_notdigitized.png", "square": "https://www.loc.gov/pictures/static/data/media/ca3/ca3932/ca3932.ph/ca3932.photos.1/square.jpg", "thumb": "https://www.loc.gov/pictures/static/data/media/ca3/ca3932/ca3932.ph/ca3932.photos.1/gallery.jpg"}, "created": "2016-04-18T00:00:00Z", "modified": "2020-03-21T00:00:00Z", "collection": ["diof", "hh", "survey"], "creator": "Historic American Engineering Record", "call_number": "HAER CA-2262-A", "medium_brief": "Photo(s): 2, Data Page(s): 5, Photo Caption Page(s): 1", "source_modified": "2016-04-18T00:00:00Z", "pk": "ca3932", "created_published_date": "Documentation compiled after 1968", "subjects": ["railroad signals", "towers"]}, {"source_created": "1970-01-01T00:00:00Z", "index": 15, "medium": "45", "reproduction_number": null, "links": {"item": "https://www.loc.gov/pictures/item/ct0380/", "resource": "https://www.loc.gov/pictures/item/ct0380/resource/"}, "title": "New York, New Haven & Hartford Railroad, Automatic Signalization System, Long Island Sound shoreline between Stamford & New Haven, Stamford, Fairfield County, CT", "image": {"alt": "digitized item thumbnail", "full": "https://tile.loc.gov/storage-services/service/pnp/habshaer/ct/ct0300/ct0380/photos/022802pr.jpg", "square": "https://tile.loc.gov/storage-services/service/pnp/habshaer/ct/ct0300/ct0380/photos/022802p_75x75px.jpg", "thumb": "https://tile.loc.gov/storage-services/service/pnp/habshaer/ct/ct0300/ct0380/photos/022802p_150px.jpg"}, "created": "2016-04-17T00:00:00Z", "modified": "2020-03-20T00:00:00Z", "collection": ["diof", "hh", "survey"], "creator": "Historic American Engineering Record", "call_number": "HAER CONN,1-STAMF,2-", "medium_brief": "Photo(s): 45, Data Page(s): 30, Photo Caption Page(s): 3", "source_modified": "2016-04-17T00:00:00Z", "pk": "ct0380", "created_published_date": "Documentation compiled after 1968", "subjects": ["railroad signals", "brick buildings", "railroad companies", "railroad industry", "engineering", "commuters", "power plants", "signal towers", "signal lights", "electrical substations", "electric railroads", "steel truss bridges", "catenary lines", "pipelines"]}]}