{"search": {"field": "subject", "hits": 3, "sort_order": null, "do_facets": true, "focus_item": null, "query": "Rubbings", "type": "search", "sort_by": null}, "focus": null, "views": {"current": "list", "grid": "https://www.loc.gov/pictures/search/?q=Rubbings&fi=subject&va=exact&st=grid&op=PHRASE", "list": "https://www.loc.gov/pictures/search/?q=Rubbings&fi=subject&op=PHRASE&va=exact", "gallery": "https://www.loc.gov/pictures/search/?q=Rubbings&fi=subject&va=exact&st=gallery&op=PHRASE", "slideshow": "https://www.loc.gov/pictures/search/?q=Rubbings&fi=subject&va=exact&st=slideshow&op=PHRASE"}, "facets": [{"type": "displayed", "filters": [{"count": 1, "on": "https://www.loc.gov/pictures/search/?va=exact&sp=1&q=Rubbings&fa=displayed%3Aanywhere&fi=subject&op=PHRASE&fo=json", "selected": false, "off": "https://www.loc.gov/pictures/search/?va=exact&sp=1&q=Rubbings&fi=subject&fo=json&op=PHRASE", "title": "Larger image available anywhere"}, {"count": 0, "on": "https://www.loc.gov/pictures/search/?va=exact&sp=1&q=Rubbings&fa=displayed%3Alc_only&fi=subject&op=PHRASE&fo=json", "selected": false, "off": "https://www.loc.gov/pictures/search/?va=exact&sp=1&q=Rubbings&fi=subject&fo=json&op=PHRASE", "title": "Larger image available only at the Library of Congress"}, {"count": 2, "on": "https://www.loc.gov/pictures/search/?va=exact&sp=1&q=Rubbings&fa=displayed%3Anot_digitized&fi=subject&op=PHRASE&fo=json", "selected": false, "off": "https://www.loc.gov/pictures/search/?va=exact&sp=1&q=Rubbings&fi=subject&fo=json&op=PHRASE", "title": "Not Digitized"}], "title": "displayed"}], "links": {"json": "//www.loc.gov/pictures/search/?fi=subject&q=Rubbings&op=PHRASE&va=exact&fo=json", "html": "//www.loc.gov/pictures/search/?fi=subject&q=Rubbings&op=PHRASE&va=exact", "rss": "//www.loc.gov/pictures/search/?fi=subject&q=Rubbings&op=PHRASE&va=exact&fo=rss"}, "suggestions": {"possible": []}, "pages": {"current": 1, "next": null, "perpage": 20, "last": null, "page_list": [{"url": null, "number": 1}], "previous": null, "total": 1, "results": "1 - 3", "first": null}, "collection": null, "results": [{"source_created": "2009-01-05T00:00:00Z", "index": 1, "medium": "2 prints (1 mount) : lithograph (?).", "reproduction_number": "LC-USZ62-37611 (b&w film copy neg.)", "links": {"item": "https://www.loc.gov/pictures/item/2009630610/", "resource": "https://www.loc.gov/pictures/item/2009630610/resource/"}, "title": "[Two rubbings from the brasses in memory of Helinor Whistler and Hugh Whistler in the Church at Goring on the Thames, England]", "image": {"alt": "digitized item thumbnail", "full": "https://tile.loc.gov/storage-services/service/pnp/cph/3a30000/3a37000/3a37900/3a37973r.jpg", "square": "https://tile.loc.gov/storage-services/service/pnp/cph/3a30000/3a37000/3a37900/3a37973_75x75px.jpg", "thumb": "https://tile.loc.gov/storage-services/service/pnp/cph/3a30000/3a37000/3a37900/3a37973_150px.jpg"}, "created": "2016-04-21T00:00:00Z", "modified": "2016-04-21T00:00:00Z", "collection": ["cph", "diof", "pp"], "creator": null, "call_number": "Unprocessed in PR 13 CN 1926:R02 [item] [P&P]", "medium_brief": "2 prints (1 mount) : lithograph (?).", "source_modified": "2009-01-12T00:00:00Z", "pk": "2009630610", "created_published_date": "[ca. 1900]", "subjects": ["Whistler, James McNeill,--1834-1903--Family.", "Tombs & sepulchral monuments--England--1900.", "Prints--1900.", "Rubbings--Reproductions--1900."]}, {"source_created": "2017-12-04T00:00:00Z", "index": 2, "medium": "2 prints   : black ink rubbings on paper ; sheet 187 x 69 cm. and smaller.", "reproduction_number": "", "links": {"item": "https://www.loc.gov/pictures/item/2017651422/", "resource": null}, "title": "[Rubbings showing full-length portraits of Confucius, one by an unknown artist and the other a copy of a portrait by Wu Daozi, a Chinese artist of the Tang dynasty]", "image": {"alt": "item not digitized thumbnail", "full": "https://www.loc.gov/pictures/static/images/item/500x500_notdigitized.png", "square": "https://www.loc.gov/pictures/static/images/item/not_digitized_buttons75X75.png", "thumb": "https://www.loc.gov/pictures/static/images/item/notdigitized_buttons140X120.png"}, "created": "2020-02-04T00:00:00Z", "modified": "2020-02-04T00:00:00Z", "collection": ["iuc", "pp"], "creator": null, "call_number": "Unprocessed in PR 13 CN 2017:156 (C size) [P&P]", "medium_brief": "2 prints   :", "source_modified": "2020-01-30T00:00:00Z", "pk": "2017651422", "created_published_date": "[20th century].", "subjects": ["Confucius.", "Rubbings--Chinese--1900-2000."]}, {"source_created": "1995-09-08T00:00:00Z", "index": 3, "medium": "90 items : graphite, ink, colored pencil, crayon, blueprint, diazo print, and stat ; in folder(s) 117 x 192 cm. or smaller.", "reproduction_number": "", "links": {"item": "https://www.loc.gov/pictures/item/95860040/", "resource": null}, "title": "Architectural drawings of a cathedral (\"Palma de Mallorca\"), Palma, Spain", "image": {"alt": "item not digitized thumbnail", "full": "https://www.loc.gov/pictures/static/images/item/500x500_notdigitized.png", "square": "https://www.loc.gov/pictures/static/images/item/not_digitized_buttons75X75.png", "thumb": "https://www.loc.gov/pictures/static/images/item/notdigitized_buttons140X120.png"}, "created": "2017-01-17T03:54:14Z", "modified": "2021-04-13T12:07:26Z", "collection": ["ade", "pp", "wii"], "creator": "Waterman, Thomas Tileston, 1900-1951", "call_number": "ADE - UNIT 1781 [P&P]", "medium_brief": "90 items :", "source_modified": "2017-01-11T15:22:49Z", "pk": "95860040", "created_published_date": "1928.", "subjects": ["Catedral de Mallorca--1920-1930.", "Cathedrals--Spain--Palma de Mallorca--1920-1930.", "Flying buttresses--Spain--Palma de Mallorca--1920-1930.", "Towers--Spain--Palma de Mallorca--1920-1930.", "Parapets--Spain--Palma de Mallorca--1920-1930.", "Arches--Spain--Palma de Mallorca--1920-1930.", "Finials--Spain--Palma de Mallorca--1920-1930.", "Columns--Spain--Palma de Mallorca--1920-1930.", "Windows--Spain--Palma de Mallorca--1920-1930.", "Historic buildings--Spain--Palma de Mallorca--1920-1930.", "Architectural drawings--1920-1930.", "Measured drawings--1920-1930.", "Renderings--1920-1930.", "Rubbings--1920-1930.", "Sketches--1920-1930.", "Structural drawings--1920-1930."]}]}