{"search": {"field": "subject", "hits": 263, "sort_order": null, "do_facets": true, "focus_item": null, "query": "Punishment & torture", "type": "search", "sort_by": null}, "focus": null, "views": {"current": "list", "grid": "https://www.loc.gov/pictures/search/?q=Punishment+%26+torture&fi=subject&va=exact&st=grid&op=PHRASE", "list": "https://www.loc.gov/pictures/search/?q=Punishment+%26+torture&fi=subject&op=PHRASE&va=exact", "gallery": "https://www.loc.gov/pictures/search/?q=Punishment+%26+torture&fi=subject&va=exact&st=gallery&op=PHRASE", "slideshow": "https://www.loc.gov/pictures/search/?q=Punishment+%26+torture&fi=subject&va=exact&st=slideshow&op=PHRASE"}, "facets": [{"type": "displayed", "filters": [{"count": 116, "on": "https://www.loc.gov/pictures/search/?va=exact&sp=1&q=Punishment+%26+torture&fa=displayed%3Aanywhere&fi=subject&op=PHRASE&fo=json", "selected": false, "off": "https://www.loc.gov/pictures/search/?va=exact&sp=1&q=Punishment+%26+torture&fi=subject&fo=json&op=PHRASE", "title": "Larger image available anywhere"}, {"count": 97, "on": "https://www.loc.gov/pictures/search/?va=exact&sp=1&q=Punishment+%26+torture&fa=displayed%3Alc_only&fi=subject&op=PHRASE&fo=json", "selected": false, "off": "https://www.loc.gov/pictures/search/?va=exact&sp=1&q=Punishment+%26+torture&fi=subject&fo=json&op=PHRASE", "title": "Larger image available only at the Library of Congress"}, {"count": 50, "on": "https://www.loc.gov/pictures/search/?va=exact&sp=1&q=Punishment+%26+torture&fa=displayed%3Anot_digitized&fi=subject&op=PHRASE&fo=json", "selected": false, "off": "https://www.loc.gov/pictures/search/?va=exact&sp=1&q=Punishment+%26+torture&fi=subject&fo=json&op=PHRASE", "title": "Not Digitized"}], "title": "displayed"}], "links": {"json": "//www.loc.gov/pictures/search/?fi=subject&q=Punishment+%26+torture&op=PHRASE&va=exact&fo=json", "html": "//www.loc.gov/pictures/search/?fi=subject&q=Punishment+%26+torture&op=PHRASE&va=exact", "rss": "//www.loc.gov/pictures/search/?fi=subject&q=Punishment+%26+torture&op=PHRASE&va=exact&fo=rss"}, "suggestions": {"possible": []}, "pages": {"current": 1, "next": "https://www.loc.gov/pictures/search/?q=Punishment+%26+torture&fi=subject&sp=2&op=PHRASE&va=exact", "perpage": 20, "last": "https://www.loc.gov/pictures/search/?q=Punishment+%26+torture&fi=subject&sp=13&op=PHRASE&va=exact", "page_list": [{"url": null, "number": 1}, {"url": "https://www.loc.gov/pictures/search/?q=Punishment+%26+torture&fi=subject&sp=2&op=PHRASE&va=exact", "number": 2}, {"url": "https://www.loc.gov/pictures/search/?q=Punishment+%26+torture&fi=subject&sp=3&op=PHRASE&va=exact", "number": 3}, {"url": "https://www.loc.gov/pictures/search/?q=Punishment+%26+torture&fi=subject&sp=4&op=PHRASE&va=exact", "number": 4}, {"url": "https://www.loc.gov/pictures/search/?q=Punishment+%26+torture&fi=subject&sp=5&op=PHRASE&va=exact", "number": 5}, {"url": "https://www.loc.gov/pictures/search/?q=Punishment+%26+torture&fi=subject&sp=6&op=PHRASE&va=exact", "number": "..."}, {"url": "https://www.loc.gov/pictures/search/?q=Punishment+%26+torture&fi=subject&sp=13&op=PHRASE&va=exact", "number": 13}], "previous": null, "total": 13, "results": "1 - 20", "first": null}, "collection": null, "results": [{"source_created": "1998-05-01T00:00:00Z", "index": 1, "medium": "1 print : wood engraving ; 15.1 x 9.3 cm. (sheet)", "reproduction_number": "", "links": {"item": "https://www.loc.gov/pictures/item/2010643807/", "resource": null}, "title": "Flogging American women", "image": {"alt": "item not digitized thumbnail", "full": "https://www.loc.gov/pictures/static/images/item/500x500_notdigitized.png", "square": "https://www.loc.gov/pictures/static/images/item/not_digitized_buttons75X75.png", "thumb": "https://www.loc.gov/pictures/static/images/item/notdigitized_buttons140X120.png"}, "created": "2016-04-20T00:00:00Z", "modified": "2016-04-20T00:00:00Z", "collection": ["bbgfc", "minload", "pp"], "creator": null, "call_number": "Goldstein, no. 947 (AA size) [P&P]", "medium_brief": "1 print :", "source_modified": "2011-07-21T00:00:00Z", "pk": "2010643807", "created_published_date": "[1834]", "subjects": ["African Americans--Punishment & torture--1830-1840.", "Slavery--United States--1830-1840.", "Whipping--United States--1830-1840.", "Women--Punishment & torture--United States--1830-1840.", "Book illustrations--1830-1840.", "Wood engravings--1830-1840."]}, {"source_created": "1995-02-13T00:00:00Z", "index": 2, "medium": "1 photomechanical print : halftone.", "reproduction_number": "LC-USZ62-112466 (b&w film copy neg.)", "links": {"item": "https://www.loc.gov/pictures/item/95502311/", "resource": "https://www.loc.gov/pictures/item/95502311/resource/"}, "title": "He stooped to pick up the scourge which his constable had refused to wield", "image": {"alt": "digitized item thumbnail", "full": "https://tile.loc.gov/storage-services/service/pnp/cph/3c10000/3c12000/3c12400/3c12466r.jpg", "square": "https://tile.loc.gov/storage-services/service/pnp/cph/3c10000/3c12000/3c12400/3c12466_75x75px.jpg", "thumb": "https://tile.loc.gov/storage-services/service/pnp/cph/3c10000/3c12000/3c12400/3c12466_150px.jpg"}, "created": "2016-04-20T00:00:00Z", "modified": "2016-04-20T00:00:00Z", "collection": ["cph", "diof", "pp"], "creator": "P\u00e9rard, Victor Semon, 1870-1957", "call_number": "Illus. in PZ3.S129Ma [General Collections]", "medium_brief": "1 photomechanical print :", "source_modified": "2005-02-09T00:00:00Z", "pk": "95502311", "created_published_date": "[c1915]", "subjects": ["Whipping--1670-1680.", "Punishment & torture--1670-1680.", "Women--Punishment & torture--1670-1680.", "Pillories--1670-1680.", "Book illustrations--1910-1920.", "Frontispieces--1910-1920.", "Halftone photomechanical prints--1910-1920."]}, {"source_created": "1994-05-20T00:00:00Z", "index": 3, "medium": "1 print : color lithograph ; sheet 76 x 101 cm. (poster format)", "reproduction_number": "LC-USZ62-125534 (b&w film copy neg.)", "links": {"item": "https://www.loc.gov/pictures/item/2014636572/", "resource": "https://www.loc.gov/pictures/item/2014636572/resource/"}, "title": "Edwin Arden's romantic play, Zorah", "image": {"alt": "digitized item thumbnail", "full": "https://tile.loc.gov/storage-services/service/pnp/var/1200/1240/1240r.jpg", "square": "https://tile.loc.gov/storage-services/service/pnp/var/1200/1240/1240_75x75px.jpg", "thumb": "https://tile.loc.gov/storage-services/service/pnp/var/1200/1240/1240_150px.jpg"}, "created": "2016-04-21T00:00:00Z", "modified": "2016-04-21T00:00:00Z", "collection": ["ammem", "diof", "minload", "pp", "var"], "creator": "Strobridge & Co. Lith.", "call_number": "POS - TH - 1899 .Z67, no. 5 (C size) [P&P]", "medium_brief": "1 print :", "source_modified": "2015-01-19T00:00:00Z", "pk": "2014636572", "created_published_date": "c1899.", "subjects": ["Jews--Performances & portrayals.", "Jews--Punishment & torture.", "Blindfolds.", "Pleading (Begging)", "Punishment & torture--Russia.", "Theatrical productions.", "Lithographs--Color.", "Theatrical posters--American."]}, {"source_created": "2000-06-12T00:00:00Z", "index": 4, "medium": "1 photographic print.", "reproduction_number": "LC-USZ62-126375 (b&w film copy neg.)", "links": {"item": "https://www.loc.gov/pictures/item/00650869/", "resource": "https://www.loc.gov/pictures/item/00650869/resource/"}, "title": "Florence military prison series--\"Persuading Dang\"", "image": {"alt": "digitized item thumbnail", "full": "https://tile.loc.gov/storage-services/service/pnp/cph/3c20000/3c26000/3c26300/3c26375r.jpg", "square": "https://tile.loc.gov/storage-services/service/pnp/cph/3c20000/3c26000/3c26300/3c26375_75x75px.jpg", "thumb": "https://tile.loc.gov/storage-services/service/pnp/cph/3c20000/3c26000/3c26300/3c26375_150px.jpg"}, "created": "2016-04-20T00:00:00Z", "modified": "2016-04-20T00:00:00Z", "collection": ["civwar", "cph", "diof", "pp"], "creator": "Taylor, James E., 1839-1901", "call_number": "LOT 7362 [item] [P&P]", "medium_brief": "1 photographic print.", "source_modified": "2011-04-13T00:00:00Z", "pk": "00650869", "created_published_date": "1897, c1898.", "subjects": ["Florence Prison (S.C.)--1860-1870.", "United States--History--Civil War, 1861-1865--Prisoners--Union.", "Punishment & torture--South Carolina--Florence--1860-1870.", "Prisoners of war--Union--South Carolina--Florence--1860-1870.", "Military personnel--Union--South Carolina--Florence--1860-1870.", "Photographic prints--1890-1900.", "Watercolors--Reproductions--1890-1900."]}, {"source_created": "2001-04-24T00:00:00Z", "index": 5, "medium": "1 photographic print.", "reproduction_number": "LC-USZ62-128328 (b&w film copy neg.)", "links": {"item": "https://www.loc.gov/pictures/item/2001695634/", "resource": "https://www.loc.gov/pictures/item/2001695634/resource/"}, "title": "[James Gallon of Greensboro, Florida, and his son James, Jr., a Navy veteran, telling Earle W. Fisher, Research Assistant, in the Washington Bureau, NAACP, how they barely escaped with their lives after a severe beating with ax handles by a Florida mob, which grew out of a dispute with a white Florida store owner over a debt]", "image": {"alt": "digitized item thumbnail", "full": "https://tile.loc.gov/storage-services/service/pnp/cph/3c20000/3c28000/3c28300/3c28328_150px.jpg", "square": "https://tile.loc.gov/storage-services/service/pnp/cph/3c20000/3c28000/3c28300/3c28328_75x75px.jpg", "thumb": "https://tile.loc.gov/storage-services/service/pnp/cph/3c20000/3c28000/3c28300/3c28328_150px.jpg"}, "created": "2016-04-20T00:00:00Z", "modified": "2016-04-20T00:00:00Z", "collection": ["cph", "pp"], "creator": null, "call_number": "LOT 13093, no. 94 [P&P]", "medium_brief": "1 photographic print.", "source_modified": "2013-07-27T00:00:00Z", "pk": "2001695634", "created_published_date": "[between 1945 and ca. 1950]", "subjects": ["National Association for the Advancement of Colored People--People--1940-1960.", "African Americans--Punishment & torture--Florida--1940-1960.", "Beating--Florida--1940-1960.", "Group portraits--1940-1960.", "Photographic prints--1940-1960.", "Portrait photographs--1940-1960."]}, {"source_created": "2001-04-24T00:00:00Z", "index": 6, "medium": "1 photographic print.", "reproduction_number": "LC-USZ62-128330 (b&w film copy neg.)", "links": {"item": "https://www.loc.gov/pictures/item/2001695636/", "resource": "https://www.loc.gov/pictures/item/2001695636/resource/"}, "title": "Bodies of victims at funeral home", "image": {"alt": "digitized item thumbnail", "full": "https://tile.loc.gov/storage-services/service/pnp/cph/3c20000/3c28000/3c28300/3c28330_150px.jpg", "square": "https://tile.loc.gov/storage-services/service/pnp/cph/3c20000/3c28000/3c28300/3c28330_75x75px.jpg", "thumb": "https://tile.loc.gov/storage-services/service/pnp/cph/3c20000/3c28000/3c28300/3c28330_150px.jpg"}, "created": "2016-04-20T00:00:00Z", "modified": "2016-04-20T00:00:00Z", "collection": ["cph", "pp"], "creator": null, "call_number": "LOT 13093, no. 60 [P&P]", "medium_brief": "1 photographic print.", "source_modified": "2013-07-27T00:00:00Z", "pk": "2001695636", "created_published_date": "[1946?]", "subjects": ["National Association for the Advancement of Colored People.", "African Americans--Punishment & torture--Georgia--Monroe--1940-1950.", "Dead persons--Georgia--Monroe--1940-1950.", "Photographic prints--1940-1950.", "Portrait photographs--1940-1950."]}, {"source_created": "2001-11-27T00:00:00Z", "index": 7, "medium": "1 photographic print on mount.", "reproduction_number": "LC-USZC2-6302 (color film copy slide)", "links": {"item": "https://www.loc.gov/pictures/item/2001701640/", "resource": "https://www.loc.gov/pictures/item/2001701640/resource/"}, "title": "[Anthony Crawford, head-and-shoulders portrait, facing front]", "image": {"alt": "digitized item thumbnail", "full": "https://tile.loc.gov/storage-services/service/pnp/cph/3f00000/3f06000/3f06300/3f06302_150px.jpg", "square": "https://tile.loc.gov/storage-services/service/pnp/cph/3f00000/3f06000/3f06300/3f06302_75x75px.jpg", "thumb": "https://tile.loc.gov/storage-services/service/pnp/cph/3f00000/3f06000/3f06300/3f06302_150px.jpg"}, "created": "2016-04-20T00:00:00Z", "modified": "2016-04-20T00:00:00Z", "collection": ["cph", "pp"], "creator": null, "call_number": "LOT 13093, no. 39 [P&P]", "medium_brief": "1 photographic print on mount.", "source_modified": "2013-07-27T00:00:00Z", "pk": "2001701640", "created_published_date": "[ca. 1910]", "subjects": ["African Americans--Punishment & torture--South Carolina--Abbeville--1910-1920.", "Lynchings--South Carolina--Abbeville--1910-1920.", "Photographic prints--1900-1920.", "Portrait photographs--1900-1920."]}, {"source_created": "2001-11-29T00:00:00Z", "index": 8, "medium": "1 photographic print.", "reproduction_number": "LC-USZC2-6307 (color film copy slide)", "links": {"item": "https://www.loc.gov/pictures/item/2001701644/", "resource": "https://www.loc.gov/pictures/item/2001701644/resource/"}, "title": "[Robert Hall, postmortem photograph]", "image": {"alt": "digitized item thumbnail", "full": "https://tile.loc.gov/storage-services/service/pnp/cph/3f00000/3f06000/3f06300/3f06307_150px.jpg", "square": "https://tile.loc.gov/storage-services/service/pnp/cph/3f00000/3f06000/3f06300/3f06307_75x75px.jpg", "thumb": "https://tile.loc.gov/storage-services/service/pnp/cph/3f00000/3f06000/3f06300/3f06307_150px.jpg"}, "created": "2016-04-20T00:00:00Z", "modified": "2016-04-20T00:00:00Z", "collection": ["cph", "pp"], "creator": null, "call_number": "LOT 13093, no. 52 [P&P]", "medium_brief": "1 photographic print.", "source_modified": "2013-07-27T00:00:00Z", "pk": "2001701644", "created_published_date": "1943.", "subjects": ["African Americans--Punishment & torture--1940-1950.", "Homicides--Georgia--Newton--1940-1950.", "Police brutality--Georgia--Newton--1940-1950.", "Photographic prints--1940-1950.", "Postmortem photographs--1940-1950."]}, {"source_created": "2001-12-17T00:00:00Z", "index": 9, "medium": "1 photographic print.", "reproduction_number": "LC-USZC2-6309 (color film copy slide)", "links": {"item": "https://www.loc.gov/pictures/item/2001701778/", "resource": "https://www.loc.gov/pictures/item/2001701778/resource/"}, "title": "Interior of jailer's room, Morris [i.e., Maurice] Mays lynching, Knox County, Tennessee", "image": {"alt": "digitized item thumbnail", "full": "https://tile.loc.gov/storage-services/service/pnp/cph/3f00000/3f06000/3f06300/3f06309_150px.jpg", "square": "https://tile.loc.gov/storage-services/service/pnp/cph/3f00000/3f06000/3f06300/3f06309_75x75px.jpg", "thumb": "https://tile.loc.gov/storage-services/service/pnp/cph/3f00000/3f06000/3f06300/3f06309_150px.jpg"}, "created": "2016-04-20T00:00:00Z", "modified": "2016-04-20T00:00:00Z", "collection": ["cph", "pp"], "creator": null, "call_number": "LOT 13093, no. 55 [P&P]", "medium_brief": "1 photographic print.", "source_modified": "2013-07-27T00:00:00Z", "pk": "2001701778", "created_published_date": "[1919]", "subjects": ["Mays, Maurice--Punishment & torture.", "Jails--Tennessee--Knox County--1910-1920.", "Vandalism--Tennessee--Knox County--1910-1920.", "Photographic prints--1910-1920."]}, {"source_created": "2002-09-24T00:00:00Z", "index": 10, "medium": "1 print : etching.", "reproduction_number": "LC-USZ62-132016 (b&w film copy neg.)", "links": {"item": "https://www.loc.gov/pictures/item/2002719529/", "resource": "https://www.loc.gov/pictures/item/2002719529/resource/"}, "title": "Whipping John of Islington", "image": {"alt": "digitized item thumbnail", "full": "https://tile.loc.gov/storage-services/service/pnp/cph/3c30000/3c32000/3c32000/3c32016r.jpg", "square": "https://tile.loc.gov/storage-services/service/pnp/cph/3c30000/3c32000/3c32000/3c32016_75x75px.jpg", "thumb": "https://tile.loc.gov/storage-services/service/pnp/cph/3c30000/3c32000/3c32000/3c32016_150px.jpg"}, "created": "2016-04-20T00:00:00Z", "modified": "2016-04-20T00:00:00Z", "collection": ["cpbr", "diof", "pp"], "creator": null, "call_number": "PC 3 - 1748 - Whipping John ... (A size) [P&P]", "medium_brief": "1 print :", "source_modified": "2006-09-05T00:00:00Z", "pk": "2002719529", "created_published_date": "1748 July 11th.", "subjects": ["Whipping--England--1740-1750.", "Women--Punishment & torture--England--1740-1750.", "Relations between the sexes--England--1740-1750.", "Cartoons (Commentary)--British--1740-1750.", "Etchings--British--1740-1750."]}, {"source_created": "2003-08-28T00:00:00Z", "index": 11, "medium": "1 print : wood engraving.", "reproduction_number": "LC-USZ62-133428 (b&w film copy neg.)", "links": {"item": "https://www.loc.gov/pictures/item/2003675413/", "resource": "https://www.loc.gov/pictures/item/2003675413/resource/"}, "title": "\"The prisoner\" - from the water-color painting by H.F. Farny", "image": {"alt": "digitized item thumbnail", "full": "https://tile.loc.gov/storage-services/service/pnp/cph/3c30000/3c33000/3c33400/3c33428r.jpg", "square": "https://tile.loc.gov/storage-services/service/pnp/cph/3c30000/3c33000/3c33400/3c33428_75x75px.jpg", "thumb": "https://tile.loc.gov/storage-services/service/pnp/cph/3c30000/3c33000/3c33400/3c33428_150px.jpg"}, "created": "2016-04-20T00:00:00Z", "modified": "2016-04-20T00:00:00Z", "collection": ["cph", "diof", "pp"], "creator": "Farny, Henry Fran\u00e7ois, 1847-1916", "call_number": "Illus. in AP2.H32 1886 (Case Y) [P&P]", "medium_brief": "1 print :", "source_modified": "2004-01-06T00:00:00Z", "pk": "2003675413", "created_published_date": "1886 February 13.", "subjects": ["Indians of North America--1880-1890.", "Prisoners--1880-1890.", "Punishment & torture--1880-1890.", "Indian encampments--1880-1890.", "Periodical illustrations--1880-1890.", "Wood engravings--1880-1890."]}, {"source_created": "1991-12-04T00:00:00Z", "index": 12, "medium": "1 drawing on cream paper : pencil ; 17.0 x 23.2 cm. (sheet).", "reproduction_number": "LC-DIG-ppmsca-21215 (digital file from original item)\nLC-USZC4-4236 (color film copy transparency)\nLC-USZ62-12796 (b&w film copy neg.)\nLC-USZ62-6975 (b&w film copy neg.)", "links": {"item": "https://www.loc.gov/pictures/item/2004660231/", "resource": "https://www.loc.gov/pictures/item/2004660231/resource/"}, "title": "Drunken soldiers tied up for fighting and other unruly conduct", "image": {"alt": "digitized item thumbnail", "full": "https://tile.loc.gov/storage-services/service/pnp/ppmsca/21200/21215r.jpg", "square": "https://tile.loc.gov/storage-services/service/pnp/ppmsca/21200/21215_75x75px.jpg", "thumb": "https://tile.loc.gov/storage-services/service/pnp/ppmsca/21200/21215_150px.jpg"}, "created": "2016-04-20T00:00:00Z", "modified": "2016-04-20T00:00:00Z", "collection": ["ammem", "civwar", "cwd", "diof", "drwg", "minload", "pp"], "creator": "Waud, Alfred R. (Alfred Rudolph), 1828-1891", "call_number": "DRWG/US - Waud, no. 332 (A size) [P&P]", "medium_brief": "1 drawing on cream paper :", "source_modified": "2011-07-18T00:00:00Z", "pk": "2004660231", "created_published_date": "[between 1860 and 1865]", "subjects": ["Punishment & torture--1860-1870.", "Intoxication--1860-1870.", "Soldiers--1860-1870.", "United States--History--Civil War, 1861-1865--Military life.", "United States", "Drawings--American--1860-1870."]}, {"source_created": "2004-03-24T00:00:00Z", "index": 13, "medium": "1 photographic print : gelatin silver.", "reproduction_number": "LC-DIG-ppmsca-05637 (digital file from original photo)\nLC-USZC4-12142 (color film copy transparency)", "links": {"item": "https://www.loc.gov/pictures/item/2004669761/", "resource": "https://www.loc.gov/pictures/item/2004669761/resource/"}, "title": "[Lynching of Leo Frank, Marietta, Georgia]", "image": {"alt": "digitized item thumbnail", "full": "https://tile.loc.gov/storage-services/service/pnp/ppmsca/05600/05637_150px.jpg", "square": "https://tile.loc.gov/storage-services/service/pnp/ppmsca/05600/05637_75x75px.jpg", "thumb": "https://tile.loc.gov/storage-services/service/pnp/ppmsca/05600/05637_150px.jpg"}, "created": "2016-04-20T00:00:00Z", "modified": "2016-04-20T00:00:00Z", "collection": ["129", "cph", "exh", "l4481", "pp"], "creator": null, "call_number": "SSF - Executions--Lynching [item] [P&P]", "medium_brief": "1 photographic print :", "source_modified": "2005-05-17T00:00:00Z", "pk": "2004669761", "created_published_date": "[1915 Aug. 17]", "subjects": ["Frank, Leo,--1884-1915.", "Jews--Punishment & torture--Georgia--Marietta--1910-1920.", "Lynchings--Georgia--Marietta--1910-1920.", "Executions--Georgia--Marietta--1910-1920.", "Gelatin silver prints--1910-1920."]}, {"source_created": "2004-04-16T00:00:00Z", "index": 14, "medium": "1 print : etching, hand-colored.", "reproduction_number": "LC-USZC2-6415 (color film copy slide)", "links": {"item": "https://www.loc.gov/pictures/item/2004670123/", "resource": "https://www.loc.gov/pictures/item/2004670123/resource/"}, "title": "Suspension of the habeas corpus", "image": {"alt": "digitized item thumbnail", "full": "https://tile.loc.gov/storage-services/service/pnp/cph/3f00000/3f06000/3f06400/3f06415r.jpg", "square": "https://tile.loc.gov/storage-services/service/pnp/cph/3f00000/3f06000/3f06400/3f06415_75x75px.jpg", "thumb": "https://tile.loc.gov/storage-services/service/pnp/cph/3f00000/3f06000/3f06400/3f06415_150px.jpg"}, "created": "2016-04-20T00:00:00Z", "modified": "2016-04-20T00:00:00Z", "collection": ["cpbr", "diof", "pp"], "creator": null, "call_number": "PC 2 - Suspension of the habeas corpus (A size) [P&P]", "medium_brief": "1 print :", "source_modified": "2007-05-18T00:00:00Z", "pk": "2004670123", "created_published_date": "[1817 Feby]", "subjects": ["John Bull (Symbolic character)--1810-1820.", "Politics & government--England--1810-1820.", "Punishment & torture--England--1810-1820.", "Etchings--Hand-colored--1810-1820.", "Satires (Visual works)--British--1810-1820."]}, {"source_created": "2004-05-03T00:00:00Z", "index": 15, "medium": "1 print (2 pages) : chromolithograph.", "reproduction_number": "LC-DIG-ppmsca-05438 (digital file from original print)\nLC-USZC4-12423 (color film copy transparency)", "links": {"item": "https://www.loc.gov/pictures/item/2004671428/", "resource": "https://www.loc.gov/pictures/item/2004671428/resource/"}, "title": "Stop your cruel oppression of the Jews", "image": {"alt": "digitized item thumbnail", "full": "https://tile.loc.gov/storage-services/service/pnp/ppmsca/05400/05438r.jpg", "square": "https://tile.loc.gov/storage-services/service/pnp/ppmsca/05400/05438_75x75px.jpg", "thumb": "https://tile.loc.gov/storage-services/service/pnp/ppmsca/05400/05438_150px.jpg"}, "created": "2016-04-20T00:00:00Z", "modified": "2016-04-20T00:00:00Z", "collection": ["145", "bbgfc", "diof", "exh", "l4481", "pp"], "creator": "Flohri, Emil", "call_number": "LOT 14014, no. 927 [P&P]", "medium_brief": "1 print (2 pages) :", "source_modified": "2011-07-22T00:00:00Z", "pk": "2004671428", "created_published_date": "c1904.", "subjects": ["Roosevelt, Theodore,--1858-1919.", "Nicholas--II,--Emperor of Russia,--1868-1918.", "Jews--Punishment & torture--Russia--1900-1910.", "Lifting & carrying--Russia--1900-1910.", "Cartoons (Commentary)--1900-1910.", "Chromolithographs--Color--1900-1910.", "Ethnic stereotypes--1900-1910.", "Periodical illustrations--1900-1910."]}, {"source_created": "2004-07-23T00:00:00Z", "index": 16, "medium": "1 print : etching.", "reproduction_number": "LC-USZ62-45443 (b&w film copy neg.)", "links": {"item": "https://www.loc.gov/pictures/item/2004673400/", "resource": "https://www.loc.gov/pictures/item/2004673400/resource/"}, "title": "By his majestys royal letters patent - the new invented method of punishing state criminals", "image": {"alt": "digitized item thumbnail", "full": "https://tile.loc.gov/storage-services/service/pnp/cph/3a40000/3a45000/3a45600/3a45639r.jpg", "square": "https://tile.loc.gov/storage-services/service/pnp/cph/3a40000/3a45000/3a45600/3a45639_75x75px.jpg", "thumb": "https://tile.loc.gov/storage-services/service/pnp/cph/3a40000/3a45000/3a45600/3a45639_150px.jpg"}, "created": "2016-04-20T00:00:00Z", "modified": "2016-04-20T00:00:00Z", "collection": ["cpbr", "diof", "pp"], "creator": null, "call_number": "PC 1 - 5580 (A size) [P&P]", "medium_brief": "1 print :", "source_modified": "2006-07-28T00:00:00Z", "pk": "2004673400", "created_published_date": "1780 Octr. 12th]", "subjects": ["George--III,--King of Great Britain,--1738-1820.", "Bute, John Stuart,--Earl of,--1713-1792.", "Britannia (Symbolic character)--1780.", "Politics & government--England--1780.", "Punishment & torture--England--1780.", "Dismemberment--1780.", "United States--History--Revolution, 1775-1783.", "Cartoons (Commentary)--British--1780.", "Etchings--British--1780."]}, {"source_created": "2004-08-16T00:00:00Z", "index": 17, "medium": "1 print : etching and engraving.", "reproduction_number": "LC-USZ62-46093 (b&w film copy neg.)", "links": {"item": "https://www.loc.gov/pictures/item/2004673474/", "resource": "https://www.loc.gov/pictures/item/2004673474/resource/"}, "title": "War of posts", "image": {"alt": "digitized item thumbnail", "full": "https://tile.loc.gov/storage-services/service/pnp/cph/3a40000/3a46000/3a46200/3a46271r.jpg", "square": "https://tile.loc.gov/storage-services/service/pnp/cph/3a40000/3a46000/3a46200/3a46271_75x75px.jpg", "thumb": "https://tile.loc.gov/storage-services/service/pnp/cph/3a40000/3a46000/3a46200/3a46271_150px.jpg"}, "created": "2016-04-20T00:00:00Z", "modified": "2016-04-20T00:00:00Z", "collection": ["cpbr", "diof", "pp"], "creator": "Colley, Thomas, active 1780-1783", "call_number": "PC 1 - 5984 (A size) [P&P]", "medium_brief": "1 print :", "source_modified": "2013-05-30T00:00:00Z", "pk": "2004673474", "created_published_date": "1782 May 1.", "subjects": ["United States--History--Revolution, 1775-1783.", "Politics & government--England--1780-1790.", "Government officials--British--England--1780-1790.", "Political purges--England--1780-1790.", "Punishment & torture--England--1780-1790.", "Cartoons (Commentary)--British--1780-1790.", "Intaglio prints--British--1780-1790."]}, {"source_created": "2004-08-19T00:00:00Z", "index": 18, "medium": "1 print : etching.", "reproduction_number": "LC-USZ62-45467 (b&w film copy neg.)", "links": {"item": "https://www.loc.gov/pictures/item/2004673517/", "resource": "https://www.loc.gov/pictures/item/2004673517/resource/"}, "title": "Blessed are the peacemakers", "image": {"alt": "digitized item thumbnail", "full": "https://tile.loc.gov/storage-services/service/pnp/cph/3a40000/3a45000/3a45600/3a45662r.jpg", "square": "https://tile.loc.gov/storage-services/service/pnp/cph/3a40000/3a45000/3a45600/3a45662_75x75px.jpg", "thumb": "https://tile.loc.gov/storage-services/service/pnp/cph/3a40000/3a45000/3a45600/3a45662_150px.jpg"}, "created": "2016-04-20T00:00:00Z", "modified": "2016-04-20T00:00:00Z", "collection": ["cpbr", "diof", "pp"], "creator": null, "call_number": "PC 1 - 6174 (A size) [P&P]", "medium_brief": "1 print :", "source_modified": "2006-07-27T00:00:00Z", "pk": "2004673517", "created_published_date": "1783 Feby. 24.", "subjects": ["George--III,--King of Great Britain,--1738-1820.", "Lansdowne, William Petty,--Marquis of,--1737-1805.", "International relations--1780-1790.", "Punishment & torture--1780-1790.", "United States--History--Revolution, 1775-1783.", "Cartoons (Commentary)--British--1780-1790.", "Etchings--British--1780-1790."]}, {"source_created": "2005-09-12T00:00:00Z", "index": 19, "medium": "1 photographic print.", "reproduction_number": "LC-DIG-ppmsca-09196 (digital file from original photograph)", "links": {"item": "https://www.loc.gov/pictures/item/2005694356/", "resource": "https://www.loc.gov/pictures/item/2005694356/resource/"}, "title": "Execution", "image": {"alt": "digitized item thumbnail", "full": "https://tile.loc.gov/storage-services/service/pnp/ppmsca/09100/09196_150px.jpg", "square": "https://tile.loc.gov/storage-services/service/pnp/ppmsca/09100/09196_75x75px.jpg", "thumb": "https://tile.loc.gov/storage-services/service/pnp/ppmsca/09100/09196_150px.jpg"}, "created": "2016-04-20T00:00:00Z", "modified": "2016-04-20T00:00:00Z", "collection": ["cph", "pp"], "creator": null, "call_number": "NYWTS - SUBJ/GEOG--Crime--Punishment--Executions--China [item] [P&P]", "medium_brief": "1 photographic print.", "source_modified": "2005-09-14T00:00:00Z", "pk": "2005694356", "created_published_date": "1938.", "subjects": ["Chinese--Punishment & torture--1930-1940.", "Executions--China--1930-1940.", "Photographic prints--1930-1940."]}, {"source_created": "2006-10-18T00:00:00Z", "index": 20, "medium": "1 photographic print on stereo card : stereograph.", "reproduction_number": "LC-USZ62-137105 (b&w film copy neg.)", "links": {"item": "https://www.loc.gov/pictures/item/2006689662/", "resource": "https://www.loc.gov/pictures/item/2006689662/resource/"}, "title": "One of the modes of punishment in China - a Boxer prisoner, Peking, China", "image": {"alt": "digitized item thumbnail", "full": "https://tile.loc.gov/storage-services/service/pnp/cph/3c30000/3c37000/3c37100/3c37105r.jpg", "square": "https://tile.loc.gov/storage-services/service/pnp/cph/3c30000/3c37000/3c37100/3c37105_75x75px.jpg", "thumb": "https://tile.loc.gov/storage-services/service/pnp/cph/3c30000/3c37000/3c37100/3c37105_150px.jpg"}, "created": "2016-04-20T00:00:00Z", "modified": "2016-04-20T00:00:00Z", "collection": ["diof", "pp", "stereo"], "creator": "Keystone View Company.", "call_number": "LOT 12070-8 [item] [P&P]", "medium_brief": "1 photographic print on stereo card :", "source_modified": "2006-10-24T00:00:00Z", "pk": "2006689662", "created_published_date": "c1900.", "subjects": ["Chinese--Punishment & torture--1900.", "Punishment devices--China--Beijing--1900.", "China--History--Boxer Rebellion, 1899-1901--Prisoners--Chinese.", "Photographic prints--1900.", "Portrait photographs--1900.", "Stereographs--1900."]}]}