{"search": {"field": "subject", "hits": 1, "sort_order": null, "do_facets": true, "focus_item": null, "query": "Instant cameras", "type": "search", "sort_by": null}, "focus": null, "views": {"current": "list", "grid": "https://www.loc.gov/pictures/search/?q=Instant+cameras&fi=subject&va=exact&st=grid&op=PHRASE", "list": "https://www.loc.gov/pictures/search/?q=Instant+cameras&fi=subject&op=PHRASE&va=exact", "gallery": "https://www.loc.gov/pictures/search/?q=Instant+cameras&fi=subject&va=exact&st=gallery&op=PHRASE", "slideshow": "https://www.loc.gov/pictures/search/?q=Instant+cameras&fi=subject&va=exact&st=slideshow&op=PHRASE"}, "facets": [{"type": "displayed", "filters": [{"count": 0, "on": "https://www.loc.gov/pictures/search/?va=exact&sp=1&q=Instant+cameras&fa=displayed%3Aanywhere&fi=subject&op=PHRASE&fo=json", "selected": false, "off": "https://www.loc.gov/pictures/search/?va=exact&sp=1&q=Instant+cameras&fi=subject&fo=json&op=PHRASE", "title": "Larger image available anywhere"}, {"count": 1, "on": "https://www.loc.gov/pictures/search/?va=exact&sp=1&q=Instant+cameras&fa=displayed%3Alc_only&fi=subject&op=PHRASE&fo=json", "selected": false, "off": "https://www.loc.gov/pictures/search/?va=exact&sp=1&q=Instant+cameras&fi=subject&fo=json&op=PHRASE", "title": "Larger image available only at the Library of Congress"}, {"count": 0, "on": "https://www.loc.gov/pictures/search/?va=exact&sp=1&q=Instant+cameras&fa=displayed%3Anot_digitized&fi=subject&op=PHRASE&fo=json", "selected": false, "off": "https://www.loc.gov/pictures/search/?va=exact&sp=1&q=Instant+cameras&fi=subject&fo=json&op=PHRASE", "title": "Not Digitized"}], "title": "displayed"}], "links": {"json": "//www.loc.gov/pictures/search/?fi=subject&q=Instant+cameras&op=PHRASE&va=exact&fo=json", "html": "//www.loc.gov/pictures/search/?fi=subject&q=Instant+cameras&op=PHRASE&va=exact", "rss": "//www.loc.gov/pictures/search/?fi=subject&q=Instant+cameras&op=PHRASE&va=exact&fo=rss"}, "suggestions": {"possible": []}, "pages": {"current": 1, "next": null, "perpage": 20, "last": null, "page_list": [{"url": null, "number": 1}], "previous": null, "total": 1, "results": "1 - 1", "first": null}, "collection": null, "results": [{"source_created": "1998-10-30T00:00:00Z", "index": 1, "medium": "598 contact sheets (10,160 images) : b&w and some color ; 8 x 10 in. or smaller.", "reproduction_number": "", "links": {"item": "https://www.loc.gov/pictures/item/98518451/", "resource": "https://www.loc.gov/pictures/item/98518451/resource/"}, "title": "Photographs documenting production of films", "image": {"alt": "digitized item thumbnail", "full": "https://tile.loc.gov/storage-services/service/pnp/cph/3c30000/3c35000/3c35700/3c35746_150px.jpg", "square": "https://tile.loc.gov/storage-services/service/pnp/cph/3c30000/3c35000/3c35700/3c35746_75x75px.jpg", "thumb": "https://tile.loc.gov/storage-services/service/pnp/cph/3c30000/3c35000/3c35700/3c35746_150px.jpg"}, "created": "2016-04-20T14:28:29Z", "modified": "2021-04-20T10:58:49Z", "collection": ["coll", "eam", "pp"], "creator": "Office of Charles and Ray Eames", "call_number": "LOT 13191 (G) [P&P]", "medium_brief": "598 contact sheets (10,160 images) :\n168 items :", "source_modified": "2006-07-10T14:32:47Z", "pk": "98518451", "created_published_date": "1956-1978.", "subjects": ["Office of Charles and Ray Eames--People--1950-1980.", "Smithsonian Institution--Buildings--1950-1980.", "Smithsonian Institution--Exhibitions & displays--1950-1980.", "United States Capitol (Washington, D.C.)--1950-1980.", "Boeing Company--Facilities--Washington (State)--Seattle--1950-1980.", "Polaroid Corporation--Products--1950-1980.", "Bernstein, Elmer.", "Multiscreen presentations--1950-1980.", "Short films--1950-1980.", "Animation--1950-1980.", "Motion picture production & direction--1950-1980.", "Eames contract storage (Furniture)--1950-1980.", "Eames plastic armchair--1950-1980.", "Furniture industry--1950-1980.", "Scientific equipment--1950-1980.", "Airplane industry--1950-1980.", "Instant cameras--1950-1980.", "Children playing--1950-1980.", "Model railroads--1950-1980.", "Tops (Toys)--1950-1980.", "Fires--California--San Francisco--1900-1910.", "Contact sheets--1950-1980.", "Gelatin silver prints--1950-1980.", "Photographic prints--1900-1910--Reproductions--1950-1980."]}]}