{"search": {"field": "subject", "hits": 1, "sort_order": null, "do_facets": true, "focus_item": null, "query": "Junior republics", "type": "search", "sort_by": null}, "focus": null, "views": {"current": "list", "grid": "https://www.loc.gov/pictures/search/?q=Junior+republics&fi=subject&va=exact&st=grid&op=PHRASE", "list": "https://www.loc.gov/pictures/search/?q=Junior+republics&fi=subject&op=PHRASE&va=exact", "gallery": "https://www.loc.gov/pictures/search/?q=Junior+republics&fi=subject&va=exact&st=gallery&op=PHRASE", "slideshow": "https://www.loc.gov/pictures/search/?q=Junior+republics&fi=subject&va=exact&st=slideshow&op=PHRASE"}, "facets": [{"type": "displayed", "filters": [{"count": 0, "on": "https://www.loc.gov/pictures/search/?va=exact&sp=1&q=Junior+republics&fa=displayed%3Aanywhere&fi=subject&op=PHRASE&fo=json", "selected": false, "off": "https://www.loc.gov/pictures/search/?va=exact&sp=1&q=Junior+republics&fi=subject&fo=json&op=PHRASE", "title": "Larger image available anywhere"}, {"count": 0, "on": "https://www.loc.gov/pictures/search/?va=exact&sp=1&q=Junior+republics&fa=displayed%3Alc_only&fi=subject&op=PHRASE&fo=json", "selected": false, "off": "https://www.loc.gov/pictures/search/?va=exact&sp=1&q=Junior+republics&fi=subject&fo=json&op=PHRASE", "title": "Larger image available only at the Library of Congress"}, {"count": 1, "on": "https://www.loc.gov/pictures/search/?va=exact&sp=1&q=Junior+republics&fa=displayed%3Anot_digitized&fi=subject&op=PHRASE&fo=json", "selected": false, "off": "https://www.loc.gov/pictures/search/?va=exact&sp=1&q=Junior+republics&fi=subject&fo=json&op=PHRASE", "title": "Not Digitized"}], "title": "displayed"}], "links": {"json": "//www.loc.gov/pictures/search/?fi=subject&q=Junior+republics&op=PHRASE&va=exact&fo=json", "html": "//www.loc.gov/pictures/search/?fi=subject&q=Junior+republics&op=PHRASE&va=exact", "rss": "//www.loc.gov/pictures/search/?fi=subject&q=Junior+republics&op=PHRASE&va=exact&fo=rss"}, "suggestions": {"possible": []}, "pages": {"current": 1, "next": null, "perpage": 20, "last": null, "page_list": [{"url": null, "number": 1}], "previous": null, "total": 1, "results": "1 - 1", "first": null}, "collection": null, "results": [{"source_created": "1986-08-14T00:00:00Z", "index": 1, "medium": "6 photoprints : cyanotype ; 18 x 24 cm.", "reproduction_number": "", "links": {"item": "https://www.loc.gov/pictures/item/86707410/", "resource": null}, "title": "Junior Republic", "image": {"alt": "group item thumbnail", "full": "https://www.loc.gov/pictures/static/images/item/500x500_grouprecord.png", "square": "https://www.loc.gov/pictures/static/images/item/grouprecord_square.png", "thumb": "https://www.loc.gov/pictures/static/images/item/grouprecord_thumb_large.jpg"}, "created": "2016-04-20T22:22:58Z", "modified": "2021-04-13T12:11:37Z", "collection": ["coll", "pp"], "creator": "Johnston, Frances Benjamin, 1864-1952", "call_number": "LOT 12377 (F) [P&P]", "medium_brief": "6 photoprints :", "source_modified": "2005-02-11T17:42:23Z", "pk": "86707410", "created_published_date": "ca. 1900.", "subjects": ["Junior republics--1900.", "Boys--1900.", "Musical instruments--1900.", "Reading--1900.", "Writing--1900.", "Meetings--1900.", "Play (Recreation)--1900.", "Cyanotypes--1900.", "Group portraits--1900.", "Portrait photographs--1900."]}]}