{"search": {"field": "subject", "hits": 43, "sort_order": null, "do_facets": true, "focus_item": null, "query": "Gas masks", "type": "search", "sort_by": null}, "focus": null, "views": {"current": "list", "grid": "https://www.loc.gov/pictures/search/?q=Gas+masks&fi=subject&va=exact&st=grid&op=PHRASE", "list": "https://www.loc.gov/pictures/search/?q=Gas+masks&fi=subject&op=PHRASE&va=exact", "gallery": "https://www.loc.gov/pictures/search/?q=Gas+masks&fi=subject&va=exact&st=gallery&op=PHRASE", "slideshow": "https://www.loc.gov/pictures/search/?q=Gas+masks&fi=subject&va=exact&st=slideshow&op=PHRASE"}, "facets": [{"type": "displayed", "filters": [{"count": 13, "on": "https://www.loc.gov/pictures/search/?va=exact&sp=1&q=Gas+masks&fa=displayed%3Aanywhere&fi=subject&op=PHRASE&fo=json", "selected": false, "off": "https://www.loc.gov/pictures/search/?va=exact&sp=1&q=Gas+masks&fi=subject&fo=json&op=PHRASE", "title": "Larger image available anywhere"}, {"count": 27, "on": "https://www.loc.gov/pictures/search/?va=exact&sp=1&q=Gas+masks&fa=displayed%3Alc_only&fi=subject&op=PHRASE&fo=json", "selected": false, "off": "https://www.loc.gov/pictures/search/?va=exact&sp=1&q=Gas+masks&fi=subject&fo=json&op=PHRASE", "title": "Larger image available only at the Library of Congress"}, {"count": 3, "on": "https://www.loc.gov/pictures/search/?va=exact&sp=1&q=Gas+masks&fa=displayed%3Anot_digitized&fi=subject&op=PHRASE&fo=json", "selected": false, "off": "https://www.loc.gov/pictures/search/?va=exact&sp=1&q=Gas+masks&fi=subject&fo=json&op=PHRASE", "title": "Not Digitized"}], "title": "displayed"}], "links": {"json": "//www.loc.gov/pictures/search/?fi=subject&q=Gas+masks&op=PHRASE&va=exact&fo=json", "html": "//www.loc.gov/pictures/search/?fi=subject&q=Gas+masks&op=PHRASE&va=exact", "rss": "//www.loc.gov/pictures/search/?fi=subject&q=Gas+masks&op=PHRASE&va=exact&fo=rss"}, "suggestions": {"possible": []}, "pages": {"current": 1, "next": "https://www.loc.gov/pictures/search/?q=Gas+masks&fi=subject&sp=2&op=PHRASE&va=exact", "perpage": 20, "last": "https://www.loc.gov/pictures/search/?q=Gas+masks&fi=subject&sp=2&op=PHRASE&va=exact", "page_list": [{"url": null, "number": 1}, {"url": "https://www.loc.gov/pictures/search/?q=Gas+masks&fi=subject&sp=2&op=PHRASE&va=exact", "number": 2}], "previous": null, "total": 2, "results": "1 - 20", "first": null}, "collection": null, "results": [{"source_created": "2003-04-02T00:00:00Z", "index": 1, "medium": "1 photomechanical print (poster) : halftone ; 40 x 48 cm.", "reproduction_number": "LC-USZC4-7835 (color film copy transparency)", "links": {"item": "https://www.loc.gov/pictures/item/2003663054/", "resource": "https://www.loc.gov/pictures/item/2003663054/resource/"}, "title": "Fighting in France for freedom! Are you helping at home?", "image": {"alt": "digitized item thumbnail", "full": "https://tile.loc.gov/storage-services/service/pnp/cph/3g00000/3g07000/3g07800/3g07835r.jpg", "square": "https://tile.loc.gov/storage-services/service/pnp/cph/3g00000/3g07000/3g07800/3g07835_75x75px.jpg", "thumb": "https://tile.loc.gov/storage-services/service/pnp/cph/3g00000/3g07000/3g07800/3g07835_150px.jpg"}, "created": "2016-04-20T00:00:00Z", "modified": "2016-04-20T00:00:00Z", "collection": ["diof", "pp", "wwipos"], "creator": null, "call_number": "POS - WWI - US, no. 220 (C size) [P&P]", "medium_brief": "1 photomechanical print (poster) :", "source_modified": "2010-01-29T00:00:00Z", "pk": "2003663054", "created_published_date": "[1918]", "subjects": ["World War, 1914-1918--Social aspects--United States.", "Military training--1910-1920.", "Gas masks--1910-1920.", "War work--1910-1920.", "Halftone photomechanical prints--1910-1920.", "War posters--American--1910-1920."]}, {"source_created": "2003-07-22T00:00:00Z", "index": 2, "medium": "1 print (poster) : lithograph, color ; 74 x 51 cm.", "reproduction_number": "LC-USZC4-11179 (color film copy transparency)", "links": {"item": "https://www.loc.gov/pictures/item/2003675247/", "resource": "https://www.loc.gov/pictures/item/2003675247/resource/"}, "title": "Learn to adjust your respirator correct and quick. Don't breathe while doing it, and this won't happen to you", "image": {"alt": "digitized item thumbnail", "full": "https://tile.loc.gov/storage-services/service/pnp/cph/3g10000/3g11000/3g11100/3g11179r.jpg", "square": "https://tile.loc.gov/storage-services/service/pnp/cph/3g10000/3g11000/3g11100/3g11179_75x75px.jpg", "thumb": "https://tile.loc.gov/storage-services/service/pnp/cph/3g10000/3g11000/3g11100/3g11179_150px.jpg"}, "created": "2016-04-20T00:00:00Z", "modified": "2016-04-20T00:00:00Z", "collection": ["diof", "pp", "wwipos"], "creator": null, "call_number": "POS - WWI - Gt Brit, no. 243 (C size) [P&P]", "medium_brief": "1 print (poster) :", "source_modified": "2009-10-23T00:00:00Z", "pk": "2003675247", "created_published_date": "[1915]", "subjects": ["World War, 1914-1918--Casualties--Great Britain.", "Gas masks--1910-1920.", "Gas warfare--1910-1920.", "Lithographs--Color--1910-1920.", "War posters--British--1910-1920."]}, {"source_created": "2003-12-31T00:00:00Z", "index": 3, "medium": "1 photographic print.", "reproduction_number": "LC-USZ62-67215 (b&w film copy neg.)", "links": {"item": "https://www.loc.gov/pictures/item/2003690426/", "resource": "https://www.loc.gov/pictures/item/2003690426/resource/"}, "title": "[France, 1940]: \"Gas Masks for the Children\"", "image": {"alt": "digitized item thumbnail", "full": "https://tile.loc.gov/storage-services/service/pnp/cph/3b10000/3b14000/3b14600/3b14691_150px.jpg", "square": "https://tile.loc.gov/storage-services/service/pnp/cph/3b10000/3b14000/3b14600/3b14691_75x75px.jpg", "thumb": "https://tile.loc.gov/storage-services/service/pnp/cph/3b10000/3b14000/3b14600/3b14691_150px.jpg"}, "created": "2016-04-20T00:00:00Z", "modified": "2016-04-20T00:00:00Z", "collection": ["cph", "pp", "reconref"], "creator": "Bonney, Th\u00e9r\u00e8se, 1894-1978", "call_number": "Unprocessed in PR 06 CN 144 [item] [P&P]", "medium_brief": "1 photographic print.", "source_modified": "2010-08-24T00:00:00Z", "pk": "2003690426", "created_published_date": "[1940]", "subjects": ["World War, 1939-1945--Civil defense--France.", "Stores & shops--France--1940.", "Families--France--1940.", "Mothers--France--1940.", "Gas masks--France--1940."]}, {"source_created": "2009-12-02T00:00:00Z", "index": 4, "medium": "1 drawing.", "reproduction_number": "LC-DIG-hlb-00183 (digital file from original drawing)", "links": {"item": "https://www.loc.gov/pictures/item/2010635672/", "resource": "https://www.loc.gov/pictures/item/2010635672/resource/"}, "title": "The arrival of spring", "image": {"alt": "digitized item thumbnail", "full": "https://tile.loc.gov/storage-services/service/pnp/hlb/00100/00183_150px.jpg", "square": "https://tile.loc.gov/storage-services/service/pnp/hlb/00100/00183_75x75px.jpg", "thumb": "https://tile.loc.gov/storage-services/service/pnp/hlb/00100/00183_150px.jpg"}, "created": "2016-04-20T00:00:00Z", "modified": "2016-04-20T00:00:00Z", "collection": ["hlb", "minload", "pp"], "creator": "Block, Herbert, 1909-2001", "call_number": "BLOCK, no. 183 (BB size) [P&P]", "medium_brief": "1 drawing.", "source_modified": "2012-06-28T00:00:00Z", "pk": "2010635672", "created_published_date": "[1938 Mar.] c1938.", "subjects": ["Civilization--Symbolic representation.", "Gas masks.", "Sheep.", "War.", "Drawings--American.", "Editorial cartoons--American."]}, {"source_created": "2009-12-02T00:00:00Z", "index": 5, "medium": "1 drawing.", "reproduction_number": "LC-DIG-hlb-00441 (digital file from original drawing)", "links": {"item": "https://www.loc.gov/pictures/item/2010635930/", "resource": "https://www.loc.gov/pictures/item/2010635930/resource/"}, "title": "Home sweet home", "image": {"alt": "digitized item thumbnail", "full": "https://tile.loc.gov/storage-services/service/pnp/hlb/00400/00441_150px.jpg", "square": "https://tile.loc.gov/storage-services/service/pnp/hlb/00400/00441_75x75px.jpg", "thumb": "https://tile.loc.gov/storage-services/service/pnp/hlb/00400/00441_150px.jpg"}, "created": "2016-04-20T00:00:00Z", "modified": "2016-04-20T00:00:00Z", "collection": ["hlb", "minload", "pp"], "creator": "Block, Herbert, 1909-2001", "call_number": "BLOCK, no. 441 (BB size) [P&P]", "medium_brief": "1 drawing.", "source_modified": "2013-08-28T00:00:00Z", "pk": "2010635930", "created_published_date": "[1939 Feb.] c1939.", "subjects": ["Earth (Planet)", "Civilization--Symbolic representation.", "Gas masks.", "Peace.", "War.", "Drawings--American.", "Editorial cartoons--American."]}, {"source_created": "2012-11-19T00:00:00Z", "index": 6, "medium": "1 drawing.", "reproduction_number": "LC-DIG-hlb-13358 (digital file from original drawing)", "links": {"item": "https://www.loc.gov/pictures/item/2012643782/", "resource": "https://www.loc.gov/pictures/item/2012643782/resource/"}, "title": "Talk about clean air problems!", "image": {"alt": "digitized item thumbnail", "full": "https://tile.loc.gov/storage-services/service/pnp/hlb/13300/13358_150px.jpg", "square": "https://tile.loc.gov/storage-services/service/pnp/hlb/13300/13358_75x75px.jpg", "thumb": "https://tile.loc.gov/storage-services/service/pnp/hlb/13300/13358_150px.jpg"}, "created": "2016-04-20T00:00:00Z", "modified": "2016-04-20T00:00:00Z", "collection": ["hlb", "minload", "pp"], "creator": "Block, Herbert, 1909-2001", "call_number": "BLOCK, no. 13358 (BB size)", "medium_brief": "1 drawing.", "source_modified": "2015-06-16T00:00:00Z", "pk": "2012643782", "created_published_date": "3/9/1997.", "subjects": ["United States.--Clean Air Act.", "advertising", "Air pollution", "Lobbying", "Gas masks", "Radio broadcasting", "Drawings--American.", "Editorial cartoons--American."]}, {"source_created": "2012-11-19T00:00:00Z", "index": 7, "medium": "1 drawing.", "reproduction_number": "LC-DIG-hlb-14006 (digital file from original drawing)", "links": {"item": "https://www.loc.gov/pictures/item/2012644309/", "resource": "https://www.loc.gov/pictures/item/2012644309/resource/"}, "title": "Deeper into the swamp", "image": {"alt": "digitized item thumbnail", "full": "https://tile.loc.gov/storage-services/service/pnp/hlb/14000/14006_150px.jpg", "square": "https://tile.loc.gov/storage-services/service/pnp/hlb/14000/14006_75x75px.jpg", "thumb": "https://tile.loc.gov/storage-services/service/pnp/hlb/14000/14006_150px.jpg"}, "created": "2016-04-20T00:00:00Z", "modified": "2016-04-20T00:00:00Z", "collection": ["hlb", "minload", "pp"], "creator": "Block, Herbert, 1909-2001", "call_number": "BLOCK, no. 14006 (BB size)", "medium_brief": "1 drawing.", "source_modified": "2015-07-17T00:00:00Z", "pk": "2012644309", "created_published_date": "12/3/2000.", "subjects": ["Florida.", "wetlands", "Partisan politics", "Presidential elections", "Vote counting", "Gas masks", "lanterns", "Drawings--American.", "Editorial cartoons--American."]}, {"source_created": "2015-12-22T00:00:00Z", "index": 8, "medium": "1 photograph : gelatin silver print ; mount 9 x 18 cm (stereograph format)", "reproduction_number": "LC-DIG-stereo-1s04193 (digital file from front of original item)\nLC-DIG-stereo-2s04193 (digital file from back of original item)", "links": {"item": "https://www.loc.gov/pictures/item/2015652404/", "resource": "https://www.loc.gov/pictures/item/2015652404/resource/"}, "title": "Soldiers about to enter tear-gas trench, Camp Dix, N.J.", "image": {"alt": "digitized item thumbnail", "full": "https://tile.loc.gov/storage-services/service/pnp/stereo/1s00000/1s04000/1s04100/1s04193r.jpg", "square": "https://tile.loc.gov/storage-services/service/pnp/stereo/1s00000/1s04000/1s04100/1s04193_75x75px.jpg", "thumb": "https://tile.loc.gov/storage-services/service/pnp/stereo/1s00000/1s04000/1s04100/1s04193_150px.jpg"}, "created": "2016-04-20T00:00:00Z", "modified": "2016-04-20T00:00:00Z", "collection": ["diof", "pp", "stereo"], "creator": "Keystone View Company", "call_number": "LOT 14008, no. 195 [P&P]", "medium_brief": "1 photograph :", "source_modified": "2015-12-22T00:00:00Z", "pk": "2015652404", "created_published_date": "[photographed between 1914 and 1918, published 1923]", "subjects": ["World War, 1914-1918--Military life.", "Soldiers--American--New Jersey--Fort Dix--1920-1930.", "Military training--New Jersey--Fort Dix--1920-1930.", "Gas warfare--New Jersey--Fort Dix--1920-1930.", "Gas masks--1920-1930.", "Gelatin silver prints--1920-1930.", "Stereographs--1920-1930."]}, {"source_created": "2016-03-24T00:00:00Z", "index": 9, "medium": "1 photograph : gelatin silver print ; 13.9 x 8.4 cm.", "reproduction_number": "LC-DIG-ppmsca-40805 (digital file from original photograph)", "links": {"item": "https://www.loc.gov/pictures/item/2016645678/", "resource": "https://www.loc.gov/pictures/item/2016645678/resource/"}, "title": "[A line of soldiers posed, facing front, standing next to earthenwork fortifications, wearing gas masks over their faces, other soldiers sit on the ground nearby]", "image": {"alt": "digitized item thumbnail", "full": "https://tile.loc.gov/storage-services/service/pnp/ppmsca/40800/40805r.jpg", "square": "https://tile.loc.gov/storage-services/service/pnp/ppmsca/40800/40805_75x75px.jpg", "thumb": "https://tile.loc.gov/storage-services/service/pnp/ppmsca/40800/40805_150px.jpg"}, "created": "2016-04-20T00:00:00Z", "modified": "2016-04-20T00:00:00Z", "collection": ["cph", "diof", "pp"], "creator": null, "call_number": "LOT 9494 [item] [P&P]", "medium_brief": "1 photograph :", "source_modified": "2016-03-24T00:00:00Z", "pk": "2016645678", "created_published_date": "[1918 or 1919]", "subjects": ["Gas masks--1910-1920.", "Gas warfare--1910-1920.", "Soldiers--1910-1920.", "Forts & fortifications--1910-1920.", "World War, 1914-1918--Military personnel.", "Gelatin silver prints--1910-1920."]}, {"source_created": "1989-09-28T00:00:00Z", "index": 10, "medium": "1 photoprint.", "reproduction_number": "LC-USZ62-97996 (b&w film copy neg.)", "links": {"item": "https://www.loc.gov/pictures/item/89714546/", "resource": "https://www.loc.gov/pictures/item/89714546/resource/"}, "title": "Batyushka blagoslovlyaet. Na fronte", "image": {"alt": "digitized item thumbnail", "full": "https://tile.loc.gov/storage-services/service/pnp/cph/3b40000/3b44000/3b44000/3b44085_150px.jpg", "square": "https://tile.loc.gov/storage-services/service/pnp/cph/3b40000/3b44000/3b44000/3b44085_75x75px.jpg", "thumb": "https://tile.loc.gov/storage-services/service/pnp/cph/3b40000/3b44000/3b44000/3b44085_150px.jpg"}, "created": "2016-04-20T00:00:00Z", "modified": "2016-04-20T00:00:00Z", "collection": ["cph", "pp"], "creator": null, "call_number": "LOT 8479  <item> [P&P]", "medium_brief": "1 photoprint.", "source_modified": "2002-11-08T00:00:00Z", "pk": "89714546", "created_published_date": "[between 1915 and 1934]", "subjects": ["Soldiers--Russian--1910-1940.", "War--1910-1940.", "Gas masks--1910-1940.", "Photomontages--1910-1940."]}, {"source_created": "1992-02-10T00:00:00Z", "index": 11, "medium": "1 photographic print.", "reproduction_number": "LC-USZ62-104982 (b&w film copy neg.)", "links": {"item": "https://www.loc.gov/pictures/item/92503890/", "resource": "https://www.loc.gov/pictures/item/92503890/resource/"}, "title": "Gas drill with trainees of the 9th Infantry Division at Fort Dix, New Jersey", "image": {"alt": "digitized item thumbnail", "full": "https://tile.loc.gov/storage-services/service/pnp/cph/3c00000/3c04000/3c04900/3c04982_150px.jpg", "square": "https://tile.loc.gov/storage-services/service/pnp/cph/3c00000/3c04000/3c04900/3c04982_75x75px.jpg", "thumb": "https://tile.loc.gov/storage-services/service/pnp/cph/3c00000/3c04000/3c04900/3c04982_150px.jpg"}, "created": "2016-04-20T00:00:00Z", "modified": "2016-04-20T00:00:00Z", "collection": ["cph", "pp"], "creator": null, "call_number": "SSF - Military art and science <item> [P&P]", "medium_brief": "1 photographic print.", "source_modified": "2003-08-07T00:00:00Z", "pk": "92503890", "created_published_date": "[194-?]", "subjects": ["Gas masks--1940-1950.", "Military training--New Jersey--Fort Dix--1940-1950.", "Soldiers--New Jersey--Fort Dix--1940-1950.", "Gas warfare--1940-1950.", "Photographic prints--1940-1950."]}, {"source_created": "1992-12-11T00:00:00Z", "index": 12, "medium": "1 photographic print.", "reproduction_number": "LC-USZ62-106420 (b&w film copy neg.)", "links": {"item": "https://www.loc.gov/pictures/item/92522156/", "resource": "https://www.loc.gov/pictures/item/92522156/resource/"}, "title": "Im Osten ...", "image": {"alt": "digitized item thumbnail", "full": "https://tile.loc.gov/storage-services/service/pnp/cph/3c00000/3c06000/3c06400/3c06420_150px.jpg", "square": "https://tile.loc.gov/storage-services/service/pnp/cph/3c00000/3c06000/3c06400/3c06420_75x75px.jpg", "thumb": "https://tile.loc.gov/storage-services/service/pnp/cph/3c00000/3c06000/3c06400/3c06420_150px.jpg"}, "created": "2016-04-20T00:00:00Z", "modified": "2016-04-20T00:00:00Z", "collection": ["cph", "pp"], "creator": null, "call_number": "LOT 6455 [item] [P&P]", "medium_brief": "1 photographic print.", "source_modified": "2008-04-22T00:00:00Z", "pk": "92522156", "created_published_date": "[19]42 Feb. 18.", "subjects": ["World War, 1939-1945--Equipment & supplies--German.", "Gas masks--1940-1950.", "World War, 1939-1945--Military personnel--German.", "Photographic prints--1940-1950."]}, {"source_created": "1994-06-15T00:00:00Z", "index": 13, "medium": "1 photographic print.", "reproduction_number": "LC-USZ62-111254 (b&w film copy neg.)", "links": {"item": "https://www.loc.gov/pictures/item/94505693/", "resource": "https://www.loc.gov/pictures/item/94505693/resource/"}, "title": "[Woman wearing gas mask outside of Americana hotel]", "image": {"alt": "digitized item thumbnail", "full": "https://tile.loc.gov/storage-services/service/pnp/cph/3c10000/3c11000/3c11200/3c11254r.jpg", "square": "https://tile.loc.gov/storage-services/service/pnp/cph/3c10000/3c11000/3c11200/3c11254_75x75px.jpg", "thumb": "https://tile.loc.gov/storage-services/service/pnp/cph/3c10000/3c11000/3c11200/3c11254_150px.jpg"}, "created": "2016-04-20T00:00:00Z", "modified": "2016-04-20T00:00:00Z", "collection": ["cph", "diof", "pp"], "creator": "Fein, Nat", "call_number": "NYWTS - SUBJ/GEOG--Air Pollution <item> [P&P]", "medium_brief": "1 photographic print.", "source_modified": "2013-03-20T00:00:00Z", "pk": "94505693", "created_published_date": "1967.", "subjects": ["Air pollution--1960-1970.", "Gas masks--1960-1970.", "Photographic prints--1960-1970."]}, {"source_created": "1995-06-16T00:00:00Z", "index": 14, "medium": "1 photographic print.", "reproduction_number": "LC-USZ62-114379 (b&w film copy neg.)", "links": {"item": "https://www.loc.gov/pictures/item/95509156/", "resource": "https://www.loc.gov/pictures/item/95509156/resource/"}, "title": "[Mrs. Margaret Klein and Mrs. Marvin Blumenfeld, wearing gas masks, as they pass out a health bulletin, \"A woman's view of air pollution,\" in front of Kiel Auditorium in St. Louis]", "image": {"alt": "digitized item thumbnail", "full": "https://tile.loc.gov/storage-services/service/pnp/cph/3c10000/3c14000/3c14300/3c14379_150px.jpg", "square": "https://tile.loc.gov/storage-services/service/pnp/cph/3c10000/3c14000/3c14300/3c14379_75x75px.jpg", "thumb": "https://tile.loc.gov/storage-services/service/pnp/cph/3c10000/3c14000/3c14300/3c14379_150px.jpg"}, "created": "2016-04-20T00:00:00Z", "modified": "2016-04-20T00:00:00Z", "collection": ["cph", "pp"], "creator": null, "call_number": "NYWTS - SUBJ/GEOG--Air pollution <item> [P&P]", "medium_brief": "1 photographic print.", "source_modified": "2006-04-21T00:00:00Z", "pk": "95509156", "created_published_date": "1966.", "subjects": ["Blumenfeld, Marvin,--Mrs.", "Klein, Margaret,--Mrs.", "Gas masks--Missouri--Saint Louis--1960-1970.", "Women--Clothing & dress--Missouri--Saint Louis--1960-1970.", "Photographic prints--1960-1970.", "Portrait photographs--1960-1970."]}, {"source_created": "1999-09-27T00:00:00Z", "index": 15, "medium": "1 print (poster) : lithograph, color ; 110 x 75 cm.", "reproduction_number": "LC-USZC4-7445 (color film copy transparency)", "links": {"item": "https://www.loc.gov/pictures/item/99615756/", "resource": "https://www.loc.gov/pictures/item/99615756/resource/"}, "title": "Ambiciones, militarismo, guerra. Esto es el fascismo. Destr\u00fayelo uniendo tu esfuerzo al de los dem\u00e1s", "image": {"alt": "digitized item thumbnail", "full": "https://tile.loc.gov/storage-services/service/pnp/cph/3g00000/3g07000/3g07400/3g07445_150px.jpg", "square": "https://tile.loc.gov/storage-services/service/pnp/cph/3g00000/3g07000/3g07400/3g07445_75x75px.jpg", "thumb": "https://tile.loc.gov/storage-services/service/pnp/cph/3g00000/3g07000/3g07400/3g07445_150px.jpg"}, "created": "2016-04-20T00:00:00Z", "modified": "2016-04-20T00:00:00Z", "collection": ["pp", "ppminload", "spcw"], "creator": "Vilat\u00f3, Badia", "call_number": "POS - SP. CIV. WAR - .V54, no. 1 (C size) [P&P]", "medium_brief": "1 print (poster) :", "source_modified": "2005-04-12T00:00:00Z", "pk": "99615756", "created_published_date": "[between 1936 and 1939]", "subjects": ["Doves--1930-1940.", "Gas masks--1930-1940.", "Spain--History--Civil War, 1936-1939--Military personnel.", "Lithographs--Color--1930-1940.", "War posters--Spanish--1930-1940."]}, {"source_created": "2004-03-16T00:00:00Z", "index": 16, "medium": "1 drawing : ink brush over blue pencil and graphite underdrawing with opaque white.", "reproduction_number": "LC-DIG-ppmsca-04697 (digital file from original drawing)\nLC-USZ62-134324 (b&w film copy neg.)", "links": {"item": "https://www.loc.gov/pictures/item/2004669191/", "resource": "https://www.loc.gov/pictures/item/2004669191/resource/"}, "title": "This is so restrictive and uncomfortable; and I'm forced to wear it because of misguided, fanatical religious thinking by some people ...", "image": {"alt": "digitized item thumbnail", "full": "https://tile.loc.gov/storage-services/service/pnp/ppmsca/04600/04697_150px.jpg", "square": "https://tile.loc.gov/storage-services/service/pnp/ppmsca/04600/04697_75x75px.jpg", "thumb": "https://tile.loc.gov/storage-services/service/pnp/ppmsca/04600/04697_150px.jpg"}, "created": "2016-04-21T00:00:00Z", "modified": "2016-04-21T00:00:00Z", "collection": ["cph", "exh", "l4482", "pp"], "creator": "Telnaes, Ann, 1960-", "call_number": "Unprocessed in PR 13 CN 2004:013.70 [item] [P&P]", "medium_brief": "1 drawing :", "source_modified": "2006-05-11T00:00:00Z", "pk": "2004669191", "created_published_date": "2001 October 5.", "subjects": ["Gas masks--2000-2010.", "Women--Iraq--2000-2010.", "Editorial cartoons--2000-2010.", "Ink drawings--2000-2010."]}, {"source_created": "2009-12-02T00:00:00Z", "index": 17, "medium": "1 drawing.", "reproduction_number": "LC-DIG-hlb-00389 (digital file from original drawing)", "links": {"item": "https://www.loc.gov/pictures/item/2010635878/", "resource": "https://www.loc.gov/pictures/item/2010635878/resource/"}, "title": "The happy June bride in Europe", "image": {"alt": "digitized item thumbnail", "full": "https://tile.loc.gov/storage-services/service/pnp/hlb/00300/00389_150px.jpg", "square": "https://tile.loc.gov/storage-services/service/pnp/hlb/00300/00389_75x75px.jpg", "thumb": "https://tile.loc.gov/storage-services/service/pnp/hlb/00300/00389_150px.jpg"}, "created": "2016-04-21T00:00:00Z", "modified": "2016-04-21T00:00:00Z", "collection": ["hlb", "minload", "pp"], "creator": "Block, Herbert, 1909-2001", "call_number": "BLOCK, no. 389 (BB size) [P&P]", "medium_brief": "1 drawing.", "source_modified": "2012-12-21T00:00:00Z", "pk": "2010635878", "created_published_date": "[1938 June] c1938.", "subjects": ["World War, 1939-1945--Social aspects--Europe.", "Air raid shelters--Europe.", "Gas masks.", "Weddings.", "Drawings--American.", "Editorial cartoons--American."]}, {"source_created": "2009-12-02T00:00:00Z", "index": 18, "medium": "1 drawing.", "reproduction_number": "LC-DIG-hlb-01023 (digital file from original drawing)", "links": {"item": "https://www.loc.gov/pictures/item/2010636509/", "resource": "https://www.loc.gov/pictures/item/2010636509/resource/"}, "title": "\"What's holding up the big boom?\"", "image": {"alt": "digitized item thumbnail", "full": "https://tile.loc.gov/storage-services/service/pnp/hlb/01000/01023_150px.jpg", "square": "https://tile.loc.gov/storage-services/service/pnp/hlb/01000/01023_75x75px.jpg", "thumb": "https://tile.loc.gov/storage-services/service/pnp/hlb/01000/01023_150px.jpg"}, "created": "2016-04-21T00:00:00Z", "modified": "2016-04-21T00:00:00Z", "collection": ["hlb", "minload", "pp"], "creator": "Block, Herbert, 1909-2001", "call_number": "BLOCK, no. 1023 (BB size) [P&P]", "medium_brief": "1 drawing.", "source_modified": "2013-01-07T00:00:00Z", "pk": "2010636509", "created_published_date": "[1939 Oct.]", "subjects": ["Uncle Sam (Symbolic character)", "World War, 1939-1945--Destruction & pillage--Europe.", "World War, 1939-1945--Economic & industrial aspects--United States.", "Construction industry--United States.", "Gas masks.", "Drawings--American.", "Editorial cartoons--American."]}, {"source_created": "2009-12-02T00:00:00Z", "index": 19, "medium": "1 drawing.", "reproduction_number": "LC-DIG-hlb-01248 (digital file from original drawing)", "links": {"item": "https://www.loc.gov/pictures/item/2010636733/", "resource": "https://www.loc.gov/pictures/item/2010636733/resource/"}, "title": "Speaking of Easter bonnets", "image": {"alt": "digitized item thumbnail", "full": "https://tile.loc.gov/storage-services/service/pnp/hlb/01200/01248_150px.jpg", "square": "https://tile.loc.gov/storage-services/service/pnp/hlb/01200/01248_75x75px.jpg", "thumb": "https://tile.loc.gov/storage-services/service/pnp/hlb/01200/01248_150px.jpg"}, "created": "2016-04-21T00:00:00Z", "modified": "2016-04-21T00:00:00Z", "collection": ["hlb", "minload", "pp"], "creator": "Block, Herbert, 1909-2001", "call_number": "BLOCK, no. 1248 (B size) [P&P]", "medium_brief": "1 drawing.", "source_modified": "2013-08-28T00:00:00Z", "pk": "2010636733", "created_published_date": "[1939 April] c1939.", "subjects": ["World War, 1939-1945--Africa, North.", "Earth (Planet)", "World War, 1939-1945--Moral & ethical aspects--United States.", "Bonnets.", "Gas masks.", "Gas warfare.", "Drawings--American.", "Editorial cartoons--American."]}, {"source_created": "2010-01-06T00:00:00Z", "index": 20, "medium": "1 photographic print ; 59.5 x 44 cm.", "reproduction_number": "LC-USZ62-22554 (b&w film copy neg.)", "links": {"item": "https://www.loc.gov/pictures/item/2010646011/", "resource": "https://www.loc.gov/pictures/item/2010646011/resource/"}, "title": "On the Podgora. Italian sentinels giving warning of gas attack", "image": {"alt": "digitized item thumbnail", "full": "https://tile.loc.gov/storage-services/service/pnp/cph/3a20000/3a23000/3a23600/3a23636_150px.jpg", "square": "https://tile.loc.gov/storage-services/service/pnp/cph/3a20000/3a23000/3a23600/3a23636_75x75px.jpg", "thumb": "https://tile.loc.gov/storage-services/service/pnp/cph/3a20000/3a23000/3a23600/3a23636_150px.jpg"}, "created": "2016-04-21T00:00:00Z", "modified": "2016-04-21T00:00:00Z", "collection": ["cph", "pp"], "creator": null, "call_number": "LOT 6941 [item] [P&P]", "medium_brief": "1 photographic print ;", "source_modified": "2010-01-06T00:00:00Z", "pk": "2010646011", "created_published_date": "[1916]", "subjects": ["World War, 1914-1918--Campaigns & battles--Italy.", "Trench warfare--Italy--1910-1920.", "Soldiers--Italian--Italy--1910-1920.", "Gas warfare--Italy--1910-1920.", "Gas masks--1910-1920.", "Photographic prints--1910-1920."]}]}