{"search": {"field": "subject", "hits": 542, "sort_order": null, "do_facets": true, "focus_item": null, "query": "Communism", "type": "search", "sort_by": null}, "focus": null, "views": {"current": "list", "grid": "https://www.loc.gov/pictures/search/?q=Communism&fi=subject&va=exact&st=grid&op=PHRASE", "list": "https://www.loc.gov/pictures/search/?q=Communism&fi=subject&op=PHRASE&va=exact", "gallery": "https://www.loc.gov/pictures/search/?q=Communism&fi=subject&va=exact&st=gallery&op=PHRASE", "slideshow": "https://www.loc.gov/pictures/search/?q=Communism&fi=subject&va=exact&st=slideshow&op=PHRASE"}, "facets": [{"type": "displayed", "filters": [{"count": 60, "on": "https://www.loc.gov/pictures/search/?va=exact&sp=1&q=Communism&fa=displayed%3Aanywhere&fi=subject&op=PHRASE&fo=json", "selected": false, "off": "https://www.loc.gov/pictures/search/?va=exact&sp=1&q=Communism&fi=subject&fo=json&op=PHRASE", "title": "Larger image available anywhere"}, {"count": 271, "on": "https://www.loc.gov/pictures/search/?va=exact&sp=1&q=Communism&fa=displayed%3Alc_only&fi=subject&op=PHRASE&fo=json", "selected": false, "off": "https://www.loc.gov/pictures/search/?va=exact&sp=1&q=Communism&fi=subject&fo=json&op=PHRASE", "title": "Larger image available only at the Library of Congress"}, {"count": 211, "on": "https://www.loc.gov/pictures/search/?va=exact&sp=1&q=Communism&fa=displayed%3Anot_digitized&fi=subject&op=PHRASE&fo=json", "selected": false, "off": "https://www.loc.gov/pictures/search/?va=exact&sp=1&q=Communism&fi=subject&fo=json&op=PHRASE", "title": "Not Digitized"}, {"count": 0, "on": "https://www.loc.gov/pictures/search/?va=exact&sp=1&q=Communism&fa=displayed%3Asurveys_only&fi=subject&op=PHRASE&fo=json", "selected": false, "off": "https://www.loc.gov/pictures/search/?va=exact&sp=1&q=Communism&fi=subject&fo=json&op=PHRASE", "title": "Surveys only"}], "title": "displayed"}], "links": {"json": "//www.loc.gov/pictures/search/?fi=subject&q=Communism&op=PHRASE&va=exact&fo=json", "html": "//www.loc.gov/pictures/search/?fi=subject&q=Communism&op=PHRASE&va=exact", "rss": "//www.loc.gov/pictures/search/?fi=subject&q=Communism&op=PHRASE&va=exact&fo=rss"}, "suggestions": {"possible": []}, "pages": {"current": 1, "next": "https://www.loc.gov/pictures/search/?q=Communism&fi=subject&sp=2&op=PHRASE&va=exact", "perpage": 20, "last": "https://www.loc.gov/pictures/search/?q=Communism&fi=subject&sp=27&op=PHRASE&va=exact", "page_list": [{"url": null, "number": 1}, {"url": "https://www.loc.gov/pictures/search/?q=Communism&fi=subject&sp=2&op=PHRASE&va=exact", "number": 2}, {"url": "https://www.loc.gov/pictures/search/?q=Communism&fi=subject&sp=3&op=PHRASE&va=exact", "number": 3}, {"url": "https://www.loc.gov/pictures/search/?q=Communism&fi=subject&sp=4&op=PHRASE&va=exact", "number": 4}, {"url": "https://www.loc.gov/pictures/search/?q=Communism&fi=subject&sp=5&op=PHRASE&va=exact", "number": 5}, {"url": "https://www.loc.gov/pictures/search/?q=Communism&fi=subject&sp=6&op=PHRASE&va=exact", "number": "..."}, {"url": "https://www.loc.gov/pictures/search/?q=Communism&fi=subject&sp=27&op=PHRASE&va=exact", "number": 27}], "previous": null, "total": 27, "results": "1 - 20", "first": null}, "collection": null, "results": [{"source_created": "2012-11-19T00:00:00Z", "index": 1, "medium": "1 drawing.", "reproduction_number": "", "links": {"item": "https://www.loc.gov/pictures/item/2012635911/", "resource": null}, "title": "Exporting country", "image": {"alt": "item not digitized thumbnail", "full": "https://www.loc.gov/pictures/static/images/item/500x500_notdigitized.png", "square": "https://www.loc.gov/pictures/static/images/item/not_digitized_buttons75X75.png", "thumb": "https://www.loc.gov/pictures/static/images/item/notdigitized_buttons140X120.png"}, "created": "2020-06-24T00:00:00Z", "modified": "2020-06-24T00:00:00Z", "collection": ["hlb", "minload", "pp"], "creator": "Block, Herbert, 1909-2001", "call_number": "BLOCK, no. 5171 (BB size)", "medium_brief": "1 drawing.", "source_modified": "2020-05-12T00:00:00Z", "pk": "2012635911", "created_published_date": "8/12/1960.", "subjects": ["Mao, Zedong,--1893-1976.", "Communism--Asia", "Communism--Africa", "Communism--China", "Wrenches", "International relations--Latin America", "International relations--United States", "Drawings--American.", "Editorial cartoons--American."]}, {"source_created": "1975-09-01T00:00:00Z", "index": 2, "medium": "66 volumes : illustrations (some color), maps, portraits ; 30-38 cm", "reproduction_number": "", "links": {"item": "https://www.loc.gov/pictures/item/35016097/", "resource": null}, "title": "New masses.", "image": {"alt": "item not digitized thumbnail", "full": "https://www.loc.gov/pictures/static/images/item/500x500_notdigitized.png", "square": "https://www.loc.gov/pictures/static/images/item/not_digitized_buttons75X75.png", "thumb": "https://www.loc.gov/pictures/static/images/item/notdigitized_buttons140X120.png"}, "created": "2020-06-24T00:00:00Z", "modified": "2020-06-24T00:00:00Z", "collection": ["casebk", "pp"], "creator": "Online version: New masses", "call_number": "HX1 .N4 Case Y [P&P] Set 2  [General Collections]", "medium_brief": "66 volumes :", "source_modified": "2020-05-15T00:00:00Z", "pk": "35016097", "created_published_date": "1926-1948.", "subjects": ["Communism--United States--Periodicals.", "American poetry--Periodicals.", "Atheism--United States--Periodicals.", "Communism--Periodicals.", "United States--Politics and government--1901-1953--Periodicals.", "American poetry.--(OCoLC)fst00807348", "Atheism.--(OCoLC)fst00819974", "Communism.--(OCoLC)fst00870421", "Politics and government.--(OCoLC)fst01919741", "United States.--(OCoLC)fst01204155", "1901-1953", "American poetry.", "Periodicals.", "Periodicals.--(OCoLC)fst01411641"]}, {"source_created": "2000-12-18T00:00:00Z", "index": 3, "medium": "1 portfolio (21 leaves of plates : all ill.) ; 30 cm.", "reproduction_number": "", "links": {"item": "https://www.loc.gov/pictures/item/00713726/", "resource": null}, "title": "Ternysty\u012d shli\ufe20a\ufe21kh stanovlenni\ufe20a\ufe21 ukra\u00efns\u02b9ko\u00ef derz\ufe20h\ufe21avnosti /", "image": {"alt": "item not digitized thumbnail", "full": "https://www.loc.gov/pictures/static/images/item/500x500_notdigitized.png", "square": "https://www.loc.gov/pictures/static/images/item/not_digitized_buttons75X75.png", "thumb": "https://www.loc.gov/pictures/static/images/item/notdigitized_buttons140X120.png"}, "created": "2016-04-20T00:00:00Z", "modified": "2016-04-20T00:00:00Z", "collection": ["casebk", "pp"], "creator": "Vasylenko, Anatoli\u012d Petrovych, 1938-", "call_number": "DK508.846 .T32 1992 (Case Y) [P&P]", "medium_brief": "1 portfolio (21 leaves of plates :", "source_modified": "2001-05-07T00:00:00Z", "pk": "00713726", "created_published_date": "1992.", "subjects": ["Ukraine--Politics and government--1991---Caricatures and cartoons.", "Ukraine.--Verkhovna Rada--Caricatures and cartoons.", "Post-communism--Ukraine--Caricatures and cartoons.", "Communism--Ukraine--Caricatures and cartoons.", "Ukrainian wit and humor, Pictorial.", "Ukraine--Relations--Russia (Federation)--Caricatures and cartoons.", "Russia (Federation)--Relations--Ukraine--Caricatures and cartoons.", "Crimea (Ukraine)--Politics and government--Caricatures and cartoons."]}, {"source_created": "2004-05-27T00:00:00Z", "index": 4, "medium": "1 drawing : ink and opaque white over blue pencil underdrawing ; 31.5 x 24.7 cm. (sheet)", "reproduction_number": "LC-DIG-ppmsca-05442 (digital file from original drawing)", "links": {"item": "https://www.loc.gov/pictures/item/2004672427/", "resource": "https://www.loc.gov/pictures/item/2004672427/resource/"}, "title": "The hero of the week", "image": {"alt": "digitized item thumbnail", "full": "https://tile.loc.gov/storage-services/service/pnp/ppmsca/05400/05442_150px.jpg", "square": "https://tile.loc.gov/storage-services/service/pnp/ppmsca/05400/05442_75x75px.jpg", "thumb": "https://tile.loc.gov/storage-services/service/pnp/ppmsca/05400/05442_150px.jpg"}, "created": "2016-04-20T00:00:00Z", "modified": "2016-04-20T00:00:00Z", "collection": ["bbgfc", "minload", "pp"], "creator": null, "call_number": "Goldstein, no. 1447 (A size) [P&P]", "medium_brief": "1 drawing :", "source_modified": "2011-06-08T00:00:00Z", "pk": "2004672427", "created_published_date": "[193-]", "subjects": ["Coughlin, Charles E.--(Charles Edward),--1891-1979.", "Ford, Henry,--1863-1947.", "Antisemitism--United States--1930-1940.", "Communism--United States--1930-1940.", "Jews--United States--1930-1940.", "Wounds & injuries--United States--1930-1940.", "Antisemitism--United States--1930-1940.", "Communism--United States--1930-1940.", "Cartoons (Commentary)--1930-1940.", "Drawings--1930-1940.", "Periodical illustrations--1930-1940."]}, {"source_created": "1986-02-13T00:00:00Z", "index": 5, "medium": "[2], 10, [1] p., [1] leaf of plates : ill. ; 23 cm.", "reproduction_number": "", "links": {"item": "https://www.loc.gov/pictures/item/2010479019/", "resource": null}, "title": "What is an American? /", "image": {"alt": "item not digitized thumbnail", "full": "https://www.loc.gov/pictures/static/images/item/500x500_notdigitized.png", "square": "https://www.loc.gov/pictures/static/images/item/not_digitized_buttons75X75.png", "thumb": "https://www.loc.gov/pictures/static/images/item/notdigitized_buttons140X120.png"}, "created": "2016-04-20T00:00:00Z", "modified": "2016-04-20T00:00:00Z", "collection": ["casebk", "pp"], "creator": "Kent, Rockwell, 1882-1971.", "call_number": "HX550.L52 K46 1936 Case X [P&P] Copy 1", "medium_brief": "[2], 10, [1] p., [1] leaf of plates :", "source_modified": "2010-07-08T00:00:00Z", "pk": "2010479019", "created_published_date": "1936", "subjects": ["Communism and liberty--United States.", "Communism--United States.", "Patriotism--United States.", "Kent, Rockwell,--1882-1971.", "Engravings--Reproductions--1930-1940."]}, {"source_created": "2012-11-19T00:00:00Z", "index": 6, "medium": "1 drawing.", "reproduction_number": "", "links": {"item": "https://www.loc.gov/pictures/item/2012635621/", "resource": null}, "title": "Loss of false-face", "image": {"alt": "item not digitized thumbnail", "full": "https://www.loc.gov/pictures/static/images/item/500x500_notdigitized.png", "square": "https://www.loc.gov/pictures/static/images/item/not_digitized_buttons75X75.png", "thumb": "https://www.loc.gov/pictures/static/images/item/notdigitized_buttons140X120.png"}, "created": "2016-04-20T00:00:00Z", "modified": "2016-04-20T00:00:00Z", "collection": ["hlb", "minload", "pp"], "creator": "Block, Herbert, 1909-2001", "call_number": "BLOCK, no. 4883 (BB size)", "medium_brief": "1 drawing.", "source_modified": "2016-01-05T00:00:00Z", "pk": "2012635621", "created_published_date": "4/1/1959.", "subjects": ["Mao, Zedong,--1893-1976.", "Communism--Asia", "Masks", "Communism--China", "International relations--Tibet", "International relations--China", "firearms", "Homicides", "fences", "Drawings--American.", "Editorial cartoons--American."]}, {"source_created": "2012-11-19T00:00:00Z", "index": 7, "medium": "1 drawing.", "reproduction_number": "", "links": {"item": "https://www.loc.gov/pictures/item/2012636207/", "resource": null}, "title": "\"I guess I'm a natural-born deviationists\"", "image": {"alt": "item not digitized thumbnail", "full": "https://www.loc.gov/pictures/static/images/item/500x500_notdigitized.png", "square": "https://www.loc.gov/pictures/static/images/item/not_digitized_buttons75X75.png", "thumb": "https://www.loc.gov/pictures/static/images/item/notdigitized_buttons140X120.png"}, "created": "2016-04-20T00:00:00Z", "modified": "2016-04-20T00:00:00Z", "collection": ["hlb", "minload", "pp"], "creator": "Block, Herbert, 1909-2001", "call_number": "BLOCK, no. 6215 (BB size)", "medium_brief": "1 drawing.", "source_modified": "2014-01-14T00:00:00Z", "pk": "2012636207", "created_published_date": "12/13/1964.", "subjects": ["Brezhnev, Leonid Il'ich,--1906-1982.", "Khrushchev, Nikita Sergeevich,--1894-1971.", "Tito, Josip Broz,--1892-1980.", "Communism--Yugoslavia", "Communism--Soviet Union", "Drawings--American.", "Editorial cartoons--American."]}, {"source_created": "2012-11-19T00:00:00Z", "index": 8, "medium": "1 drawing.", "reproduction_number": "", "links": {"item": "https://www.loc.gov/pictures/item/2012637732/", "resource": null}, "title": "The tightrope chase", "image": {"alt": "item not digitized thumbnail", "full": "https://www.loc.gov/pictures/static/images/item/500x500_notdigitized.png", "square": "https://www.loc.gov/pictures/static/images/item/not_digitized_buttons75X75.png", "thumb": "https://www.loc.gov/pictures/static/images/item/notdigitized_buttons140X120.png"}, "created": "2016-04-20T00:00:00Z", "modified": "2016-04-20T00:00:00Z", "collection": ["hlb", "minload", "pp"], "creator": "Block, Herbert, 1909-2001", "call_number": "BLOCK, no. 7062 (BB size)", "medium_brief": "1 drawing.", "source_modified": "2014-01-14T00:00:00Z", "pk": "2012637732", "created_published_date": "5/17/1968.", "subjects": ["Communism--Czechoslovakia", "Communism--Soviet Union", "Drawings--American.", "Editorial cartoons--American."]}, {"source_created": "1995-04-03T00:00:00Z", "index": 9, "medium": "1 print (poster) : color.", "reproduction_number": "LC-USZC4-3634 (b&w film copy neg.)", "links": {"item": "https://www.loc.gov/pictures/item/95504367/", "resource": "https://www.loc.gov/pictures/item/95504367/resource/"}, "title": "[Za Vlast'sovetov]", "image": {"alt": "digitized item thumbnail", "full": "https://tile.loc.gov/storage-services/service/pnp/cph/3g00000/3g03000/3g03600/3g03634_150px.jpg", "square": "https://tile.loc.gov/storage-services/service/pnp/cph/3g00000/3g03000/3g03600/3g03634_75x75px.jpg", "thumb": "https://tile.loc.gov/storage-services/service/pnp/cph/3g00000/3g03000/3g03600/3g03634_150px.jpg"}, "created": "2016-04-20T00:00:00Z", "modified": "2016-04-20T00:00:00Z", "collection": ["pos", "pp"], "creator": null, "call_number": "POS - USSR .G477, no. 2 (C size) [P&P]", "medium_brief": "1 print (poster) :", "source_modified": "2013-10-23T00:00:00Z", "pk": "95504367", "created_published_date": "1925(?)]", "subjects": ["Communism--Asia--1920-1930.", "Communism--Middle East--1920-1930.", "Posters--Soviet--1920-1930.", "Prints--Color--1920-1930."]}, {"source_created": "2015-07-02T00:00:00Z", "index": 10, "medium": "1 print ; (poster format)", "reproduction_number": "LC-USZC4-2885 (color film copy transparency)", "links": {"item": "https://www.loc.gov/pictures/item/2015648093/", "resource": "https://www.loc.gov/pictures/item/2015648093/resource/"}, "title": "Mothers' Crusade for Victory over Communism Why should we help communists kill Americans?", "image": {"alt": "digitized item thumbnail", "full": "https://tile.loc.gov/storage-services/service/pnp/cph/3g00000/3g02000/3g02800/3g02885r.jpg", "square": "https://tile.loc.gov/storage-services/service/pnp/cph/3g00000/3g02000/3g02800/3g02885_75x75px.jpg", "thumb": "https://tile.loc.gov/storage-services/service/pnp/cph/3g00000/3g02000/3g02800/3g02885_150px.jpg"}, "created": "2018-01-02T00:00:00Z", "modified": "2018-01-02T00:00:00Z", "collection": ["diof", "pp", "yan"], "creator": "Mothers' Crusade for Victory over Communism", "call_number": "POS 6 - US, no. 52 (C size) [P&P]", "medium_brief": "1 print ;", "source_modified": "2017-12-26T00:00:00Z", "pk": "2015648093", "created_published_date": "[between 1965 and 1973]", "subjects": ["Mothers' Crusade for Victory over Communism.", "Vietnam War, 1961-1975.", "Membership campaigns--United States--1960-1980.", "Communism--United States--1960-1980.", "International relations--1960-1980.", "United States.", "Cartoons (Commentary)--American--1960-1980.", "Prints--Color--1960-1980.", "Protest posters--American--1960-1980."]}, {"source_created": "2005-12-05T00:00:00Z", "index": 11, "medium": "1 print (poster) : woodcut ; 57.4 x 36.8 cm. (sheet)", "reproduction_number": "", "links": {"item": "https://www.loc.gov/pictures/item/2010643903/", "resource": null}, "title": "Marxism in Russia and U.S.", "image": {"alt": "item not digitized thumbnail", "full": "https://www.loc.gov/pictures/static/images/item/500x500_notdigitized.png", "square": "https://www.loc.gov/pictures/static/images/item/not_digitized_buttons75X75.png", "thumb": "https://www.loc.gov/pictures/static/images/item/notdigitized_buttons140X120.png"}, "created": "2019-09-17T00:00:00Z", "modified": "2019-09-17T00:00:00Z", "collection": ["bbgfc", "minload", "pp"], "creator": "Herzel, Paul, 1876-1956", "call_number": "Goldstein, no. 862 (B size) [P&P]", "medium_brief": "1 print (poster) :", "source_modified": "2019-05-08T00:00:00Z", "pk": "2010643903", "created_published_date": "[ca. 1936]", "subjects": ["Communism--Soviet Union--1930-1940.", "Communism--United States--1930-1940.", "Infants--1930-1940.", "Political posters--1930-1940.", "Woodcuts--1930-1940."]}, {"source_created": "2010-11-03T00:00:00Z", "index": 12, "medium": "17 prints : letterpress and silkscreen, color ; sheet 47.3 x 33 cm or smaller, vertical and horizontal orientation.", "reproduction_number": "", "links": {"item": "https://www.loc.gov/pictures/item/2010651585/", "resource": "https://www.loc.gov/pictures/item/2010651585/resource/"}, "title": "Broadsheets and flyers issued at the time of the Spartakus Revolt in Germany and the Spanish Civil War", "image": {"alt": "digitized item thumbnail", "full": "https://www.loc.gov/pictures/static/images/item/500x500_notdigitized.png", "square": "https://www.loc.gov/pictures/static/data/media/201/201064/201064397/2010643976/square.jpg", "thumb": "https://www.loc.gov/pictures/static/data/media/201/201064/201064397/2010643976/gallery.jpg"}, "created": "2016-04-21T00:57:49Z", "modified": "2021-04-20T11:00:45Z", "collection": ["coll", "pp"], "creator": null, "call_number": "LOT 14019 (H) [P&P]", "medium_brief": "17 prints :", "source_modified": "2011-04-06T17:40:51Z", "pk": "2010651585", "created_published_date": "1918-1939.", "subjects": ["Liebknecht, Karl Paul August Friedrich,--1871-1919--Assassination.", "Luxemburg, Rosa,--1871-1919--Assassination.", "Negr\u00edn, Juan--Quotations.", "Sozialdemokratische Partei Deutschlands.", "Spartakusbund (Germany)", "Kommunistische Partei Deutschlands.", "Rebellions--Germany--1910-1920.", "Announcements--1910-1940.", "Propaganda--German--1910-1920.", "Propaganda--Spanish--1930-1940.", "Communism--Germany--1910-1920.", "Communism--Spain--1930-1940.", "Spain--History--Civil War, 1936-1939--Communications", "Broadsides--1910-1940.", "Letterpress works--1910-1940.", "Postage stamps--1910-1940.", "Screen prints--Color--1910-1940."]}, {"source_created": "2000-05-03T00:00:00Z", "index": 13, "medium": "[64] p. : chiefly ill., ports. ; 24 x 31 cm.", "reproduction_number": "", "links": {"item": "https://www.loc.gov/pictures/item/00515663/", "resource": null}, "title": "1929 Red cartoons : reprinted from The daily worker /", "image": {"alt": "item not digitized thumbnail", "full": "https://www.loc.gov/pictures/static/images/item/500x500_notdigitized.png", "square": "https://www.loc.gov/pictures/static/images/item/not_digitized_buttons75X75.png", "thumb": "https://www.loc.gov/pictures/static/images/item/notdigitized_buttons140X120.png"}, "created": "2016-04-20T00:00:00Z", "modified": "2016-04-20T00:00:00Z", "collection": ["casebk", "pp"], "creator": null, "call_number": "NC1763.C6 D3 1929 (Case X) [P&P]", "medium_brief": "[64] p. :", "source_modified": "2014-11-19T00:00:00Z", "pk": "00515663", "created_published_date": "c1929.", "subjects": ["World politics--1919-1932--Caricatures and cartoons.", "United States--Politics and government--1923-1929--Caricatures and cartoons.", "Press, Communist--United States.", "Communism and art--United States."]}, {"source_created": "2000-11-06T00:00:00Z", "index": 14, "medium": "1 photographic print.", "reproduction_number": "LC-USZ62-126869 (b&w film copy neg.)", "links": {"item": "https://www.loc.gov/pictures/item/00651014/", "resource": "https://www.loc.gov/pictures/item/00651014/resource/"}, "title": "Ready for Rally", "image": {"alt": "digitized item thumbnail", "full": "https://tile.loc.gov/storage-services/service/pnp/cph/3c20000/3c26000/3c26800/3c26869_150px.jpg", "square": "https://tile.loc.gov/storage-services/service/pnp/cph/3c20000/3c26000/3c26800/3c26869_75x75px.jpg", "thumb": "https://tile.loc.gov/storage-services/service/pnp/cph/3c20000/3c26000/3c26800/3c26869_150px.jpg"}, "created": "2016-04-20T00:00:00Z", "modified": "2016-04-20T00:00:00Z", "collection": ["cph", "pp"], "creator": null, "call_number": "NYWTS - SUBJ/GEOG--Cuba--Communists [item] [P&P]", "medium_brief": "1 photographic print.", "source_modified": "2006-05-08T00:00:00Z", "pk": "00651014", "created_published_date": "1965.", "subjects": ["Communism--Cuba--Havana--1960-1970.", "Political posters--Cuba--Havana--1960-1970.", "Montages--1960-1970.", "Photographic prints--1960-1970.", "Transmitted images--1960-1970."]}, {"source_created": "2000-09-28T00:00:00Z", "index": 15, "medium": "1 photographic print.", "reproduction_number": "LC-USZ62-126859 (b&w film copy neg.)", "links": {"item": "https://www.loc.gov/pictures/item/00652693/", "resource": "https://www.loc.gov/pictures/item/00652693/resource/"}, "title": "[World map showing population distribution of Communist Party members by continent and select countries]", "image": {"alt": "digitized item thumbnail", "full": "https://tile.loc.gov/storage-services/service/pnp/cph/3c20000/3c26000/3c26800/3c26859_150px.jpg", "square": "https://tile.loc.gov/storage-services/service/pnp/cph/3c20000/3c26000/3c26800/3c26859_75x75px.jpg", "thumb": "https://tile.loc.gov/storage-services/service/pnp/cph/3c20000/3c26000/3c26800/3c26859_150px.jpg"}, "created": "2016-04-20T00:00:00Z", "modified": "2016-04-20T00:00:00Z", "collection": ["cph", "pp"], "creator": null, "call_number": "NYWTS - SUBJ/GEOG--Communism--General [item] [P&P]", "medium_brief": "1 photographic print.", "source_modified": "2006-05-26T00:00:00Z", "pk": "00652693", "created_published_date": "1947.", "subjects": ["Communism--1940-1950.", "Demography--1940-1950.", "Maps--1940-1950.", "Photographic prints--1940-1950.", "Transmitted images--1940-1950."]}, {"source_created": "2002-02-15T00:00:00Z", "index": 16, "medium": "1 photographic print.", "reproduction_number": "LC-USZ62-128676 (b&w film copy neg.)", "links": {"item": "https://www.loc.gov/pictures/item/2002695468/", "resource": "https://www.loc.gov/pictures/item/2002695468/resource/"}, "title": "[Wisconsin Senator Joseph McCarthy, head-and-shoulders portrait, seated at desk, facing slightly left, speaking in front of a CBS camera in New York's Liederkrantz Hall]", "image": {"alt": "digitized item thumbnail", "full": "https://tile.loc.gov/storage-services/service/pnp/cph/3c20000/3c28000/3c28600/3c28676_150px.jpg", "square": "https://tile.loc.gov/storage-services/service/pnp/cph/3c20000/3c28000/3c28600/3c28676_75x75px.jpg", "thumb": "https://tile.loc.gov/storage-services/service/pnp/cph/3c20000/3c28000/3c28600/3c28676_150px.jpg"}, "created": "2016-04-20T00:00:00Z", "modified": "2016-04-20T00:00:00Z", "collection": ["cph", "pp"], "creator": null, "call_number": "NYWTS - BIOG--McCarthy, Joseph R.--Senator--Wisconsin--Gen. & Misc. Groups [item] [P&P]", "medium_brief": "1 photographic print.", "source_modified": "2002-11-14T00:00:00Z", "pk": "2002695468", "created_published_date": "1953.", "subjects": ["McCarthy, Joseph,--1908-1957.", "Anti-communism--New York (State)--New York--1950-1960.", "Television broadcasting--New York (State)--New York--1950-1960.", "McCarthyism--1950-1960.", "Photographic prints--1950-1960.", "Portrait photographs--1950-1960."]}, {"source_created": "2004-01-15T00:00:00Z", "index": 17, "medium": "1 print (poster) : color lithograph ; sheet 98 x 67 cm.", "reproduction_number": "LC-DIG-ppmsca-38902 (digital file from original item)\nLC-USZC4-11259 (color film copy transparency)", "links": {"item": "https://www.loc.gov/pictures/item/2004665806/", "resource": "https://www.loc.gov/pictures/item/2004665806/resource/"}, "title": "Spartakus bei der Arbeit", "image": {"alt": "digitized item thumbnail", "full": "https://tile.loc.gov/storage-services/service/pnp/ppmsca/38900/38902r.jpg", "square": "https://tile.loc.gov/storage-services/service/pnp/ppmsca/38900/38902_75x75px.jpg", "thumb": "https://tile.loc.gov/storage-services/service/pnp/ppmsca/38900/38902_150px.jpg"}, "created": "2016-04-20T00:00:00Z", "modified": "2016-04-20T00:00:00Z", "collection": ["00", "008", "diof", "exh", "l5034", "pos", "pp", "wwipos"], "creator": null, "call_number": "POS - Ger .A01, no. 71 (C size) [P&P]", "medium_brief": "1 print (poster) :", "source_modified": "2015-11-13T00:00:00Z", "pk": "2004665806", "created_published_date": "[1919]", "subjects": ["Spartakusbund (Germany)", "World War, 1914-1918--Aftermath--Germany.", "Anti-communism--Germany--1910-1920.", "Violence--Germany--1910-1920.", "Death--Germany--1910-1920.", "Lithographs--Color--1910-1920.", "War posters--German--1910-1920."]}, {"source_created": "2004-01-15T00:00:00Z", "index": 18, "medium": "1 print (poster) : lithograph, color ; 67 x 101 cm.", "reproduction_number": "LC-USZC4-11258 (color film copy transparency)", "links": {"item": "https://www.loc.gov/pictures/item/2004665807/", "resource": "https://www.loc.gov/pictures/item/2004665807/resource/"}, "title": "Nieder mit dem Bolschewismus. Bolschewismus bringt Krieg und Verderben, Hunger und Tod", "image": {"alt": "digitized item thumbnail", "full": "https://tile.loc.gov/storage-services/service/pnp/cph/3g10000/3g11000/3g11200/3g11258r.jpg", "square": "https://tile.loc.gov/storage-services/service/pnp/cph/3g10000/3g11000/3g11200/3g11258_75x75px.jpg", "thumb": "https://tile.loc.gov/storage-services/service/pnp/cph/3g10000/3g11000/3g11200/3g11258_150px.jpg"}, "created": "2016-04-20T00:00:00Z", "modified": "2016-04-20T00:00:00Z", "collection": ["diof", "pos", "pp", "wwipos"], "creator": null, "call_number": "POS - Ger .A01, no. 56 (C size) [P&P]", "medium_brief": "1 print (poster) :", "source_modified": "2004-04-13T00:00:00Z", "pk": "2004665807", "created_published_date": "[1919]", "subjects": ["World War, 1914-1918--Aftermath--Germany.", "Anti-communism--Germany--1910-1920.", "Snakes--Germany--1910-1920.", "Lithographs--Color--1910-1920.", "War posters--German--1910-1920."]}, {"source_created": "2004-01-26T00:00:00Z", "index": 19, "medium": "1 print (poster) : lithograph, color ; 62 x 45 cm.", "reproduction_number": "LC-USZC4-11268 (color film copy transparency)", "links": {"item": "https://www.loc.gov/pictures/item/2004665816/", "resource": "https://www.loc.gov/pictures/item/2004665816/resource/"}, "title": "Not, Elend, Hunger, Zerst\u00f6rung bringt der Bolschewismus", "image": {"alt": "digitized item thumbnail", "full": "https://tile.loc.gov/storage-services/service/pnp/cph/3g10000/3g11000/3g11200/3g11268r.jpg", "square": "https://tile.loc.gov/storage-services/service/pnp/cph/3g10000/3g11000/3g11200/3g11268_75x75px.jpg", "thumb": "https://tile.loc.gov/storage-services/service/pnp/cph/3g10000/3g11000/3g11200/3g11268_150px.jpg"}, "created": "2016-04-20T00:00:00Z", "modified": "2016-04-20T00:00:00Z", "collection": ["diof", "pos", "pp", "wwipos"], "creator": "Rehse Archiv f\u00fcr Zeitgeschichte und Publizistik, DLC", "call_number": "POS - Ger .A01, no. 72 (C size) [P&P]", "medium_brief": "1 print (poster) :", "source_modified": "2005-03-17T00:00:00Z", "pk": "2004665816", "created_published_date": "[1919]", "subjects": ["World War, 1914-1918--Aftermath--Germany.", "Anti-communism--Germany--1910-1920.", "Distress--1910-1920.", "Lithographs--Color--1910-1920.", "War posters--German--1910-1920."]}, {"source_created": "2004-01-26T00:00:00Z", "index": 20, "medium": "1 print (poster) : lithograph, color; 70 x 94 cm.", "reproduction_number": "LC-USZC4-11264 (color film copy transparency)", "links": {"item": "https://www.loc.gov/pictures/item/2004665821/", "resource": "https://www.loc.gov/pictures/item/2004665821/resource/"}, "title": "Berlin, halt ein! Besinne dich. Dein T\u00e4nzer ist der Tod", "image": {"alt": "digitized item thumbnail", "full": "https://tile.loc.gov/storage-services/service/pnp/cph/3g10000/3g11000/3g11200/3g11264r.jpg", "square": "https://tile.loc.gov/storage-services/service/pnp/cph/3g10000/3g11000/3g11200/3g11264_75x75px.jpg", "thumb": "https://tile.loc.gov/storage-services/service/pnp/cph/3g10000/3g11000/3g11200/3g11264_150px.jpg"}, "created": "2016-04-20T00:00:00Z", "modified": "2016-04-20T00:00:00Z", "collection": ["diof", "pos", "pp", "wwipos"], "creator": "Rehse Archiv f\u00fcr Zeitgeschichte und Publizistik, DLC", "call_number": "POS - Ger .A01, no. 11 (C size) [P&P]", "medium_brief": "1 print (poster) :", "source_modified": "2005-03-17T00:00:00Z", "pk": "2004665821", "created_published_date": "[1919]", "subjects": ["World War, 1914-1918--Aftermath--Germany--Berlin.", "Anti-communism--Germany--Berlin--1910-1920.", "Skeletons--1910-1920.", "Dance--1910-1920.", "Lithographs--Color--1910-1920.", "War posters--German--1910-1920."]}]}