{"search": {"field": "subject", "hits": 24, "sort_order": null, "do_facets": true, "focus_item": null, "query": "War correspondents", "type": "search", "sort_by": null}, "focus": null, "views": {"current": "list", "grid": "https://www.loc.gov/pictures/search/?q=War+correspondents&fi=subject&va=exact&st=grid&op=PHRASE", "list": "https://www.loc.gov/pictures/search/?q=War+correspondents&fi=subject&op=PHRASE&va=exact", "gallery": "https://www.loc.gov/pictures/search/?q=War+correspondents&fi=subject&va=exact&st=gallery&op=PHRASE", "slideshow": "https://www.loc.gov/pictures/search/?q=War+correspondents&fi=subject&va=exact&st=slideshow&op=PHRASE"}, "facets": [{"type": "displayed", "filters": [{"count": 14, "on": "https://www.loc.gov/pictures/search/?va=exact&sp=1&q=War+correspondents&fa=displayed%3Aanywhere&fi=subject&op=PHRASE&fo=json", "selected": false, "off": "https://www.loc.gov/pictures/search/?va=exact&sp=1&q=War+correspondents&fi=subject&fo=json&op=PHRASE", "title": "Larger image available anywhere"}, {"count": 9, "on": "https://www.loc.gov/pictures/search/?va=exact&sp=1&q=War+correspondents&fa=displayed%3Alc_only&fi=subject&op=PHRASE&fo=json", "selected": false, "off": "https://www.loc.gov/pictures/search/?va=exact&sp=1&q=War+correspondents&fi=subject&fo=json&op=PHRASE", "title": "Larger image available only at the Library of Congress"}, {"count": 1, "on": "https://www.loc.gov/pictures/search/?va=exact&sp=1&q=War+correspondents&fa=displayed%3Anot_digitized&fi=subject&op=PHRASE&fo=json", "selected": false, "off": "https://www.loc.gov/pictures/search/?va=exact&sp=1&q=War+correspondents&fi=subject&fo=json&op=PHRASE", "title": "Not Digitized"}], "title": "displayed"}], "links": {"json": "//www.loc.gov/pictures/search/?fi=subject&q=War+correspondents&op=PHRASE&va=exact&fo=json", "html": "//www.loc.gov/pictures/search/?fi=subject&q=War+correspondents&op=PHRASE&va=exact", "rss": "//www.loc.gov/pictures/search/?fi=subject&q=War+correspondents&op=PHRASE&va=exact&fo=rss"}, "suggestions": {"possible": []}, "pages": {"current": 1, "next": null, "perpage": 20, "last": null, "page_list": [{"url": null, "number": 1}], "previous": null, "total": 1, "results": "1 - 24", "first": null}, "collection": null, "results": [{"source_created": "2001-07-03T00:00:00Z", "index": 1, "medium": "1 photographic print : salted paper ; 20 x 17 cm.", "reproduction_number": "LC-USZC4-9183 (color film copy transparency)\nLC-USZ62-68258 (b&w film copy neg.)\nLC-USZCN4-361 (color film copy neg.)", "links": {"item": "https://www.loc.gov/pictures/item/2001697687/", "resource": "https://www.loc.gov/pictures/item/2001697687/resource/"}, "title": "William H. Russell, Esqr., the Times special correspondent", "image": {"alt": "digitized item thumbnail", "full": "https://tile.loc.gov/storage-services/service/pnp/cph/3g00000/3g09000/3g09100/3g09183r.jpg", "square": "https://tile.loc.gov/storage-services/service/pnp/cph/3g00000/3g09000/3g09100/3g09183_75x75px.jpg", "thumb": "https://tile.loc.gov/storage-services/service/pnp/cph/3g00000/3g09000/3g09100/3g09183_150px.jpg"}, "created": "2016-04-20T00:00:00Z", "modified": "2016-04-20T00:00:00Z", "collection": ["diof", "ftncnw", "pp"], "creator": "Fenton, Roger, 1819-1869", "call_number": "PH - Fenton (R.), no. 67 (A size) [P&P]", "medium_brief": "1 photographic print :", "source_modified": "2009-10-17T00:00:00Z", "pk": "2001697687", "created_published_date": "[1855]", "subjects": ["Russell, William Howard,--Sir,--1820-1907.", "Crimean War, 1853-1856.", "War correspondents--British--Ukraine--Crimea--1850-1860.", "Portrait photographs--1850-1860.", "Salted paper prints--1850-1860."]}, {"source_created": "2002-11-04T00:00:00Z", "index": 2, "medium": "1 photographic print.", "reproduction_number": "LC-USZ62-132309 (b&w film copy neg.)", "links": {"item": "https://www.loc.gov/pictures/item/2002719639/", "resource": "https://www.loc.gov/pictures/item/2002719639/resource/"}, "title": "Inside the German lines with a camera", "image": {"alt": "digitized item thumbnail", "full": "https://tile.loc.gov/storage-services/service/pnp/cph/3c30000/3c32000/3c32300/3c32309_150px.jpg", "square": "https://tile.loc.gov/storage-services/service/pnp/cph/3c30000/3c32000/3c32300/3c32309_75x75px.jpg", "thumb": "https://tile.loc.gov/storage-services/service/pnp/cph/3c30000/3c32000/3c32300/3c32309_150px.jpg"}, "created": "2016-04-20T00:00:00Z", "modified": "2016-04-20T00:00:00Z", "collection": ["cph", "pp"], "creator": null, "call_number": "NYWTS - BIOG--Swope, Herbert Bayard--Editor--Dead [item] [P&P]", "medium_brief": "1 photographic print.", "source_modified": "2002-12-10T00:00:00Z", "pk": "2002719639", "created_published_date": "[1916]", "subjects": ["Boelcke, Oswald,--1891-1916--Military service.", "Swope, Herbert Bayard,--1882-1958--Journeys.", "World War, 1914-1918--Communications.", "World War, 1914-1918--Military personnel--German.", "War correspondents--1910-1920.", "Military air pilots--German--1910-1920.", "Group portraits--1910-1920.", "Photographic prints--1910-1920.", "Portrait photographs--1910-1920."]}, {"source_created": "2005-06-07T00:00:00Z", "index": 3, "medium": "1 photographic print : gelatin silver.", "reproduction_number": "LC-DIG-ppmsca-06670 (digital file from original)", "links": {"item": "https://www.loc.gov/pictures/item/2005687018/", "resource": "https://www.loc.gov/pictures/item/2005687018/resource/"}, "title": "At ease in the front line trenches", "image": {"alt": "digitized item thumbnail", "full": "https://tile.loc.gov/storage-services/service/pnp/ppmsca/06600/06670r.jpg", "square": "https://tile.loc.gov/storage-services/service/pnp/ppmsca/06600/06670_75x75px.jpg", "thumb": "https://tile.loc.gov/storage-services/service/pnp/ppmsca/06600/06670_150px.jpg"}, "created": "2016-04-20T00:00:00Z", "modified": "2016-04-20T00:00:00Z", "collection": ["cph", "diof", "pp"], "creator": null, "call_number": "Unprocessed in PR 13 CN 1981:339 [item] [P&P]", "medium_brief": "1 photographic print :", "source_modified": "2016-03-10T00:00:00Z", "pk": "2005687018", "created_published_date": "[ca. 1919]", "subjects": ["Kirtland, Helen Johns,--1890-1979.", "Kirtland, Lucian Swift,--1881-", "World War, 1914-1918--Communications.", "Photojournalists--1910-1920.", "War correspondents--1910-1920.", "Gelatin silver prints--1910-1920."]}, {"source_created": "2007-06-21T00:00:00Z", "index": 4, "medium": "1 photographic print : albumen.", "reproduction_number": "LC-DIG-ppmsca-12577 (digital file from original photograph)", "links": {"item": "https://www.loc.gov/pictures/item/2007682515/", "resource": "https://www.loc.gov/pictures/item/2007682515/resource/"}, "title": "Headquarters, New York Herald, Army of the Potomac, Bealton", "image": {"alt": "digitized item thumbnail", "full": "https://tile.loc.gov/storage-services/service/pnp/ppmsca/12500/12577r.jpg", "square": "https://tile.loc.gov/storage-services/service/pnp/ppmsca/12500/12577_75x75px.jpg", "thumb": "https://tile.loc.gov/storage-services/service/pnp/ppmsca/12500/12577_150px.jpg"}, "created": "2016-04-20T00:00:00Z", "modified": "2016-04-20T00:00:00Z", "collection": ["civwar", "cph", "diof", "pp"], "creator": "O'Sullivan, Timothy H., 1840-1882", "call_number": "Illus. in E468.7 .G2, v. 2, no. 56 (Case Y) [P&P]", "medium_brief": "1 photographic print :", "source_modified": "2011-03-04T00:00:00Z", "pk": "2007682515", "created_published_date": "1863 Sept., c1866.", "subjects": ["United States.--Army of the Potomac--1860-1870.", "War correspondents--Virginia--1860-1870.", "Military camps--Virginia--1860-1870.", "United States--History--Civil War, 1861-1865--Communications--Union--Virginia.", "Albumen prints--1860-1870.", "Book illustrations--1860-1870."]}, {"source_created": "2009-02-19T00:00:00Z", "index": 5, "medium": "1 print : woodcut, color ; 37.1 x 25.1 cm (sheet)", "reproduction_number": "LC-DIG-jpd-00999 (digital file from original print)\nLC-USZC2-687 (color film copy slide)", "links": {"item": "https://www.loc.gov/pictures/item/2009630473/", "resource": "https://www.loc.gov/pictures/item/2009630473/resource/"}, "title": "American editor is greatly surprised at Japanese sharp-shooter as he hits Kiulencheng [sic], Hoojo, Kuichow, Motienluig, Haicheng, & next Liaoyang", "image": {"alt": "digitized item thumbnail", "full": "https://tile.loc.gov/storage-services/service/pnp/jpd/00900/00999r.jpg", "square": "https://tile.loc.gov/storage-services/service/pnp/jpd/00900/00999_75x75px.jpg", "thumb": "https://tile.loc.gov/storage-services/service/pnp/jpd/00900/00999_150px.jpg"}, "created": "2016-04-20T00:00:00Z", "modified": "2016-04-20T00:00:00Z", "collection": ["diof", "jpd", "pp"], "creator": "Kobayashi, Kiyochika, 1847-1915", "call_number": "FP 2 - JPD, no. 918 (A size) [P&P]", "medium_brief": "1 print :", "source_modified": "2009-02-20T00:00:00Z", "pk": "2009630473", "created_published_date": "[1904 or 1905]", "subjects": ["Russo-Japanese War, 1904-1905--Communications.", "Soldiers--Japanese--1900-1910.", "War correspondents--American--1900-1910.", "Shooting galleries--1900-1910.", "Target practice--1900-1910.", "Satires (Visual works)--Japanese--1900-1910.", "Woodcuts--Japanese--Color--1900-1910."]}, {"source_created": "2011-08-10T00:00:00Z", "index": 6, "medium": "1 transparency : color ; 4 x 5 in. or smaller.", "reproduction_number": "LC-DIG-highsm-12478 (digital file from original)\nLC-HS503-1217 (color film transparency)", "links": {"item": "https://www.loc.gov/pictures/item/2011630672/", "resource": "https://www.loc.gov/pictures/item/2011630672/resource/"}, "title": "Memorial Civil War Arch to War Correspondents at Crampston's Gap, Burkittsville, Maryland", "image": {"alt": "digitized item thumbnail", "full": "https://tile.loc.gov/storage-services/service/pnp/highsm/12400/12478r.jpg", "square": "https://tile.loc.gov/storage-services/service/pnp/highsm/12400/12478_75x75px.jpg", "thumb": "https://tile.loc.gov/storage-services/service/pnp/highsm/12400/12478_150px.jpg"}, "created": "2016-04-20T00:00:00Z", "modified": "2016-04-20T00:00:00Z", "collection": ["diof", "highsm", "minload", "pp"], "creator": "Highsmith, Carol M., 1946-", "call_number": "LC-HS503- 1217 (ONLINE) [P&P]", "medium_brief": "1 transparency :", "source_modified": "2015-04-16T00:00:00Z", "pk": "2011630672", "created_published_date": "[between 1980 and 2006]", "subjects": ["United States--Maryland--Burkittsville.", "America.", "Memorial Arch to War Correspondents.", "Civil war.", "Transparencies--color--1980-2010."]}, {"source_created": "1991-04-02T00:00:00Z", "index": 7, "medium": "1 photographic print.", "reproduction_number": "LC-USZ62-102472 (b&w film copy neg.)", "links": {"item": "https://www.loc.gov/pictures/item/91719081/", "resource": "https://www.loc.gov/pictures/item/91719081/resource/"}, "title": "[Janet Flanner, half-length portrait, standing, facing left, wearing war correspondent's uniform and holding a white rabbit]", "image": {"alt": "digitized item thumbnail", "full": "https://tile.loc.gov/storage-services/service/pnp/cph/3c00000/3c02000/3c02400/3c02472_150px.jpg", "square": "https://tile.loc.gov/storage-services/service/pnp/cph/3c00000/3c02000/3c02400/3c02472_75x75px.jpg", "thumb": "https://tile.loc.gov/storage-services/service/pnp/cph/3c00000/3c02000/3c02400/3c02472_150px.jpg"}, "created": "2016-04-20T00:00:00Z", "modified": "2016-04-20T00:00:00Z", "collection": ["cph", "pp"], "creator": null, "call_number": "LOT 13259, v. 22 no. 52e [P&P]", "medium_brief": "1 photographic print.", "source_modified": "2006-06-14T00:00:00Z", "pk": "91719081", "created_published_date": "[between 1940 and 1945]", "subjects": ["Flanner, Janet,--1892-1978.", "War correspondents--1940-1950.", "Rabbits--1940-1950.", "World War, 1939-1945--Women.", "Photographic prints--1940-1950.", "Portrait photographs--1940-1950."]}, {"source_created": "1999-12-15T00:00:00Z", "index": 8, "medium": "1 photographic print.", "reproduction_number": "LC-USZ62-125124 (b&w film copy neg.)", "links": {"item": "https://www.loc.gov/pictures/item/99472868/", "resource": "https://www.loc.gov/pictures/item/99472868/resource/"}, "title": "[Doris Fleeson, war correspondent for Woman's Home Companion, talking with two American soldiers on the Italian front]", "image": {"alt": "digitized item thumbnail", "full": "https://tile.loc.gov/storage-services/service/pnp/cph/3c20000/3c25000/3c25100/3c25124_150px.jpg", "square": "https://tile.loc.gov/storage-services/service/pnp/cph/3c20000/3c25000/3c25100/3c25124_75x75px.jpg", "thumb": "https://tile.loc.gov/storage-services/service/pnp/cph/3c20000/3c25000/3c25100/3c25124_150px.jpg"}, "created": "2016-04-20T00:00:00Z", "modified": "2016-04-20T00:00:00Z", "collection": ["cph", "pp"], "creator": null, "call_number": "NYWTS - BIOG--Fleeson, Doris--Writer [item] [P&P]", "medium_brief": "1 photographic print.", "source_modified": "2006-03-22T00:00:00Z", "pk": "99472868", "created_published_date": "1943.", "subjects": ["Fleeson, Doris.", "World War, 1939-1945--Communications--Italy.", "War correspondents--American--Italy--1940-1950.", "Soldiers--American--Italy--1940-1950.", "Women--Employment--1940-1950.", "Photographic prints--1940-1950."]}, {"source_created": "2003-10-15T00:00:00Z", "index": 9, "medium": "1 photographic print.", "reproduction_number": "LC-USZ62-133414 (b&w film copy neg.)", "links": {"item": "https://www.loc.gov/pictures/item/2003675586/", "resource": "https://www.loc.gov/pictures/item/2003675586/resource/"}, "title": "A wounded Burmese at Maymyo being photographed by Clare Boothe", "image": {"alt": "digitized item thumbnail", "full": "https://tile.loc.gov/storage-services/service/pnp/cph/3c30000/3c33000/3c33400/3c33414_150px.jpg", "square": "https://tile.loc.gov/storage-services/service/pnp/cph/3c30000/3c33000/3c33400/3c33414_75x75px.jpg", "thumb": "https://tile.loc.gov/storage-services/service/pnp/cph/3c30000/3c33000/3c33400/3c33414_150px.jpg"}, "created": "2016-04-21T00:00:00Z", "modified": "2016-04-21T00:00:00Z", "collection": ["cph", "pp"], "creator": null, "call_number": "LOT 13260-16, no. 76 [P&P]", "medium_brief": "1 photographic print.", "source_modified": "2003-10-24T00:00:00Z", "pk": "2003675586", "created_published_date": "1942 May.", "subjects": ["Luce, Clare Boothe,--1903-1987.", "Photojournalism--1940-1950.", "War casualties--Burma--Maymyo--1940-1950.", "War correspondents--American--Burma--Maymyo--1940-1950.", "World War, 1939-1945--Communications.", "Photographic prints--1940-1950."]}, {"source_created": "2004-03-08T00:00:00Z", "index": 10, "medium": "1 drawing : ink brush over pink pencil and graphite underdrawing with opaque white.", "reproduction_number": "LC-DIG-ppmsca-04703 (digital file from original drawing)\nLC-USZ62-134287 (b&w film copy neg.)", "links": {"item": "https://www.loc.gov/pictures/item/2004666746/", "resource": "https://www.loc.gov/pictures/item/2004666746/resource/"}, "title": "[Network sheep and war]", "image": {"alt": "digitized item thumbnail", "full": "https://tile.loc.gov/storage-services/service/pnp/ppmsca/04700/04703_150px.jpg", "square": "https://tile.loc.gov/storage-services/service/pnp/ppmsca/04700/04703_75x75px.jpg", "thumb": "https://tile.loc.gov/storage-services/service/pnp/ppmsca/04700/04703_150px.jpg"}, "created": "2016-04-21T00:00:00Z", "modified": "2016-04-21T00:00:00Z", "collection": ["cph", "exh", "l4482", "pp"], "creator": "Telnaes, Ann, 1960-", "call_number": "Unprocessed in PR 13 CN 2004:013.39 [item] [P&P]", "medium_brief": "1 drawing :", "source_modified": "2012-03-21T00:00:00Z", "pk": "2004666746", "created_published_date": "2003 February 14.", "subjects": ["Iraq War, 2003-2011--Communications--United States.", "Sheep--United States--2000-2010.", "Television broadcasting--United States--2000-2010.", "War correspondents--United States--2000-2010.", "Editorial cartoons--2000-2010.", "Ink drawings--2000-2010."]}, {"source_created": "2004-05-17T00:00:00Z", "index": 11, "medium": "1 photographic print.", "reproduction_number": "LC-USZ62-134502 (b&w film copy neg.)", "links": {"item": "https://www.loc.gov/pictures/item/2004671495/", "resource": "https://www.loc.gov/pictures/item/2004671495/resource/"}, "title": "[Wright Bryan, NBC correspondent, half-length portrait, facing slightly left, wearing military uniform]", "image": {"alt": "digitized item thumbnail", "full": "https://tile.loc.gov/storage-services/service/pnp/cph/3c30000/3c34000/3c34500/3c34502_150px.jpg", "square": "https://tile.loc.gov/storage-services/service/pnp/cph/3c30000/3c34000/3c34500/3c34502_75x75px.jpg", "thumb": "https://tile.loc.gov/storage-services/service/pnp/cph/3c30000/3c34000/3c34500/3c34502_150px.jpg"}, "created": "2016-04-21T00:00:00Z", "modified": "2016-04-21T00:00:00Z", "collection": ["cph", "pp"], "creator": null, "call_number": "NYWTS - BIOG--Bryan, Wright--Editor [item] [P&P]", "medium_brief": "1 photographic print.", "source_modified": "2005-06-01T00:00:00Z", "pk": "2004671495", "created_published_date": "1944 June 6.", "subjects": ["War correspondents--United States--1940-1950.", "Photographic prints--1940-1950.", "Portrait photographs--1940-1950.", "Publicity photographs--1940-1950."]}, {"source_created": "2004-05-17T00:00:00Z", "index": 12, "medium": "1 photographic print.", "reproduction_number": "LC-USZ62-134504 (b&w film copy neg.)", "links": {"item": "https://www.loc.gov/pictures/item/2004671496/", "resource": "https://www.loc.gov/pictures/item/2004671496/resource/"}, "title": "[Merrill Mueller, NBC war correspondent, half-length portrait, facing front, wearing military uniform]", "image": {"alt": "digitized item thumbnail", "full": "https://tile.loc.gov/storage-services/service/pnp/cph/3c30000/3c34000/3c34500/3c34504_150px.jpg", "square": "https://tile.loc.gov/storage-services/service/pnp/cph/3c30000/3c34000/3c34500/3c34504_75x75px.jpg", "thumb": "https://tile.loc.gov/storage-services/service/pnp/cph/3c30000/3c34000/3c34500/3c34504_150px.jpg"}, "created": "2016-04-21T00:00:00Z", "modified": "2016-04-21T00:00:00Z", "collection": ["cph", "pp"], "creator": null, "call_number": "NYWTS - BIOG--Mueller, Merrill--Writer [item] [P&P]", "medium_brief": "1 photographic print.", "source_modified": "2005-06-01T00:00:00Z", "pk": "2004671496", "created_published_date": "1945 August 1.", "subjects": ["Mueller, Merrill.", "War correspondents--United States--1940-1950.", "Photographic prints--1940-1950.", "Portrait photographs--1940-1950.", "Publicity photographs--1940-1950."]}, {"source_created": "2005-02-03T00:00:00Z", "index": 13, "medium": "1 print (3 sheets) : woodcut, color ; 37 x 24.4 cm (left panel), 36.7 x 24.4 cm (center panel), 36.5 x 24.4 cm (right panel)", "reproduction_number": "LC-DIG-jpd-01543 (digital file from original print of left panel)\nLC-DIG-jpd-01542 (digital file from original print of center panel)\nLC-DIG-jpd-01544 (digital file from original print of right panel)", "links": {"item": "https://www.loc.gov/pictures/item/2008660405/", "resource": "https://www.loc.gov/pictures/item/2008660405/resource/"}, "title": "Pyonyan[heij\u014d] rakuj\u014d shi wagahei daish\u014dri", "image": {"alt": "digitized item thumbnail", "full": "https://tile.loc.gov/storage-services/service/pnp/jpd/01500/01543r.jpg", "square": "https://tile.loc.gov/storage-services/service/pnp/jpd/01500/01543_75x75px.jpg", "thumb": "https://tile.loc.gov/storage-services/service/pnp/jpd/01500/01543_150px.jpg"}, "created": "2016-04-21T00:00:00Z", "modified": "2016-04-21T00:00:00Z", "collection": ["diof", "jpd", "minload", "pp"], "creator": "Utagawa, Kokunimasa, 1874-1944", "call_number": "FP 2 - JPD, no. 1397 a, b, c (A size) [P&P]", "medium_brief": "1 print (3 sheets) :", "source_modified": "2009-01-02T00:00:00Z", "pk": "2008660405", "created_published_date": "1894.", "subjects": ["Sino-Japanese War, 1894-1895--Campaigns & battles--Korea (North)--P\u02bby\u014fngyang.", "Soldiers--Japanese--Korea (North)--P\u02bby\u014fngyang--1890-1900.", "War correspondents--Japanese--Korea (North)--P\u02bby\u014fngyang--1890-1900.", "War artists--Japanese--Korea (North)--P\u02bby\u014fngyang--1890-1900.", "Triptychs--Japanese--1890-1900.", "Woodcuts--Japanese--Color--1890-1900."]}, {"source_created": "2017-06-01T00:00:00Z", "index": 14, "medium": "1 print : etching ; sheet 48.2 x 60.7 cm.", "reproduction_number": "LC-DIG-pga-06738 (digital file from original print)", "links": {"item": "https://www.loc.gov/pictures/item/2017657798/", "resource": "https://www.loc.gov/pictures/item/2017657798/resource/"}, "title": "The newspaper correspondent. News of the battle", "image": {"alt": "digitized item thumbnail", "full": "https://tile.loc.gov/storage-services/service/pnp/pga/06700/06738r.jpg", "square": "https://tile.loc.gov/storage-services/service/pnp/pga/06700/06738_75x75px.jpg", "thumb": "https://tile.loc.gov/storage-services/service/pnp/pga/06700/06738_150px.jpg"}, "created": "2017-06-06T00:00:00Z", "modified": "2017-06-06T00:00:00Z", "collection": ["civwar", "diof", "pga", "pp"], "creator": "Forbes, Edwin, 1839-1895", "call_number": "PGA - Forbes (E.)--Newspaper corrrespondent ... (B size) [P&P]", "medium_brief": "1 print :", "source_modified": "2017-06-01T00:00:00Z", "pk": "2017657798", "created_published_date": "[1876]", "subjects": ["War correspondents--1860-1870.", "Horseback riding--1860-1870.", "Dirt roads--1860-1870.", "Forests--1860-1870.", "United States--History--Civil War, 1861-1865--Communications--Union.", "Etchings--1870-1880.", "Proofs--1870-1880."]}, {"source_created": "1991-04-11T00:00:00Z", "index": 15, "medium": "1 negative : glass, wet collodion.", "reproduction_number": "LC-DIG-cwpb-03915 (digital file from original neg.)\nLC-B8171-7235 (b&w film neg.)", "links": {"item": "https://www.loc.gov/pictures/item/2018666326/", "resource": "https://www.loc.gov/pictures/item/2018666326/resource/"}, "title": "[Bealeton, Va. Group at tent and wagon of the New York Herald]", "image": {"alt": "digitized item thumbnail", "full": "https://tile.loc.gov/storage-services/service/pnp/cwpb/03900/03915r.jpg", "square": "https://tile.loc.gov/storage-services/service/pnp/cwpb/03900/03915_75x75px.jpg", "thumb": "https://tile.loc.gov/storage-services/service/pnp/cwpb/03900/03915_150px.jpg"}, "created": "2018-06-05T00:00:00Z", "modified": "2018-06-05T00:00:00Z", "collection": ["ammem", "civwar", "cwp", "diof", "minload", "pp"], "creator": "O'Sullivan, Timothy H., 1840-1882", "call_number": "LC-B817- 7235 [P&P] LOT 4172-H (corresponding photographic print)", "medium_brief": "1 negative :", "source_modified": "2018-05-25T00:00:00Z", "pk": "2018666326", "created_published_date": "1863 August.", "subjects": ["United States--History--Civil War, 1861-1865--Communications.", "War correspondents.", "United States--Virginia--Bealeton.", "Wet collodion negatives."]}, {"source_created": "1991-04-13T00:00:00Z", "index": 16, "medium": "1 negative : glass, wet collodion.", "reproduction_number": "LC-DIG-cwpb-03693 (digital file from original neg.)\nLC-B8171-7085 (b&w film neg.)", "links": {"item": "https://www.loc.gov/pictures/item/2018666351/", "resource": "https://www.loc.gov/pictures/item/2018666351/resource/"}, "title": "[Brandy Station, Va. Capt. Samuel A. McClellan, Capt. J. Henry Sleeper, Capt. O'Neil W. Robinson, all of the Artillery Brigade, 3d Corps, and Alfred R. Waud, artist correspondent]", "image": {"alt": "digitized item thumbnail", "full": "https://tile.loc.gov/storage-services/service/pnp/cwpb/03600/03693r.jpg", "square": "https://tile.loc.gov/storage-services/service/pnp/cwpb/03600/03693_75x75px.jpg", "thumb": "https://tile.loc.gov/storage-services/service/pnp/cwpb/03600/03693_150px.jpg"}, "created": "2018-06-05T00:00:00Z", "modified": "2018-06-05T00:00:00Z", "collection": ["ammem", "civwar", "cwp", "diof", "minload", "pp"], "creator": "Gardner, James, 1832-", "call_number": "LC-B817- 7085 [P&P] LOT 4187 (corresponding photographic print)", "medium_brief": "1 negative :", "source_modified": "2018-05-25T00:00:00Z", "pk": "2018666351", "created_published_date": "1863 December.", "subjects": ["United States--History--Civil War, 1861-1865--Communications.", "War correspondents.", "United States--Virginia--Brandy Station.", "Wet collodion negatives."]}, {"source_created": "1991-05-09T00:00:00Z", "index": 17, "medium": "1 negative (2 plates) : glass, stereograph, wet collodion.", "reproduction_number": "LC-DIG-cwpb-02908 (digital file from original neg. of left half)\nLC-DIG-cwpb-02907 (digital file from original neg. of right half)\nLC-B8171-3370 (b&w film copy neg.)", "links": {"item": "https://www.loc.gov/pictures/item/2018666809/", "resource": "https://www.loc.gov/pictures/item/2018666809/resource/"}, "title": "[Richmond, Va. \"New York newspaper correspondents' row\" (between 4th and 5th Streets)]", "image": {"alt": "digitized item thumbnail", "full": "https://tile.loc.gov/storage-services/service/pnp/cwpb/02900/02908r.jpg", "square": "https://tile.loc.gov/storage-services/service/pnp/cwpb/02900/02908_75x75px.jpg", "thumb": "https://tile.loc.gov/storage-services/service/pnp/cwpb/02900/02908_150px.jpg"}, "created": "2018-06-05T00:00:00Z", "modified": "2018-06-05T00:00:00Z", "collection": ["ammem", "civwar", "cwp", "diof", "minload", "pp"], "creator": null, "call_number": "LC-B811- 3370 [P&P]", "medium_brief": "1 negative (2 plates) :", "source_modified": "2018-05-25T00:00:00Z", "pk": "2018666809", "created_published_date": "1865.", "subjects": ["United States--History--Civil War, 1861-1865--Communications.", "Richmond (Va.)--History--1865.", "War correspondents.", "United States--Virginia--Richmond.", "Stereographs--1860-1870.", "Wet collodion negatives."]}, {"source_created": "1997-07-17T00:00:00Z", "index": 18, "medium": "1 drawing on lined paper : ink, white out, and pencil with tonal film overlay ; sheet 16.9 x 41.8 cm.", "reproduction_number": "LC-DIG-ppmsca-58622 (digital file from original item)\nLC-USZ62-113887 (b&w film copy neg.)", "links": {"item": "https://www.loc.gov/pictures/item/2016685109/", "resource": "https://www.loc.gov/pictures/item/2016685109/resource/"}, "title": "Doonesbury. Peter, I'm speaking to two new arrivals in the Gulf today--a raw recruit, and a seasoned reservist", "image": {"alt": "digitized item thumbnail", "full": "https://tile.loc.gov/storage-services/service/pnp/cph/3c10000/3c13000/3c13800/3c13887_150px.jpg", "square": "https://tile.loc.gov/storage-services/service/pnp/cph/3c10000/3c13000/3c13800/3c13887_75x75px.jpg", "thumb": "https://tile.loc.gov/storage-services/service/pnp/cph/3c10000/3c13000/3c13800/3c13887_150px.jpg"}, "created": "2019-04-09T00:00:00Z", "modified": "2019-04-09T00:00:00Z", "collection": ["25", "3rights", "acd", "acr", "exh", "l5191", "minload", "pp"], "creator": "Trudeau, G. B., 1948-", "call_number": "CD 1 - Trudeau, no. 55 (B size)", "medium_brief": "1 drawing on lined paper :", "source_modified": "2019-04-03T00:00:00Z", "pk": "2016685109", "created_published_date": "1990 Sept. 13 [publication date]", "subjects": ["Persian Gulf War, 1991--Military personnel--American.", "Persian Gulf War, 1991--Moral & ethical aspects.", "Soldiers--American--Persian Gulf Region--1990.", "War correspondents--American--Persian Gulf Region--1990.", "Comics--1990.", "Drawings--1990."]}, {"source_created": "1998-05-01T00:00:00Z", "index": 19, "medium": "1 print : wood engraving.", "reproduction_number": "", "links": {"item": "https://www.loc.gov/pictures/item/2010644026/", "resource": null}, "title": "The press on the field", "image": {"alt": "item not digitized thumbnail", "full": "https://www.loc.gov/pictures/static/images/item/500x500_notdigitized.png", "square": "https://www.loc.gov/pictures/static/images/item/not_digitized_buttons75X75.png", "thumb": "https://www.loc.gov/pictures/static/images/item/notdigitized_buttons140X120.png"}, "created": "2019-05-06T00:00:00Z", "modified": "2019-05-06T00:00:00Z", "collection": ["bbgfc", "civwar", "minload", "pp"], "creator": "Nast, Thomas, 1840-1902", "call_number": "LOT 14012, no. 363 [P&P]", "medium_brief": "1 print :", "source_modified": "2011-06-28T00:00:00Z", "pk": "2010644026", "created_published_date": "1864 April 30.", "subjects": ["War artists--1860-1870.", "War correspondents--1860-1870.", "United States--History--Civil War, 1861-1865--Social aspects.", "Periodical illustrations--1860-1870.", "Wood engravings--1860-1870."]}, {"source_created": "2011-06-08T00:00:00Z", "index": 20, "medium": "1 photomechanical print : offset, color.", "reproduction_number": "LC-DIG-ppmsca-26402 (digital file from original print)", "links": {"item": "https://www.loc.gov/pictures/item/2011647497/", "resource": "https://www.loc.gov/pictures/item/2011647497/resource/"}, "title": "The invasion of England", "image": {"alt": "digitized item thumbnail", "full": "https://tile.loc.gov/storage-services/service/pnp/ppmsca/26400/26402r.jpg", "square": "https://tile.loc.gov/storage-services/service/pnp/ppmsca/26400/26402_75x75px.jpg", "thumb": "https://tile.loc.gov/storage-services/service/pnp/ppmsca/26400/26402_150px.jpg"}, "created": "2019-05-06T00:00:00Z", "modified": "2019-05-06T00:00:00Z", "collection": ["cph", "diof", "pp"], "creator": "Glackens, L. M. (Louis M.), 1866-1933", "call_number": "Illus. in AP101.P7 1909 (Case X) [P&P]", "medium_brief": "1 photomechanical print :", "source_modified": "2011-06-08T00:00:00Z", "pk": "2011647497", "created_published_date": "1909 August 18.", "subjects": ["William--II,--German Emperor,--1859-1941.", "Davis, Richard Harding,--1864-1916.", "Campaigns & battles--1900-1910.", "Air warfare--England--1900-1910.", "Airships--German--England--1900-1910.", "War correspondents--American--England--1900-1910.", "Military personnel--German--England--1900-1910.", "Cartoons (Commentary)--1900-1910.", "Offset photomechanical prints--Color--1900-1910.", "Periodical illustrations--1900-1910."]}, {"source_created": "2011-10-11T00:00:00Z", "index": 21, "medium": "1 photomechanical print : offset, color.", "reproduction_number": "LC-DIG-ppmsca-28083 (digital file from original print)", "links": {"item": "https://www.loc.gov/pictures/item/2011649837/", "resource": "https://www.loc.gov/pictures/item/2011649837/resource/"}, "title": "War frivolities", "image": {"alt": "digitized item thumbnail", "full": "https://tile.loc.gov/storage-services/service/pnp/ppmsca/28000/28083r.jpg", "square": "https://tile.loc.gov/storage-services/service/pnp/ppmsca/28000/28083_75x75px.jpg", "thumb": "https://tile.loc.gov/storage-services/service/pnp/ppmsca/28000/28083_150px.jpg"}, "created": "2019-05-06T00:00:00Z", "modified": "2019-05-06T00:00:00Z", "collection": ["cph", "diof", "pp"], "creator": "Mayer, Henry, 1868-1954", "call_number": "Illus. in AP101.P7 1914 (Case X) [P&P]", "medium_brief": "1 photomechanical print :", "source_modified": "2011-10-11T00:00:00Z", "pk": "2011649837", "created_published_date": "1914 September 5.", "subjects": ["Johnson, Jack,--1878-1946.", "World War, 1914-1918--Social aspects.", "Men--Military service--1910-1920.", "Fighting--1910-1920.", "Complaining--1910-1920.", "War correspondents--1910-1920.", "Cartoons (Commentary)--1910-1920.", "Offset photomechanical prints--Color--1910-1920.", "Periodical illustrations--1910-1920."]}, {"source_created": "1991-04-11T00:00:00Z", "index": 22, "medium": "1 negative : glass, stereograph, wet collodion ; 4 x 10 in.", "reproduction_number": "LC-DIG-cwpb-00074 (digital file from original neg.)\nLC-USZ62-533 (b&w film copy neg.)\nLC-B8171-254 (b&w film neg.)", "links": {"item": "https://www.loc.gov/pictures/item/2018666306/", "resource": "https://www.loc.gov/pictures/item/2018666306/resource/"}, "title": "[Gettysburg, Pa. Alfred R. Waud, artist of Harper's Weekly, sketching on battlefield]", "image": {"alt": "digitized item thumbnail", "full": "https://tile.loc.gov/storage-services/service/pnp/cwpb/00000/00074r.jpg", "square": "https://tile.loc.gov/storage-services/service/pnp/cwpb/00000/00074_75x75px.jpg", "thumb": "https://tile.loc.gov/storage-services/service/pnp/cwpb/00000/00074_150px.jpg"}, "created": "2019-09-17T00:00:00Z", "modified": "2019-09-17T00:00:00Z", "collection": ["ammem", "civwar", "cwp", "diof", "minload", "pp"], "creator": "O'Sullivan, Timothy H., 1840-1882", "call_number": "LC-B815- 254 [P&P]", "medium_brief": "1 negative :", "source_modified": "2019-09-01T00:00:00Z", "pk": "2018666306", "created_published_date": "1863 July.", "subjects": ["United States--History--Civil War, 1861-1865--Communications.", "Gettysburg, Battle of, Gettysburg, Pa., 1863.", "War correspondents.", "United States--Pennsylvania--Gettysburg.", "Glass negatives--1860-1870.", "Stereographs--1860-1870."]}, {"source_created": "1996-09-27T00:00:00Z", "index": 23, "medium": "1 photographic print.", "reproduction_number": "LC-USZ62-90499 (b&w film copy neg.)", "links": {"item": "https://www.loc.gov/pictures/item/96520259/", "resource": "https://www.loc.gov/pictures/item/96520259/resource/"}, "title": "In the Oise District--Journalists visiting the ruins of a Chateau of Maucourt, France", "image": {"alt": "digitized item thumbnail", "full": "https://tile.loc.gov/storage-services/service/pnp/cph/3b30000/3b36000/3b36800/3b36849r.jpg", "square": "https://tile.loc.gov/storage-services/service/pnp/cph/3b30000/3b36000/3b36800/3b36849_75x75px.jpg", "thumb": "https://tile.loc.gov/storage-services/service/pnp/cph/3b30000/3b36000/3b36800/3b36849_150px.jpg"}, "created": "2020-10-13T06:21:07Z", "modified": "2020-10-13T06:21:09Z", "collection": ["cph", "diof", "pp"], "creator": null, "call_number": "Unprocessed in PR 06 CN 087 (France--Ruins) [item] [P&P]", "medium_brief": "1 photographic print.", "source_modified": "2020-10-07T07:51:33Z", "pk": "96520259", "created_published_date": "[1918]", "subjects": ["World War, 1914-1918--Destruction & pillage--France--Oise.", "War correspondents--France--Oise--1910-1920.", "War damage--France--Oise--1910-1920.", "Photographic prints--1910-1920."]}, {"source_created": "2000-03-28T00:00:00Z", "index": 24, "medium": "1,338 photographic prints : chiefly gelatin silver, b&w ; 33 x 27 cm. or smaller.", "reproduction_number": "", "links": {"item": "https://www.loc.gov/pictures/item/00650004/", "resource": "https://www.loc.gov/pictures/item/00650004/resource/"}, "title": "Portraits of Clare Boothe Luce and photographs depicting her personal and professional life", "image": {"alt": "digitized item thumbnail", "full": "https://tile.loc.gov/storage-services/service/pnp/cph/3c30000/3c33000/3c33400/3c33410_150px.jpg", "square": "https://tile.loc.gov/storage-services/service/pnp/cph/3c30000/3c33000/3c33400/3c33410_75x75px.jpg", "thumb": "https://tile.loc.gov/storage-services/service/pnp/cph/3c30000/3c33000/3c33400/3c33410_150px.jpg"}, "created": "2016-04-21T02:30:56Z", "modified": "2021-04-20T11:00:49Z", "collection": ["coll", "pp"], "creator": null, "call_number": "LOT 13260 (H) [P&P]", "medium_brief": "1,338 photographic prints :\n6 prints on tissue paper :", "source_modified": "2014-08-25T13:39:56Z", "pk": "00650004", "created_published_date": "ca. 1890-1981, bulk 1935-1964.", "subjects": ["Luce, Clare Boothe,--1903-1987.", "Ambassadors--American--Italy--1950-1960.", "Diplomats--1930-1980.", "Government officials--1930-1980.", "Women--Political activity--1930-1980.", "Women--Social life--1890-1980.", "Women--Employment--1930-1980.", "War correspondents--American--1940-1950.", "Private art collections--United States--1890-1980.", "Events--1890-1980.", "Families--1890-1980.", "Rites & ceremonies--1890-1980.", "Public speaking--1930-1980.", "Travel--1910-1980.", "Fish prints--1950-1980.", "Group portraits--1890-1980.", "Photographic prints--1890-1980.", "Portrait photographs--1890-1980."]}]}