{"search": {"field": "subject", "hits": 113, "sort_order": null, "do_facets": true, "focus_item": null, "query": "Stagecoaches", "type": "search", "sort_by": null}, "focus": null, "views": {"current": "list", "grid": "https://www.loc.gov/pictures/search/?q=Stagecoaches&fi=subject&va=exact&st=grid&op=PHRASE", "list": "https://www.loc.gov/pictures/search/?q=Stagecoaches&fi=subject&op=PHRASE&va=exact", "gallery": "https://www.loc.gov/pictures/search/?q=Stagecoaches&fi=subject&va=exact&st=gallery&op=PHRASE", "slideshow": "https://www.loc.gov/pictures/search/?q=Stagecoaches&fi=subject&va=exact&st=slideshow&op=PHRASE"}, "facets": [{"type": "displayed", "filters": [{"count": 96, "on": "https://www.loc.gov/pictures/search/?va=exact&sp=1&q=Stagecoaches&fa=displayed%3Aanywhere&fi=subject&op=PHRASE&fo=json", "selected": false, "off": "https://www.loc.gov/pictures/search/?va=exact&sp=1&q=Stagecoaches&fi=subject&fo=json&op=PHRASE", "title": "Larger image available anywhere"}, {"count": 12, "on": "https://www.loc.gov/pictures/search/?va=exact&sp=1&q=Stagecoaches&fa=displayed%3Alc_only&fi=subject&op=PHRASE&fo=json", "selected": false, "off": "https://www.loc.gov/pictures/search/?va=exact&sp=1&q=Stagecoaches&fi=subject&fo=json&op=PHRASE", "title": "Larger image available only at the Library of Congress"}, {"count": 5, "on": "https://www.loc.gov/pictures/search/?va=exact&sp=1&q=Stagecoaches&fa=displayed%3Anot_digitized&fi=subject&op=PHRASE&fo=json", "selected": false, "off": "https://www.loc.gov/pictures/search/?va=exact&sp=1&q=Stagecoaches&fi=subject&fo=json&op=PHRASE", "title": "Not Digitized"}], "title": "displayed"}], "links": {"json": "//www.loc.gov/pictures/search/?fi=subject&q=Stagecoaches&op=PHRASE&va=exact&fo=json", "html": "//www.loc.gov/pictures/search/?fi=subject&q=Stagecoaches&op=PHRASE&va=exact", "rss": "//www.loc.gov/pictures/search/?fi=subject&q=Stagecoaches&op=PHRASE&va=exact&fo=rss"}, "suggestions": {"possible": []}, "pages": {"current": 1, "next": "https://www.loc.gov/pictures/search/?q=Stagecoaches&fi=subject&sp=2&op=PHRASE&va=exact", "perpage": 20, "last": "https://www.loc.gov/pictures/search/?q=Stagecoaches&fi=subject&sp=6&op=PHRASE&va=exact", "page_list": [{"url": null, "number": 1}, {"url": "https://www.loc.gov/pictures/search/?q=Stagecoaches&fi=subject&sp=2&op=PHRASE&va=exact", "number": 2}, {"url": "https://www.loc.gov/pictures/search/?q=Stagecoaches&fi=subject&sp=3&op=PHRASE&va=exact", "number": 3}, {"url": "https://www.loc.gov/pictures/search/?q=Stagecoaches&fi=subject&sp=4&op=PHRASE&va=exact", "number": 4}, {"url": "https://www.loc.gov/pictures/search/?q=Stagecoaches&fi=subject&sp=5&op=PHRASE&va=exact", "number": 5}, {"url": "https://www.loc.gov/pictures/search/?q=Stagecoaches&fi=subject&sp=6&op=PHRASE&va=exact", "number": 6}], "previous": null, "total": 6, "results": "1 - 20", "first": null}, "collection": null, "results": [{"source_created": "2017-02-14T00:00:00Z", "index": 1, "medium": "1 photograph : digital, tiff file, color.", "reproduction_number": "LC-DIG-highsm-35161 (original digital file)", "links": {"item": "https://www.loc.gov/pictures/item/2017685644/", "resource": "https://www.loc.gov/pictures/item/2017685644/resource/"}, "title": "One of two \u00f4Deadwood\u00f6 stagecoaches, manufactured by the Abbot-Downing Company of Concord, New Hampshire, at the Buffalo Bill Center of the West, a complex of five museums and a research library in Cody, Wyoming, featuring art and artifacts of the American West", "image": {"alt": "digitized item thumbnail", "full": "https://tile.loc.gov/storage-services/service/pnp/highsm/35100/35161r.jpg", "square": "https://tile.loc.gov/storage-services/service/pnp/highsm/35100/35161_75x75px.jpg", "thumb": "https://tile.loc.gov/storage-services/service/pnp/highsm/35100/35161_150px.jpg"}, "created": "2019-09-17T00:00:00Z", "modified": "2019-09-17T00:00:00Z", "collection": ["diof", "highsm", "minload", "pp"], "creator": "Highsmith, Carol M., 1946-", "call_number": "LC-DIG-highsm- 35161 (ONLINE) [P&P]", "medium_brief": "1 photograph :", "source_modified": "2019-06-28T00:00:00Z", "pk": "2017685644", "created_published_date": "2015-09-12.", "subjects": ["United States--Wyoming--Park County--Cody.", "America", "Buffalo Bill Center of the West", "Buffalo Bill Museum", "Buffalo Bill", "Buffalo Bill Cody", "Deadwood stagecoaches", "Wild West shows", "Abbott-Downing stagecoaches", "Digital photographs--Color--2010-2020."]}, {"source_created": "2006-01-12T00:00:00Z", "index": 2, "medium": "1 photographic print.", "reproduction_number": "LC-USZ62-136254 (b&w film copy neg.)", "links": {"item": "https://www.loc.gov/pictures/item/2006676003/", "resource": "https://www.loc.gov/pictures/item/2006676003/resource/"}, "title": "Stage leaving Yosemite Valley", "image": {"alt": "digitized item thumbnail", "full": "https://tile.loc.gov/storage-services/service/pnp/cph/3c30000/3c36000/3c36200/3c36254r.jpg", "square": "https://tile.loc.gov/storage-services/service/pnp/cph/3c30000/3c36000/3c36200/3c36254_75x75px.jpg", "thumb": "https://tile.loc.gov/storage-services/service/pnp/cph/3c30000/3c36000/3c36200/3c36254_150px.jpg"}, "created": "2016-04-20T00:00:00Z", "modified": "2016-04-20T00:00:00Z", "collection": ["cph", "diof", "pp"], "creator": null, "call_number": "LOT 5252 [item] [P&P]", "medium_brief": "1 photographic print.", "source_modified": "2006-02-03T00:00:00Z", "pk": "2006676003", "created_published_date": "c1906 Nov. 13.", "subjects": ["Stagecoaches--California--Yosemite Valley--1900-1910.", "Waterfalls--California--Yosemite Valley--1900-1910.", "Bridalveil Fall (Calif.)--1900-1910.", "Photographic prints--1900-1910."]}, {"source_created": "2008-05-22T00:00:00Z", "index": 3, "medium": "1 photomechanical print : photochrom, color.", "reproduction_number": "LC-DIG-ppmsca-17988 (digital file from original item)", "links": {"item": "https://www.loc.gov/pictures/item/2008678188/", "resource": "https://www.loc.gov/pictures/item/2008678188/resource/"}, "title": "Farnsworth's Loop, Santa Catalina Island", "image": {"alt": "digitized item thumbnail", "full": "https://tile.loc.gov/storage-services/service/pnp/ppmsca/17900/17988r.jpg", "square": "https://tile.loc.gov/storage-services/service/pnp/ppmsca/17900/17988_75x75px.jpg", "thumb": "https://tile.loc.gov/storage-services/service/pnp/ppmsca/17900/17988_150px.jpg"}, "created": "2016-04-20T00:00:00Z", "modified": "2016-04-20T00:00:00Z", "collection": ["diof", "pgz", "pp"], "creator": "Detroit Photographic Co.", "call_number": "LOT 13923, no. 180 [item] [P&P]", "medium_brief": "1 photomechanical print :", "source_modified": "2008-12-17T00:00:00Z", "pk": "2008678188", "created_published_date": "c1899.", "subjects": ["Mountain roads.", "Mountains.", "Stagecoaches.", "United States--California--Santa Catalina Island.", "Photochrom prints--Color."]}, {"source_created": "1998-05-01T00:00:00Z", "index": 4, "medium": "1 print : woodcut ; 12.3 x 18.5 cm. (sheet)", "reproduction_number": "", "links": {"item": "https://www.loc.gov/pictures/item/2010643121/", "resource": null}, "title": "[Carriage in snow]", "image": {"alt": "item not digitized thumbnail", "full": "https://www.loc.gov/pictures/static/images/item/500x500_notdigitized.png", "square": "https://www.loc.gov/pictures/static/images/item/not_digitized_buttons75X75.png", "thumb": "https://www.loc.gov/pictures/static/images/item/notdigitized_buttons140X120.png"}, "created": "2016-04-20T00:00:00Z", "modified": "2016-04-20T00:00:00Z", "collection": ["bbgfc", "minload", "pp"], "creator": "Lankes, Julius J., 1884-1960", "call_number": "Goldstein, no. 740 (AA size) [P&P]", "medium_brief": "1 print :", "source_modified": "2011-07-15T00:00:00Z", "pk": "2010643121", "created_published_date": "[between 1920 and 1940]", "subjects": ["Stagecoaches--1920-1940.", "Woodcuts--1920-1940."]}, {"source_created": "2006-01-23T00:00:00Z", "index": 5, "medium": "1 drawing : pen and ink.", "reproduction_number": "LC-USZ62-13651 (b&w film copy neg.)", "links": {"item": "https://www.loc.gov/pictures/item/2010717630/", "resource": "https://www.loc.gov/pictures/item/2010717630/resource/"}, "title": "The Republican drag \"Free Whiskey\"", "image": {"alt": "digitized item thumbnail", "full": "https://tile.loc.gov/storage-services/service/pnp/cai/2a14000/2a14300/2a14384r.jpg", "square": "https://tile.loc.gov/storage-services/service/pnp/cai/2a14000/2a14300/2a14384_75x75px.jpg", "thumb": "https://tile.loc.gov/storage-services/service/pnp/cai/2a14000/2a14300/2a14384_150px.jpg"}, "created": "2016-04-20T00:00:00Z", "modified": "2016-04-20T00:00:00Z", "collection": ["cai", "diof", "minload", "pp"], "creator": "Rogers, W. A. (William Allen), 1854-1931", "call_number": "CAI - Rogers, no. 71 (B size) [P&P]", "medium_brief": "1 drawing :", "source_modified": "2010-12-03T00:00:00Z", "pk": "2010717630", "created_published_date": "[1888?]", "subjects": ["Passengers.", "Stagecoaches.", "Temperance.", "Drawings.", "Editorial cartoons."]}, {"source_created": "2006-01-23T00:00:00Z", "index": 6, "medium": "1 drawing : wash, pen and ink.", "reproduction_number": "LC-USZ62-87654 (b&w film copy neg.)", "links": {"item": "https://www.loc.gov/pictures/item/2010717647/", "resource": "https://www.loc.gov/pictures/item/2010717647/resource/"}, "title": "A stage in the thirties", "image": {"alt": "digitized item thumbnail", "full": "https://tile.loc.gov/storage-services/service/pnp/cai/2a14000/2a14400/2a14401r.jpg", "square": "https://tile.loc.gov/storage-services/service/pnp/cai/2a14000/2a14400/2a14401_75x75px.jpg", "thumb": "https://tile.loc.gov/storage-services/service/pnp/cai/2a14000/2a14400/2a14401_150px.jpg"}, "created": "2016-04-20T00:00:00Z", "modified": "2016-04-20T00:00:00Z", "collection": ["cai", "diof", "minload", "pp"], "creator": "Rogers, W. A. (William Allen), 1854-1931", "call_number": "CAI - Rogers, no. 87 (A size) [P&P]", "medium_brief": "1 drawing :", "source_modified": "2010-12-03T00:00:00Z", "pk": "2010717647", "created_published_date": "1892, c1893.", "subjects": ["Stagecoaches.", "United States--New York (State)--New York.", "Drawings.", "Periodical illustrations."]}, {"source_created": "2006-01-23T00:00:00Z", "index": 7, "medium": "1 drawing : pen and ink.", "reproduction_number": "", "links": {"item": "https://www.loc.gov/pictures/item/2010718478/", "resource": "https://www.loc.gov/pictures/item/2010718478/resource/"}, "title": "[Stagecoach]", "image": {"alt": "digitized item thumbnail", "full": "https://tile.loc.gov/storage-services/service/pnp/cai/2a15000/2a15200/2a15281_150px.jpg", "square": "https://tile.loc.gov/storage-services/service/pnp/cai/2a15000/2a15200/2a15281_75x75px.jpg", "thumb": "https://tile.loc.gov/storage-services/service/pnp/cai/2a15000/2a15200/2a15281_150px.jpg"}, "created": "2016-04-20T00:00:00Z", "modified": "2016-04-20T00:00:00Z", "collection": ["cai", "minload", "pp"], "creator": "Willard, Howard W., 1894-1960", "call_number": "CAI - Willard, no. 1 (A size) [P&P]", "medium_brief": "1 drawing :", "source_modified": "2010-12-03T00:00:00Z", "pk": "2010718478", "created_published_date": "[1927?]", "subjects": ["Stagecoaches.", "Book illustrations.", "Drawings."]}, {"source_created": "2012-11-19T00:00:00Z", "index": 8, "medium": "1 drawing.", "reproduction_number": "", "links": {"item": "https://www.loc.gov/pictures/item/2012639053/", "resource": null}, "title": "\"What can you do for us on a trade-in?\"", "image": {"alt": "item not digitized thumbnail", "full": "https://www.loc.gov/pictures/static/images/item/500x500_notdigitized.png", "square": "https://www.loc.gov/pictures/static/images/item/not_digitized_buttons75X75.png", "thumb": "https://www.loc.gov/pictures/static/images/item/notdigitized_buttons140X120.png"}, "created": "2016-04-20T00:00:00Z", "modified": "2016-04-20T00:00:00Z", "collection": ["hlb", "minload", "pp"], "creator": "Block, Herbert, 1909-2001", "call_number": "BLOCK, no. 8386 (BB size)", "medium_brief": "1 drawing.", "source_modified": "2014-01-14T00:00:00Z", "pk": "2012639053", "created_published_date": "1/4/1974.", "subjects": ["Compact cars", "Railroad trains", "Cable cars & trolleys", "automobile industry", "Stagecoaches", "Drawings--American.", "Editorial cartoons--American."]}, {"source_created": "2012-01-11T00:00:00Z", "index": 9, "medium": "1 photographic print.", "reproduction_number": "LC-USZ62-4943 (b&w film copy neg.)", "links": {"item": "https://www.loc.gov/pictures/item/2012645675/", "resource": "https://www.loc.gov/pictures/item/2012645675/resource/"}, "title": "[Stage coach going over bridge]", "image": {"alt": "digitized item thumbnail", "full": "https://tile.loc.gov/storage-services/service/pnp/cph/3a00000/3a08000/3a08200/3a08274r.jpg", "square": "https://tile.loc.gov/storage-services/service/pnp/cph/3a00000/3a08000/3a08200/3a08274_75x75px.jpg", "thumb": "https://tile.loc.gov/storage-services/service/pnp/cph/3a00000/3a08000/3a08200/3a08274_150px.jpg"}, "created": "2016-04-20T00:00:00Z", "modified": "2016-04-20T00:00:00Z", "collection": ["cph", "diof", "pp"], "creator": null, "call_number": "SSF - Carriages and Coaches [item] [P&P]", "medium_brief": "1 photographic print.", "source_modified": "2012-01-11T00:00:00Z", "pk": "2012645675", "created_published_date": "c1922.", "subjects": ["Stagecoaches--1920-1930.", "Stone bridges--1920-1930.", "Photographic prints--1920-1930."]}, {"source_created": "2012-01-11T00:00:00Z", "index": 10, "medium": "1 photographic print.", "reproduction_number": "LC-USZ62-16247 (b&w film copy neg.)", "links": {"item": "https://www.loc.gov/pictures/item/2012645678/", "resource": "https://www.loc.gov/pictures/item/2012645678/resource/"}, "title": "The \"Vivid\" leaving Philadelphia in May 1894", "image": {"alt": "digitized item thumbnail", "full": "https://tile.loc.gov/storage-services/service/pnp/cph/3a10000/3a18000/3a18400/3a18473r.jpg", "square": "https://tile.loc.gov/storage-services/service/pnp/cph/3a10000/3a18000/3a18400/3a18473_75x75px.jpg", "thumb": "https://tile.loc.gov/storage-services/service/pnp/cph/3a10000/3a18000/3a18400/3a18473_150px.jpg"}, "created": "2016-04-20T00:00:00Z", "modified": "2016-04-20T00:00:00Z", "collection": ["cph", "diof", "pp"], "creator": "Bolles, Charles E., 1847 -1914", "call_number": "SSF - Carriage and Coaches [item] [P&P]", "medium_brief": "1 photographic print.", "source_modified": "2013-06-05T00:00:00Z", "pk": "2012645678", "created_published_date": "1894.", "subjects": ["Stagecoaches--Pennsylvania--Philadelphia--1890-1900.", "Transportation--Pennsylvania--Philadelphia--1890-1900.", "Photographic prints--1890-1900."]}, {"source_created": "2013-03-05T00:00:00Z", "index": 11, "medium": "1 photographic print.", "reproduction_number": "LC-USZ62-11066 (b&w film copy neg.)", "links": {"item": "https://www.loc.gov/pictures/item/2013646136/", "resource": "https://www.loc.gov/pictures/item/2013646136/resource/"}, "title": "Old stage coach plying between Charlestown, N. H., and Springfield, Vt.", "image": {"alt": "digitized item thumbnail", "full": "https://tile.loc.gov/storage-services/service/pnp/cph/3a10000/3a13000/3a13400/3a13466r.jpg", "square": "https://tile.loc.gov/storage-services/service/pnp/cph/3a10000/3a13000/3a13400/3a13466_75x75px.jpg", "thumb": "https://tile.loc.gov/storage-services/service/pnp/cph/3a10000/3a13000/3a13400/3a13466_150px.jpg"}, "created": "2016-04-20T00:00:00Z", "modified": "2016-04-20T00:00:00Z", "collection": ["cph", "diof", "pp"], "creator": null, "call_number": "SSF - Stagecoaches [item] [P&P]", "medium_brief": "1 photographic print.", "source_modified": "2013-04-01T00:00:00Z", "pk": "2013646136", "created_published_date": "1907.", "subjects": ["Stagecoaches--1900-1910.", "Photographic prints--1900-1910."]}, {"source_created": "2013-03-05T00:00:00Z", "index": 12, "medium": "1 photographic print.", "reproduction_number": "LC-USZ62-16850 (b&w film copy neg.)", "links": {"item": "https://www.loc.gov/pictures/item/2013646137/", "resource": "https://www.loc.gov/pictures/item/2013646137/resource/"}, "title": "Spearfish coach", "image": {"alt": "digitized item thumbnail", "full": "https://tile.loc.gov/storage-services/service/pnp/cph/3a10000/3a19000/3a19000/3a19049r.jpg", "square": "https://tile.loc.gov/storage-services/service/pnp/cph/3a10000/3a19000/3a19000/3a19049_75x75px.jpg", "thumb": "https://tile.loc.gov/storage-services/service/pnp/cph/3a10000/3a19000/3a19000/3a19049_150px.jpg"}, "created": "2016-04-20T00:00:00Z", "modified": "2016-04-20T00:00:00Z", "collection": ["cph", "diof", "pp"], "creator": null, "call_number": "SSF - Stagecoaches [item] [P&P]", "medium_brief": "1 photographic print.", "source_modified": "2013-03-13T00:00:00Z", "pk": "2013646137", "created_published_date": "[between ca. 1900 and ca. 1910]", "subjects": ["Stagecoaches--1900-1910.", "Passengers--1900-1910.", "Photographic prints--1900-1910."]}, {"source_created": "2013-03-05T00:00:00Z", "index": 13, "medium": "1 photographic print.", "reproduction_number": "LC-USZ62-33494 (b&w film copy neg.)", "links": {"item": "https://www.loc.gov/pictures/item/2013646138/", "resource": "https://www.loc.gov/pictures/item/2013646138/resource/"}, "title": "[Stagecoach]", "image": {"alt": "digitized item thumbnail", "full": "https://tile.loc.gov/storage-services/service/pnp/cph/3a30000/3a34000/3a34000/3a34002r.jpg", "square": "https://tile.loc.gov/storage-services/service/pnp/cph/3a30000/3a34000/3a34000/3a34002_75x75px.jpg", "thumb": "https://tile.loc.gov/storage-services/service/pnp/cph/3a30000/3a34000/3a34000/3a34002_150px.jpg"}, "created": "2016-04-20T00:00:00Z", "modified": "2016-04-20T00:00:00Z", "collection": ["cph", "diof", "pp"], "creator": null, "call_number": "SSF - Stagecoaches [item] [P&P]", "medium_brief": "1 photographic print.", "source_modified": "2013-03-13T00:00:00Z", "pk": "2013646138", "created_published_date": "[between ca. 1900 and ca. 1910]", "subjects": ["Stagecoaches--1900-1910.", "Photographic prints--1900-1910."]}, {"source_created": "2013-03-05T00:00:00Z", "index": 14, "medium": "1 photographic print.", "reproduction_number": "LC-USZ62-26327 (b&w film copy neg.)", "links": {"item": "https://www.loc.gov/pictures/item/2013646139/", "resource": "https://www.loc.gov/pictures/item/2013646139/resource/"}, "title": "Stage coach crossing the desert to Goldfield, Nevada. Oct. 1, 1906", "image": {"alt": "digitized item thumbnail", "full": "https://tile.loc.gov/storage-services/service/pnp/cph/3a20000/3a27000/3a27100/3a27127r.jpg", "square": "https://tile.loc.gov/storage-services/service/pnp/cph/3a20000/3a27000/3a27100/3a27127_75x75px.jpg", "thumb": "https://tile.loc.gov/storage-services/service/pnp/cph/3a20000/3a27000/3a27100/3a27127_150px.jpg"}, "created": "2016-04-20T00:00:00Z", "modified": "2016-04-20T00:00:00Z", "collection": ["cph", "diof", "pp"], "creator": null, "call_number": "SSF - Stagecoaches -- 1906 [item] [P&P]", "medium_brief": "1 photographic print.", "source_modified": "2013-03-13T00:00:00Z", "pk": "2013646139", "created_published_date": "1906.", "subjects": ["Stagecoaches--1900-1910.", "Photographic prints--1900-1910."]}, {"source_created": "2013-05-16T00:00:00Z", "index": 15, "medium": "1 print on laid paper : lithograph, hand-colored ; 34.6 x 52.5 cm (sheet)", "reproduction_number": "", "links": {"item": "https://www.loc.gov/pictures/item/2013646681/", "resource": null}, "title": "Il y aure du scandale \u00e0 Landernau!!!!!", "image": {"alt": "item not digitized thumbnail", "full": "https://www.loc.gov/pictures/static/images/item/500x500_notdigitized.png", "square": "https://www.loc.gov/pictures/static/images/item/not_digitized_buttons75X75.png", "thumb": "https://www.loc.gov/pictures/static/images/item/notdigitized_buttons140X120.png"}, "created": "2016-04-20T00:00:00Z", "modified": "2016-04-20T00:00:00Z", "collection": ["cph", "diof", "pp"], "creator": "Langlum\u00e9, Pierre, 1790-", "call_number": "PC 5 - 1820, no. 1 (B size) [P&P]", "medium_brief": "1 print on laid paper :", "source_modified": "2014-12-30T00:00:00Z", "pk": "2013646681", "created_published_date": "1820.", "subjects": ["Bergami, Bartolomeo Bergami,--Baron.", "Caroline,--Queen, consort of George IV, King of Great Britain,--1768-1821.", "Adultery--1820.", "Stagecoaches--1820.", "Horseback riding--1820.", "Lithographs--French--Hand-colored--1820.", "Satires (Visual works)--French--1820."]}, {"source_created": "1994-06-08T00:00:00Z", "index": 16, "medium": "1 print : color lithograph ; sheet 75 x 101 cm. (poster format)", "reproduction_number": "", "links": {"item": "https://www.loc.gov/pictures/item/2014636664/", "resource": "https://www.loc.gov/pictures/item/2014636664/resource/"}, "title": "A sumptuous revival of Bret Harte's beautiful story, M'liss", "image": {"alt": "digitized item thumbnail", "full": "https://tile.loc.gov/storage-services/service/pnp/var/1300/1334/1334r.jpg", "square": "https://tile.loc.gov/storage-services/service/pnp/var/1300/1334/1334_75x75px.jpg", "thumb": "https://tile.loc.gov/storage-services/service/pnp/var/1300/1334/1334_150px.jpg"}, "created": "2016-04-20T00:00:00Z", "modified": "2016-04-20T00:00:00Z", "collection": ["ammem", "diof", "minload", "pp", "var"], "creator": "Strobridge & Co. Lith.", "call_number": "POS - TH - 1900 .M58, no. 4 (C size) [P&P]", "medium_brief": "1 print :", "source_modified": "2015-01-06T00:00:00Z", "pk": "2014636664", "created_published_date": "c1900.", "subjects": ["Handguns.", "Stagecoaches.", "Threats.", "Westerns.", "Lithographs--Color.", "Theatrical posters--American."]}, {"source_created": "1989-07-11T00:00:00Z", "index": 17, "medium": "1 photoprint on stereo card : stereograph.", "reproduction_number": "LC-USZ62-97301 (b&w film copy neg.)", "links": {"item": "https://www.loc.gov/pictures/item/89711579/", "resource": "https://www.loc.gov/pictures/item/89711579/resource/"}, "title": "The famous Wawona tunnel tree and stage coach, Upper Mariposa Grove, California", "image": {"alt": "digitized item thumbnail", "full": "https://tile.loc.gov/storage-services/service/pnp/cph/3b40000/3b43000/3b43400/3b43402r.jpg", "square": "https://tile.loc.gov/storage-services/service/pnp/cph/3b40000/3b43000/3b43400/3b43402_75x75px.jpg", "thumb": "https://tile.loc.gov/storage-services/service/pnp/cph/3b40000/3b43000/3b43400/3b43402_150px.jpg"}, "created": "2016-04-20T00:00:00Z", "modified": "2016-04-20T00:00:00Z", "collection": ["diof", "pp", "stereo"], "creator": "Ingersoll View Company.", "call_number": "LOT 11958-11 <item> [P&P]", "medium_brief": "1 photoprint on stereo card :", "source_modified": "2008-03-31T00:00:00Z", "pk": "89711579", "created_published_date": "c1905.", "subjects": ["Stagecoaches--California--Yosemite National Park--1900-1910.", "Giant sequoias--California--Yosemite National Park--1900-1910.", "Tunnels--California--Yosemite National Park--1900-1910.", "Stereographs--1900-1910."]}, {"source_created": "1989-07-11T00:00:00Z", "index": 18, "medium": "1 photoprint on stereo card : stereograph.", "reproduction_number": "LC-USZ62-97312 (b&w film copy neg.)", "links": {"item": "https://www.loc.gov/pictures/item/89711590/", "resource": "https://www.loc.gov/pictures/item/89711590/resource/"}, "title": "The magnificent new Virginia Canyon Road and Virginia Falls, Yellowstone National Park", "image": {"alt": "digitized item thumbnail", "full": "https://tile.loc.gov/storage-services/service/pnp/cph/3b40000/3b43000/3b43400/3b43413r.jpg", "square": "https://tile.loc.gov/storage-services/service/pnp/cph/3b40000/3b43000/3b43400/3b43413_75x75px.jpg", "thumb": "https://tile.loc.gov/storage-services/service/pnp/cph/3b40000/3b43000/3b43400/3b43413_150px.jpg"}, "created": "2016-04-20T00:00:00Z", "modified": "2016-04-20T00:00:00Z", "collection": ["diof", "pp", "stereo"], "creator": "Ingersoll View Company.", "call_number": "LOT 11959-5 <item> [P&P]", "medium_brief": "1 photoprint on stereo card :", "source_modified": "2005-01-03T00:00:00Z", "pk": "89711590", "created_published_date": "c1905.", "subjects": ["Roads--Yellowstone National Park--1900-1910.", "Stagecoaches--Yellowstone National Park--1900-1910.", "Waterfalls--Yellowstone National Park--1900-1910.", "Yellowstone National Park--1900-1910.", "Stereographs--1900-1910."]}, {"source_created": "1990-08-17T00:00:00Z", "index": 19, "medium": "1 photographic. print.", "reproduction_number": "LC-USZ62-101692 (b&w film copy neg.)", "links": {"item": "https://www.loc.gov/pictures/item/90712828/", "resource": "https://www.loc.gov/pictures/item/90712828/resource/"}, "title": "[Stage coach led by man on horseback, probably in Uruguay]", "image": {"alt": "digitized item thumbnail", "full": "https://tile.loc.gov/storage-services/service/pnp/cph/3c00000/3c01000/3c01600/3c01692_150px.jpg", "square": "https://tile.loc.gov/storage-services/service/pnp/cph/3c00000/3c01000/3c01600/3c01692_75x75px.jpg", "thumb": "https://tile.loc.gov/storage-services/service/pnp/cph/3c00000/3c01000/3c01600/3c01692_150px.jpg"}, "created": "2016-04-20T00:00:00Z", "modified": "2016-04-20T00:00:00Z", "collection": ["cph", "pp"], "creator": null, "call_number": "Archive of Hispanic Culture - Graphic arts--Uruguay <item> [P&P]", "medium_brief": "1 photographic. print.", "source_modified": "2003-04-23T00:00:00Z", "pk": "90712828", "created_published_date": "[between 1910 and 1925]", "subjects": ["Stagecoaches--Uruguay--1910-1930.", "Photographic. prints--1910-1930.", "Watercolors--Reproductions--1910-1930."]}, {"source_created": "1991-11-08T00:00:00Z", "index": 20, "medium": "1 drawing : graphite ; 11.3 x 15.7 cm (sheet)", "reproduction_number": "LC-USZ62-104503 (b&w film copy neg.)", "links": {"item": "https://www.loc.gov/pictures/item/91480173/", "resource": "https://www.loc.gov/pictures/item/91480173/resource/"}, "title": "Springing them up to meet the train", "image": {"alt": "digitized item thumbnail", "full": "https://tile.loc.gov/storage-services/service/pnp/cph/3c00000/3c04000/3c04500/3c04503r.jpg", "square": "https://tile.loc.gov/storage-services/service/pnp/cph/3c00000/3c04000/3c04500/3c04503_75x75px.jpg", "thumb": "https://tile.loc.gov/storage-services/service/pnp/cph/3c00000/3c04000/3c04500/3c04503_150px.jpg"}, "created": "2016-04-20T00:00:00Z", "modified": "2016-04-20T00:00:00Z", "collection": ["diof", "drwg", "pp"], "creator": "Pollard, James, 1792-1867", "call_number": "DRWG 1 - Pollard, no. 97 (A size) [P&P]", "medium_brief": "1 drawing :", "source_modified": "2011-07-21T00:00:00Z", "pk": "91480173", "created_published_date": "[between 1820 and 1850]", "subjects": ["Stagecoaches--England--1820-1850.", "Horse teams--England--1820-1850.", "Transportation--England--1820-1850.", "Graphite drawings--1820-1850."]}]}