{"search": {"field": "subject", "hits": 220, "sort_order": null, "do_facets": true, "focus_item": null, "query": "Coastlines", "type": "search", "sort_by": null}, "focus": null, "views": {"current": "list", "grid": "https://www.loc.gov/pictures/search/?q=Coastlines&fi=subject&va=exact&st=grid&op=PHRASE", "list": "https://www.loc.gov/pictures/search/?q=Coastlines&fi=subject&op=PHRASE&va=exact", "gallery": "https://www.loc.gov/pictures/search/?q=Coastlines&fi=subject&va=exact&st=gallery&op=PHRASE", "slideshow": "https://www.loc.gov/pictures/search/?q=Coastlines&fi=subject&va=exact&st=slideshow&op=PHRASE"}, "facets": [{"type": "displayed", "filters": [{"count": 177, "on": "https://www.loc.gov/pictures/search/?va=exact&sp=1&q=Coastlines&fa=displayed%3Aanywhere&fi=subject&op=PHRASE&fo=json", "selected": false, "off": "https://www.loc.gov/pictures/search/?va=exact&sp=1&q=Coastlines&fi=subject&fo=json&op=PHRASE", "title": "Larger image available anywhere"}, {"count": 20, "on": "https://www.loc.gov/pictures/search/?va=exact&sp=1&q=Coastlines&fa=displayed%3Alc_only&fi=subject&op=PHRASE&fo=json", "selected": false, "off": "https://www.loc.gov/pictures/search/?va=exact&sp=1&q=Coastlines&fi=subject&fo=json&op=PHRASE", "title": "Larger image available only at the Library of Congress"}, {"count": 23, "on": "https://www.loc.gov/pictures/search/?va=exact&sp=1&q=Coastlines&fa=displayed%3Anot_digitized&fi=subject&op=PHRASE&fo=json", "selected": false, "off": "https://www.loc.gov/pictures/search/?va=exact&sp=1&q=Coastlines&fi=subject&fo=json&op=PHRASE", "title": "Not Digitized"}, {"count": 0, "on": "https://www.loc.gov/pictures/search/?va=exact&sp=1&q=Coastlines&fa=displayed%3Asurveys_only&fi=subject&op=PHRASE&fo=json", "selected": false, "off": "https://www.loc.gov/pictures/search/?va=exact&sp=1&q=Coastlines&fi=subject&fo=json&op=PHRASE", "title": "Surveys only"}], "title": "displayed"}], "links": {"json": "//www.loc.gov/pictures/search/?fi=subject&q=Coastlines&op=PHRASE&va=exact&fo=json", "html": "//www.loc.gov/pictures/search/?fi=subject&q=Coastlines&op=PHRASE&va=exact", "rss": "//www.loc.gov/pictures/search/?fi=subject&q=Coastlines&op=PHRASE&va=exact&fo=rss"}, "suggestions": {"possible": []}, "pages": {"current": 1, "next": "https://www.loc.gov/pictures/search/?q=Coastlines&fi=subject&sp=2&op=PHRASE&va=exact", "perpage": 20, "last": "https://www.loc.gov/pictures/search/?q=Coastlines&fi=subject&sp=11&op=PHRASE&va=exact", "page_list": [{"url": null, "number": 1}, {"url": "https://www.loc.gov/pictures/search/?q=Coastlines&fi=subject&sp=2&op=PHRASE&va=exact", "number": 2}, {"url": "https://www.loc.gov/pictures/search/?q=Coastlines&fi=subject&sp=3&op=PHRASE&va=exact", "number": 3}, {"url": "https://www.loc.gov/pictures/search/?q=Coastlines&fi=subject&sp=4&op=PHRASE&va=exact", "number": 4}, {"url": "https://www.loc.gov/pictures/search/?q=Coastlines&fi=subject&sp=5&op=PHRASE&va=exact", "number": 5}, {"url": "https://www.loc.gov/pictures/search/?q=Coastlines&fi=subject&sp=6&op=PHRASE&va=exact", "number": "..."}, {"url": "https://www.loc.gov/pictures/search/?q=Coastlines&fi=subject&sp=11&op=PHRASE&va=exact", "number": 11}], "previous": null, "total": 11, "results": "1 - 20", "first": null}, "collection": null, "results": [{"source_created": "2003-06-03T00:00:00Z", "index": 1, "medium": "1 photographic print : albumen.", "reproduction_number": "LC-USZ62-81224 (b&w film copy neg.)", "links": {"item": "https://www.loc.gov/pictures/item/2003671224/", "resource": "https://www.loc.gov/pictures/item/2003671224/resource/"}, "title": "[View of the area of \u00dcsk\u00fcdar from Kad\u0131k\u00f6y]", "image": {"alt": "digitized item thumbnail", "full": "https://tile.loc.gov/storage-services/service/pnp/cph/3b20000/3b28000/3b28100/3b28108r.jpg", "square": "https://tile.loc.gov/storage-services/service/pnp/cph/3b20000/3b28000/3b28100/3b28108_75x75px.jpg", "thumb": "https://tile.loc.gov/storage-services/service/pnp/cph/3b20000/3b28000/3b28100/3b28108_150px.jpg"}, "created": "2016-04-20T00:00:00Z", "modified": "2016-04-20T00:00:00Z", "collection": ["ahii", "diof", "pp"], "creator": "Ali R\u0131za Pa\u015fa, -1907", "call_number": "LOT 9523, no. 30 [item] [P&P]", "medium_brief": "1 photographic print :", "source_modified": "2013-05-29T00:00:00Z", "pk": "2003671224", "created_published_date": "[between 1880 and 1893]", "subjects": ["Coastlines--Turkey--Istanbul--1880-1900.", "Waterfronts--Turkey--Istanbul--1880-1900.", "Albumen prints--1880-1900."]}, {"source_created": "2003-06-20T00:00:00Z", "index": 2, "medium": "1 photographic print : albumen.", "reproduction_number": "LC-USZ62-82065 (b&w film copy neg.)", "links": {"item": "https://www.loc.gov/pictures/item/2003673365/", "resource": "https://www.loc.gov/pictures/item/2003673365/resource/"}, "title": "[View from the sea of Tophane and the Imperial School of Engineering]", "image": {"alt": "digitized item thumbnail", "full": "https://tile.loc.gov/storage-services/service/pnp/cph/3b20000/3b28000/3b28800/3b28821r.jpg", "square": "https://tile.loc.gov/storage-services/service/pnp/cph/3b20000/3b28000/3b28800/3b28821_75x75px.jpg", "thumb": "https://tile.loc.gov/storage-services/service/pnp/cph/3b20000/3b28000/3b28800/3b28821_150px.jpg"}, "created": "2016-04-20T00:00:00Z", "modified": "2016-04-20T00:00:00Z", "collection": ["ahii", "diof", "pp"], "creator": "Abdullah Fr\u00e9res", "call_number": "LOT 11905, no. 1 [item] [P&P]", "medium_brief": "1 photographic print :", "source_modified": "2009-05-20T00:00:00Z", "pk": "2003673365", "created_published_date": "[between 1880 and 1893]", "subjects": ["Educational facilities--Turkey--Istanbul--1880-1900.", "Coastlines--Turkey--Istanbul--1880-1900.", "Albumen prints--1880-1900.", "Cityscapes--1880-1900."]}, {"source_created": "2003-07-01T00:00:00Z", "index": 3, "medium": "1 print : etching ; 12.6 x 17.1 cm. (image)", "reproduction_number": "LC-USZ62-132691 (b&w film copy neg.)", "links": {"item": "https://www.loc.gov/pictures/item/2003674013/", "resource": "https://www.loc.gov/pictures/item/2003674013/resource/"}, "title": "Baie de Weymouth (Constable)", "image": {"alt": "digitized item thumbnail", "full": "https://tile.loc.gov/storage-services/service/pnp/cph/3c30000/3c32000/3c32600/3c32691r.jpg", "square": "https://tile.loc.gov/storage-services/service/pnp/cph/3c30000/3c32000/3c32600/3c32691_75x75px.jpg", "thumb": "https://tile.loc.gov/storage-services/service/pnp/cph/3c30000/3c32000/3c32600/3c32691_150px.jpg"}, "created": "2016-04-20T00:00:00Z", "modified": "2016-04-20T00:00:00Z", "collection": ["diof", "finepr", "pp"], "creator": "Lalanne, Maxime, 1827-1886", "call_number": "FP - XIX - L194, no. 123 (A size) [P&P]", "medium_brief": "1 print :", "source_modified": "2005-11-14T00:00:00Z", "pk": "2003674013", "created_published_date": "between 1860 and 1880]", "subjects": ["Weymouth Bay (England)--1860-1880.", "Bays--England--1860-1880.", "Coastlines--1860-1880.", "Etchings--1860-1880.", "Marine prints--1860-1880."]}, {"source_created": "2003-07-15T00:00:00Z", "index": 4, "medium": "1 photographic print on stereo card : stereograph, albumen.", "reproduction_number": "LC-USZ62-133154 (b&w film copy neg.)", "links": {"item": "https://www.loc.gov/pictures/item/2003674058/", "resource": "https://www.loc.gov/pictures/item/2003674058/resource/"}, "title": "Point Arena Light-house, Mendocino Co., Cal.", "image": {"alt": "digitized item thumbnail", "full": "https://tile.loc.gov/storage-services/service/pnp/cph/3c30000/3c33000/3c33100/3c33154r.jpg", "square": "https://tile.loc.gov/storage-services/service/pnp/cph/3c30000/3c33000/3c33100/3c33154_75x75px.jpg", "thumb": "https://tile.loc.gov/storage-services/service/pnp/cph/3c30000/3c33000/3c33100/3c33154_150px.jpg"}, "created": "2016-04-20T00:00:00Z", "modified": "2016-04-20T00:00:00Z", "collection": ["cph", "diof", "pp"], "creator": "Thomas Houseworth & Co.", "call_number": "LOT 13468, no. 18 [P&P]", "medium_brief": "1 photographic print on stereo card :", "source_modified": "2004-02-19T00:00:00Z", "pk": "2003674058", "created_published_date": "[1868?]", "subjects": ["Lighthouses--California--Arena, Point--1860-1870.", "Cliffs--California--1860-1870.", "Coastlines--1860-1870.", "Albumen prints--1860-1870.", "Stereographs--1860-1870."]}, {"source_created": "2003-11-25T00:00:00Z", "index": 5, "medium": "1 drawing on paper : graphite ; 11 x 20 cm.", "reproduction_number": "LC-USZ62-133864 (b&w film copy neg.)", "links": {"item": "https://www.loc.gov/pictures/item/2003689457/", "resource": "https://www.loc.gov/pictures/item/2003689457/resource/"}, "title": "Harper", "image": {"alt": "digitized item thumbnail", "full": "https://tile.loc.gov/storage-services/service/pnp/cph/3c30000/3c33000/3c33800/3c33864r.jpg", "square": "https://tile.loc.gov/storage-services/service/pnp/cph/3c30000/3c33000/3c33800/3c33864_75x75px.jpg", "thumb": "https://tile.loc.gov/storage-services/service/pnp/cph/3c30000/3c33000/3c33800/3c33864_150px.jpg"}, "created": "2016-04-20T00:00:00Z", "modified": "2016-04-20T00:00:00Z", "collection": ["cph", "diof", "pp"], "creator": "American Colonization Society", "call_number": "LOT 8547 [item] [P&P]", "medium_brief": "1 drawing on paper :", "source_modified": "2008-07-14T00:00:00Z", "pk": "2003689457", "created_published_date": "[between 1840 and 1900]", "subjects": ["Coastlines--1840-1900.", "Capes (Coasts)--Liberia--1840-1900.", "Drawings--1840-1900."]}, {"source_created": "2004-02-19T00:00:00Z", "index": 6, "medium": "1 photographic print : albumen.", "reproduction_number": "LC-DIG-ppmsca-04013 (digital file from original)", "links": {"item": "https://www.loc.gov/pictures/item/2004666813/", "resource": "https://www.loc.gov/pictures/item/2004666813/resource/"}, "title": "Palais de Raz el-Tin \u00e0 Alexandrie, vue g\u00e9n\u00e9rale", "image": {"alt": "digitized item thumbnail", "full": "https://tile.loc.gov/storage-services/service/pnp/ppmsca/04000/04013r.jpg", "square": "https://tile.loc.gov/storage-services/service/pnp/ppmsca/04000/04013_75x75px.jpg", "thumb": "https://tile.loc.gov/storage-services/service/pnp/ppmsca/04000/04013_150px.jpg"}, "created": "2016-04-20T00:00:00Z", "modified": "2016-04-20T00:00:00Z", "collection": ["cph", "diof", "pp"], "creator": "Maison Bonfils (Beirut, Lebanon)", "call_number": "LOT 13550, no. 91 [P&P]", "medium_brief": "1 photographic print :", "source_modified": "2007-11-13T00:00:00Z", "pk": "2004666813", "created_published_date": "[between 1867 and 1899]", "subjects": ["Boats--Egypt--Alexandria--1860-1900.", "Castles & palaces--Egypt--Alexandria--1860-1900.", "Coastlines--Egypt--Alexandria--1860-1900.", "Albumen prints--1860-1900."]}, {"source_created": "2005-01-10T00:00:00Z", "index": 7, "medium": "1 print (poster) : lithograph, color ; 103 x 65 cm.", "reproduction_number": "LC-USZC4-12506 (color film copy transparency)", "links": {"item": "https://www.loc.gov/pictures/item/2005676567/", "resource": "https://www.loc.gov/pictures/item/2005676567/resource/"}, "title": "La Riviera Italienne. Portofino pr\u00e8s de S. Margherita et Rapallo", "image": {"alt": "digitized item thumbnail", "full": "https://tile.loc.gov/storage-services/service/pnp/cph/3g10000/3g12000/3g12500/3g12506_150px.jpg", "square": "https://tile.loc.gov/storage-services/service/pnp/cph/3g10000/3g12000/3g12500/3g12506_75x75px.jpg", "thumb": "https://tile.loc.gov/storage-services/service/pnp/cph/3g10000/3g12000/3g12500/3g12506_150px.jpg"}, "created": "2016-04-20T00:00:00Z", "modified": "2016-04-20T00:00:00Z", "collection": ["pos", "pp"], "creator": "Borgoni, Mario, 1869-1936", "call_number": "POS - It .B6, no. 5 (C size) [P&P]", "medium_brief": "1 print (poster) :", "source_modified": "2007-01-09T00:00:00Z", "pk": "2005676567", "created_published_date": "[ca. 1920]", "subjects": ["Portofino (Italy)--1910-1930.", "Riviera (Italy)--1910-1930.", "Harbors--Italy--Portofino--1910-1930.", "Coastlines--Italy--Portofino--1910-1930.", "Lithographs--Color--1910-1930.", "Travel posters--Italian--1910-1930."]}, {"source_created": "2006-01-23T00:00:00Z", "index": 8, "medium": "1 print (poster) : lithograph, color ; 103 x 64 cm.", "reproduction_number": "LC-USZC4-12777 (color film copy transparency)", "links": {"item": "https://www.loc.gov/pictures/item/2006675138/", "resource": "https://www.loc.gov/pictures/item/2006675138/resource/"}, "title": "Amalfi, Italia", "image": {"alt": "digitized item thumbnail", "full": "https://tile.loc.gov/storage-services/service/pnp/cph/3g10000/3g12000/3g12700/3g12777_150px.jpg", "square": "https://tile.loc.gov/storage-services/service/pnp/cph/3g10000/3g12000/3g12700/3g12777_75x75px.jpg", "thumb": "https://tile.loc.gov/storage-services/service/pnp/cph/3g10000/3g12000/3g12700/3g12777_150px.jpg"}, "created": "2016-04-20T00:00:00Z", "modified": "2016-04-20T00:00:00Z", "collection": ["pos", "pp"], "creator": "Borgoni, Mario, 1869-1936", "call_number": "POS - It .B6, no. 3 (C size) [P&P]", "medium_brief": "1 print (poster) :", "source_modified": "2006-01-30T00:00:00Z", "pk": "2006675138", "created_published_date": "[between 1910 and 1920]", "subjects": ["Coastlines--Italy--Amalfi Coast--1910-1920.", "Flowers--Italy--Amalfi Coast--1910-1920.", "Lithographs--Color--1910-1920.", "Travel posters--Italian--1910-1920."]}, {"source_created": "2006-01-26T00:00:00Z", "index": 9, "medium": "1 print (poster) : lithograph, color ; 105 x 75cm.", "reproduction_number": "LC-USZC4-13178 (color film copy transparency)", "links": {"item": "https://www.loc.gov/pictures/item/2006675158/", "resource": "https://www.loc.gov/pictures/item/2006675158/resource/"}, "title": "Chemins de fer de l'\u00e9tat, excursions en Bretagne", "image": {"alt": "digitized item thumbnail", "full": "https://tile.loc.gov/storage-services/service/pnp/cph/3g10000/3g13000/3g13100/3g13178_150px.jpg", "square": "https://tile.loc.gov/storage-services/service/pnp/cph/3g10000/3g13000/3g13100/3g13178_75x75px.jpg", "thumb": "https://tile.loc.gov/storage-services/service/pnp/cph/3g10000/3g13000/3g13100/3g13178_150px.jpg"}, "created": "2016-04-20T00:00:00Z", "modified": "2016-04-20T00:00:00Z", "collection": ["pos", "pp"], "creator": "Ladureau, P.", "call_number": "POS - Fr .L32, no. 2 (C size) [P&P]", "medium_brief": "1 print (poster) :", "source_modified": "2006-03-15T00:00:00Z", "pk": "2006675158", "created_published_date": "[between 1940 and 1950]", "subjects": ["Coastlines--France--Brittany--1940-1950.", "Boats--France--Brittany--1940-1950.", "Villages--France--Brittany--1940-1950.", "Lithographs--Color--1940-1950.", "Travel posters--French--1940-1950."]}, {"source_created": "2006-01-27T00:00:00Z", "index": 10, "medium": "1 print (poster) : lithograph, color ; 100 x 62 cm.", "reproduction_number": "LC-USZC4-13177 (color film copy transparency)", "links": {"item": "https://www.loc.gov/pictures/item/2006675165/", "resource": "https://www.loc.gov/pictures/item/2006675165/resource/"}, "title": "The French Riviera", "image": {"alt": "digitized item thumbnail", "full": "https://tile.loc.gov/storage-services/service/pnp/cph/3g10000/3g13000/3g13100/3g13177_150px.jpg", "square": "https://tile.loc.gov/storage-services/service/pnp/cph/3g10000/3g13000/3g13100/3g13177_75x75px.jpg", "thumb": "https://tile.loc.gov/storage-services/service/pnp/cph/3g10000/3g13000/3g13100/3g13177_150px.jpg"}, "created": "2016-04-20T00:00:00Z", "modified": "2016-04-20T00:00:00Z", "collection": ["pos", "pp"], "creator": null, "call_number": "POS - Fr .S71, no. 2 (C size) [P&P]", "medium_brief": "1 print (poster) :", "source_modified": "2006-03-15T00:00:00Z", "pk": "2006675165", "created_published_date": "1952.", "subjects": ["Sun--1950-1960.", "Coastlines--France--Riviera--1950-1960.", "Lithographs--Color--1950-1960.", "Travel posters--French--1950-1960."]}, {"source_created": "2007-07-27T00:00:00Z", "index": 11, "medium": "1 photographic print : albumen.", "reproduction_number": "LC-DIG-ppmsca-14359 (digital file from original photo)", "links": {"item": "https://www.loc.gov/pictures/item/2007682901/", "resource": "https://www.loc.gov/pictures/item/2007682901/resource/"}, "title": "Syr-dar'inskaia oblast' Perevoz cherez r: Syr Dar'iu u g. Chinaza", "image": {"alt": "digitized item thumbnail", "full": "https://tile.loc.gov/storage-services/service/pnp/ppmsca/14300/14359r.jpg", "square": "https://tile.loc.gov/storage-services/service/pnp/ppmsca/14300/14359_75x75px.jpg", "thumb": "https://tile.loc.gov/storage-services/service/pnp/ppmsca/14300/14359_150px.jpg"}, "created": "2016-04-20T00:00:00Z", "modified": "2016-04-20T00:00:00Z", "collection": ["cph", "diof", "pp"], "creator": null, "call_number": "Illus. in DK854.T87 1872, part  2,  vol. 1, pl. 52, no. 133 (Case Z) [P&P]", "medium_brief": "1 photographic print :", "source_modified": "2007-10-22T00:00:00Z", "pk": "2007682901", "created_published_date": "[between 1865 and 1872]", "subjects": ["Turkic peoples--Asia, Central--1860-1880.", "Ferries--Asia, Central--1860-1880.", "Coastlines--Asia, Central--1860-1880.", "Transportation--Asia, Central--1860-1880.", "Syr Darya.", "Albumen prints--1860-1880."]}, {"source_created": "2007-08-13T00:00:00Z", "index": 12, "medium": "1 drawing : graphite, laid down ; sheet 18.8 x 24.9 cm, on mount 33 x 43 cm.", "reproduction_number": "", "links": {"item": "https://www.loc.gov/pictures/item/2007683319/", "resource": null}, "title": "St. Malo", "image": {"alt": "item not digitized thumbnail", "full": "https://www.loc.gov/pictures/static/images/item/500x500_notdigitized.png", "square": "https://www.loc.gov/pictures/static/images/item/not_digitized_buttons75X75.png", "thumb": "https://www.loc.gov/pictures/static/images/item/notdigitized_buttons140X120.png"}, "created": "2016-04-20T00:00:00Z", "modified": "2016-04-20T00:00:00Z", "collection": ["diof", "drwgma", "pp"], "creator": "Sargent, John Singer, 1856-1925", "call_number": "DRWG/MA, no. 319 (A size) [P&P]", "medium_brief": "1 drawing :", "source_modified": "2015-05-25T00:00:00Z", "pk": "2007683319", "created_published_date": "[1875]", "subjects": ["Coastlines--France--Saint-Malo--1870-1880.", "Saint-Malo (France)--1870-1880.", "Graphite drawings--American--1870-1880.", "Landscape drawings--1870-1880."]}, {"source_created": "2007-09-21T00:00:00Z", "index": 13, "medium": "1 photograph : glass lantern slide, hand-colored ; 3.25 x 4 in.", "reproduction_number": "LC-DIG-ppmsca-16029 (digital file from original item)", "links": {"item": "https://www.loc.gov/pictures/item/2007684879/", "resource": "https://www.loc.gov/pictures/item/2007684879/resource/"}, "title": "[\"Inellan,\" Walter Douglas  house, Channel Drive, Montecito, California. View from pergola overlooking the Pacific Ocean]", "image": {"alt": "digitized item thumbnail", "full": "https://tile.loc.gov/storage-services/service/pnp/ppmsca/16000/16029r.jpg", "square": "https://tile.loc.gov/storage-services/service/pnp/ppmsca/16000/16029_75x75px.jpg", "thumb": "https://tile.loc.gov/storage-services/service/pnp/ppmsca/16000/16029_150px.jpg"}, "created": "2016-04-20T00:00:00Z", "modified": "2016-04-20T00:00:00Z", "collection": ["diof", "fbj", "flickrj71701", "pp"], "creator": "Johnston, Frances Benjamin, 1864-1952", "call_number": "LC-J717-X97- 30 [P&P]", "medium_brief": "1 photograph :", "source_modified": "2012-04-14T00:00:00Z", "pk": "2007684879", "created_published_date": "[1917 spring]", "subjects": ["Cliffs--California--Montecito--1910-1920.", "Coastlines--California--Montecito--1910-1920.", "Lantern slides--Hand-colored--1910-1920."]}, {"source_created": "2007-10-01T00:00:00Z", "index": 14, "medium": "1 photograph : glass lantern slide, hand-colored ; 3.25 x 4 in.", "reproduction_number": "LC-DIG-ppmsca-16091 (digital file from original item)", "links": {"item": "https://www.loc.gov/pictures/item/2007685017/", "resource": "https://www.loc.gov/pictures/item/2007685017/resource/"}, "title": "[\"Inellan,\" Walter Douglas house, Channel Drive, Montecito, California. Pergola at the Pacific Ocean]", "image": {"alt": "digitized item thumbnail", "full": "https://tile.loc.gov/storage-services/service/pnp/ppmsca/16000/16091r.jpg", "square": "https://tile.loc.gov/storage-services/service/pnp/ppmsca/16000/16091_75x75px.jpg", "thumb": "https://tile.loc.gov/storage-services/service/pnp/ppmsca/16000/16091_150px.jpg"}, "created": "2016-04-20T00:00:00Z", "modified": "2016-04-20T00:00:00Z", "collection": ["diof", "fbj", "flickrj71701", "pp"], "creator": "Johnston, Frances Benjamin, 1864-1952", "call_number": "LC-J717-X98- 17 [P&P]", "medium_brief": "1 photograph :", "source_modified": "2012-04-16T00:00:00Z", "pk": "2007685017", "created_published_date": "[1917 spring]", "subjects": ["Coastlines--California--Montecito--1910-1920.", "Gardens--California--Montecito--1910-1920.", "Pergolas--California--Montecito--1910-1920.", "Lantern slides--Hand-colored--1910-1920."]}, {"source_created": "2005-02-03T00:00:00Z", "index": 15, "medium": "1 print : woodcut, color ; 17.3 x 22.9 cm.", "reproduction_number": "LC-DIG-jpd-00816 (digital file from original print)", "links": {"item": "https://www.loc.gov/pictures/item/2008660084/", "resource": "https://www.loc.gov/pictures/item/2008660084/resource/"}, "title": "Heisa rakugan", "image": {"alt": "digitized item thumbnail", "full": "https://tile.loc.gov/storage-services/service/pnp/jpd/00800/00816r.jpg", "square": "https://tile.loc.gov/storage-services/service/pnp/jpd/00800/00816_75x75px.jpg", "thumb": "https://tile.loc.gov/storage-services/service/pnp/jpd/00800/00816_150px.jpg"}, "created": "2016-04-20T00:00:00Z", "modified": "2016-04-20T00:00:00Z", "collection": ["diof", "jpd", "minload", "pp"], "creator": "Sekky\u014d, Sawa, active 1790-1818", "call_number": "FP 2 - JPD, no. 738 (A size) [P&P]", "medium_brief": "1 print :", "source_modified": "2013-06-04T00:00:00Z", "pk": "2008660084", "created_published_date": "[between 1804 and 1818]", "subjects": ["Mountains--Japan--1800-1820.", "Coastlines--Japan--1800-1820.", "Country life--Japan--1800-1820.", "Villages--Japan--1800-1820.", "Ukiyo-e--Japanese--Color--1800-1820.", "Woodcuts--Japanese--Color--1800-1820."]}, {"source_created": "2005-02-03T00:00:00Z", "index": 16, "medium": "1 print : woodcut, color ; 15.6 x 21.3 cm.", "reproduction_number": "LC-DIG-jpd-00815 (digital file from original print)", "links": {"item": "https://www.loc.gov/pictures/item/2008660091/", "resource": "https://www.loc.gov/pictures/item/2008660091/resource/"}, "title": "Ishiyama no aki no tsuki", "image": {"alt": "digitized item thumbnail", "full": "https://tile.loc.gov/storage-services/service/pnp/jpd/00800/00815r.jpg", "square": "https://tile.loc.gov/storage-services/service/pnp/jpd/00800/00815_75x75px.jpg", "thumb": "https://tile.loc.gov/storage-services/service/pnp/jpd/00800/00815_150px.jpg"}, "created": "2016-04-20T00:00:00Z", "modified": "2016-04-20T00:00:00Z", "collection": ["diof", "jpd", "minload", "pp"], "creator": "Sekky\u014d, Sawa, active 1790-1818", "call_number": "FP 2 - JPD, no. 737 (A size) [P&P]", "medium_brief": "1 print :", "source_modified": "2013-06-04T00:00:00Z", "pk": "2008660091", "created_published_date": "[between 1804 and 1818]", "subjects": ["Ishiyama-mura (Japan)", "Mountains--Japan--1800-1820.", "Coastlines--Japan--1800-1820.", "Temples--Japan--1800-1820.", "Shrines--Japan--1800-1820.", "Ukiyo-e--Japanese--Color--1800-1820.", "Woodcuts--Japanese--Color--1800-1820."]}, {"source_created": "2005-02-03T00:00:00Z", "index": 17, "medium": "1 print : woodcut, color ; 15.7 x 21.4 cm.", "reproduction_number": "LC-DIG-jpd-00817 (digital file from original print)", "links": {"item": "https://www.loc.gov/pictures/item/2008660092/", "resource": "https://www.loc.gov/pictures/item/2008660092/resource/"}, "title": "Seta no sekisho", "image": {"alt": "digitized item thumbnail", "full": "https://tile.loc.gov/storage-services/service/pnp/jpd/00800/00817r.jpg", "square": "https://tile.loc.gov/storage-services/service/pnp/jpd/00800/00817_75x75px.jpg", "thumb": "https://tile.loc.gov/storage-services/service/pnp/jpd/00800/00817_150px.jpg"}, "created": "2016-04-20T00:00:00Z", "modified": "2016-04-20T00:00:00Z", "collection": ["diof", "jpd", "minload", "pp"], "creator": "Sekky\u014d, Sawa, active 1790-1818", "call_number": "FP 2 - JPD, no. 739 (A size) [P&P]", "medium_brief": "1 print :", "source_modified": "2013-06-04T00:00:00Z", "pk": "2008660092", "created_published_date": "[between 1804 and 1818]", "subjects": ["Coastlines--Japan--1800-1820.", "Bridges--Japan--1800-1820.", "Villages--Japan--1800-1820.", "Country life--Japan--1800-1820.", "Ukiyo-e--Japanese--Color--1800-1820.", "Woodcuts--Japanese--Color--1800-1820."]}, {"source_created": "2005-02-03T00:00:00Z", "index": 18, "medium": "1 print : woodcut, color ; 17.3 x 23.2 cm.", "reproduction_number": "LC-DIG-jpd-00818 (digital file from original print)", "links": {"item": "https://www.loc.gov/pictures/item/2008660094/", "resource": "https://www.loc.gov/pictures/item/2008660094/resource/"}, "title": "Ishiyama no aki no tsuki", "image": {"alt": "digitized item thumbnail", "full": "https://tile.loc.gov/storage-services/service/pnp/jpd/00800/00818r.jpg", "square": "https://tile.loc.gov/storage-services/service/pnp/jpd/00800/00818_75x75px.jpg", "thumb": "https://tile.loc.gov/storage-services/service/pnp/jpd/00800/00818_150px.jpg"}, "created": "2016-04-20T00:00:00Z", "modified": "2016-04-20T00:00:00Z", "collection": ["diof", "jpd", "minload", "pp"], "creator": "Katsukawa, Shunsen, 1762-approximately 1830", "call_number": "FP 2 - JPD, no. 740 (A size) [P&P]", "medium_brief": "1 print :", "source_modified": "2013-06-04T00:00:00Z", "pk": "2008660094", "created_published_date": "[between 1804 and 1818]", "subjects": ["Ishiyama-mura (Japan)", "Mountains--Japan--1800-1820.", "Coastlines--Japan--1800-1820.", "Temples--Japan--1800-1820.", "Shrines--Japan--1800-1820.", "Ukiyo-e--Japanese--Color--1800-1820.", "Woodcuts--Japanese--Color--1800-1820."]}, {"source_created": "2005-02-03T00:00:00Z", "index": 19, "medium": "1 print : woodcut, color ; 17.1 x 23 cm.", "reproduction_number": "LC-DIG-jpd-00820 (digital file from original print)", "links": {"item": "https://www.loc.gov/pictures/item/2008660096/", "resource": "https://www.loc.gov/pictures/item/2008660096/resource/"}, "title": "Enpo no kihan", "image": {"alt": "digitized item thumbnail", "full": "https://tile.loc.gov/storage-services/service/pnp/jpd/00800/00820r.jpg", "square": "https://tile.loc.gov/storage-services/service/pnp/jpd/00800/00820_75x75px.jpg", "thumb": "https://tile.loc.gov/storage-services/service/pnp/jpd/00800/00820_150px.jpg"}, "created": "2016-04-20T00:00:00Z", "modified": "2016-04-20T00:00:00Z", "collection": ["diof", "jpd", "minload", "pp"], "creator": "Sekky\u014d, Sawa, active 1790-1818", "call_number": "FP 2 - JPD, no. 742 (A size) [P&P]", "medium_brief": "1 print :", "source_modified": "2013-06-04T00:00:00Z", "pk": "2008660096", "created_published_date": "[between 1804 and 1818]", "subjects": ["Coastlines--Japan--1800-1820.", "Villages--Japan--1800-1820.", "Sailboats--Japan--1800-1820.", "Shipping--Japan--1800-1820.", "Bridges--Japan--1800-1820.", "Ukiyo-e--Japanese--Color--1800-1820.", "Woodcuts--Japanese--Color--1800-1820."]}, {"source_created": "2005-02-03T00:00:00Z", "index": 20, "medium": "1 print : woodcut, color ; 25 x 36.7 cm.", "reproduction_number": "LC-DIG-jpd-00821 (digital file from original print)", "links": {"item": "https://www.loc.gov/pictures/item/2008660097/", "resource": "https://www.loc.gov/pictures/item/2008660097/resource/"}, "title": "Sessh\u016b ajigawaguchi tenp\u014dsan", "image": {"alt": "digitized item thumbnail", "full": "https://tile.loc.gov/storage-services/service/pnp/jpd/00800/00821r.jpg", "square": "https://tile.loc.gov/storage-services/service/pnp/jpd/00800/00821_75x75px.jpg", "thumb": "https://tile.loc.gov/storage-services/service/pnp/jpd/00800/00821_150px.jpg"}, "created": "2016-04-20T00:00:00Z", "modified": "2016-04-20T00:00:00Z", "collection": ["diof", "jpd", "minload", "pp"], "creator": "Katsushika, Hokusai, 1760-1849", "call_number": "FP 2 - JPD, no. 743 (A size) [P&P]", "medium_brief": "1 print :", "source_modified": "2008-07-09T00:00:00Z", "pk": "2008660097", "created_published_date": "[1833 or 1834]", "subjects": ["Cities & towns--Japan--1830-1840.", "Shrines--Japan--1830-1840.", "Bridges--Japan--1830-1840.", "Coastlines--Japan--1830-1840.", "Boats--Japan--1830-1840.", "Ukiyo-e--Japanese--Color--1830-1840.", "Woodcuts--Japanese--Color--1830-1840."]}]}